stage5c2_track_id,stage5c2_001,stage5c2_002,stage5c2_003,stage5c2_004,stage5c2_005,stage5c2_006,stage5c2_007,stage5c2_009,stage5c2_010,stage5c2_011,stage5c2_012,stage5c2_013,stage5c2_014,stage5c2_015,stage5c2_016,stage5c2_017,stage5c2_018,stage5c2_020,stage5c2_021,stage5c2_022,stage5c2_023,stage5c2_024,stage5c2_025,stage5c2_026,stage5c2_027,stage5c2_028,stage5c2_029,stage5c2_030,stage5c2_031,stage5c2_032,stage5c2_033,stage5c2_034,stage5c2_035,stage5c2_036,stage5c2_037,stage5c2_038,stage5c2_039,stage5c2_040,stage5c2_041,stage5c2_042,stage5c2_043,stage5c2_044,stage5c2_045,stage5c2_046,stage5c2_047,stage5c2_048,stage5c2_049,stage5c2_050,stage5c2_051,stage5c2_052,stage5c2_053,stage5c2_054,stage5c2_055,stage5c2_056,stage5c2_057,stage5c2_058,stage5c2_059,stage5c2_060,stage5c2_061,stage5c2_062,stage5c2_063,stage5c2_064,stage5c2_065,stage5c2_066,stage5c2_067,stage5c2_068,stage5c2_069,stage5c2_070,stage5c2_071,stage5c2_072,stage5c2_073,stage5c2_074,stage5c2_075,stage5c2_076,stage5c2_077,stage5c2_078,stage5c2_079,stage5c2_080,stage5c2_081,stage5c2_082,stage5c2_083,stage5c2_084,stage5c2_085,stage5c2_086,stage5c2_087,stage5c2_088,stage5c2_089,stage5c2_090,stage5c2_091,stage5c2_092,stage5c2_093,stage5c2_094,stage5c2_095,stage5c2_096,stage5c2_097,stage5c2_098,stage5c2_099,stage5c2_100
stage5c2_001,1.000000000,0.746379039,0.856640732,0.743499762,0.536630164,0.662409235,0.677348600,0.827746552,0.564581509,0.518972925,0.653091157,0.441748772,0.725032790,0.663084219,0.684045822,0.483979104,0.843744472,0.844870488,0.482387003,0.486827767,0.527247155,0.531485524,0.663597667,0.660649574,0.732378587,0.809613075,0.468262475,0.657293603,0.603666422,0.671087050,0.533913197,0.684462384,0.644947496,0.703437207,0.635218853,0.604951725,0.681159667,0.597556303,0.681629605,0.830461174,0.421147239,0.605275309,0.642337976,0.775957692,0.684912408,0.712223166,0.579505133,0.716746442,0.727600544,0.731431223,0.654694112,0.679740928,0.528691604,0.786722486,0.521416262,0.677179754,0.803507908,0.594378602,0.604668541,0.514792385,0.660330444,0.656500906,0.675806677,0.632652348,0.563575536,0.409452140,0.773119492,0.878914437,0.791234808,0.574267433,0.573905334,0.764208105,0.642917140,0.868235574,0.631479958,0.752061990,0.625411177,0.645655510,0.827177114,0.596413384,0.801051660,0.521456599,0.630745277,0.622213516,0.529332623,0.796907527,0.813528023,0.739424920,0.744106405,0.500210251,0.814863164,0.613878740,0.694280148,0.842634277,0.810487816,0.758997864,0.784907387,0.713159178
stage5c2_002,0.746379039,1.000000000,0.799458584,0.760521487,0.577691499,0.556149200,0.831456685,0.741584243,0.564411242,0.523574616,0.565933323,0.495094614,0.886749066,0.591752663,0.656428877,0.463006743,0.918626879,0.746911738,0.447644032,0.542896292,0.427853274,0.564769167,0.556468080,0.700766352,0.749351368,0.869567085,0.557516254,0.501989741,0.604082264,0.743347702,0.701748951,0.727011782,0.615994699,0.694751540,0.490320256,0.496411978,0.633386907,0.546540393,0.853639153,0.835702638,0.388571775,0.808411526,0.518556989,0.697111675,0.731648654,0.681727091,0.512662979,0.738712254,0.758753922,0.870198559,0.730208744,0.772556204,0.571186174,0.830495135,0.639074995,0.697305556,0.842305688,0.799111160,0.538140904,0.490878679,0.558139850,0.538408254,0.728543172,0.641369618,0.711615862,0.526737644,0.662104115,0.746999849,0.776153149,0.697473170,0.610665180,0.746688982,0.688665946,0.797714252,0.803030738,0.771362260,0.565767028,0.688197421,0.833535624,0.470232689,0.691792333,0.544670574,0.624593359,0.614616600,0.640973244,0.825968297,0.781412765,0.805145200,0.820919115,0.631040888,0.771280539,0.624094102,0.582653457,0.794504245,0.710583276,0.742362027,0.704518243,0.743188124
stage5c2_003,0.856640732,0.799458584,1.000000000,0.823027627,0.675658080,0.754410243,0.735133412,0.877013790,0.651971744,0.617618705,0.747321350,0.583575439,0.770851401,0.729037141,0.695913705,0.566649861,0.834242754,0.827852470,0.605308818,0.657122134,0.636263600,0.739667053,0.714498734,0.778461830,0.678284707,0.859230231,0.662398153,0.646801479,0.658659996,0.747785734,0.684129384,0.769735802,0.756972308,0.887210659,0.702527682,0.618946839,0.761901794,0.698074651,0.751525298,0.892014764,0.504022842,0.736494632,0.697678295,0.836981501,0.818103937,0.755733909,0.675855716,0.703991713,0.710280976,0.830072956,0.656071231,0.799948754,0.637166810,0.827612898,0.623571610,0.783421437,0.793123518,0.750723303,0.681795071,0.644430037,0.738491542,0.749903008,0.768773766,0.760125001,0.701418591,0.559701179,0.804465604,0.865997913,0.833226846,0.715176636,0.754254793,0.837497053,0.783546157,0.884778320,0.800529960,0.756735424,0.710074946,0.715789828,0.845518279,0.568587779,0.763718580,0.622168599,0.675724588,0.739302482,0.666349674,0.865573796,0.835826602,0.758022334,0.824761464,0.690387959,0.807446374,0.747428960,0.778933145,0.889567448,0.838595048,0.766622901,0.738909444,0.702432576
stage5c2_004,0.743499762,0.760521487,0.823027627,1.000000000,0.805555701,0.714702558,0.759624846,0.785798411,0.863254243,0.610780729,0.769233257,0.606674338,0.824574104,0.603871119,0.626115502,0.690741216,0.790983965,0.845393325,0.627160348,0.668989603,0.610625200,0.702794943,0.781052708,0.787612011,0.618785522,0.801789109,0.588134590,0.677950121,0.811017209,0.748344722,0.719408686,0.855424489,0.800568906,0.826122977,0.769666403,0.662962770,0.754586071,0.721378445,0.747231546,0.742151343,0.472357237,0.694333228,0.711619982,0.803390904,0.867417622,0.752551390,0.582155495,0.729642295,0.694374242,0.768378993,0.616419302,0.772505929,0.729393104,0.828956071,0.564799119,0.861254336,0.751679541,0.737364920,0.708999921,0.686730510,0.708041455,0.739433923,0.753153033,0.739733361,0.795809572,0.596923329,0.756541197,0.767324086,0.733487650,0.815337885,0.667400337,0.895804192,0.697709372,0.806435422,0.769200677,0.685952690,0.729080555,0.819626753,0.777682343,0.581190141,0.641363015,0.629929359,0.752474438,0.825201470,0.696141704,0.791716488,0.853096936,0.719939030,0.707426591,0.663833168,0.776394757,0.640174462,0.777384128,0.783067535,0.856870993,0.721214919,0.801590796,0.669126086
stage5c2_005,0.536630164,0.577691499,0.675658080,0.805555701,1.000000000,0.659792196,0.630014480,0.619197338,0.814807075,0.709948428,0.742235444,0.661131636,0.591928764,0.616059530,0.522791065,0.741815044,0.560655898,0.673553906,0.665787307,0.850884829,0.741016905,0.771942384,0.633311029,0.826020657,0.434368870,0.583959137,0.733295117,0.607605519,0.750324133,0.696153830,0.754720494,0.707642218,0.732735768,0.803473843,0.788788968,0.683239147,0.689833387,0.631758253,0.505217941,0.533444825,0.642741710,0.619679099,0.677042838,0.674304887,0.879242919,0.643143772,0.672595870,0.621614876,0.560949707,0.617460025,0.478220370,0.785864199,0.752527313,0.608211988,0.647596344,0.883292070,0.580501682,0.703407439,0.837536969,0.732519383,0.748272226,0.748351290,0.679614849,0.722677952,0.861849679,0.720435273,0.682623469,0.617077875,0.625571067,0.788356668,0.779680422,0.821578224,0.749640830,0.682908799,0.751299613,0.536172956,0.726848967,0.801656109,0.596746175,0.501944809,0.432097635,0.763669615,0.593310956,0.733772668,0.731925951,0.647305473,0.736146669,0.616923727,0.645936193,0.787215438,0.632062295,0.702606567,0.712144160,0.617776592,0.650298549,0.513872379,0.549963428,0.612947700
stage5c2_006,0.662409235,0.556149200,0.754410243,0.714702558,0.659792196,1.000000000,0.635729953,0.693360417,0.613264663,0.657637015,0.740718735,0.620557231,0.579447194,0.747008476,0.606509391,0.581507916,0.624258305,0.737643357,0.666855843,0.625734173,0.647692452,0.723721710,0.824803996,0.703952497,0.517507545,0.668130410,0.574671112,0.825131914,0.638279664,0.542308893,0.547298350,0.680509569,0.681962104,0.730653262,0.667187273,0.589207892,0.821240574,0.840809290,0.493161059,0.697632347,0.485648809,0.493248493,0.670104630,0.722406372,0.721899516,0.627426186,0.566089625,0.567953419,0.561056891,0.616837641,0.521908577,0.680659384,0.737642911,0.634734245,0.473034770,0.701455354,0.582729177,0.576940680,0.627571154,0.785214022,0.627085556,0.702159733,0.698955114,0.705233233,0.656803422,0.489092113,0.829652180,0.734460965,0.722051158,0.632431384,0.661882925,0.705319668,0.618107275,0.775820499,0.627334391,0.631558188,0.734663165,0.711320527,0.681896425,0.660194464,0.569335383,0.513340958,0.651881260,0.846750563,0.798322039,0.715057803,0.650691941,0.639267274,0.719401517,0.580209340,0.801419564,0.848386424,0.728547944,0.745093043,0.727369427,0.636421551,0.559328202,0.517196359
stage5c2_007,0.677348600,0.831456685,0.735133412,0.759624846,0.630014480,0.635729953,1.000000000,0.705426243,0.607058876,0.484993120,0.565777861,0.469785236,0.872828371,0.565173924,0.700349674,0.450626367,0.861641672,0.796541177,0.395836314,0.548688891,0.502440503,0.573940957,0.609896462,0.679220144,0.724998990,0.850431675,0.548038674,0.543563182,0.583476546,0.789232052,0.607713000,0.762952257,0.614244384,0.694137011,0.530787488,0.474999046,0.677315057,0.618834931,0.695106768,0.786242023,0.334766790,0.775564325,0.488543132,0.769663693,0.762942085,0.610018341,0.451183415,0.728342142,0.824947074,0.824971349,0.728950742,0.721926086,0.657723013,0.776242034,0.543331352,0.749914069,0.821777405,0.782700570,0.588939625,0.532915642,0.511687638,0.563198227,0.672432294,0.661347030,0.689674748,0.433002803,0.692684011,0.715449509,0.755884872,0.737057819,0.579401207,0.774270595,0.668825007,0.817030452,0.798551347,0.816847353,0.577508365,0.728597803,0.747585994,0.564555080,0.729345018,0.492656296,0.569954625,0.604713777,0.765556735,0.817150349,0.803885347,0.806278811,0.822000638,0.588115345,0.853956025,0.641918663,0.607316889,0.699753697,0.680471554,0.708856378,0.624930038,0.707070987
stage5c2_009,0.827746552,0.741584243,0.877013790,0.785798411,0.619197338,0.693360417,0.705426243,1.000000000,0.620508363,0.550840013,0.705143459,0.488762888,0.723246904,0.776070028,0.671699544,0.546435239,0.811925215,0.797998226,0.597025867,0.588177017,0.487532481,0.634731612,0.706411843,0.725621798,0.802152183,0.815382299,0.503176669,0.721499333,0.734225462,0.710830307,0.635865755,0.779447745,0.736654525,0.782969716,0.671779905,0.676167445,0.652428027,0.634070621,0.670106690,0.842915166,0.426305360,0.712536175,0.652363684,0.837975295,0.765708828,0.717165247,0.564558731,0.761930074,0.789526810,0.776081645,0.716856450,0.733477744,0.611312396,0.831919960,0.456959722,0.748447294,0.857683573,0.666285180,0.527371252,0.481498186,0.630453329,0.698205031,0.724488174,0.804820585,0.655146568,0.469242597,0.787461615,0.923947918,0.870134034,0.700856962,0.610759921,0.837555534,0.641487353,0.881904166,0.704229241,0.839561942,0.712381860,0.739506587,0.860577961,0.605457658,0.842168023,0.467928117,0.614909686,0.704986131,0.607066636,0.853198098,0.829194644,0.777631037,0.821743340,0.578197634,0.830560567,0.638197613,0.726460548,0.863173321,0.881989600,0.785343536,0.789920283,0.789537484
stage5c2_010,0.564581509,0.564411242,0.651971744,0.863254243,0.814807075,0.613264663,0.607058876,0.620508363,1.000000000,0.624977255,0.704195024,0.514810961,0.673327681,0.505584384,0.440046300,0.664063523,0.584013969,0.678858170,0.610497939,0.685699045,0.584422292,0.663341129,0.732284368,0.785125586,0.418704848,0.584074650,0.557144594,0.650296157,0.787522776,0.702570389,0.621429731,0.806778522,0.744137753,0.732303108,0.797652062,0.678608525,0.657221780,0.664788798,0.554918003,0.519561728,0.575055750,0.588770933,0.636143327,0.707781092,0.820507688,0.604044030,0.537746745,0.647590621,0.601691389,0.590070884,0.469902954,0.720726364,0.702409996,0.647015936,0.541498409,0.854007830,0.573492580,0.719083748,0.694193094,0.675005503,0.671377534,0.725256859,0.627866179,0.739681023,0.763343417,0.582485818,0.610381010,0.643123928,0.564750710,0.750667196,0.658705640,0.806876921,0.706100588,0.612555484,0.717158510,0.583567669,0.655020688,0.731361886,0.574590034,0.488599175,0.491084999,0.576899621,0.647348285,0.786744703,0.671737973,0.624305746,0.760465795,0.574256596,0.528114166,0.675591731,0.626249865,0.501407574,0.735071105,0.604226729,0.746811026,0.563529668,0.699031677,0.586013579
stage5c2_011,0.518972925,0.523574616,0.617618705,0.610780729,0.709948428,0.657637015,0.484993120,0.550840013,0.624977255,1.000000000,0.651742519,0.653241531,0.489905489,0.678124471,0.628301751,0.619323467,0.480048347,0.565361425,0.628584904,0.809888219,0.631837017,0.718071993,0.487656553,0.704978855,0.481677856,0.566681589,0.596087152,0.643475264,0.699585205,0.522337061,0.620653568,0.518499860,0.646668970,0.656231885,0.662657491,0.646457191,0.587748479,0.501337023,0.427876247,0.552082600,0.761301765,0.502447193,0.621722945,0.569160060,0.667047413,0.653576126,0.640594095,0.590296382,0.480029030,0.554888992,0.527822493,0.637932010,0.774711128,0.570800855,0.488169448,0.669140284,0.559263979,0.565104571,0.636794959,0.649267428,0.608212999,0.617983067,0.675290827,0.642889861,0.650784461,0.654627215,0.543653503,0.562997501,0.617781981,0.661187850,0.709059711,0.640813376,0.616067301,0.577063123,0.559594166,0.407826442,0.741940088,0.652529307,0.584093452,0.601625981,0.405338998,0.617432957,0.415529491,0.692590729,0.692567300,0.673907410,0.613692574,0.491379291,0.605870141,0.635921045,0.563296490,0.733246390,0.684433783,0.607571309,0.586065984,0.408896479,0.503184978,0.609701776
stage5c2_012,0.653091157,0.565933323,0.747321350,0.769233257,0.742235444,0.740718735,0.565777861,0.705143459,0.704195024,0.651742519,1.000000000,0.737549013,0.535478057,0.674061501,0.596197372,0.686817363,0.639398169,0.698798217,0.716434373,0.718262050,0.760013802,0.820534135,0.738317123,0.775103432,0.462281946,0.655509314,0.694284442,0.670011483,0.745623983,0.579355042,0.688464475,0.726661364,0.854363552,0.796344602,0.813595298,0.730595268,0.823044163,0.660015184,0.546810348,0.623708444,0.573142572,0.534026750,0.836395393,0.758207865,0.817916300,0.713096939,0.701537759,0.552001301,0.488875870,0.573231915,0.439530622,0.704079758,0.716473899,0.645757922,0.493334775,0.781859971,0.579656610,0.576478261,0.720858587,0.788212845,0.678325514,0.819930515,0.687202654,0.692956477,0.685285437,0.634170377,0.731424584,0.696686650,0.627519761,0.671902733,0.761116194,0.803567143,0.643215519,0.703055693,0.636073942,0.571400870,0.853917863,0.771735462,0.674201235,0.570074395,0.470147634,0.623192454,0.534358824,0.786463777,0.713263055,0.739369595,0.699317028,0.655450552,0.591846589,0.646998001,0.660007395,0.652428114,0.847995454,0.706539167,0.760085069,0.623990992,0.576121299,0.558701737
stage5c2_013,0.441748772,0.495094614,0.583575439,0.606674338,0.661131636,0.620557231,0.469785236,0.488762888,0.514810961,0.653241531,0.737549013,1.000000000,0.488125295,0.490664241,0.540900959,0.745981293,0.459225704,0.537994731,0.487966889,0.718678916,0.690559103,0.720479449,0.493029970,0.687151158,0.347926333,0.492989319,0.657018949,0.458695203,0.565165200,0.455497350,0.701407730,0.478333233,0.618812340,0.628903733,0.576436084,0.482430386,0.689319207,0.553904043,0.533673135,0.453101887,0.577075437,0.419110541,0.665768039,0.500921428,0.635157925,0.662816321,0.660336285,0.404981197,0.328836971,0.462631763,0.354872717,0.634670362,0.658327670,0.518131739,0.586620484,0.579440254,0.431393272,0.524160026,0.681574890,0.720624111,0.618972446,0.561977013,0.709467372,0.489951792,0.671419037,0.761984301,0.608048650,0.489560672,0.479612150,0.606411212,0.686601137,0.583878510,0.561178720,0.562037614,0.554087520,0.350990671,0.734333301,0.623068891,0.533893438,0.440888252,0.259172140,0.619764032,0.565347272,0.648044109,0.639022489,0.586073938,0.535458733,0.548622809,0.504676712,0.629313767,0.518299288,0.658837942,0.588516646,0.506517044,0.519663710,0.500240593,0.439007882,0.466863054
stage5c2_014,0.725032790,0.886749066,0.770851401,0.824574104,0.591928764,0.579447194,0.872828371,0.723246904,0.673327681,0.489905489,0.535478057,0.488125295,1.000000000,0.521501911,0.694145311,0.476389880,0.902022893,0.790351177,0.407318888,0.524438668,0.403079019,0.531009695,0.613273069,0.675767136,0.717234105,0.887208825,0.480608402,0.534303904,0.605236707,0.786918982,0.626222998,0.745619231,0.574928605,0.716261069,0.521046733,0.472296675,0.617888893,0.628050863,0.826972488,0.782311604,0.346395018,0.764378102,0.482741296,0.733052732,0.747041151,0.701072227,0.480500544,0.739173759,0.810123165,0.866621940,0.745689753,0.748816310,0.650665692,0.856802499,0.580996647,0.732766359,0.845087247,0.845444725,0.557431416,0.491953988,0.585866376,0.538410047,0.753844510,0.678878215,0.711476745,0.501695316,0.664899772,0.731512775,0.762676883,0.740025944,0.569371964,0.797765485,0.683423119,0.778275372,0.800487085,0.749432547,0.535616379,0.674603642,0.782031423,0.533773235,0.719344910,0.541612945,0.675554995,0.648155055,0.688770332,0.812791208,0.831363801,0.778752278,0.759185042,0.610031537,0.833317040,0.594005901,0.594625292,0.691059307,0.759162946,0.751457997,0.754476915,0.747408915
stage5c2_015,0.663084219,0.591752663,0.729037141,0.603871119,0.616059530,0.747008476,0.565173924,0.776070028,0.505584384,0.678124471,0.674061501,0.490664241,0.521501911,1.000000000,0.610946128,0.503076165,0.632751364,0.630166403,0.780034708,0.649174137,0.518314527,0.621293007,0.640182269,0.710220701,0.656023147,0.665521551,0.518191198,0.737189573,0.707392873,0.596376876,0.591338523,0.675817765,0.674347064,0.662641054,0.603733590,0.697997471,0.650857795,0.631939407,0.467499379,0.701500645,0.596819282,0.641683966,0.641639279,0.677314534,0.690751677,0.633507887,0.616814939,0.697389898,0.636954136,0.664838322,0.586604133,0.684162959,0.659416887,0.638399391,0.423349269,0.633863835,0.696002515,0.583983723,0.508979193,0.592812235,0.580099285,0.617605380,0.695563973,0.686135903,0.620217807,0.483489209,0.747077529,0.784481759,0.769941385,0.641820700,0.607473654,0.704086668,0.598979835,0.739190166,0.605639399,0.663419527,0.663964808,0.761407815,0.733282737,0.647688102,0.616606441,0.516015622,0.506943847,0.637848907,0.619441178,0.732092048,0.643331120,0.633827058,0.690066433,0.587687990,0.683484426,0.802790361,0.622111641,0.769766776,0.749417186,0.675767685,0.592980710,0.650162781
stage5c2_016,0.684045822,0.656428877,0.695913705,0.626115502,0.522791065,0.606509391,0.700349674,0.671699544,0.440046300,0.628301751,0.596197372,0.540900959,0.694145311,0.610946128,1.000000000,0.418025461,0.695177908,0.649198052,0.370317709,0.608064061,0.515529679,0.508499242,0.460491251,0.630167439,0.744966486,0.775462854,0.475718897,0.559084809,0.532665278,0.594464701,0.519029481,0.528857466,0.618232277,0.590950045,0.540052180,0.438516508,0.617787767,0.475903951,0.582603710,0.711004579,0.441802303,0.588402779,0.472203447,0.631720570,0.621590820,0.695474681,0.584330360,0.653831765,0.656839441,0.655813950,0.699122906,0.572871418,0.738074854,0.712734136,0.423112020,0.597828129,0.717872137,0.534262950,0.535597808,0.532266261,0.555302163,0.492646256,0.713576192,0.603042010,0.525739169,0.423540018,0.597665806,0.692182373,0.740317432,0.692757509,0.550076154,0.679140177,0.486585323,0.725919885,0.538771850,0.603602182,0.643178811,0.641817057,0.720933582,0.764686650,0.578106814,0.589483597,0.404690505,0.584736608,0.668208978,0.751791933,0.747685097,0.687214757,0.698670668,0.446158111,0.754421283,0.696404519,0.572369654,0.602724392,0.593035020,0.599419608,0.618284115,0.651254074
stage5c2_017,0.483979104,0.463006743,0.566649861,0.690741216,0.741815044,0.581507916,0.450626367,0.546435239,0.664063523,0.619323467,0.686817363,0.745981293,0.476389880,0.503076165,0.418025461,1.000000000,0.454687311,0.604260905,0.503131170,0.717683644,0.602179419,0.652243416,0.494292808,0.683238188,0.445267865,0.455433922,0.581681323,0.493842932,0.648824888,0.424209664,0.694793474,0.590751554,0.587104913,0.600594070,0.596891568,0.547552531,0.599254707,0.522495851,0.512752418,0.435215052,0.570538092,0.466771714,0.708019560,0.495996946,0.656116213,0.606117806,0.543041883,0.495140460,0.393152541,0.443807633,0.341704640,0.702026595,0.614783955,0.522509428,0.628029375,0.619461106,0.441913980,0.566652786,0.704746056,0.670118135,0.686367935,0.580399407,0.673427404,0.548780315,0.763945296,0.749873589,0.683752153,0.527248342,0.486433048,0.630056922,0.654610903,0.612820766,0.600771340,0.609904320,0.570341255,0.394893087,0.666062954,0.705688316,0.535247721,0.390221075,0.311059165,0.622184081,0.657522485,0.630871613,0.531869650,0.569147011,0.533669823,0.571850556,0.470515035,0.681985834,0.464000466,0.544163172,0.614037031,0.602880458,0.583327020,0.536789803,0.555792160,0.530454750
stage5c2_018,0.843744472,0.918626879,0.834242754,0.790983965,0.560655898,0.624258305,0.861641672,0.811925215,0.584013969,0.480048347,0.639398169,0.459225704,0.902022893,0.632751364,0.695177908,0.454687311,1.000000000,0.818505304,0.467755543,0.513862316,0.464056546,0.567312021,0.654259769,0.667859841,0.768269266,0.918136774,0.514525639,0.551160240,0.601993201,0.742614322,0.632606596,0.761439878,0.635519467,0.730296059,0.572778857,0.548919058,0.651661916,0.620209991,0.803939148,0.864556755,0.343998150,0.772173983,0.583323062,0.806326445,0.760779800,0.728274055,0.515701297,0.724912752,0.801025747,0.863773171,0.710758998,0.748684965,0.577858824,0.869491319,0.563715381,0.731460858,0.886694203,0.761399284,0.565862730,0.511118650,0.581550935,0.619791373,0.702129644,0.651599517,0.660353948,0.465953050,0.740062987,0.823084325,0.816939113,0.678772395,0.593874653,0.830746189,0.658135654,0.858966575,0.780040173,0.810427670,0.607724335,0.695436051,0.867288501,0.528388082,0.780896656,0.518652868,0.627601857,0.620948486,0.656085581,0.885121458,0.835548788,0.826219358,0.828702724,0.569139775,0.847680697,0.612144780,0.686953917,0.811521628,0.811607396,0.797405185,0.737100233,0.750342648
stage5c2_020,0.844870488,0.746911738,0.827852470,0.845393325,0.673553906,0.737643357,0.796541177,0.797998226,0.678858170,0.565361425,0.698798217,0.537994731,0.790351177,0.630166403,0.649198052,0.604260905,0.818505304,1.000000000,0.481681417,0.553931688,0.597405280,0.629810131,0.708155416,0.683774547,0.685394867,0.853911793,0.550799325,0.699997738,0.700546742,0.722824967,0.613576760,0.769395923,0.716901436,0.788611297,0.707831898,0.619682933,0.775275131,0.654744295,0.710078730,0.824834535,0.421863556,0.635540401,0.679639108,0.828868489,0.767224414,0.714558557,0.560074285,0.732448350,0.767311564,0.784406714,0.714204035,0.717857456,0.636513180,0.812156939,0.497151118,0.789942468,0.801107149,0.679577813,0.711157911,0.591839307,0.617054888,0.711762483,0.731569442,0.734873581,0.656689665,0.485070831,0.811155075,0.782847383,0.792135137,0.692950396,0.601578005,0.824364470,0.667275823,0.890707443,0.706558915,0.762943825,0.694479236,0.722410833,0.816908957,0.585732651,0.787457303,0.507885355,0.680263580,0.739947210,0.641447486,0.826622189,0.837131868,0.784879902,0.781491740,0.553284017,0.843569590,0.659364140,0.759568168,0.814972399,0.820083395,0.746871702,0.722400295,0.718685788
stage5c2_021,0.482387003,0.447644032,0.605308818,0.627160348,0.665787307,0.666855843,0.395836314,0.597025867,0.610497939,0.628584904,0.716434373,0.487966889,0.407318888,0.780034708,0.370317709,0.503131170,0.467755543,0.481681417,1.000000000,0.621585822,0.515733153,0.676998122,0.694492848,0.637272983,0.372649084,0.519741504,0.514839692,0.670047823,0.756335171,0.531076296,0.592253771,0.630021478,0.668673917,0.661319711,0.649859244,0.744316097,0.616252143,0.645403807,0.365463224,0.504164670,0.577392511,0.497053961,0.666451941,0.571147648,0.673528407,0.520767554,0.562207586,0.509688313,0.417197860,0.530885160,0.357192669,0.604457750,0.640522039,0.482528190,0.398851191,0.638864615,0.516808895,0.536492962,0.462228335,0.640546731,0.587179259,0.694442994,0.570685833,0.601696556,0.622792738,0.524920280,0.587053145,0.579160400,0.549108933,0.556673136,0.600635192,0.648982906,0.589627575,0.535294406,0.558696468,0.438659416,0.627151425,0.692842148,0.514562557,0.470624259,0.396921428,0.529857167,0.512849330,0.637050733,0.588954634,0.546530546,0.523723854,0.434578421,0.453888277,0.598924675,0.518354790,0.677590823,0.640151354,0.633751310,0.674748446,0.507256612,0.514584071,0.466416372
stage5c2_022,0.486827767,0.542896292,0.657122134,0.668989603,0.850884829,0.625734173,0.548688891,0.588177017,0.685699045,0.809888219,0.718262050,0.718678916,0.524438668,0.649174137,0.608064061,0.717683644,0.513862316,0.553931688,0.621585822,1.000000000,0.734690358,0.783195003,0.506201678,0.805712215,0.426556745,0.562015215,0.705304678,0.560855899,0.695886248,0.612285549,0.739415466,0.597275141,0.707635509,0.724314882,0.713429531,0.632962287,0.658587671,0.538911009,0.445251746,0.516375969,0.752301488,0.619926162,0.648563716,0.630493354,0.795218408,0.628553403,0.713778962,0.591441143,0.513788361,0.585067208,0.452879405,0.747204340,0.780935455,0.573437283,0.625370054,0.781637339,0.533401382,0.628093182,0.776029278,0.689630706,0.704167167,0.677403993,0.661127148,0.696663100,0.782094685,0.756749004,0.627404118,0.612199572,0.606180122,0.789066722,0.813752326,0.731752615,0.702051285,0.627287126,0.673195356,0.475855424,0.731230439,0.742324060,0.609580655,0.512359327,0.381536231,0.754052655,0.492954872,0.683006686,0.723110112,0.662249725,0.661155939,0.575336208,0.625584985,0.720227084,0.570101786,0.725499163,0.685773742,0.576318912,0.581937633,0.458557345,0.466119522,0.618814232
stage5c2_023,0.527247155,0.427853274,0.636263600,0.610625200,0.741016905,0.647692452,0.502440503,0.487532481,0.584422292,0.631837017,0.760013802,0.690559103,0.403079019,0.518314527,0.515529679,0.602179419,0.464056546,0.597405280,0.515733153,0.734690358,1.000000000,0.759753277,0.562169336,0.669380118,0.298985611,0.469930858,0.773272498,0.488486589,0.524631562,0.548608963,0.575586961,0.548604728,0.698753429,0.737730732,0.739247620,0.543552492,0.703094684,0.571810084,0.400731129,0.466982447,0.576433911,0.507927569,0.707382028,0.631649014,0.716606838,0.540160759,0.649357401,0.390780616,0.358007820,0.494894865,0.305009380,0.605219226,0.591131840,0.467360014,0.564738911,0.711784458,0.406823515,0.481751590,0.862167494,0.799711912,0.651951587,0.703112237,0.554536536,0.531074894,0.626692586,0.586110112,0.640677769,0.534375445,0.467678744,0.588736290,0.761785397,0.627564900,0.641266601,0.592139962,0.602594999,0.425262086,0.731094853,0.627501753,0.500451555,0.390462943,0.327581382,0.660042342,0.443777062,0.649907188,0.669816655,0.607607411,0.573262008,0.508696905,0.571329651,0.581856426,0.546102303,0.644510660,0.712116686,0.533852663,0.511667422,0.387694450,0.301175211,0.407419575
stage5c2_024,0.531485524,0.564769167,0.739667053,0.702794943,0.771942384,0.723721710,0.573940957,0.634731612,0.663341129,0.718071993,0.820534135,0.720479449,0.531009695,0.621293007,0.508499242,0.652243416,0.567312021,0.629810131,0.676998122,0.783195003,0.759753277,1.000000000,0.639519008,0.769338633,0.390475280,0.602108320,0.786853019,0.564974344,0.668259009,0.564170271,0.751211027,0.629248633,0.800702181,0.837995083,0.770035905,0.705922706,0.704501487,0.608960964,0.479140998,0.617793065,0.591335188,0.563387575,0.802022423,0.694833506,0.840806487,0.624486520,0.716527105,0.491123990,0.431614051,0.583999478,0.362760819,0.735561113,0.651539735,0.553645763,0.596279254,0.773933880,0.542392966,0.659670475,0.730203938,0.749828335,0.719022965,0.835818804,0.656931262,0.689531410,0.752132723,0.723067064,0.658112298,0.624426715,0.588695394,0.645514290,0.868072552,0.753220036,0.713901780,0.656368256,0.709884611,0.519695914,0.804176288,0.668534838,0.585909059,0.389830046,0.425877945,0.636983323,0.518789669,0.721608378,0.720965284,0.713074685,0.633907715,0.548416158,0.657965698,0.728360504,0.612184831,0.702289417,0.815259908,0.681191980,0.644481335,0.473041627,0.463364602,0.511561266
stage5c2_025,0.663597667,0.556468080,0.714498734,0.781052708,0.633311029,0.824803996,0.609896462,0.706411843,0.732284368,0.487656553,0.738317123,0.493029970,0.613273069,0.640182269,0.460491251,0.494292808,0.654259769,0.708155416,0.694492848,0.506201678,0.562169336,0.639519008,1.000000000,0.651307147,0.446620845,0.627213468,0.493754310,0.772927457,0.685253426,0.615465268,0.521149846,0.770361620,0.716929471,0.708062491,0.699797896,0.666981937,0.791082854,0.908658070,0.539095845,0.616747578,0.376784148,0.518989613,0.632806226,0.804448051,0.756138849,0.545736256,0.419373461,0.521866279,0.560918116,0.564408471,0.423641204,0.645167329,0.667995510,0.597630729,0.426465618,0.742354427,0.568845025,0.608879029,0.554298340,0.695730070,0.578511799,0.744974278,0.584496260,0.645703236,0.625707256,0.421411008,0.773959664,0.737150491,0.611299902,0.596453485,0.579730326,0.748083933,0.619742992,0.690723111,0.671939743,0.721697274,0.651222033,0.697534432,0.593419727,0.548245508,0.561106409,0.439365097,0.703756259,0.839759796,0.759806452,0.685052697,0.693952920,0.634822235,0.592526933,0.560110211,0.769981838,0.604763523,0.731165645,0.695139423,0.782240078,0.683782211,0.636611379,0.459411134
stage5c2_026,0.660649574,0.700766352,0.778461830,0.787612011,0.826020657,0.703952497,0.679220144,0.725621798,0.785125586,0.704978855,0.775103432,0.687151158,0.675767136,0.710220701,0.630167439,0.683238188,0.667859841,0.683774547,0.637272983,0.805712215,0.669380118,0.769338633,0.651307147,1.000000000,0.572603675,0.695389925,0.682401315,0.645237890,0.739548780,0.729675704,0.766599616,0.762037343,0.805649532,0.771798073,0.765993170,0.690489449,0.741327514,0.652854760,0.612940872,0.662564352,0.714678184,0.680517488,0.719681096,0.694475755,0.847943942,0.710026766,0.714226917,0.722335143,0.652915354,0.682355905,0.578843843,0.826531815,0.750396759,0.701246502,0.712373264,0.810788008,0.669605667,0.734050466,0.734692569,0.760604555,0.775661485,0.745103553,0.777178977,0.799651878,0.833397750,0.675153454,0.724681436,0.777415653,0.703781612,0.800246817,0.769403748,0.799916985,0.731534851,0.766721677,0.738293620,0.669137970,0.753615858,0.838590414,0.710397069,0.576964133,0.536352942,0.725881860,0.611634774,0.768987580,0.736207309,0.719264736,0.780636301,0.732720845,0.682557679,0.760260218,0.716472393,0.730100810,0.696308402,0.730360263,0.724531564,0.669973993,0.694920701,0.653845531
stage5c2_027,0.732378587,0.749351368,0.678284707,0.618785522,0.434368870,0.517507545,0.724998990,0.802152183,0.418704848,0.481677856,0.462281946,0.347926333,0.717234105,0.656023147,0.744966486,0.445267865,0.768269266,0.685394867,0.372649084,0.426556745,0.298985611,0.390475280,0.446620845,0.572603675,1.000000000,0.769135426,0.348945495,0.583861138,0.602750341,0.584917973,0.518514182,0.626117073,0.530212240,0.512174921,0.415765444,0.470454353,0.467652036,0.440968523,0.659452457,0.746383059,0.357207527,0.667837671,0.452725815,0.562410417,0.549901600,0.647494115,0.425886857,0.815860950,0.802217884,0.704960965,0.781684393,0.630757259,0.525174519,0.783082605,0.412065091,0.518532278,0.857363917,0.589586514,0.363348556,0.322383821,0.440989816,0.407302806,0.705123104,0.616306517,0.528327349,0.375194445,0.645988066,0.784783668,0.814098972,0.582363022,0.418740488,0.634560389,0.474912537,0.786625123,0.570895393,0.752582072,0.541595509,0.651690323,0.791216447,0.633710304,0.747515782,0.366204244,0.520368556,0.471926014,0.510151184,0.761504846,0.692614004,0.770209737,0.735604661,0.447259497,0.763453197,0.574301515,0.452950390,0.748492258,0.676786026,0.741018287,0.788216324,0.795080476
stage5c2_028,0.809613075,0.869567085,0.859230231,0.801789109,0.583959137,0.668130410,0.850431675,0.815382299,0.584074650,0.566681589,0.655509314,0.492989319,0.887208825,0.665521551,0.775462854,0.455433922,0.918136774,0.853911793,0.519741504,0.562015215,0.469930858,0.602108320,0.627213468,0.695389925,0.769135426,1.000000000,0.535311173,0.607018384,0.648732682,0.777196871,0.639741364,0.726085297,0.680136011,0.770205969,0.587728102,0.554647174,0.699898793,0.589476681,0.745008627,0.896753489,0.416128120,0.747235335,0.602110165,0.801170026,0.752415304,0.740195188,0.583534785,0.775033605,0.817827233,0.908527616,0.786854321,0.712468396,0.698259673,0.880561681,0.479100895,0.732915523,0.897434072,0.738733344,0.559453976,0.524882346,0.586544201,0.625812385,0.742845499,0.738023045,0.636547136,0.476719687,0.702856312,0.789985890,0.845109691,0.750224290,0.591188415,0.825405806,0.668650852,0.849724662,0.735619707,0.744255305,0.644061768,0.728755468,0.858168179,0.622585120,0.800504847,0.544488080,0.584940615,0.668802933,0.682542189,0.867639784,0.832529629,0.778062578,0.806720884,0.550477765,0.856601373,0.689135866,0.686258523,0.800617797,0.807336407,0.756843313,0.739759210,0.759646517
stage5c2_029,0.468262475,0.557516254,0.662398153,0.588134590,0.733295117,0.574671112,0.548038674,0.503176669,0.557144594,0.596087152,0.694284442,0.657018949,0.480608402,0.518191198,0.475718897,0.581681323,0.514525639,0.550799325,0.514839692,0.705304678,0.773272498,0.786853019,0.493754310,0.682401315,0.348945495,0.535311173,1.000000000,0.412402010,0.522901431,0.540200409,0.650817073,0.527869861,0.669006002,0.715004797,0.647797819,0.522136814,0.659236346,0.487420791,0.469328912,0.534008981,0.527750544,0.507730462,0.676660354,0.559256309,0.735717756,0.516142845,0.680265711,0.428056465,0.381980038,0.534354189,0.321886034,0.647520810,0.577244309,0.455519114,0.668181014,0.694375104,0.475867187,0.634896607,0.764185973,0.681627830,0.666347646,0.716025011,0.563428235,0.594060655,0.661383112,0.620918892,0.564986415,0.521719064,0.496236072,0.581254889,0.840919617,0.644600931,0.722145903,0.575340501,0.707194246,0.448205332,0.644319525,0.607809649,0.502729022,0.347755722,0.346923006,0.679927501,0.466259333,0.593072011,0.686114835,0.614353070,0.581941788,0.549031975,0.592212620,0.726089909,0.551665969,0.636981103,0.679558491,0.549815803,0.505275241,0.408282268,0.381252733,0.434810683
stage5c2_030,0.657293603,0.501989741,0.646801479,0.677950121,0.607605519,0.825131914,0.543563182,0.721499333,0.650296157,0.643475264,0.670011483,0.458695203,0.534303904,0.737189573,0.559084809,0.493842932,0.551160240,0.699997738,0.670047823,0.560855899,0.488486589,0.564974344,0.772927457,0.645237890,0.583861138,0.607018384,0.412402010,1.000000000,0.761288365,0.571557828,0.490618863,0.679959315,0.669548959,0.630333558,0.666385219,0.650304893,0.725774591,0.703667146,0.435709003,0.616419604,0.504796615,0.454987135,0.558260076,0.673721535,0.660555421,0.586235445,0.493400249,0.701437891,0.655042938,0.564948630,0.626675662,0.618305693,0.703578444,0.657606555,0.337017132,0.673387251,0.639923490,0.538556579,0.479294531,0.592572231,0.500745668,0.623893217,0.637928715,0.726394490,0.568351387,0.410342516,0.672674557,0.734637494,0.732383824,0.600030102,0.546294325,0.693010188,0.576126783,0.673240883,0.539938452,0.680724198,0.660671252,0.647728190,0.652479076,0.759481747,0.642271431,0.396273813,0.535522584,0.791872599,0.699918293,0.638327110,0.688936886,0.584245494,0.616910210,0.510956341,0.769530168,0.704089781,0.632799866,0.657715642,0.748034973,0.598643435,0.648938042,0.635318754
stage5c2_031,0.603666422,0.604082264,0.658659996,0.811017209,0.750324133,0.638279664,0.583476546,0.734225462,0.787522776,0.699585205,0.745623983,0.565165200,0.605236707,0.707392873,0.532665278,0.648824888,0.601993201,0.700546742,0.756335171,0.695886248,0.524631562,0.668259009,0.685253426,0.739548780,0.602750341,0.648732682,0.522901431,0.761288365,1.000000000,0.637087794,0.673090261,0.779214287,0.798208387,0.701466278,0.737592383,0.792432070,0.651593896,0.606990282,0.572825537,0.601274276,0.595498449,0.635546247,0.675845744,0.695340109,0.750568218,0.667468373,0.551741888,0.723558286,0.646287411,0.651256998,0.592328850,0.720746312,0.718974709,0.721610134,0.425266035,0.780654554,0.703980871,0.616201017,0.561809247,0.562254740,0.561857954,0.711338111,0.683049692,0.742791629,0.693534641,0.606423418,0.659150814,0.712856484,0.686452728,0.767883458,0.610296176,0.789958347,0.597018575,0.668552671,0.660585673,0.623019887,0.765860194,0.800338853,0.687502507,0.608287746,0.567222168,0.503084903,0.623386463,0.773248195,0.628492823,0.684701650,0.734872813,0.617162857,0.611050595,0.612452442,0.655349614,0.626147023,0.716940557,0.707032238,0.790408979,0.627203388,0.734367074,0.685246727
stage5c2_032,0.671087050,0.743347702,0.747785734,0.748344722,0.696153830,0.542308893,0.789232052,0.710830307,0.702570389,0.522337061,0.579355042,0.455497350,0.786918982,0.596376876,0.594464701,0.424209664,0.742614322,0.722824967,0.531076296,0.612285549,0.548608963,0.564170271,0.615465268,0.729675704,0.584917973,0.777196871,0.540200409,0.571557828,0.637087794,1.000000000,0.672866649,0.762845099,0.658216128,0.737046115,0.649025210,0.563314655,0.636748816,0.596020416,0.579155933,0.712096841,0.490405778,0.786586083,0.459145732,0.795728805,0.784200795,0.668631112,0.607593483,0.775923142,0.811353820,0.843134359,0.717799898,0.697896375,0.666886044,0.791855425,0.557224568,0.796695944,0.785022779,0.749907404,0.612750711,0.513831437,0.606815436,0.607159940,0.656483776,0.751789549,0.690652709,0.496037761,0.592379336,0.719348520,0.725776542,0.792655533,0.598131009,0.795533462,0.728376186,0.706038530,0.769483588,0.727657828,0.589701359,0.723757140,0.704677513,0.516826193,0.711924878,0.605077064,0.512128609,0.639236572,0.692503154,0.701881297,0.828502113,0.674183787,0.734530983,0.613846183,0.756095954,0.611665500,0.605504955,0.627608237,0.695674568,0.607310436,0.615370740,0.735741227
stage5c2_033,0.533913197,0.701748951,0.684129384,0.719408686,0.754720494,0.547298350,0.607713000,0.635865755,0.621429731,0.620653568,0.688464475,0.701407730,0.626222998,0.591338523,0.519029481,0.694793474,0.632606596,0.613576760,0.592253771,0.739415466,0.575586961,0.751211027,0.521149846,0.766599616,0.518514182,0.639741364,0.650817073,0.490618863,0.673090261,0.672866649,1.000000000,0.694517117,0.682246665,0.695285612,0.590354664,0.573220862,0.652647197,0.542337608,0.626337348,0.592172312,0.540268924,0.678348021,0.648988807,0.608604426,0.795925847,0.712979463,0.656257576,0.657382814,0.573567132,0.659771492,0.511031499,0.782920219,0.613122512,0.677509753,0.705358031,0.664976552,0.654226093,0.684151490,0.632411827,0.634784816,0.639732543,0.594271535,0.745556951,0.645624474,0.838434549,0.799200147,0.633941494,0.602842548,0.628707450,0.745463056,0.700954685,0.716220998,0.676662230,0.674609115,0.725085514,0.564068690,0.675683982,0.739339504,0.686051612,0.418559283,0.476301412,0.680103130,0.598520734,0.631906441,0.626051930,0.661375950,0.672310269,0.665862920,0.636757318,0.707810026,0.597380546,0.637038932,0.600155832,0.644474389,0.628584873,0.592566195,0.570433347,0.630959910
stage5c2_034,0.684462384,0.727011782,0.769735802,0.855424489,0.707642218,0.680509569,0.762952257,0.779447745,0.806778522,0.518499860,0.726661364,0.478333233,0.745619231,0.675817765,0.528857466,0.590751554,0.761439878,0.769395923,0.630021478,0.597275141,0.548604728,0.629248633,0.770361620,0.762037343,0.626117073,0.726085297,0.527869861,0.679959315,0.779214287,0.762845099,0.694517117,1.000000000,0.764507703,0.735574168,0.671545948,0.639933289,0.735264629,0.741995739,0.727241268,0.706406746,0.422378921,0.798555796,0.621323111,0.816077308,0.818874224,0.651273327,0.466256957,0.736833724,0.736698473,0.744709475,0.614084035,0.807986508,0.624475070,0.783707101,0.548433627,0.798033511,0.721226613,0.745539351,0.587050509,0.642844369,0.573052352,0.663995456,0.723386659,0.743456109,0.770171006,0.515044817,0.776123888,0.763151302,0.697118286,0.768398605,0.586303261,0.814467109,0.682279594,0.770114218,0.808220546,0.813439625,0.665687788,0.809190853,0.767791380,0.524667073,0.673218297,0.455402099,0.686899561,0.767933230,0.671440712,0.776810286,0.792448098,0.778630565,0.689227650,0.624963927,0.729770460,0.602465404,0.709119279,0.787937672,0.827864506,0.795965559,0.702674025,0.667937904
stage5c2_035,0.644947496,0.615994699,0.756972308,0.800568906,0.732735768,0.681962104,0.614244384,0.736654525,0.744137753,0.646668970,0.854363552,0.618812340,0.574928605,0.674347064,0.618232277,0.587104913,0.635519467,0.716901436,0.668673917,0.707635509,0.698753429,0.800702181,0.716929471,0.805649532,0.530212240,0.680136011,0.669006002,0.669548959,0.798208387,0.658216128,0.682246665,0.764507703,1.000000000,0.781420911,0.844509191,0.788239738,0.786293004,0.589947141,0.555023111,0.670937803,0.536875569,0.596407496,0.758760470,0.765565260,0.856467211,0.655699022,0.689252375,0.660874851,0.564106895,0.607862302,0.480522478,0.656787009,0.678151994,0.671044129,0.465482903,0.808056462,0.634636182,0.599610571,0.650419701,0.687832403,0.635723514,0.832917752,0.661292595,0.757642325,0.668220000,0.528140897,0.662395997,0.725538561,0.637301482,0.746406942,0.709169080,0.817100037,0.626060221,0.699901049,0.653296882,0.641418333,0.816346899,0.774181080,0.680407214,0.547003446,0.541650103,0.544338990,0.512369132,0.784966985,0.665286407,0.732814903,0.749221706,0.634065891,0.628962135,0.596709130,0.672930157,0.634270955,0.796329269,0.725104140,0.748655294,0.588532778,0.654379089,0.550017805
stage5c2_036,0.703437207,0.694751540,0.887210659,0.826122977,0.803473843,0.730653262,0.694137011,0.782969716,0.732303108,0.656231885,0.796344602,0.628903733,0.716261069,0.662641054,0.590950045,0.600594070,0.730296059,0.788611297,0.661319711,0.724314882,0.737730732,0.837995083,0.708062491,0.771798073,0.512174921,0.770205969,0.715004797,0.630333558,0.701466278,0.737046115,0.695285612,0.735574168,0.781420911,1.000000000,0.798878295,0.699092270,0.739784917,0.686544503,0.652766452,0.749884941,0.565656577,0.710288407,0.714109823,0.831350425,0.882597112,0.702466569,0.683414758,0.622736022,0.622964507,0.780474629,0.558520146,0.777702661,0.672425121,0.757034443,0.564244688,0.875915692,0.706725798,0.759559857,0.756754255,0.661775094,0.741080008,0.825944527,0.709562888,0.772298595,0.756808110,0.605018052,0.735666170,0.742824217,0.751534235,0.745873261,0.807439096,0.868919214,0.803090147,0.781278077,0.810252814,0.644367561,0.742932770,0.709226715,0.723902398,0.475521793,0.636985079,0.637649936,0.588549137,0.768438804,0.717996047,0.798887688,0.793382744,0.648381882,0.773598452,0.744599516,0.743510285,0.726042963,0.839216146,0.767269210,0.788876130,0.615801057,0.601421869,0.657289021
stage5c2_037,0.635218853,0.490320256,0.702527682,0.769666403,0.788788968,0.667187273,0.530787488,0.671779905,0.797652062,0.662657491,0.813595298,0.576436084,0.521046733,0.603733590,0.540052180,0.596891568,0.572778857,0.707831898,0.649859244,0.713429531,0.739247620,0.770035905,0.699797896,0.765993170,0.415765444,0.587728102,0.647797819,0.666385219,0.737592383,0.649025210,0.590354664,0.671545948,0.844509191,0.798878295,1.000000000,0.792751003,0.669384915,0.581337480,0.419486240,0.589293681,0.616425598,0.494440564,0.764796818,0.750910996,0.812027327,0.661552260,0.702917826,0.561974393,0.512986765,0.541198747,0.433375888,0.623683795,0.675081418,0.606064936,0.469327986,0.859099414,0.573156866,0.557202702,0.743141179,0.698280147,0.748296804,0.916151246,0.589024667,0.729130607,0.644309246,0.541830418,0.626374671,0.682768726,0.628558507,0.666434511,0.736466448,0.829691127,0.623536266,0.661181619,0.606985486,0.546667292,0.804014223,0.688782024,0.605882866,0.508813848,0.483315264,0.629739648,0.455679609,0.754259780,0.646465417,0.658707848,0.749350940,0.546100956,0.589234476,0.617737422,0.633056602,0.583888938,0.887390991,0.642189856,0.728358138,0.458943658,0.597333207,0.549409842
stage5c2_038,0.604951725,0.496411978,0.618946839,0.662962770,0.683239147,0.589207892,0.474999046,0.676167445,0.678608525,0.646457191,0.730595268,0.482430386,0.472296675,0.697997471,0.438516508,0.547552531,0.548919058,0.619682933,0.744316097,0.632962287,0.543552492,0.705922706,0.666981937,0.690489449,0.470454353,0.554647174,0.522136814,0.650304893,0.792432070,0.563314655,0.573220862,0.639933289,0.788239738,0.699092270,0.792751003,1.000000000,0.592538403,0.533940012,0.413721261,0.538737119,0.578382591,0.506157268,0.780213486,0.686301782,0.743396241,0.558177067,0.611406228,0.579414922,0.513216043,0.517403494,0.411696646,0.640805543,0.567596574,0.537079355,0.437681404,0.752444554,0.584606688,0.565789054,0.544393616,0.537340471,0.657312888,0.837304963,0.594558769,0.703602951,0.626112822,0.480190140,0.625379524,0.683350233,0.577382050,0.582182174,0.650430213,0.748110291,0.599649479,0.616891689,0.586492746,0.556558259,0.724819746,0.693934608,0.557551647,0.469587161,0.479517268,0.487079048,0.492097774,0.656916910,0.552883021,0.614904486,0.617694946,0.565833325,0.533333746,0.633561454,0.571037308,0.546905721,0.769184025,0.683569625,0.722083052,0.521701474,0.626490697,0.569458738
stage5c2_039,0.681159667,0.633386907,0.761901794,0.754586071,0.689833387,0.821240574,0.677315057,0.652428027,0.657221780,0.587748479,0.823044163,0.689319207,0.617888893,0.650857795,0.617787767,0.599254707,0.651661916,0.775275131,0.616252143,0.658587671,0.703094684,0.704501487,0.791082854,0.741327514,0.467652036,0.699898793,0.659236346,0.725774591,0.651593896,0.636748816,0.652647197,0.735264629,0.786293004,0.739784917,0.669384915,0.592538403,1.000000000,0.766501006,0.626985958,0.671597807,0.483995303,0.529647534,0.689444433,0.737087971,0.778288213,0.611143414,0.638642818,0.591654148,0.556872177,0.602848681,0.499839804,0.694935256,0.715065906,0.643930431,0.546606515,0.729744628,0.568878770,0.628790706,0.683035997,0.776299496,0.611357841,0.697485120,0.719728344,0.666763267,0.659598904,0.539066911,0.774889491,0.675936579,0.630832150,0.663956172,0.676450964,0.730949589,0.705215060,0.742544486,0.677711028,0.662936609,0.673689794,0.730492197,0.676262333,0.629038163,0.540668250,0.567083143,0.658452725,0.804305618,0.761577235,0.716966359,0.700977604,0.730544343,0.626235529,0.607968972,0.757806734,0.746171542,0.697197983,0.689049448,0.695876232,0.701433868,0.569060294,0.519572692
stage5c2_040,0.597556303,0.546540393,0.698074651,0.721378445,0.631758253,0.840809290,0.618834931,0.634070621,0.664788798,0.501337023,0.660015184,0.553904043,0.628050863,0.631939407,0.475903951,0.522495851,0.620209991,0.654744295,0.645403807,0.538911009,0.571810084,0.608960964,0.908658070,0.652854760,0.440968523,0.589476681,0.487420791,0.703667146,0.606990282,0.596020416,0.542337608,0.741995739,0.589947141,0.686544503,0.581337480,0.533940012,0.766501006,1.000000000,0.598218255,0.560851976,0.420373875,0.573643325,0.551058518,0.712769380,0.698759281,0.563541732,0.399640017,0.493079118,0.538797770,0.573867447,0.431761954,0.711136153,0.668852742,0.602184697,0.532062572,0.664300455,0.526351401,0.649905639,0.573765521,0.729165874,0.583285064,0.621033026,0.650625718,0.577707066,0.676081672,0.506159817,0.812395498,0.680162808,0.592322083,0.610391382,0.592560902,0.659629216,0.646586270,0.682288267,0.724758610,0.662316904,0.586641440,0.684234050,0.595766241,0.549983904,0.498232378,0.460602161,0.776341486,0.796065683,0.786382446,0.658158015,0.641025260,0.661457024,0.596550175,0.609942107,0.743201637,0.695059650,0.613085272,0.647746255,0.709224354,0.723944326,0.569608796,0.435140635
stage5c2_041,0.681629605,0.853639153,0.751525298,0.747231546,0.505217941,0.493161059,0.695106768,0.670106690,0.554918003,0.427876247,0.546810348,0.533673135,0.826972488,0.467499379,0.582603710,0.512752418,0.803939148,0.710078730,0.365463224,0.445251746,0.400731129,0.479140998,0.539095845,0.612940872,0.659452457,0.745008627,0.469328912,0.435709003,0.572825537,0.579155933,0.626337348,0.727241268,0.555023111,0.652766452,0.419486240,0.413721261,0.626985958,0.598218255,1.000000000,0.682407960,0.336829911,0.712570107,0.490449528,0.602146348,0.627992409,0.657974379,0.398851031,0.601119178,0.622353755,0.707642012,0.620917877,0.749854086,0.458215043,0.783525526,0.603199850,0.588852595,0.692542687,0.728710852,0.502421509,0.482283656,0.490279042,0.457041831,0.744571305,0.511761648,0.640968913,0.533147405,0.665739767,0.645692350,0.642140697,0.597520021,0.508443526,0.647846941,0.602545107,0.719950824,0.743296574,0.675369111,0.486031714,0.575385101,0.763630536,0.418180247,0.594101410,0.427936840,0.729630860,0.591400222,0.507509999,0.744669651,0.710510287,0.789662666,0.648438684,0.560597496,0.654200081,0.522103574,0.514517374,0.711626919,0.680320597,0.825698279,0.718140234,0.607928255
stage5c2_042,0.830461174,0.835702638,0.892014764,0.742151343,0.533444825,0.697632347,0.786242023,0.842915166,0.519561728,0.552082600,0.623708444,0.453101887,0.782311604,0.701500645,0.711004579,0.435215052,0.864556755,0.824834535,0.504164670,0.516375969,0.466982447,0.617793065,0.616747578,0.662564352,0.746383059,0.896753489,0.534008981,0.616419604,0.601274276,0.712096841,0.592172312,0.706406746,0.670937803,0.749884941,0.589293681,0.538737119,0.671597807,0.560851976,0.682407960,1.000000000,0.353426514,0.685206806,0.595833568,0.781931777,0.719978158,0.674147148,0.547891454,0.688266113,0.737866406,0.833700552,0.711598389,0.675570545,0.603238343,0.817666062,0.484274243,0.697788806,0.851693040,0.663191597,0.518000450,0.519878502,0.580002283,0.641315697,0.687012289,0.710869994,0.588404166,0.423396332,0.707441600,0.818639454,0.854755599,0.642299812,0.612429980,0.763703056,0.641413211,0.874641769,0.690998438,0.773405573,0.650103566,0.652989947,0.838689577,0.582152184,0.813478335,0.487904002,0.539420088,0.661078622,0.617627880,0.848223054,0.788973556,0.742523149,0.858146462,0.538432391,0.817806416,0.696637746,0.705915441,0.885971468,0.783037989,0.715379574,0.689149076,0.689246211
stage5c2_043,0.421147239,0.388571775,0.504022842,0.472357237,0.642741710,0.485648809,0.334766790,0.426305360,0.575055750,0.761301765,0.573142572,0.577075437,0.346395018,0.596819282,0.441802303,0.570538092,0.343998150,0.421863556,0.577392511,0.752301488,0.576433911,0.591335188,0.376784148,0.714678184,0.357207527,0.416128120,0.527750544,0.504796615,0.595498449,0.490405778,0.540268924,0.422378921,0.536875569,0.565656577,0.616425598,0.578382591,0.483995303,0.420373875,0.336829911,0.353426514,1.000000000,0.457322551,0.555757335,0.424624388,0.557233820,0.524275469,0.634752323,0.540602417,0.407283578,0.426459520,0.406793939,0.587023592,0.630207453,0.434930260,0.497316304,0.562384585,0.411159089,0.493926359,0.609027816,0.549865319,0.582862240,0.536833319,0.539940221,0.545287480,0.569343715,0.636467370,0.451566309,0.503692825,0.482412777,0.573023496,0.629315561,0.516546253,0.574162050,0.464248553,0.472993985,0.295540293,0.586937217,0.574036203,0.462046036,0.421728044,0.283112483,0.598163879,0.384698400,0.516677243,0.534169393,0.475578928,0.507521567,0.403164142,0.420189042,0.622547977,0.397839150,0.609705568,0.532494450,0.461494557,0.462646213,0.371339933,0.449112765,0.535071683
stage5c2_044,0.605275309,0.808411526,0.736494632,0.694333228,0.619679099,0.493248493,0.775564325,0.712536175,0.588770933,0.502447193,0.534026750,0.419110541,0.764378102,0.641683966,0.588402779,0.466771714,0.772173983,0.635540401,0.497053961,0.619926162,0.507927569,0.563387575,0.518989613,0.680517488,0.667837671,0.747235335,0.507730462,0.454987135,0.635546247,0.786586083,0.678348021,0.798555796,0.596407496,0.710288407,0.494440564,0.506157268,0.529647534,0.573643325,0.712570107,0.685206806,0.457322551,1.000000000,0.458969773,0.735221584,0.732258898,0.592892338,0.439752326,0.719247363,0.750423284,0.852123160,0.649585348,0.781746172,0.560822778,0.760428068,0.588136712,0.710290456,0.755119223,0.771267287,0.552135923,0.466620698,0.525488962,0.505088946,0.639554465,0.644659263,0.727885516,0.517988923,0.665843488,0.701320109,0.680778682,0.800226449,0.584466015,0.720592001,0.690786101,0.712010080,0.850293645,0.749886620,0.542265657,0.727762940,0.731025320,0.393670818,0.632168999,0.506893943,0.544412985,0.572385826,0.631342912,0.762638796,0.727043209,0.700825260,0.749998864,0.623990022,0.655821542,0.599494599,0.558265665,0.703184128,0.667528359,0.665797246,0.566381828,0.717813484
stage5c2_045,0.642337976,0.518556989,0.697678295,0.711619982,0.677042838,0.670104630,0.488543132,0.652363684,0.636143327,0.621722945,0.836395393,0.665768039,0.482741296,0.641639279,0.472203447,0.708019560,0.583323062,0.679639108,0.666451941,0.648563716,0.707382028,0.802022423,0.632806226,0.719681096,0.452725815,0.602110165,0.676660354,0.558260076,0.675845744,0.459145732,0.648988807,0.621323111,0.758760470,0.714109823,0.764796818,0.780213486,0.689444433,0.551058518,0.490449528,0.595833568,0.555757335,0.458969773,1.000000000,0.629405190,0.724788073,0.598321932,0.679821150,0.478466222,0.399900592,0.517739887,0.325080689,0.677346059,0.574818340,0.519131545,0.537211953,0.682286088,0.528923693,0.543925358,0.694479107,0.750975930,0.738900973,0.814011812,0.648025768,0.614326693,0.662174230,0.641582076,0.731462079,0.648796734,0.539773555,0.537078636,0.748547830,0.705093923,0.630664423,0.684375819,0.576318586,0.468720152,0.770337570,0.709666296,0.613394185,0.421229420,0.419597339,0.590185862,0.608001536,0.665133467,0.558436042,0.665811279,0.560904068,0.611964007,0.512733321,0.639008077,0.568433788,0.571641365,0.798563825,0.730891531,0.711644888,0.590672007,0.583581371,0.478234468
stage5c2_046,0.775957692,0.697111675,0.836981501,0.803390904,0.674304887,0.722406372,0.769663693,0.837975295,0.707781092,0.569160060,0.758207865,0.500921428,0.733052732,0.677314534,0.631720570,0.495996946,0.806326445,0.828868489,0.571147648,0.630493354,0.631649014,0.694833506,0.804448051,0.694475755,0.562410417,0.801170026,0.559256309,0.673721535,0.695340109,0.795728805,0.608604426,0.816077308,0.765565260,0.831350425,0.750910996,0.686301782,0.737087971,0.712769380,0.602146348,0.781931777,0.424624388,0.735221584,0.629405190,1.000000000,0.839446233,0.673726342,0.546580884,0.650144196,0.750360516,0.782632533,0.626656794,0.712463258,0.686044558,0.774468037,0.456083136,0.861911408,0.761421410,0.672808473,0.652633880,0.580010510,0.616936743,0.777779464,0.622498340,0.766780792,0.663617002,0.445594633,0.766197281,0.827677206,0.758483575,0.764364352,0.652843025,0.882067817,0.679850987,0.811962909,0.759992168,0.814812150,0.742959224,0.738283304,0.767062833,0.549817679,0.763985224,0.501989224,0.556337290,0.776965501,0.732630441,0.850347896,0.852547738,0.716997934,0.800566429,0.555803229,0.815026797,0.610991765,0.846260493,0.763776112,0.834376829,0.680536490,0.612353344,0.682955986
stage5c2_047,0.684912408,0.731648654,0.818103937,0.867417622,0.879242919,0.721899516,0.762942085,0.765708828,0.820507688,0.667047413,0.817916300,0.635157925,0.747041151,0.690751677,0.621590820,0.656116213,0.760779800,0.767224414,0.673528407,0.795218408,0.716606838,0.840806487,0.756138849,0.847943942,0.549901600,0.752415304,0.735717756,0.660555421,0.750568218,0.784200795,0.795925847,0.818874224,0.856467211,0.882597112,0.812027327,0.743396241,0.778288213,0.698759281,0.627992409,0.719978158,0.557233820,0.732258898,0.724788073,0.839446233,1.000000000,0.699059896,0.690058149,0.711457314,0.696632829,0.735300847,0.557101096,0.824995599,0.752692707,0.730238171,0.651770835,0.915297016,0.734554433,0.800330023,0.777770119,0.727226633,0.751261432,0.826325949,0.717804342,0.813296641,0.870379725,0.661204140,0.746690536,0.761873435,0.734718452,0.827250798,0.816985950,0.926308644,0.794925027,0.792397807,0.843847129,0.726080513,0.754942818,0.820107489,0.729220660,0.546113214,0.615360355,0.697727939,0.605892622,0.789279976,0.801513837,0.800079672,0.841845743,0.724490663,0.750545670,0.772166848,0.775652966,0.696765855,0.811968606,0.740101926,0.794195383,0.644586555,0.650425543,0.679323126
stage5c2_048,0.712223166,0.681727091,0.755733909,0.752551390,0.643143772,0.627426186,0.610018341,0.717165247,0.604044030,0.653576126,0.713096939,0.662816321,0.701072227,0.633507887,0.695474681,0.606117806,0.728274055,0.714558557,0.520767554,0.628553403,0.540160759,0.624486520,0.545736256,0.710026766,0.647494115,0.740195188,0.516142845,0.586235445,0.667468373,0.668631112,0.712979463,0.651273327,0.655699022,0.702466569,0.661552260,0.558177067,0.611143414,0.563541732,0.657974379,0.674147148,0.524275469,0.592892338,0.598321932,0.673726342,0.699059896,1.000000000,0.721373233,0.698642806,0.636972580,0.704456162,0.658456055,0.707868455,0.656523218,0.837280224,0.541189034,0.665838724,0.751587490,0.600009045,0.640881183,0.610971235,0.668091764,0.591907691,0.831380799,0.644138269,0.684408699,0.631178159,0.664695559,0.710775254,0.785910447,0.723599329,0.609585167,0.790522092,0.561730715,0.728984629,0.615230788,0.562159011,0.734152061,0.706960970,0.806738667,0.657307277,0.567457293,0.613233433,0.543429351,0.667468723,0.599671579,0.751654811,0.793028144,0.670302453,0.686788505,0.575475088,0.686570935,0.669803715,0.677076366,0.715088933,0.771090002,0.644180027,0.708275460,0.704582976
stage5c2_049,0.579505133,0.512662979,0.675855716,0.582155495,0.672595870,0.566089625,0.451183415,0.564558731,0.537746745,0.640594095,0.701537759,0.660336285,0.480500544,0.616814939,0.584330360,0.543041883,0.515701297,0.560074285,0.562207586,0.713778962,0.649357401,0.716527105,0.419373461,0.714226917,0.425886857,0.583534785,0.680265711,0.493400249,0.551741888,0.607593483,0.656257576,0.466256957,0.689252375,0.683414758,0.702917826,0.611406228,0.638642818,0.399640017,0.398851031,0.547891454,0.634752323,0.439752326,0.679821150,0.546580884,0.690058149,0.721373233,1.000000000,0.555931488,0.436992029,0.565211312,0.413531249,0.620122078,0.599813046,0.564616768,0.555498082,0.643021260,0.533623943,0.553913979,0.672295670,0.613901534,0.759652559,0.654080988,0.698545178,0.617633503,0.624647514,0.619153605,0.550788177,0.604297296,0.600482623,0.599074055,0.760806409,0.692004790,0.619959784,0.582819906,0.526948990,0.378035914,0.667508766,0.624387402,0.607083994,0.489054827,0.381578856,0.746597592,0.423025400,0.552221596,0.524961387,0.588635526,0.601286976,0.520342429,0.547755050,0.639628163,0.531598439,0.675682406,0.633315678,0.556110944,0.568546123,0.432428534,0.516954670,0.564211711
stage5c2_050,0.716746442,0.738712254,0.703991713,0.729642295,0.621614876,0.567953419,0.728342142,0.761930074,0.647590621,0.590296382,0.552001301,0.404981197,0.739173759,0.697389898,0.653831765,0.495140460,0.724912752,0.732448350,0.509688313,0.591441143,0.390780616,0.491123990,0.521866279,0.722335143,0.815860950,0.775033605,0.428056465,0.701437891,0.723558286,0.775923142,0.657382814,0.736833724,0.660874851,0.622736022,0.561974393,0.579414922,0.591654148,0.493079118,0.601119178,0.688266113,0.540602417,0.719247363,0.478466222,0.650144196,0.711457314,0.698642806,0.555931488,1.000000000,0.897222143,0.766888644,0.843964605,0.697985134,0.631115091,0.820832423,0.465282146,0.668275302,0.853544632,0.684945745,0.497167691,0.424411495,0.517469059,0.504087194,0.722394575,0.787632571,0.652802080,0.468149024,0.606159770,0.776611339,0.815376157,0.763889274,0.497098672,0.753896613,0.612792658,0.759008946,0.648944776,0.743334169,0.576747294,0.751907041,0.804649230,0.657525180,0.781632806,0.473635635,0.529332555,0.593921619,0.591073049,0.705900031,0.787886235,0.708677831,0.704840208,0.545728508,0.768454133,0.635863121,0.505129157,0.697902610,0.724656160,0.673874799,0.781491424,0.858802210
stage5c2_051,0.727600544,0.758753922,0.710280976,0.694374242,0.560949707,0.561056891,0.824947074,0.789526810,0.601691389,0.480029030,0.488875870,0.328836971,0.810123165,0.636954136,0.656839441,0.393152541,0.801025747,0.767311564,0.417197860,0.513788361,0.358007820,0.431614051,0.560918116,0.652915354,0.802217884,0.817827233,0.381980038,0.655042938,0.646287411,0.811353820,0.573567132,0.736698473,0.564106895,0.622964507,0.512986765,0.513216043,0.556872177,0.538797770,0.622353755,0.737866406,0.407283578,0.750423284,0.399900592,0.750360516,0.696632829,0.636972580,0.436992029,0.897222143,1.000000000,0.807717815,0.892910568,0.698139841,0.607784708,0.830796183,0.431232686,0.698998574,0.904327510,0.688157577,0.472938353,0.373709663,0.469178657,0.504129873,0.655420666,0.786098357,0.607453437,0.373097082,0.625391341,0.817967074,0.854354212,0.734189736,0.454240319,0.760646696,0.577180318,0.817840449,0.684457763,0.856345209,0.540018687,0.696968868,0.811373252,0.619961338,0.889814358,0.426711433,0.524194216,0.581389355,0.636565852,0.751835108,0.835521642,0.780332655,0.796624876,0.463823856,0.853395065,0.568518154,0.526681489,0.671554141,0.725652411,0.711828161,0.730008367,0.874232894
stage5c2_052,0.731431223,0.870198559,0.830072956,0.768378993,0.617460025,0.616837641,0.824971349,0.776081645,0.590070884,0.554888992,0.573231915,0.462631763,0.866621940,0.664838322,0.655813950,0.443807633,0.863773171,0.784406714,0.530885160,0.585067208,0.494894865,0.583999478,0.564408471,0.682355905,0.704960965,0.908527616,0.534354189,0.564948630,0.651256998,0.843134359,0.659771492,0.744709475,0.607862302,0.780474629,0.541198747,0.517403494,0.602848681,0.573867447,0.707642012,0.833700552,0.426459520,0.852123160,0.517739887,0.782632533,0.735300847,0.704456162,0.565211312,0.766888644,0.807717815,1.000000000,0.768572626,0.746208651,0.632419679,0.875174507,0.526660313,0.744176723,0.859215338,0.776994892,0.567655317,0.476804434,0.581005243,0.560071477,0.726065653,0.717768207,0.686205227,0.497524432,0.684472927,0.756160381,0.819945538,0.775188473,0.605141435,0.783194717,0.710844351,0.785834372,0.800231491,0.717541942,0.610125537,0.731254990,0.830094940,0.509830628,0.761981086,0.559037755,0.579408238,0.645900054,0.651128567,0.821424530,0.780295416,0.712401264,0.847425983,0.606752367,0.785209420,0.695973976,0.624738117,0.768314807,0.757166642,0.674997297,0.639107772,0.784928571
stage5c2_053,0.654694112,0.730208744,0.656071231,0.616419302,0.478220370,0.521908577,0.728950742,0.716856450,0.469902954,0.527822493,0.439530622,0.354872717,0.745689753,0.586604133,0.699122906,0.341704640,0.710758998,0.714204035,0.357192669,0.452879405,0.305009380,0.362760819,0.423641204,0.578843843,0.781684393,0.786854321,0.321886034,0.626675662,0.592328850,0.717799898,0.511031499,0.614084035,0.480522478,0.558520146,0.433375888,0.411696646,0.499839804,0.431761954,0.620917877,0.711598389,0.406793939,0.649585348,0.325080689,0.626656794,0.557101096,0.658456055,0.413531249,0.843964605,0.892910568,0.768572626,1.000000000,0.623033960,0.606567169,0.812895894,0.346696871,0.603306308,0.850208167,0.604807432,0.401622089,0.317929343,0.401244734,0.379254132,0.685255433,0.729369863,0.498169710,0.357612756,0.522413622,0.704030689,0.861277895,0.663184009,0.380639419,0.649540469,0.473192525,0.747063365,0.560529995,0.718882678,0.525012076,0.606699465,0.810237625,0.663034490,0.797564005,0.395122930,0.403705969,0.557880646,0.564929968,0.709024536,0.754344935,0.725476230,0.771536517,0.399125528,0.767316879,0.589292592,0.447504585,0.612843911,0.620922267,0.623861989,0.648085020,0.836369131
stage5c2_054,0.679740928,0.772556204,0.799948754,0.772505929,0.785864199,0.680659384,0.721926086,0.733477744,0.720726364,0.637932010,0.704079758,0.634670362,0.748816310,0.684162959,0.572871418,0.702026595,0.748684965,0.717857456,0.604457750,0.747204340,0.605219226,0.735561113,0.645167329,0.826531815,0.630757259,0.712468396,0.647520810,0.618305693,0.720746312,0.697896375,0.782920219,0.807986508,0.656787009,0.777702661,0.623683795,0.640805543,0.694935256,0.711136153,0.749854086,0.675570545,0.587023592,0.781746172,0.677346059,0.712463258,0.824995599,0.707868455,0.620122078,0.697985134,0.698139841,0.746208651,0.623033960,1.000000000,0.659569641,0.741090828,0.782770458,0.795058711,0.716663213,0.835062081,0.705629715,0.673210261,0.732207696,0.660924434,0.826152996,0.737098129,0.880752878,0.767021109,0.815343199,0.763311474,0.752513349,0.740542786,0.778535857,0.791294478,0.811786733,0.802334413,0.864278702,0.736078564,0.660561142,0.756985929,0.785560304,0.506523614,0.584797332,0.653621572,0.739331891,0.711161746,0.710104511,0.776072226,0.750722253,0.821780700,0.752016174,0.803185826,0.725609002,0.720741642,0.670575374,0.773859172,0.740557193,0.762619554,0.679307934,0.728984381
stage5c2_055,0.528691604,0.571186174,0.637166810,0.729393104,0.752527313,0.737642911,0.657723013,0.611312396,0.702409996,0.774711128,0.716473899,0.658327670,0.650665692,0.659416887,0.738074854,0.614783955,0.577858824,0.636513180,0.640522039,0.780935455,0.591131840,0.651539735,0.667995510,0.750396759,0.525174519,0.698259673,0.577244309,0.703578444,0.718974709,0.666886044,0.613122512,0.624475070,0.678151994,0.672425121,0.675081418,0.567596574,0.715065906,0.668852742,0.458215043,0.603238343,0.630207453,0.560822778,0.574818340,0.686044558,0.752692707,0.656523218,0.599813046,0.631115091,0.607784708,0.632419679,0.606567169,0.659569641,1.000000000,0.630372290,0.447587974,0.766961089,0.626772282,0.628018036,0.651436610,0.706243683,0.627198761,0.620182040,0.685892241,0.728872612,0.689276857,0.611895599,0.627809483,0.617962428,0.681657340,0.810321962,0.681427404,0.743320484,0.620020054,0.637599141,0.613557823,0.540623999,0.725695927,0.792727092,0.623567409,0.740106905,0.457129133,0.678551991,0.484703099,0.799807360,0.874517117,0.704516069,0.713487298,0.602956334,0.619675191,0.622901091,0.726853397,0.730783389,0.664783307,0.569939394,0.643148998,0.523971395,0.568758884,0.598301661
stage5c2_056,0.786722486,0.830495135,0.827612898,0.828956071,0.608211988,0.634734245,0.776242034,0.831919960,0.647015936,0.570800855,0.645757922,0.518131739,0.856802499,0.638399391,0.712734136,0.522509428,0.869491319,0.812156939,0.482528190,0.573437283,0.467360014,0.553645763,0.597630729,0.701246502,0.783082605,0.880561681,0.455519114,0.657606555,0.721610134,0.791855425,0.677509753,0.783707101,0.671044129,0.757034443,0.606064936,0.537079355,0.643930431,0.602184697,0.783525526,0.817666062,0.434930260,0.760428068,0.519131545,0.774468037,0.730238171,0.837280224,0.564616768,0.820832423,0.830796183,0.875174507,0.812895894,0.741090828,0.630372290,1.000000000,0.494638685,0.728813590,0.888238250,0.699208900,0.534561052,0.482119744,0.560829397,0.566225073,0.790958728,0.728770999,0.669932714,0.510630783,0.694354802,0.809496574,0.867146965,0.784894856,0.553585333,0.823707584,0.628746945,0.813798422,0.728988557,0.733581502,0.673618171,0.711796964,0.892487665,0.635723851,0.792277508,0.487913988,0.606742985,0.711888296,0.619368927,0.824301672,0.854436843,0.772191144,0.817606431,0.549952476,0.810519705,0.665681477,0.656481323,0.768355471,0.833478827,0.763420941,0.777653834,0.814478376
stage5c2_057,0.521416262,0.639074995,0.623571610,0.564799119,0.647596344,0.473034770,0.543331352,0.456959722,0.541498409,0.488169448,0.493334775,0.586620484,0.580996647,0.423349269,0.423112020,0.628029375,0.563715381,0.497151118,0.398851191,0.625370054,0.564738911,0.596279254,0.426465618,0.712373264,0.412065091,0.479100895,0.668181014,0.337017132,0.425266035,0.557224568,0.705358031,0.548433627,0.465482903,0.564244688,0.469327986,0.437681404,0.546606515,0.532062572,0.603199850,0.484274243,0.497316304,0.588136712,0.537211953,0.456083136,0.651770835,0.541189034,0.555498082,0.465282146,0.431232686,0.526660313,0.346696871,0.782770458,0.447587974,0.494638685,1.000000000,0.578254476,0.461864938,0.707936711,0.670364129,0.631376839,0.702960462,0.531553649,0.646002708,0.500866016,0.777320126,0.669722945,0.612059055,0.523461252,0.460678623,0.557072936,0.712520788,0.567683124,0.740144401,0.598130822,0.738773035,0.496828067,0.467287751,0.544468463,0.516884756,0.294616975,0.312199904,0.681704125,0.639647080,0.492917894,0.566893258,0.514236443,0.563115051,0.653288535,0.530497254,0.759701491,0.498958057,0.559965922,0.486131101,0.569312662,0.478817910,0.542935555,0.482016962,0.470014744
stage5c2_058,0.677179754,0.697305556,0.783421437,0.861254336,0.883292070,0.701455354,0.749914069,0.748447294,0.854007830,0.669140284,0.781859971,0.579440254,0.732766359,0.633863835,0.597828129,0.619461106,0.731460858,0.789942468,0.638864615,0.781637339,0.711784458,0.773933880,0.742354427,0.810788008,0.518532278,0.732915523,0.694375104,0.673387251,0.780654554,0.796695944,0.664976552,0.798033511,0.808056462,0.875915692,0.859099414,0.752444554,0.729744628,0.664300455,0.588852595,0.697788806,0.562384585,0.710290456,0.682286088,0.861911408,0.915297016,0.665838724,0.643021260,0.668275302,0.698998574,0.744176723,0.603306308,0.795058711,0.766961089,0.728813590,0.578254476,1.000000000,0.713438543,0.751860118,0.798289806,0.673673327,0.729565670,0.844595161,0.666064002,0.824363588,0.777793864,0.578412792,0.723979645,0.756910974,0.734939278,0.807909033,0.782483846,0.915422311,0.764508737,0.771064195,0.800021117,0.713739503,0.773250806,0.785733910,0.704184655,0.534383800,0.610811472,0.677851777,0.572174636,0.820085529,0.780097950,0.786056706,0.847503296,0.698851694,0.769653594,0.719644888,0.764034777,0.664135414,0.849230701,0.715470370,0.770081298,0.588912066,0.630946667,0.697333758
stage5c2_059,0.803507908,0.842305688,0.793123518,0.751679541,0.580501682,0.582729177,0.821777405,0.857683573,0.573492580,0.559263979,0.579656610,0.431393272,0.845087247,0.696002515,0.717872137,0.441913980,0.886694203,0.801107149,0.516808895,0.533401382,0.406823515,0.542392966,0.568845025,0.669605667,0.857363917,0.897434072,0.475867187,0.639923490,0.703980871,0.785022779,0.654226093,0.721226613,0.634636182,0.706725798,0.573156866,0.584606688,0.568878770,0.526351401,0.692542687,0.851693040,0.411159089,0.755119223,0.528923693,0.761421410,0.734554433,0.751587490,0.533623943,0.853544632,0.904327510,0.859215338,0.850208167,0.716663213,0.626772282,0.888238250,0.461864938,0.713438543,1.000000000,0.709966648,0.503805762,0.411092463,0.542979322,0.587176172,0.718136309,0.748168839,0.645900498,0.473330729,0.661801041,0.844155205,0.904313735,0.722292026,0.552473289,0.819776180,0.611974124,0.853250224,0.717613445,0.810753814,0.624474549,0.717864819,0.864991183,0.641100110,0.873553203,0.484591490,0.540455003,0.584878324,0.630343317,0.844084983,0.857680525,0.769103983,0.837484911,0.536289308,0.856633389,0.633434608,0.628057806,0.776548591,0.809915297,0.735285626,0.784160990,0.863446737
stage5c2_060,0.594378602,0.799111160,0.750723303,0.737364920,0.703407439,0.576940680,0.782700570,0.666285180,0.719083748,0.565104571,0.576478261,0.524160026,0.845444725,0.583983723,0.534262950,0.566652786,0.761399284,0.679577813,0.536492962,0.628093182,0.481751590,0.659670475,0.608879029,0.734050466,0.589586514,0.738733344,0.634896607,0.538556579,0.616201017,0.749907404,0.684151490,0.745539351,0.599610571,0.759559857,0.557202702,0.565789054,0.628790706,0.649905639,0.728710852,0.663191597,0.493926359,0.771267287,0.543925358,0.672808473,0.800330023,0.600009045,0.553913979,0.684945745,0.688157577,0.776994892,0.604807432,0.835062081,0.628018036,0.699208900,0.707936711,0.751860118,0.709966648,1.000000000,0.624266825,0.558089771,0.649763381,0.600786031,0.743574458,0.694876616,0.813976114,0.631034195,0.663722690,0.657920889,0.664270867,0.705233239,0.743752781,0.769438488,0.880574409,0.686660943,0.921946449,0.697557758,0.514757093,0.668689750,0.659857868,0.423610064,0.572967261,0.577810090,0.658934206,0.618475677,0.717991760,0.755083479,0.741008147,0.723911254,0.683894782,0.859800435,0.713681646,0.631751818,0.588847910,0.661055010,0.708657635,0.687980295,0.646856881,0.700181885
stage5c2_061,0.604668541,0.538140904,0.681795071,0.708999921,0.837536969,0.627571154,0.588939625,0.527371252,0.694193094,0.636794959,0.720858587,0.681574890,0.557431416,0.508979193,0.535597808,0.704746056,0.565862730,0.711157911,0.462228335,0.776029278,0.862167494,0.730203938,0.554298340,0.734692569,0.363348556,0.559453976,0.764185973,0.479294531,0.561809247,0.612750711,0.632411827,0.587050509,0.650419701,0.756754255,0.743141179,0.544393616,0.683035997,0.573765521,0.502421509,0.518000450,0.609027816,0.552135923,0.694479107,0.652633880,0.777770119,0.640881183,0.672295670,0.497167691,0.472938353,0.567655317,0.401622089,0.705629715,0.651436610,0.534561052,0.670364129,0.798289806,0.503805762,0.624266825,1.000000000,0.773485681,0.727914483,0.713942590,0.625380507,0.602189823,0.724570893,0.682949732,0.699883686,0.587658928,0.543935652,0.677811790,0.795646088,0.743828774,0.724540743,0.678635463,0.693923165,0.480126474,0.673894797,0.681115974,0.570696118,0.426779795,0.393112857,0.773584159,0.550935943,0.648688478,0.672803600,0.652594301,0.700698353,0.579749326,0.610013639,0.698942057,0.601979527,0.636090268,0.709943179,0.582131250,0.569793346,0.468954723,0.437804456,0.531577970
stage5c2_062,0.514792385,0.490878679,0.644430037,0.686730510,0.732519383,0.785214022,0.532915642,0.481498186,0.675005503,0.649267428,0.788212845,0.720624111,0.491953988,0.592812235,0.532266261,0.670118135,0.511118650,0.591839307,0.640546731,0.689630706,0.799711912,0.749828335,0.695730070,0.760604555,0.322383821,0.524882346,0.681627830,0.592572231,0.562254740,0.513831437,0.634784816,0.642844369,0.687832403,0.661775094,0.698280147,0.537340471,0.776299496,0.729165874,0.482283656,0.519878502,0.549865319,0.466620698,0.750975930,0.580010510,0.727226633,0.610971235,0.613901534,0.424411495,0.373709663,0.476804434,0.317929343,0.673210261,0.706243683,0.482119744,0.631376839,0.673673327,0.411092463,0.558089771,0.773485681,1.000000000,0.688874896,0.680511318,0.676304228,0.556861875,0.708466101,0.635292509,0.685430147,0.544499078,0.496436903,0.616938680,0.719023799,0.642817330,0.633338298,0.623248208,0.609011485,0.457461634,0.713755538,0.705638109,0.522544134,0.515703391,0.300313418,0.693231385,0.593230971,0.760509104,0.740911830,0.599169821,0.586483529,0.587444976,0.504592836,0.625540920,0.590428842,0.700722385,0.678990366,0.610699384,0.582340756,0.546654382,0.437490294,0.349194763
stage5c2_063,0.660330444,0.558139850,0.738491542,0.708041455,0.748272226,0.627085556,0.511687638,0.630453329,0.671377534,0.608212999,0.678325514,0.618972446,0.585866376,0.580099285,0.555302163,0.686367935,0.581550935,0.617054888,0.587179259,0.704167167,0.651951587,0.719022965,0.578511799,0.775661485,0.440989816,0.586544201,0.666347646,0.500745668,0.561857954,0.606815436,0.639732543,0.573052352,0.635723514,0.741080008,0.748296804,0.657312888,0.611357841,0.583285064,0.490279042,0.580002283,0.582862240,0.525488962,0.738900973,0.616936743,0.751261432,0.668091764,0.759652559,0.517469059,0.469178657,0.581005243,0.401244734,0.732207696,0.627198761,0.560829397,0.702960462,0.729565670,0.542979322,0.649763381,0.727914483,0.688874896,1.000000000,0.755607067,0.698230285,0.647053487,0.754092579,0.634511869,0.702550764,0.679162346,0.615834651,0.623946813,0.795076429,0.731233164,0.706137999,0.686976455,0.654277867,0.477555709,0.669281166,0.709677755,0.607394365,0.456571315,0.391902913,0.808628344,0.583782204,0.649123612,0.605006538,0.620544894,0.644515750,0.614478306,0.587429927,0.741917370,0.602393915,0.637747701,0.711962314,0.648935537,0.644355788,0.533012880,0.620890782,0.530507168
stage5c2_064,0.656500906,0.538408254,0.749903008,0.739433923,0.748351290,0.702159733,0.563198227,0.698205031,0.725256859,0.617983067,0.819930515,0.561977013,0.538410047,0.617605380,0.492646256,0.580399407,0.619791373,0.711762483,0.694442994,0.677403993,0.703112237,0.835818804,0.744974278,0.745103553,0.407302806,0.625812385,0.716025011,0.623893217,0.711338111,0.607159940,0.594271535,0.663995456,0.832917752,0.825944527,0.916151246,0.837304963,0.697485120,0.621033026,0.457041831,0.641315697,0.536833319,0.505088946,0.814011812,0.777779464,0.826325949,0.591907691,0.654080988,0.504087194,0.504129873,0.560071477,0.379254132,0.660924434,0.620182040,0.566225073,0.531553649,0.844595161,0.587176172,0.600786031,0.713942590,0.680511318,0.755607067,1.000000000,0.574651303,0.743675150,0.661139034,0.524258373,0.688786867,0.711386800,0.605760560,0.616192265,0.779988560,0.821967548,0.673336258,0.697100873,0.672204202,0.595736405,0.795840354,0.671036164,0.591507558,0.423198872,0.518730131,0.598606524,0.524959196,0.738116239,0.669077411,0.685472968,0.713299595,0.589270711,0.620096452,0.667776807,0.664332886,0.600539525,0.917929616,0.709822208,0.739539172,0.518189847,0.580497865,0.525274138
stage5c2_065,0.675806677,0.728543172,0.768773766,0.753153033,0.679614849,0.698955114,0.672432294,0.724488174,0.627866179,0.675290827,0.687202654,0.709467372,0.753844510,0.695563973,0.713576192,0.673427404,0.702129644,0.731569442,0.570685833,0.661127148,0.554536536,0.656931262,0.584496260,0.777178977,0.705123104,0.742845499,0.563428235,0.637928715,0.683049692,0.656483776,0.745556951,0.723386659,0.661292595,0.709562888,0.589024667,0.594558769,0.719728344,0.650625718,0.744571305,0.687012289,0.539940221,0.639554465,0.648025768,0.622498340,0.717804342,0.831380799,0.698545178,0.722394575,0.655420666,0.726065653,0.685255433,0.826152996,0.685892241,0.790958728,0.646002708,0.666064002,0.718136309,0.743574458,0.625380507,0.676304228,0.698230285,0.574651303,1.000000000,0.692659766,0.770983856,0.667382686,0.764948934,0.722164415,0.768869548,0.709767988,0.656895636,0.737198884,0.679638569,0.768789298,0.707983158,0.631308202,0.686087887,0.738133424,0.792442205,0.624064295,0.548641081,0.619223316,0.690745518,0.709991520,0.647452825,0.773451542,0.720403285,0.801328892,0.701365341,0.690675270,0.737615768,0.779725659,0.601166166,0.743664514,0.739087486,0.767983184,0.726336776,0.727093825
stage5c2_066,0.632652348,0.641369618,0.760125001,0.739733361,0.722677952,0.705233233,0.661347030,0.804820585,0.739681023,0.642889861,0.692956477,0.489951792,0.678878215,0.686135903,0.603042010,0.548780315,0.651599517,0.734873581,0.601696556,0.696663100,0.531074894,0.689531410,0.645703236,0.799651878,0.616306517,0.738023045,0.594060655,0.726394490,0.742791629,0.751789549,0.645624474,0.743456109,0.757642325,0.772298595,0.729130607,0.703602951,0.666763267,0.577707066,0.511761648,0.710869994,0.545287480,0.644659263,0.614326693,0.766780792,0.813296641,0.644138269,0.617633503,0.787632571,0.786098357,0.717768207,0.729369863,0.737098129,0.728872612,0.728770999,0.500866016,0.824363588,0.748168839,0.694876616,0.602189823,0.556861875,0.647053487,0.743675150,0.692659766,1.000000000,0.704069986,0.501175613,0.652585088,0.782599987,0.791486410,0.782759389,0.670805018,0.824189849,0.672792914,0.764390219,0.686880394,0.724338546,0.725024157,0.748928277,0.737305710,0.592178760,0.723589370,0.544781356,0.496063468,0.781531889,0.718367180,0.715388971,0.785345165,0.705178571,0.739952271,0.622729608,0.774546560,0.648094056,0.725225112,0.703533822,0.748400236,0.585851320,0.663809942,0.755657699
stage5c2_067,0.563575536,0.711615862,0.701418591,0.795809572,0.861849679,0.656803422,0.689674748,0.655146568,0.763343417,0.650784461,0.685285437,0.671419037,0.711476745,0.620217807,0.525739169,0.763945296,0.660353948,0.656689665,0.622792738,0.782094685,0.626692586,0.752132723,0.625707256,0.833397750,0.528327349,0.636547136,0.661383112,0.568351387,0.693534641,0.690652709,0.838434549,0.770171006,0.668220000,0.756808110,0.644309246,0.626112822,0.659598904,0.676081672,0.640968913,0.588404166,0.569343715,0.727885516,0.662174230,0.663617002,0.870379725,0.684408699,0.624647514,0.652802080,0.607453437,0.686205227,0.498169710,0.880752878,0.689276857,0.669932714,0.777320126,0.777793864,0.645900498,0.813976114,0.724570893,0.708466101,0.754092579,0.661139034,0.770983856,0.704069986,1.000000000,0.766246810,0.744978030,0.656108998,0.645607069,0.796964803,0.768617065,0.789000312,0.774432214,0.718964018,0.831479028,0.616647472,0.656155663,0.802770186,0.667806164,0.455603508,0.463878903,0.684700116,0.697779531,0.705484207,0.727478359,0.679510438,0.718540781,0.708785012,0.666233977,0.831440656,0.656564362,0.685319952,0.651381719,0.690332004,0.700656400,0.634468631,0.612871893,0.655495544
stage5c2_068,0.409452140,0.526737644,0.559701179,0.596923329,0.720435273,0.489092113,0.433002803,0.469242597,0.582485818,0.654627215,0.634170377,0.761984301,0.501695316,0.483489209,0.423540018,0.749873589,0.465953050,0.485070831,0.524920280,0.756749004,0.586110112,0.723067064,0.421411008,0.675153454,0.375194445,0.476719687,0.620918892,0.410342516,0.606423418,0.496037761,0.799200147,0.515044817,0.528140897,0.605018052,0.541830418,0.480190140,0.539066911,0.506159817,0.533147405,0.423396332,0.636467370,0.517988923,0.641582076,0.445594633,0.661204140,0.631178159,0.619153605,0.468149024,0.373097082,0.497524432,0.357612756,0.767021109,0.611895599,0.510630783,0.669722945,0.578412792,0.473330729,0.631034195,0.682949732,0.635292509,0.634511869,0.524258373,0.667382686,0.501175613,0.766246810,1.000000000,0.560995499,0.464410468,0.495345981,0.605428444,0.747989540,0.594041585,0.655743690,0.528070273,0.643073909,0.358922224,0.616565234,0.603179042,0.543530302,0.371278498,0.277924131,0.679670380,0.588086345,0.543075037,0.577261056,0.549643075,0.525176073,0.519342886,0.491780182,0.735365914,0.449706543,0.581996564,0.532644073,0.501420093,0.499274591,0.475961256,0.451345364,0.513183217
stage5c2_069,0.773119492,0.662104115,0.804465604,0.756541197,0.682623469,0.829652180,0.692684011,0.787461615,0.610381010,0.543653503,0.731424584,0.608048650,0.664899772,0.747077529,0.597665806,0.683752153,0.740062987,0.811155075,0.587053145,0.627404118,0.640677769,0.658112298,0.773959664,0.724681436,0.645988066,0.702856312,0.564986415,0.672674557,0.659150814,0.592379336,0.633941494,0.776123888,0.662395997,0.735666170,0.626374671,0.625379524,0.774889491,0.812395498,0.665739767,0.707441600,0.451566309,0.665843488,0.731462079,0.766197281,0.746690536,0.664695559,0.550788177,0.606159770,0.625391341,0.684472927,0.522413622,0.815343199,0.627809483,0.694354802,0.612059055,0.723979645,0.661801041,0.663722690,0.699883686,0.685430147,0.702550764,0.688786867,0.764948934,0.652585088,0.744978030,0.560995499,1.000000000,0.812346131,0.725730324,0.661021674,0.661896379,0.750003781,0.688506604,0.862242423,0.745912465,0.740493228,0.686384280,0.790081158,0.773363682,0.547154666,0.602668291,0.546926546,0.778860071,0.747299463,0.683257670,0.790568211,0.687690338,0.809083610,0.735271477,0.660242342,0.787045603,0.748843717,0.706658500,0.821474073,0.786362847,0.818922340,0.663899295,0.618750681
stage5c2_070,0.878914437,0.746999849,0.865997913,0.767324086,0.617077875,0.734460965,0.715449509,0.923947918,0.643123928,0.562997501,0.696686650,0.489560672,0.731512775,0.784481759,0.692182373,0.527248342,0.823084325,0.782847383,0.579160400,0.612199572,0.534375445,0.624426715,0.737150491,0.777415653,0.784783668,0.789985890,0.521719064,0.734637494,0.712856484,0.719348520,0.602842548,0.763151302,0.725538561,0.742824217,0.682768726,0.683350233,0.675936579,0.680162808,0.645692350,0.818639454,0.503692825,0.701320109,0.648796734,0.827677206,0.761873435,0.710775254,0.604297296,0.776611339,0.817967074,0.756160381,0.704030689,0.763311474,0.617962428,0.809496574,0.523461252,0.756910974,0.844155205,0.657920889,0.587658928,0.544499078,0.679162346,0.711386800,0.722164415,0.782599987,0.656108998,0.464410468,0.812346131,1.000000000,0.864727703,0.692847992,0.648839212,0.826682413,0.643973704,0.899275517,0.705074187,0.857044375,0.712655359,0.760228772,0.844302857,0.631783802,0.824205709,0.548632262,0.658370344,0.710227249,0.646193535,0.838252519,0.844667058,0.791681283,0.826991451,0.583440886,0.871947860,0.681142516,0.714273136,0.845515056,0.849323286,0.790333049,0.810063058,0.788981338
stage5c2_071,0.791234808,0.776153149,0.833226846,0.733487650,0.625571067,0.722051158,0.755884872,0.870134034,0.564750710,0.617781981,0.627519761,0.479612150,0.762676883,0.769941385,0.740317432,0.486433048,0.816939113,0.792135137,0.549108933,0.606180122,0.467678744,0.588695394,0.611299902,0.703781612,0.814098972,0.845109691,0.496236072,0.732383824,0.686452728,0.725776542,0.628707450,0.697118286,0.637301482,0.751534235,0.628558507,0.577382050,0.630832150,0.592322083,0.642140697,0.854755599,0.482412777,0.680778682,0.539773555,0.758483575,0.734718452,0.785910447,0.600482623,0.815376157,0.854354212,0.819945538,0.861277895,0.752513349,0.681657340,0.867146965,0.460678623,0.734939278,0.904313735,0.664270867,0.543935652,0.496436903,0.615834651,0.605760560,0.768869548,0.791486410,0.645607069,0.495345981,0.725730324,0.864727703,1.000000000,0.711542447,0.596757362,0.812982074,0.615364048,0.890164184,0.674774615,0.790331531,0.677214596,0.721384382,0.902041949,0.711675149,0.827736275,0.544271322,0.526094696,0.683103137,0.666165273,0.835261343,0.830655188,0.785100831,0.893209244,0.557979158,0.864395464,0.738578236,0.665930784,0.802570926,0.794606108,0.710160327,0.739675754,0.830585833
stage5c2_072,0.574267433,0.697473170,0.715176636,0.815337885,0.788356668,0.632431384,0.737057819,0.700856962,0.750667196,0.661187850,0.671902733,0.606411212,0.740025944,0.641820700,0.692757509,0.630056922,0.678772395,0.692950396,0.556673136,0.789066722,0.588736290,0.645514290,0.596453485,0.800246817,0.582363022,0.750224290,0.581254889,0.600030102,0.767883458,0.792655533,0.745463056,0.768398605,0.746406942,0.745873261,0.666434511,0.582182174,0.663956172,0.610391382,0.597520021,0.642299812,0.573023496,0.800226449,0.537078636,0.764364352,0.827250798,0.723599329,0.599074055,0.763889274,0.734189736,0.775188473,0.663184009,0.740542786,0.810321962,0.784894856,0.557072936,0.807909033,0.722292026,0.705233239,0.677811790,0.616938680,0.623946813,0.616192265,0.709767988,0.782759389,0.796964803,0.605428444,0.661021674,0.692847992,0.711542447,1.000000000,0.640815603,0.830273749,0.665231925,0.714972586,0.762128951,0.633739421,0.700964349,0.851018721,0.728686050,0.598133817,0.578780318,0.638047293,0.551609227,0.764867527,0.751439121,0.718059458,0.810204245,0.664053706,0.706891607,0.643130581,0.707001483,0.681995663,0.654732283,0.632874788,0.720422947,0.597932027,0.624423701,0.695194011
stage5c2_073,0.573905334,0.610665180,0.754254793,0.667400337,0.779680422,0.661882925,0.579401207,0.610759921,0.658705640,0.709059711,0.761116194,0.686601137,0.569371964,0.607473654,0.550076154,0.654610903,0.593874653,0.601578005,0.600635192,0.813752326,0.761785397,0.868072552,0.579730326,0.769403748,0.418740488,0.591188415,0.840919617,0.546294325,0.610296176,0.598131009,0.700954685,0.586303261,0.709169080,0.807439096,0.736466448,0.650430213,0.676450964,0.592560902,0.508443526,0.612429980,0.629315561,0.584466015,0.748547830,0.652843025,0.816985950,0.609585167,0.760806409,0.497098672,0.454240319,0.605141435,0.380639419,0.778535857,0.681427404,0.553585333,0.712520788,0.782483846,0.552473289,0.743752781,0.795646088,0.719023799,0.795076429,0.779988560,0.656895636,0.670805018,0.768617065,0.747989540,0.661896379,0.648839212,0.596757362,0.640815603,1.000000000,0.741626509,0.825097285,0.645332817,0.772025776,0.524167456,0.728374003,0.663985607,0.594180864,0.444081953,0.400808208,0.738068144,0.535352200,0.679201270,0.746914086,0.699738521,0.649795275,0.601120648,0.657462856,0.850134299,0.614019301,0.691811460,0.754284660,0.646309862,0.607526259,0.486456577,0.477514448,0.551590353
stage5c2_074,0.764208105,0.746688982,0.837497053,0.895804192,0.821578224,0.705319668,0.774270595,0.837555534,0.806876921,0.640813376,0.803567143,0.583878510,0.797765485,0.704086668,0.679140177,0.612820766,0.830746189,0.824364470,0.648982906,0.731752615,0.627564900,0.753220036,0.748083933,0.799916985,0.634560389,0.825405806,0.644600931,0.693010188,0.789958347,0.795533462,0.716220998,0.814467109,0.817100037,0.868919214,0.829691127,0.748110291,0.730949589,0.659629216,0.647846941,0.763703056,0.516546253,0.720592001,0.705093923,0.882067817,0.926308644,0.790522092,0.692004790,0.753896613,0.760646696,0.783194717,0.649540469,0.791294478,0.743320484,0.823707584,0.567683124,0.915422311,0.819776180,0.769438488,0.743828774,0.642817330,0.731233164,0.821967548,0.737198884,0.824189849,0.789000312,0.594041585,0.750003781,0.826682413,0.812982074,0.830273749,0.741626509,1.000000000,0.742914118,0.826382461,0.804230880,0.743757863,0.754854583,0.807865520,0.791002212,0.623808992,0.697886491,0.671824715,0.590525482,0.768234774,0.737782605,0.833267096,0.912329318,0.740123548,0.771944420,0.704804286,0.817015613,0.674815085,0.844834421,0.767115123,0.874357600,0.688446418,0.741857323,0.761210391
stage5c2_075,0.642917140,0.688665946,0.783546157,0.697709372,0.749640830,0.618107275,0.668825007,0.641487353,0.706100588,0.616067301,0.643215519,0.561178720,0.683423119,0.598979835,0.486585323,0.600771340,0.658135654,0.667275823,0.589627575,0.702051285,0.641266601,0.713901780,0.619742992,0.731534851,0.474912537,0.668650852,0.722145903,0.576126783,0.597018575,0.728376186,0.676662230,0.682279594,0.626060221,0.803090147,0.623536266,0.599649479,0.705215060,0.646586270,0.602545107,0.641413211,0.574162050,0.690786101,0.630664423,0.679850987,0.794925027,0.561730715,0.619959784,0.612792658,0.577180318,0.710844351,0.473192525,0.811786733,0.620020054,0.628746945,0.740144401,0.764508737,0.611974124,0.880574409,0.724540743,0.633338298,0.706137999,0.673336258,0.679638569,0.672792914,0.774432214,0.655743690,0.688506604,0.643973704,0.615364048,0.665231925,0.825097285,0.742914118,1.000000000,0.662249997,0.886167714,0.614525191,0.554277528,0.644963251,0.603032427,0.429161401,0.528795252,0.623484922,0.630889340,0.636779990,0.699341260,0.692896537,0.692196630,0.645341912,0.636607635,0.867998547,0.662701365,0.653143205,0.648909921,0.674693425,0.694754453,0.609153919,0.565951613,0.619764798
stage5c2_076,0.868235574,0.797714252,0.884778320,0.806435422,0.682908799,0.775820499,0.817030452,0.881904166,0.612555484,0.577063123,0.703055693,0.562037614,0.778275372,0.739190166,0.725919885,0.609904320,0.858966575,0.890707443,0.535294406,0.627287126,0.592139962,0.656368256,0.690723111,0.766721677,0.786625123,0.849724662,0.575340501,0.673240883,0.668552671,0.706038530,0.674609115,0.770114218,0.699901049,0.781278077,0.661181619,0.616891689,0.742544486,0.682288267,0.719950824,0.874641769,0.464248553,0.712010080,0.684375819,0.811962909,0.792397807,0.728984629,0.582819906,0.759008946,0.817840449,0.785834372,0.747063365,0.802334413,0.637599141,0.813798422,0.598130822,0.771064195,0.853250224,0.686660943,0.678635463,0.623248208,0.686976455,0.697100873,0.768789298,0.764390219,0.718964018,0.528070273,0.862242423,0.899275517,0.890164184,0.714972586,0.645332817,0.826382461,0.662249997,1.000000000,0.738082878,0.835308102,0.707301703,0.777604764,0.884353530,0.621865314,0.821984856,0.585965366,0.696090872,0.702339264,0.676439360,0.857609248,0.848284930,0.864906001,0.878267336,0.602093164,0.884727885,0.732727038,0.730872209,0.877741795,0.818227432,0.811428245,0.759657117,0.763880012
stage5c2_077,0.631479958,0.803030738,0.800529960,0.769200677,0.751299613,0.627334391,0.798551347,0.704229241,0.717158510,0.559594166,0.636073942,0.554087520,0.800487085,0.605639399,0.538771850,0.570341255,0.780040173,0.706558915,0.558696468,0.673195356,0.602594999,0.709884611,0.671939743,0.738293620,0.570895393,0.735619707,0.707194246,0.539938452,0.660585673,0.769483588,0.725085514,0.808220546,0.653296882,0.810252814,0.606985486,0.586492746,0.677711028,0.724758610,0.743296574,0.690998438,0.472993985,0.850293645,0.576318586,0.759992168,0.843847129,0.615230788,0.526948990,0.648944776,0.684457763,0.800231491,0.560529995,0.864278702,0.613557823,0.728988557,0.738773035,0.800021117,0.717613445,0.921946449,0.693923165,0.609011485,0.654277867,0.672204202,0.707983158,0.686880394,0.831479028,0.643073909,0.745912465,0.705074187,0.674774615,0.762128951,0.772025776,0.804230880,0.886167714,0.738082878,1.000000000,0.740749570,0.588305807,0.716048310,0.690970683,0.428932086,0.594728600,0.579574362,0.690352551,0.669922582,0.753369407,0.778256311,0.774261757,0.745148294,0.750953055,0.836120358,0.733729493,0.660434859,0.670583690,0.712172284,0.741256784,0.700308452,0.607887810,0.675291380
stage5c2_078,0.752061990,0.771362260,0.756735424,0.685952690,0.536172956,0.631558188,0.816847353,0.839561942,0.583567669,0.407826442,0.571400870,0.350990671,0.749432547,0.663419527,0.603602182,0.394893087,0.810427670,0.762943825,0.438659416,0.475855424,0.425262086,0.519695914,0.721697274,0.669137970,0.752582072,0.744255305,0.448205332,0.680724198,0.623019887,0.727657828,0.564068690,0.813439625,0.641418333,0.644367561,0.546667292,0.556558259,0.662936609,0.662316904,0.675369111,0.773405573,0.295540293,0.749886620,0.468720152,0.814812150,0.726080513,0.562159011,0.378035914,0.743334169,0.856345209,0.717541942,0.718882678,0.736078564,0.540623999,0.733581502,0.496828067,0.713739503,0.810753814,0.697557758,0.480126474,0.457461634,0.477555709,0.595736405,0.631308202,0.724338546,0.616647472,0.358922224,0.740493228,0.857044375,0.790331531,0.633739421,0.524167456,0.743757863,0.614525191,0.835308102,0.740749570,1.000000000,0.567024488,0.677138275,0.772336841,0.553771023,0.829184199,0.372224173,0.580332917,0.641721773,0.675300495,0.813081579,0.812855665,0.836375472,0.805832702,0.513122545,0.855814127,0.556489725,0.601593472,0.759812505,0.740994008,0.776189101,0.682970210,0.734098829
stage5c2_079,0.625411177,0.565767028,0.710074946,0.729080555,0.726848967,0.734663165,0.577508365,0.712381860,0.655020688,0.741940088,0.853917863,0.734333301,0.535616379,0.663964808,0.643178811,0.666062954,0.607724335,0.694479236,0.627151425,0.731230439,0.731094853,0.804176288,0.651222033,0.753615858,0.541595509,0.644061768,0.644319525,0.660671252,0.765860194,0.589701359,0.675683982,0.665687788,0.816346899,0.742932770,0.804014223,0.724819746,0.673689794,0.586641440,0.486031714,0.650103566,0.586937217,0.542265657,0.770337570,0.742959224,0.754942818,0.734152061,0.667508766,0.576747294,0.540018687,0.610125537,0.525012076,0.660561142,0.725695927,0.673618171,0.467287751,0.773250806,0.624474549,0.514757093,0.673894797,0.713755538,0.669281166,0.795840354,0.686087887,0.725024157,0.656155663,0.616565234,0.686384280,0.712655359,0.677214596,0.700964349,0.728374003,0.754854583,0.554277528,0.707301703,0.588305807,0.567024488,1.000000000,0.761128798,0.688738245,0.552000614,0.504701849,0.586681948,0.501483054,0.799046866,0.706410259,0.753784846,0.694695033,0.635045856,0.703626777,0.579283705,0.674841043,0.668679329,0.840911136,0.712033761,0.716134853,0.543311061,0.569163563,0.604431327
stage5c2_080,0.645655510,0.688197421,0.715789828,0.819626753,0.801656109,0.711320527,0.728597803,0.739506587,0.731361886,0.652529307,0.771735462,0.623068891,0.674603642,0.761407815,0.641817057,0.705688316,0.695436051,0.722410833,0.692842148,0.742324060,0.627501753,0.668534838,0.697534432,0.838590414,0.651690323,0.728755468,0.607809649,0.647728190,0.800338853,0.723757140,0.739339504,0.809190853,0.774181080,0.709226715,0.688782024,0.693934608,0.730492197,0.684234050,0.575385101,0.652989947,0.574036203,0.727762940,0.709666296,0.738283304,0.820107489,0.706960970,0.624387402,0.751907041,0.696968868,0.731254990,0.606699465,0.756985929,0.792727092,0.711796964,0.544468463,0.785733910,0.717864819,0.668689750,0.681115974,0.705638109,0.709677755,0.671036164,0.738133424,0.748928277,0.802770186,0.603179042,0.790081158,0.760228772,0.721384382,0.851018721,0.663985607,0.807865520,0.644963251,0.777604764,0.716048310,0.677138275,0.761128798,1.000000000,0.735917269,0.635308740,0.550387282,0.666175399,0.633920232,0.758955698,0.748536647,0.748064715,0.733488649,0.756369088,0.685603849,0.675453087,0.732086715,0.697202181,0.671211063,0.745713200,0.754498681,0.699838852,0.679709401,0.670365561
stage5c2_081,0.827177114,0.833535624,0.845518279,0.777682343,0.596746175,0.681896425,0.747585994,0.860577961,0.574590034,0.584093452,0.674201235,0.533893438,0.782031423,0.733282737,0.720933582,0.535247721,0.867288501,0.816908957,0.514562557,0.609580655,0.500451555,0.585909059,0.593419727,0.710397069,0.791216447,0.858168179,0.502729022,0.652479076,0.687502507,0.704677513,0.686051612,0.767791380,0.680407214,0.723902398,0.605882866,0.557551647,0.676262333,0.595766241,0.763630536,0.838689577,0.462046036,0.731025320,0.613394185,0.767062833,0.729220660,0.806738667,0.607083994,0.804649230,0.811373252,0.830094940,0.810237625,0.785560304,0.623567409,0.892487665,0.516884756,0.704184655,0.864991183,0.659857868,0.570696118,0.522544134,0.607394365,0.591507558,0.792442205,0.737305710,0.667806164,0.543530302,0.773363682,0.844302857,0.902041949,0.728686050,0.594180864,0.791002212,0.603032427,0.884353530,0.690970683,0.772336841,0.688738245,0.735917269,1.000000000,0.622798960,0.797357699,0.513989703,0.613222484,0.681601050,0.603841297,0.863225294,0.812526987,0.822730931,0.852206399,0.532018317,0.803710480,0.686382810,0.664731967,0.835697955,0.802461847,0.775495667,0.739584025,0.800817286
stage5c2_082,0.596413384,0.470232689,0.568587779,0.581190141,0.501944809,0.660194464,0.564555080,0.605457658,0.488599175,0.601625981,0.570074395,0.440888252,0.533773235,0.647688102,0.764686650,0.390221075,0.528388082,0.585732651,0.470624259,0.512359327,0.390462943,0.389830046,0.548245508,0.576964133,0.633710304,0.622585120,0.347755722,0.759481747,0.608287746,0.516826193,0.418559283,0.524667073,0.547003446,0.475521793,0.508813848,0.469587161,0.629038163,0.549983904,0.418180247,0.582152184,0.421728044,0.393670818,0.421229420,0.549817679,0.546113214,0.657307277,0.489054827,0.657525180,0.619961338,0.509830628,0.663034490,0.506523614,0.740106905,0.635723851,0.294616975,0.534383800,0.641100110,0.423610064,0.426779795,0.515703391,0.456571315,0.423198872,0.624064295,0.592178760,0.455603508,0.371278498,0.547154666,0.631783802,0.711675149,0.598133817,0.444081953,0.623808992,0.429161401,0.621865314,0.428932086,0.553771023,0.552000614,0.635308740,0.622798960,1.000000000,0.546757467,0.455890288,0.386275118,0.601267912,0.645384074,0.593602220,0.659142912,0.580893640,0.547613193,0.407170440,0.696482122,0.645394087,0.481253344,0.539674668,0.617928337,0.570754496,0.623857381,0.567618375
stage5c2_083,0.801051660,0.691792333,0.763718580,0.641363015,0.432097635,0.569335383,0.729345018,0.842168023,0.491084999,0.405338998,0.470147634,0.259172140,0.719344910,0.616606441,0.578106814,0.311059165,0.780896656,0.787457303,0.396921428,0.381536231,0.327581382,0.425877945,0.561106409,0.536352942,0.747515782,0.800504847,0.346923006,0.642271431,0.567222168,0.711924878,0.476301412,0.673218297,0.541650103,0.636985079,0.483315264,0.479517268,0.540668250,0.498232378,0.594101410,0.813478335,0.283112483,0.632168999,0.419597339,0.763985224,0.615360355,0.567457293,0.381578856,0.781632806,0.889814358,0.761981086,0.797564005,0.584797332,0.457129133,0.792277508,0.312199904,0.610811472,0.873553203,0.572967261,0.393112857,0.300313418,0.391902913,0.518730131,0.548641081,0.723589370,0.463878903,0.277924131,0.602668291,0.824205709,0.827736275,0.578780318,0.400808208,0.697886491,0.528795252,0.821984856,0.594728600,0.829184199,0.504701849,0.550387282,0.797357699,0.546757467,1.000000000,0.293652654,0.491503811,0.523778418,0.499879599,0.749589410,0.788279366,0.684961435,0.786354762,0.352516987,0.818378679,0.510700935,0.558498011,0.720876597,0.739232521,0.685791750,0.686206733,0.774525301
stage5c2_084,0.521456599,0.544670574,0.622168599,0.629929359,0.763669615,0.513340958,0.492656296,0.467928117,0.576899621,0.617432957,0.623192454,0.619764032,0.541612945,0.516015622,0.589483597,0.622184081,0.518652868,0.507885355,0.529857167,0.754052655,0.660042342,0.636983323,0.439365097,0.725881860,0.366204244,0.544488080,0.679927501,0.396273813,0.503084903,0.605077064,0.680103130,0.455402099,0.544338990,0.637649936,0.629739648,0.487079048,0.567083143,0.460602161,0.427936840,0.487904002,0.598163879,0.506893943,0.590185862,0.501989224,0.697727939,0.613233433,0.746597592,0.473635635,0.426711433,0.559037755,0.395122930,0.653621572,0.678551991,0.487913988,0.681704125,0.677851777,0.484591490,0.577810090,0.773584159,0.693231385,0.808628344,0.598606524,0.619223316,0.544781356,0.684700116,0.679670380,0.546926546,0.548632262,0.544271322,0.638047293,0.738068144,0.671824715,0.623484922,0.585965366,0.579574362,0.372224173,0.586681948,0.666175399,0.513989703,0.455890288,0.293652654,1.000000000,0.457227602,0.560241306,0.613657285,0.558709587,0.618145382,0.519904300,0.542434551,0.678147245,0.531199884,0.644079029,0.581043996,0.486063442,0.460117955,0.391138823,0.462794569,0.499083083
stage5c2_085,0.630745277,0.624593359,0.675724588,0.752474438,0.593310956,0.651881260,0.569954625,0.614909686,0.647348285,0.415529491,0.534358824,0.565347272,0.675554995,0.506943847,0.404690505,0.657522485,0.627601857,0.680263580,0.512849330,0.492954872,0.443777062,0.518789669,0.703756259,0.611634774,0.520368556,0.584940615,0.466259333,0.535522584,0.623386463,0.512128609,0.598520734,0.686899561,0.512369132,0.588549137,0.455679609,0.492097774,0.658452725,0.776341486,0.729630860,0.539420088,0.384698400,0.544412985,0.608001536,0.556337290,0.605892622,0.543429351,0.423025400,0.529332555,0.524194216,0.579408238,0.403705969,0.739331891,0.484703099,0.606742985,0.639647080,0.572174636,0.540455003,0.658934206,0.550935943,0.593230971,0.583782204,0.524959196,0.690745518,0.496063468,0.697779531,0.588086345,0.778860071,0.658370344,0.526094696,0.551609227,0.535352200,0.590525482,0.630889340,0.696090872,0.690352551,0.580332917,0.501483054,0.633920232,0.613222484,0.386275118,0.491503811,0.457227602,1.000000000,0.640914352,0.528631998,0.591595959,0.587628164,0.678792364,0.526541103,0.611734125,0.638385312,0.565044824,0.503133955,0.676226308,0.692075574,0.793062194,0.713786332,0.500816090
stage5c2_086,0.622213516,0.614616600,0.739302482,0.825201470,0.733772668,0.846750563,0.604713777,0.704986131,0.786744703,0.692590729,0.786463777,0.648044109,0.648155055,0.637848907,0.584736608,0.630871613,0.620948486,0.739947210,0.637050733,0.683006686,0.649907188,0.721608378,0.839759796,0.768987580,0.471926014,0.668802933,0.593072011,0.791872599,0.773248195,0.639236572,0.631906441,0.767933230,0.784966985,0.768438804,0.754259780,0.656916910,0.804305618,0.796065683,0.591400222,0.661078622,0.516677243,0.572385826,0.665133467,0.776965501,0.789279976,0.667468723,0.552221596,0.593921619,0.581389355,0.645900054,0.557880646,0.711161746,0.799807360,0.711888296,0.492917894,0.820085529,0.584878324,0.618475677,0.648688478,0.760509104,0.649123612,0.738116239,0.709991520,0.781531889,0.705484207,0.543075037,0.747299463,0.710227249,0.683103137,0.764867527,0.679201270,0.768234774,0.636779990,0.702339264,0.669922582,0.641721773,0.799046866,0.758955698,0.681601050,0.601267912,0.523778418,0.560241306,0.640914352,1.000000000,0.800461562,0.716951041,0.731403029,0.673272288,0.684849196,0.612323409,0.747197933,0.709666484,0.784120955,0.708936148,0.751057266,0.613945817,0.615351214,0.543239077
stage5c2_087,0.529332623,0.640973244,0.666349674,0.696141704,0.731925951,0.798322039,0.765556735,0.607066636,0.671737973,0.692567300,0.713263055,0.639022489,0.688770332,0.619441178,0.668208978,0.531869650,0.656085581,0.641447486,0.588954634,0.723110112,0.669816655,0.720965284,0.759806452,0.736207309,0.510151184,0.682542189,0.686114835,0.699918293,0.628492823,0.692503154,0.626051930,0.671440712,0.665286407,0.717996047,0.646465417,0.552883021,0.761577235,0.786382446,0.507509999,0.617627880,0.534169393,0.631342912,0.558436042,0.732630441,0.801513837,0.599671579,0.524961387,0.591073049,0.636565852,0.651128567,0.564929968,0.710104511,0.874517117,0.619368927,0.566893258,0.780097950,0.630343317,0.717991760,0.672803600,0.740911830,0.605006538,0.669077411,0.647452825,0.718367180,0.727478359,0.577261056,0.683257670,0.646193535,0.666165273,0.751439121,0.746914086,0.737782605,0.699341260,0.676439360,0.753369407,0.675300495,0.706410259,0.748536647,0.603841297,0.645384074,0.499879599,0.613657285,0.528631998,0.800461562,1.000000000,0.737275096,0.719495819,0.677435219,0.715585261,0.692819836,0.812440782,0.742715429,0.689487577,0.579071780,0.627777043,0.550541564,0.491617100,0.576900380
stage5c2_088,0.796907527,0.825968297,0.865573796,0.791716488,0.647305473,0.715057803,0.817150349,0.853198098,0.624305746,0.673907410,0.739369595,0.586073938,0.812791208,0.732092048,0.751791933,0.569147011,0.885121458,0.826622189,0.546530546,0.662249725,0.607607411,0.713074685,0.685052697,0.719264736,0.761504846,0.867639784,0.614353070,0.638327110,0.684701650,0.701881297,0.661375950,0.776810286,0.732814903,0.798887688,0.658707848,0.614904486,0.716966359,0.658158015,0.744669651,0.848223054,0.475578928,0.762638796,0.665811279,0.850347896,0.800079672,0.751654811,0.588635526,0.705900031,0.751835108,0.821424530,0.709024536,0.776072226,0.704516069,0.824301672,0.514236443,0.786056706,0.844084983,0.755083479,0.652594301,0.599169821,0.620544894,0.685472968,0.773451542,0.715388971,0.679510438,0.549643075,0.790568211,0.838252519,0.835261343,0.718059458,0.699738521,0.833267096,0.692896537,0.857609248,0.778256311,0.813081579,0.753784846,0.748064715,0.863225294,0.593602220,0.749589410,0.558709587,0.591595959,0.716951041,0.737275096,1.000000000,0.835621668,0.810084133,0.863411069,0.622006446,0.840186931,0.706274807,0.777504578,0.829728685,0.817700831,0.754001184,0.687325227,0.761186701
stage5c2_089,0.813528023,0.781412765,0.835826602,0.853096936,0.736146669,0.650691941,0.803885347,0.829194644,0.760465795,0.613692574,0.699317028,0.535458733,0.831363801,0.643331120,0.747685097,0.533669823,0.835548788,0.837131868,0.523723854,0.661155939,0.573262008,0.633907715,0.693952920,0.780636301,0.692614004,0.832529629,0.581941788,0.688936886,0.734872813,0.828502113,0.672310269,0.792448098,0.749221706,0.793382744,0.749350940,0.617694946,0.700977604,0.641025260,0.710510287,0.788973556,0.507521567,0.727043209,0.560904068,0.852547738,0.841845743,0.793028144,0.601286976,0.787886235,0.835521642,0.780295416,0.754344935,0.750722253,0.713487298,0.854436843,0.563115051,0.847503296,0.857680525,0.741008147,0.700698353,0.586483529,0.644515750,0.713299595,0.720403285,0.785345165,0.718540781,0.525176073,0.687690338,0.844667058,0.830655188,0.810204245,0.649795275,0.912329318,0.692196630,0.848284930,0.774261757,0.812855665,0.694695033,0.733488649,0.812526987,0.659142912,0.788279366,0.618145382,0.587628164,0.731403029,0.719495819,0.835621668,1.000000000,0.762154108,0.798489183,0.614766228,0.854296793,0.648682731,0.752675702,0.740262786,0.825025376,0.705454314,0.774087193,0.786264248
stage5c2_090,0.739424920,0.805145200,0.758022334,0.719939030,0.616923727,0.639267274,0.806278811,0.777631037,0.574256596,0.491379291,0.655450552,0.548622809,0.778752278,0.633827058,0.687214757,0.571850556,0.826219358,0.784879902,0.434578421,0.575336208,0.508696905,0.548416158,0.634822235,0.732720845,0.770209737,0.778062578,0.549031975,0.584245494,0.617162857,0.674183787,0.665862920,0.778630565,0.634065891,0.648381882,0.546100956,0.565833325,0.730544343,0.661457024,0.789662666,0.742523149,0.403164142,0.700825260,0.611964007,0.716997934,0.724490663,0.670302453,0.520342429,0.708677831,0.780332655,0.712401264,0.725476230,0.821780700,0.602956334,0.772191144,0.653288535,0.698851694,0.769103983,0.723911254,0.579749326,0.587444976,0.614478306,0.589270711,0.801328892,0.705178571,0.708785012,0.519342886,0.809083610,0.791681283,0.785100831,0.664053706,0.601120648,0.740123548,0.645341912,0.864906001,0.745148294,0.836375472,0.635045856,0.756369088,0.822730931,0.580893640,0.684961435,0.519904300,0.678792364,0.673272288,0.677435219,0.810084133,0.762154108,1.000000000,0.773391701,0.614997583,0.816383471,0.624188577,0.609413305,0.762748367,0.714702862,0.865593849,0.705536689,0.713603120
stage5c2_091,0.744106405,0.820919115,0.824761464,0.707426591,0.645936193,0.719401517,0.822000638,0.821743340,0.528114166,0.605870141,0.591846589,0.504676712,0.759185042,0.690066433,0.698670668,0.470515035,0.828702724,0.781491740,0.453888277,0.625584985,0.571329651,0.657965698,0.592526933,0.682557679,0.735604661,0.806720884,0.592212620,0.616910210,0.611050595,0.734530983,0.636757318,0.689227650,0.628962135,0.773598452,0.589234476,0.533333746,0.626235529,0.596550175,0.648438684,0.858146462,0.420189042,0.749998864,0.512733321,0.800566429,0.750545670,0.686788505,0.547755050,0.704840208,0.796624876,0.847425983,0.771536517,0.752016174,0.619675191,0.817606431,0.530497254,0.769653594,0.837484911,0.683894782,0.610013639,0.504592836,0.587429927,0.620096452,0.701365341,0.739952271,0.666233977,0.491780182,0.735271477,0.826991451,0.893209244,0.706891607,0.657462856,0.771944420,0.636607635,0.878267336,0.750953055,0.805832702,0.703626777,0.685603849,0.852206399,0.547613193,0.786354762,0.542434551,0.526541103,0.684849196,0.715585261,0.863411069,0.798489183,0.773391701,1.000000000,0.580719735,0.855502272,0.753036796,0.687971758,0.792583769,0.696631052,0.632510941,0.586855982,0.772582833
stage5c2_092,0.500210251,0.631040888,0.690387959,0.663833168,0.787215438,0.580209340,0.588115345,0.578197634,0.675591731,0.635921045,0.646998001,0.629313767,0.610031537,0.587687990,0.446158111,0.681985834,0.569139775,0.553284017,0.598924675,0.720227084,0.581856426,0.728360504,0.560110211,0.760260218,0.447259497,0.550477765,0.726089909,0.510956341,0.612452442,0.613846183,0.707810026,0.624963927,0.596709130,0.744599516,0.617737422,0.633561454,0.607968972,0.609942107,0.560597496,0.538432391,0.622547977,0.623990022,0.639008077,0.555803229,0.772166848,0.575475088,0.639628163,0.545728508,0.463823856,0.606752367,0.399125528,0.803185826,0.622901091,0.549952476,0.759701491,0.719644888,0.536289308,0.859800435,0.698942057,0.625540920,0.741917370,0.667776807,0.690675270,0.622729608,0.831440656,0.735365914,0.660242342,0.583440886,0.557979158,0.643130581,0.850134299,0.704804286,0.867998547,0.602093164,0.836120358,0.513122545,0.579283705,0.675453087,0.532018317,0.407170440,0.352516987,0.678147245,0.611734125,0.612323409,0.692819836,0.622006446,0.614766228,0.614997583,0.580719735,1.000000000,0.561992040,0.652291762,0.612517252,0.621430371,0.620076176,0.550282846,0.541916124,0.580491426
stage5c2_093,0.814863164,0.771280539,0.807446374,0.776394757,0.632062295,0.801419564,0.853956025,0.830560567,0.626249865,0.563296490,0.660007395,0.518299288,0.833317040,0.683484426,0.754421283,0.464000466,0.847680697,0.843569590,0.518354790,0.570101786,0.546102303,0.612184831,0.769981838,0.716472393,0.763453197,0.856601373,0.551665969,0.769530168,0.655349614,0.756095954,0.597380546,0.729770460,0.672930157,0.743510285,0.633056602,0.571037308,0.757806734,0.743201637,0.654200081,0.817806416,0.397839150,0.655821542,0.568433788,0.815026797,0.775652966,0.686570935,0.531598439,0.768454133,0.853395065,0.785209420,0.767316879,0.725609002,0.726853397,0.810519705,0.498958057,0.764034777,0.856633389,0.713681646,0.601979527,0.590428842,0.602393915,0.664332886,0.737615768,0.774546560,0.656564362,0.449706543,0.787045603,0.871947860,0.864395464,0.707001483,0.614019301,0.817015613,0.662701365,0.884727885,0.733729493,0.855814127,0.674841043,0.732086715,0.803710480,0.696482122,0.818378679,0.531199884,0.638385312,0.747197933,0.812440782,0.840186931,0.854296793,0.816383471,0.855502272,0.561992040,1.000000000,0.742934147,0.675346677,0.744964755,0.788229988,0.755903468,0.735219836,0.756316755
stage5c2_094,0.613878740,0.624094102,0.747428960,0.640174462,0.702606567,0.848386424,0.641918663,0.638197613,0.501407574,0.733246390,0.652428114,0.658837942,0.594005901,0.802790361,0.696404519,0.544163172,0.612144780,0.659364140,0.677590823,0.725499163,0.644510660,0.702289417,0.604763523,0.730100810,0.574301515,0.689135866,0.636981103,0.704089781,0.626147023,0.611665500,0.637038932,0.602465404,0.634270955,0.726042963,0.583888938,0.546905721,0.746171542,0.695059650,0.522103574,0.696637746,0.609705568,0.599494599,0.571641365,0.610991765,0.696765855,0.669803715,0.675682406,0.635863121,0.568518154,0.695973976,0.589292592,0.720741642,0.730783389,0.665681477,0.559965922,0.664135414,0.633434608,0.631751818,0.636090268,0.700722385,0.637747701,0.600539525,0.779725659,0.648094056,0.685319952,0.581996564,0.748843717,0.681142516,0.738578236,0.681995663,0.691811460,0.674815085,0.653143205,0.732727038,0.660434859,0.556489725,0.668679329,0.697202181,0.686382810,0.645394087,0.510700935,0.644079029,0.565044824,0.709666484,0.742715429,0.706274807,0.648682731,0.624188577,0.753036796,0.652291762,0.742934147,1.000000000,0.605695936,0.700975059,0.620673936,0.594647791,0.514806019,0.598077813
stage5c2_095,0.694280148,0.582653457,0.778933145,0.777384128,0.712144160,0.728547944,0.607316889,0.726460548,0.735071105,0.684433783,0.847995454,0.588516646,0.594625292,0.622111641,0.572369654,0.614037031,0.686953917,0.759568168,0.640151354,0.685773742,0.712116686,0.815259908,0.731165645,0.696308402,0.452950390,0.686258523,0.679558491,0.632799866,0.716940557,0.605504955,0.600155832,0.709119279,0.796329269,0.839216146,0.887390991,0.769184025,0.697197983,0.613085272,0.514517374,0.705915441,0.532494450,0.558265665,0.798563825,0.846260493,0.811968606,0.677076366,0.633315678,0.505129157,0.526681489,0.624738117,0.447504585,0.670575374,0.664783307,0.656481323,0.486131101,0.849230701,0.628057806,0.588847910,0.709943179,0.678990366,0.711962314,0.917929616,0.601166166,0.725225112,0.651381719,0.532644073,0.706658500,0.714273136,0.665930784,0.654732283,0.754284660,0.844834421,0.648909921,0.730872209,0.670583690,0.601593472,0.840911136,0.671211063,0.664731967,0.481253344,0.558498011,0.581043996,0.503133955,0.784120955,0.689487577,0.777504578,0.752675702,0.609413305,0.687971758,0.612517252,0.675346677,0.605695936,1.000000000,0.748249582,0.789590978,0.532043141,0.580919912,0.574027079
stage5c2_096,0.842634277,0.794504245,0.889567448,0.783067535,0.617776592,0.745093043,0.699753697,0.863173321,0.604226729,0.607571309,0.706539167,0.506517044,0.691059307,0.769766776,0.602724392,0.602880458,0.811521628,0.814972399,0.633751310,0.576318912,0.533852663,0.681191980,0.695139423,0.730360263,0.748492258,0.800617797,0.549815803,0.657715642,0.707032238,0.627608237,0.644474389,0.787937672,0.725104140,0.767269210,0.642189856,0.683569625,0.689049448,0.647746255,0.711626919,0.885971468,0.461494557,0.703184128,0.730891531,0.763776112,0.740101926,0.715088933,0.556110944,0.697902610,0.671554141,0.768314807,0.612843911,0.773859172,0.569939394,0.768355471,0.569312662,0.715470370,0.776548591,0.661055010,0.582131250,0.610699384,0.648935537,0.709822208,0.743664514,0.703533822,0.690332004,0.501420093,0.821474073,0.845515056,0.802570926,0.632874788,0.646309862,0.767115123,0.674693425,0.877741795,0.712172284,0.759812505,0.712033761,0.745713200,0.835697955,0.539674668,0.720876597,0.486063442,0.676226308,0.708936148,0.579071780,0.829728685,0.740262786,0.762748367,0.792583769,0.621430371,0.744964755,0.700975059,0.748249582,1.000000000,0.834041398,0.774433771,0.747531371,0.681933030
stage5c2_097,0.810487816,0.710583276,0.838595048,0.856870993,0.650298549,0.727369427,0.680471554,0.881989600,0.746811026,0.586065984,0.760085069,0.519663710,0.759162946,0.749417186,0.593035020,0.583327020,0.811607396,0.820083395,0.674748446,0.581937633,0.511667422,0.644481335,0.782240078,0.724531564,0.676786026,0.807336407,0.505275241,0.748034973,0.790408979,0.695674568,0.628584873,0.827864506,0.748655294,0.788876130,0.728358138,0.722083052,0.695876232,0.709224354,0.680320597,0.783037989,0.462646213,0.667528359,0.711644888,0.834376829,0.794195383,0.771090002,0.568546123,0.724656160,0.725652411,0.757166642,0.620922267,0.740557193,0.643148998,0.833478827,0.478817910,0.770081298,0.809915297,0.708657635,0.569793346,0.582340756,0.644355788,0.739539172,0.739087486,0.748400236,0.700656400,0.499274591,0.786362847,0.849323286,0.794606108,0.720422947,0.607526259,0.874357600,0.694754453,0.818227432,0.741256784,0.740994008,0.716134853,0.754498681,0.802461847,0.617928337,0.739232521,0.460117955,0.692075574,0.751057266,0.627777043,0.817700831,0.825025376,0.714702862,0.696631052,0.620076176,0.788229988,0.620673936,0.789590978,0.834041398,1.000000000,0.798659535,0.826206172,0.718762547
stage5c2_098,0.758997864,0.742362027,0.766622901,0.721214919,0.513872379,0.636421551,0.708856378,0.785343536,0.563529668,0.408896479,0.623990992,0.500240593,0.751457997,0.675767685,0.599419608,0.536789803,0.797405185,0.746871702,0.507256612,0.458557345,0.387694450,0.473041627,0.683782211,0.669973993,0.741018287,0.756843313,0.408282268,0.598643435,0.627203388,0.607310436,0.592566195,0.795965559,0.588532778,0.615801057,0.458943658,0.521701474,0.701433868,0.723944326,0.825698279,0.715379574,0.371339933,0.665797246,0.590672007,0.680536490,0.644586555,0.644180027,0.432428534,0.673874799,0.711828161,0.674997297,0.623861989,0.762619554,0.523971395,0.763420941,0.542935555,0.588912066,0.735285626,0.687980295,0.468954723,0.546654382,0.533012880,0.518189847,0.767983184,0.585851320,0.634468631,0.475961256,0.818922340,0.790333049,0.710160327,0.597932027,0.486456577,0.688446418,0.609153919,0.811428245,0.700308452,0.776189101,0.543311061,0.699838852,0.775495667,0.570754496,0.685791750,0.391138823,0.793062194,0.613945817,0.550541564,0.754001184,0.705454314,0.865593849,0.632510941,0.550282846,0.755903468,0.594647791,0.532043141,0.774433771,0.798659535,1.000000000,0.782183636,0.638698641
stage5c2_099,0.784907387,0.704518243,0.738909444,0.801590796,0.549963428,0.559328202,0.624930038,0.789920283,0.699031677,0.503184978,0.576121299,0.439007882,0.754476915,0.592980710,0.618284115,0.555792160,0.737100233,0.722400295,0.514584071,0.466119522,0.301175211,0.463364602,0.636611379,0.694920701,0.788216324,0.739759210,0.381252733,0.648938042,0.734367074,0.615370740,0.570433347,0.702674025,0.654379089,0.601421869,0.597333207,0.626490697,0.569060294,0.569608796,0.718140234,0.689149076,0.449112765,0.566381828,0.583581371,0.612353344,0.650425543,0.708275460,0.516954670,0.781491424,0.730008367,0.639107772,0.648085020,0.679307934,0.568758884,0.777653834,0.482016962,0.630946667,0.784160990,0.646856881,0.437804456,0.437490294,0.620890782,0.580497865,0.726336776,0.663809942,0.612871893,0.451345364,0.663899295,0.810063058,0.739675754,0.624423701,0.477514448,0.741857323,0.565951613,0.759657117,0.607887810,0.682970210,0.569163563,0.679709401,0.739584025,0.623857381,0.686206733,0.462794569,0.713786332,0.615351214,0.491617100,0.687325227,0.774087193,0.705536689,0.586855982,0.541916124,0.735219836,0.514806019,0.580919912,0.747531371,0.826206172,0.782183636,1.000000000,0.708922491
stage5c2_100,0.713159178,0.743188124,0.702432576,0.669126086,0.612947700,0.517196359,0.707070987,0.789537484,0.586013579,0.609701776,0.558701737,0.466863054,0.747408915,0.650162781,0.651254074,0.530454750,0.750342648,0.718685788,0.466416372,0.618814232,0.407419575,0.511561266,0.459411134,0.653845531,0.795080476,0.759646517,0.434810683,0.635318754,0.685246727,0.735741227,0.630959910,0.667937904,0.550017805,0.657289021,0.549409842,0.569458738,0.519572692,0.435140635,0.607928255,0.689246211,0.535071683,0.717813484,0.478234468,0.682955986,0.679323126,0.704582976,0.564211711,0.858802210,0.874232894,0.784928571,0.836369131,0.728984381,0.598301661,0.814478376,0.470014744,0.697333758,0.863446737,0.700181885,0.531577970,0.349194763,0.530507168,0.525274138,0.727093825,0.755657699,0.655495544,0.513183217,0.618750681,0.788981338,0.830585833,0.695194011,0.551590353,0.761210391,0.619764798,0.763880012,0.675291380,0.734098829,0.604431327,0.670365561,0.800817286,0.567618375,0.774525301,0.499083083,0.500816090,0.543239077,0.576900380,0.761186701,0.786264248,0.713603120,0.772582833,0.580491426,0.756316755,0.598077813,0.574027079,0.681933030,0.718762547,0.638698641,0.708922491,1.000000000
