stage5c2_track_id,stage5c2_001,stage5c2_002,stage5c2_003,stage5c2_004,stage5c2_005,stage5c2_006,stage5c2_007,stage5c2_009,stage5c2_010,stage5c2_011,stage5c2_012,stage5c2_013,stage5c2_014,stage5c2_015,stage5c2_016,stage5c2_017,stage5c2_018,stage5c2_020,stage5c2_021,stage5c2_022,stage5c2_023,stage5c2_024,stage5c2_025,stage5c2_026,stage5c2_027,stage5c2_028,stage5c2_029,stage5c2_030,stage5c2_031,stage5c2_032,stage5c2_033,stage5c2_034,stage5c2_035,stage5c2_036,stage5c2_037,stage5c2_038,stage5c2_039,stage5c2_040,stage5c2_041,stage5c2_042,stage5c2_043,stage5c2_044,stage5c2_045,stage5c2_046,stage5c2_047,stage5c2_048,stage5c2_049,stage5c2_050,stage5c2_051,stage5c2_052,stage5c2_053,stage5c2_054,stage5c2_055,stage5c2_056,stage5c2_057,stage5c2_058,stage5c2_059,stage5c2_060,stage5c2_061,stage5c2_062,stage5c2_063,stage5c2_064,stage5c2_065,stage5c2_066,stage5c2_067,stage5c2_068,stage5c2_069,stage5c2_070,stage5c2_071,stage5c2_072,stage5c2_073,stage5c2_074,stage5c2_075,stage5c2_076,stage5c2_077,stage5c2_078,stage5c2_079,stage5c2_080,stage5c2_081,stage5c2_082,stage5c2_083,stage5c2_084,stage5c2_085,stage5c2_086,stage5c2_087,stage5c2_088,stage5c2_089,stage5c2_090,stage5c2_091,stage5c2_092,stage5c2_093,stage5c2_094,stage5c2_095,stage5c2_096,stage5c2_097,stage5c2_098,stage5c2_099,stage5c2_100
stage5c2_001,1.000000000,0.699849682,0.867669205,0.731820806,0.504438128,0.645202447,0.619557389,0.787457700,0.501193556,0.531686993,0.598537084,0.417007751,0.685625071,0.660939724,0.669586855,0.438210798,0.819832014,0.802776197,0.482338684,0.487766935,0.497630747,0.488869164,0.700805384,0.618801329,0.672537589,0.791582133,0.454812559,0.646483990,0.573586330,0.656164846,0.514513250,0.641378556,0.643649158,0.641284422,0.591706027,0.564203919,0.642604080,0.610587573,0.619450328,0.803446755,0.426307861,0.630016085,0.631749294,0.786490950,0.644757922,0.713106530,0.589222204,0.680469908,0.688154165,0.719420310,0.575788935,0.674859329,0.568802742,0.744068980,0.488448186,0.651292646,0.746823393,0.597051632,0.597123276,0.501184414,0.649131195,0.581847108,0.665257692,0.587030363,0.521586202,0.389651943,0.767319976,0.862456625,0.743970422,0.523703293,0.556170354,0.764810780,0.632924920,0.861298665,0.623731874,0.775233489,0.579171046,0.600643699,0.765537740,0.620206683,0.793672158,0.457932044,0.619329661,0.607815187,0.556925198,0.767631434,0.802107771,0.672335488,0.724918795,0.479769087,0.790812886,0.607688220,0.653205381,0.831833080,0.799218916,0.696004442,0.716056377,0.673783246
stage5c2_002,0.699849682,1.000000000,0.750519727,0.750061017,0.606222530,0.627041576,0.805866124,0.700600786,0.559533902,0.557759089,0.613695469,0.506079229,0.843012181,0.632625520,0.667675698,0.481526668,0.882380105,0.721591764,0.539771322,0.584793063,0.503877216,0.590856657,0.606914820,0.693014818,0.712469758,0.843997887,0.612729674,0.551703154,0.608266901,0.731840299,0.731837873,0.722478869,0.664525199,0.706926787,0.518071555,0.524871478,0.664479602,0.607974706,0.771069582,0.808258634,0.407257457,0.802697688,0.547631493,0.688613742,0.738950413,0.676312332,0.531449295,0.693181766,0.693746210,0.833887587,0.678634490,0.761205810,0.609339851,0.805723434,0.606627598,0.684757835,0.826855732,0.808264129,0.586995482,0.565988905,0.569314609,0.532961625,0.729103939,0.608487086,0.702580494,0.536341699,0.657080229,0.707694387,0.731840359,0.672742294,0.615472746,0.753552692,0.712469207,0.752702310,0.806366896,0.772635179,0.591530796,0.671583993,0.750836313,0.558764363,0.668628575,0.480173894,0.602211608,0.644718870,0.695241007,0.811980236,0.780395115,0.752883657,0.820780015,0.633122196,0.778851229,0.668953725,0.604271827,0.775609288,0.713799557,0.688790025,0.613761754,0.723292873
stage5c2_003,0.867669205,0.750519727,1.000000000,0.802345699,0.634962797,0.727996840,0.695180312,0.833907837,0.590256229,0.629778562,0.700969461,0.547087443,0.724393367,0.725828925,0.675217832,0.518448122,0.823922824,0.793069414,0.598998791,0.638145821,0.597475127,0.644147829,0.755598684,0.722760585,0.637845532,0.827916251,0.625987185,0.655841237,0.618578676,0.706098443,0.647882902,0.708261172,0.750509341,0.816105926,0.683246324,0.598490514,0.724091887,0.706240663,0.676133829,0.860996471,0.501335617,0.735081060,0.700736955,0.822739447,0.775740043,0.730441536,0.664458928,0.674161064,0.676861054,0.783942444,0.564589133,0.776907523,0.651770609,0.771335014,0.570837720,0.752539270,0.737397864,0.723327847,0.677815419,0.623051961,0.721168280,0.678288775,0.723282716,0.689281298,0.654876997,0.517556077,0.787519786,0.841087343,0.787907108,0.642163501,0.713324456,0.828461709,0.761333747,0.866966334,0.770407122,0.780271333,0.647482609,0.676916309,0.769160401,0.599017889,0.758081229,0.540993652,0.665507444,0.703688961,0.683284264,0.824218720,0.810965660,0.686402462,0.782515152,0.637647330,0.791442887,0.724005090,0.737200360,0.877929015,0.833541104,0.699888343,0.699614674,0.657619572
stage5c2_004,0.731820806,0.750061017,0.802345699,1.000000000,0.795734607,0.712147359,0.768715137,0.798177084,0.823012881,0.629715007,0.753363814,0.609451355,0.789894104,0.627814218,0.622516932,0.690643401,0.806720391,0.798669702,0.630891740,0.679820149,0.603349574,0.690870958,0.778246302,0.796350363,0.625325475,0.806098588,0.602345325,0.681901384,0.787393162,0.712771110,0.709084946,0.807016723,0.795814428,0.795777671,0.726730913,0.672287419,0.700142505,0.739656303,0.695291540,0.743886428,0.494488820,0.704801738,0.726244336,0.806834510,0.843584337,0.730397565,0.587628538,0.721054233,0.697133518,0.726051128,0.577828926,0.776486014,0.743090790,0.822903776,0.504466139,0.843802025,0.737811876,0.724631381,0.690646499,0.675127275,0.676062192,0.734271334,0.732324829,0.733626528,0.793402929,0.614320458,0.760711294,0.765462045,0.721357015,0.795159500,0.680900240,0.882974670,0.688135975,0.803448756,0.751524538,0.730957444,0.734586370,0.800670255,0.756386774,0.604503331,0.678060312,0.522784689,0.732727759,0.820471655,0.739810138,0.816433097,0.851862627,0.713127536,0.725677878,0.659430586,0.787376364,0.660818274,0.768753167,0.773831213,0.865558594,0.702562588,0.753242118,0.690479525
stage5c2_005,0.504438128,0.606222530,0.634962797,0.795734607,1.000000000,0.629357485,0.625296667,0.600258014,0.804388041,0.672990652,0.746083196,0.622892665,0.581225571,0.600650431,0.520191413,0.746385642,0.574003680,0.608068033,0.634606230,0.848418408,0.750161204,0.769366559,0.612303681,0.802461376,0.446583560,0.591690231,0.750734542,0.586143715,0.725081174,0.636345929,0.723356925,0.686670871,0.753671916,0.773915587,0.767917365,0.669121303,0.642919978,0.643942161,0.465807627,0.517300495,0.624680723,0.611057551,0.704324005,0.654767420,0.870555257,0.611905363,0.658306470,0.605858976,0.540255392,0.554792224,0.446272640,0.773919496,0.713568150,0.587298097,0.597911978,0.846075072,0.569881167,0.710949231,0.819535948,0.702296064,0.721858369,0.752589640,0.619795157,0.708860893,0.831299450,0.715581201,0.643305212,0.577496035,0.595729875,0.766774284,0.791195573,0.803796774,0.751360358,0.664341767,0.737299109,0.566015298,0.724064134,0.775388523,0.564372343,0.503288829,0.428375082,0.662205731,0.586836399,0.732242552,0.747701268,0.657029095,0.691428906,0.594253480,0.618260808,0.765141648,0.629467172,0.700133376,0.719903580,0.590328789,0.639454456,0.496547339,0.521908456,0.627038729
stage5c2_006,0.645202447,0.627041576,0.727996840,0.712147359,0.629357485,1.000000000,0.681320080,0.703247265,0.584957692,0.677187882,0.735999721,0.600690318,0.568014054,0.768081713,0.613778575,0.567205945,0.645755299,0.757571633,0.708054787,0.609239091,0.635284760,0.698893606,0.797755787,0.697883034,0.578415019,0.690569902,0.566114951,0.822048609,0.653408325,0.535203294,0.573977702,0.686051895,0.676278181,0.708078914,0.647139376,0.605344395,0.817658145,0.805715892,0.502046618,0.714655990,0.487320615,0.514814402,0.669036919,0.697347712,0.686366319,0.618499027,0.540561273,0.563444566,0.563395589,0.619358365,0.517358369,0.661087791,0.727603208,0.663002848,0.419947632,0.660835091,0.629134913,0.589599639,0.608391061,0.774879973,0.580245743,0.658999801,0.676046675,0.658405960,0.643189985,0.504067188,0.786608257,0.701367808,0.726965267,0.609795848,0.623701669,0.693075464,0.608487768,0.758699061,0.604906400,0.670083957,0.717618545,0.707622008,0.674799077,0.686380143,0.604379737,0.394271638,0.603265622,0.828400635,0.779610897,0.735896298,0.667242654,0.647784390,0.737772702,0.543872394,0.815434620,0.844191255,0.715678230,0.758980105,0.745111754,0.640257009,0.536120255,0.542588647
stage5c2_007,0.619557389,0.805866124,0.695180312,0.768715137,0.625296667,0.681320080,1.000000000,0.695407999,0.585716276,0.528775144,0.613975645,0.532531248,0.780462809,0.587300989,0.674918756,0.495758743,0.834219654,0.773001205,0.487111426,0.558939242,0.509139661,0.561480257,0.621213025,0.678313131,0.688892644,0.803503234,0.562285653,0.559951367,0.583545346,0.726250539,0.630639124,0.763994897,0.628341100,0.710811065,0.532465035,0.515310802,0.668178581,0.636438168,0.678887229,0.790563763,0.347057020,0.727935007,0.541300408,0.719993824,0.728648342,0.596239845,0.457133690,0.658436258,0.723806783,0.743522119,0.619204141,0.682432234,0.655517520,0.755234849,0.491118246,0.704072480,0.767182106,0.733559748,0.572863936,0.608655983,0.497992411,0.570219984,0.673310166,0.609305347,0.704833371,0.471390152,0.697577862,0.670215968,0.699885288,0.691830218,0.561579180,0.743352324,0.643249624,0.763648306,0.749032903,0.779730220,0.581277261,0.704812263,0.692517890,0.582337389,0.685638737,0.391169084,0.570297558,0.622607234,0.762936295,0.799325666,0.780947921,0.767802107,0.788115989,0.577422195,0.820372960,0.654814206,0.649113386,0.699465475,0.701670063,0.705940631,0.564517546,0.657410792
stage5c2_009,0.787457700,0.700600786,0.833907837,0.798177084,0.600258014,0.703247265,0.695407999,1.000000000,0.639888076,0.600952978,0.686995662,0.497968951,0.704079492,0.773667093,0.650985679,0.575034204,0.787414106,0.761512716,0.582996249,0.579854239,0.456697433,0.617134464,0.693629144,0.752300934,0.798002946,0.818242780,0.487869367,0.753087460,0.748038960,0.662583686,0.617749618,0.720447410,0.685566865,0.720329203,0.631381725,0.680737505,0.632201310,0.671815186,0.605671964,0.782492665,0.480392451,0.669959649,0.653382495,0.800564353,0.731592719,0.702923252,0.541610376,0.748936921,0.798937922,0.710255051,0.685336416,0.740278812,0.668354558,0.832280857,0.411710906,0.745051881,0.831238342,0.638407261,0.514284392,0.501458332,0.593238704,0.674879229,0.686934878,0.811617148,0.660341821,0.525085191,0.752520980,0.894853808,0.861753665,0.709161833,0.609596685,0.803073089,0.603510494,0.845425397,0.656087785,0.825806333,0.718850112,0.757357559,0.844454280,0.621796291,0.863420098,0.388591003,0.582670387,0.727022067,0.650611797,0.854598907,0.806292791,0.772843917,0.793212473,0.580062915,0.828805711,0.650440717,0.700037588,0.822427094,0.888337107,0.742988556,0.767376455,0.783645736
stage5c2_010,0.501193556,0.559533902,0.590256229,0.823012881,0.804388041,0.584957692,0.585716276,0.639888076,1.000000000,0.622101293,0.711122774,0.503335381,0.652124151,0.532155837,0.437559873,0.709434472,0.573751195,0.591849984,0.564221408,0.684373954,0.556888690,0.700030077,0.657337142,0.812245064,0.462098001,0.598010482,0.582734378,0.665041906,0.798836010,0.606596345,0.592751010,0.726397118,0.693088042,0.686906679,0.736741271,0.702582465,0.597269595,0.698165620,0.477999959,0.458241589,0.590734063,0.535309311,0.636700131,0.651092866,0.801455576,0.559648594,0.510516663,0.639848926,0.628460970,0.507666771,0.480407528,0.737582704,0.706998683,0.631546249,0.483260541,0.853562665,0.588999748,0.682946144,0.644420952,0.636030500,0.624881055,0.751943016,0.542188657,0.774776437,0.769142377,0.656849509,0.555080108,0.595649179,0.593297125,0.769254759,0.694709252,0.755777456,0.653534957,0.574981370,0.659269889,0.583897031,0.704900259,0.758272597,0.589169582,0.477320265,0.499367542,0.513710301,0.599859501,0.776886611,0.692269221,0.657378965,0.703880449,0.584703506,0.519778041,0.675852516,0.625331070,0.536207534,0.709144004,0.553766460,0.724808594,0.539437793,0.688566338,0.608389875
stage5c2_011,0.531686993,0.557759089,0.629778562,0.629715007,0.672990652,0.677187882,0.528775144,0.600952978,0.622101293,1.000000000,0.668765930,0.623901531,0.507094820,0.728915561,0.643977307,0.578304649,0.515463681,0.564577972,0.674602783,0.787343672,0.594424137,0.677806089,0.552047455,0.714501360,0.513267822,0.616264960,0.581339481,0.688197275,0.728210169,0.498405527,0.626121961,0.523426323,0.653266463,0.648169020,0.680819596,0.683391003,0.603399844,0.566007672,0.420183139,0.570210227,0.757380170,0.506512574,0.653111427,0.597104346,0.659281443,0.625825965,0.604045753,0.587763522,0.532319412,0.528226321,0.528746738,0.656615687,0.791533619,0.618688749,0.431692709,0.667376882,0.612191122,0.579860763,0.626392912,0.654117361,0.565089349,0.614454603,0.613308527,0.654149230,0.620803221,0.660148658,0.533188024,0.577972405,0.648776188,0.672514167,0.685048934,0.662326850,0.607258649,0.577625127,0.560065454,0.498313543,0.747890726,0.668077189,0.583059878,0.650780080,0.491008208,0.538545604,0.401420518,0.714694890,0.728154289,0.713851950,0.609215659,0.502841561,0.627276306,0.613614513,0.614051086,0.756141557,0.685496423,0.632064235,0.639181285,0.435394370,0.519706508,0.634621223
stage5c2_012,0.598537084,0.613695469,0.700969461,0.753363814,0.746083196,0.735999721,0.613975645,0.686995662,0.711122774,0.668765930,1.000000000,0.732392468,0.535988694,0.679452579,0.579815573,0.695160894,0.638887472,0.643434867,0.729226468,0.715560502,0.746097559,0.809100696,0.712526463,0.777257718,0.466025129,0.642337688,0.739826261,0.662550593,0.738253176,0.530889036,0.693868484,0.720736335,0.828164884,0.823328748,0.806338796,0.734944210,0.803137489,0.682171241,0.514344271,0.616211613,0.567628708,0.542170309,0.835219424,0.722479868,0.826278674,0.655389680,0.683581180,0.523713988,0.498109115,0.520867856,0.439679703,0.699620374,0.696438362,0.638650403,0.458261586,0.769976886,0.581275719,0.597814015,0.704772185,0.775979595,0.642997710,0.821228294,0.617616951,0.674200896,0.694664709,0.656682791,0.681963061,0.624904997,0.626054403,0.682284571,0.774263575,0.770977603,0.648257850,0.669566430,0.642665602,0.598822118,0.828397436,0.760644273,0.628118929,0.578730096,0.478332460,0.535317888,0.513864827,0.778619639,0.728968053,0.746998777,0.660086500,0.638474274,0.616107063,0.641562519,0.655024885,0.675010354,0.857395806,0.700328555,0.739950655,0.593828175,0.540256633,0.565191421
stage5c2_013,0.417007751,0.506079229,0.547087443,0.609451355,0.622892665,0.600690318,0.532531248,0.497968951,0.503335381,0.623901531,0.732392468,1.000000000,0.473342182,0.488803110,0.510449937,0.694103275,0.491934074,0.522153196,0.506049287,0.673865956,0.608858099,0.658464267,0.508031645,0.656207902,0.348924619,0.496990967,0.626917980,0.456772060,0.554924607,0.431516704,0.670251610,0.488332160,0.601978927,0.639380085,0.554458342,0.485674631,0.638247306,0.533340161,0.504618188,0.464665260,0.522036985,0.415825984,0.642328785,0.514638311,0.626539011,0.614894191,0.610826103,0.389963307,0.347010649,0.414807990,0.326358939,0.580529175,0.615836864,0.516410186,0.487448311,0.563675904,0.434273986,0.505065430,0.636647016,0.672819749,0.543930226,0.554403300,0.636350342,0.469487954,0.645064680,0.689157520,0.574227936,0.453712746,0.484227593,0.604660249,0.630367568,0.579534338,0.523588881,0.527670473,0.537057037,0.388513262,0.682898255,0.608042328,0.486733931,0.434235673,0.299394959,0.520265176,0.501515389,0.624883716,0.622641636,0.593106672,0.529818373,0.507255556,0.497885462,0.563383377,0.502874231,0.614779127,0.614216389,0.500205895,0.525170536,0.477198182,0.399712064,0.466552825
stage5c2_014,0.685625071,0.843012181,0.724393367,0.789894104,0.581225571,0.568014054,0.780462809,0.704079492,0.652124151,0.507094820,0.535988694,0.473342182,1.000000000,0.572149980,0.693683639,0.490992860,0.874456885,0.717710548,0.441272164,0.531541072,0.413100622,0.528098871,0.625519982,0.683537745,0.678739533,0.855101754,0.501260201,0.559652435,0.616792952,0.786834566,0.616121119,0.708275848,0.588935055,0.654373361,0.478723968,0.475322763,0.592678585,0.683968979,0.766159626,0.731009842,0.384666810,0.770858691,0.473617626,0.714311792,0.747296653,0.692907307,0.472852341,0.745465088,0.797640147,0.850023667,0.714462546,0.776096937,0.672256833,0.821268903,0.564252457,0.721696250,0.801889327,0.847310180,0.546059470,0.505602116,0.559740756,0.510010234,0.747678598,0.668037363,0.693657571,0.529643833,0.640158782,0.719286140,0.746419758,0.730606916,0.572635563,0.777521244,0.697926824,0.732387892,0.808562999,0.757095988,0.573243372,0.674351125,0.751913223,0.579974514,0.713553724,0.462816255,0.653555528,0.647814748,0.728994597,0.794725851,0.814111442,0.762730470,0.742026836,0.652846684,0.804429671,0.604663700,0.567544605,0.660778360,0.744165139,0.729097171,0.724086362,0.732130545
stage5c2_015,0.660939724,0.632625520,0.725828925,0.627814218,0.600650431,0.768081713,0.587300989,0.773667093,0.532155837,0.728915561,0.679452579,0.488803110,0.572149980,1.000000000,0.657335250,0.491227457,0.656703053,0.636772182,0.791170699,0.651770642,0.529315605,0.608335055,0.666081367,0.719161428,0.657386428,0.700635204,0.539828354,0.772330531,0.726550077,0.589865965,0.607033789,0.666322857,0.672351451,0.645937525,0.603361678,0.700649702,0.663005104,0.683308006,0.466130064,0.708087601,0.612905077,0.639308811,0.643189373,0.664592751,0.692080974,0.637331673,0.592357712,0.695046791,0.662417817,0.675134373,0.590128834,0.719552625,0.699196766,0.682744373,0.403370072,0.629354680,0.717801535,0.627891468,0.529060647,0.620776383,0.578345965,0.598459690,0.669495379,0.684187965,0.616797754,0.526368421,0.695505892,0.758810611,0.793705541,0.640252455,0.622093469,0.705280294,0.626605758,0.717864797,0.621478892,0.704748701,0.685788656,0.755931981,0.707867296,0.706138352,0.662787222,0.434768499,0.493139321,0.669486415,0.683427393,0.759289553,0.649467328,0.637313863,0.717975520,0.592461728,0.726854153,0.836907245,0.616670051,0.767769903,0.775210857,0.651389920,0.599057929,0.653402408
stage5c2_016,0.669586855,0.667675698,0.675217832,0.622516932,0.520191413,0.613778575,0.674918756,0.650985679,0.437559873,0.643977307,0.579815573,0.510449937,0.693683639,0.657335250,1.000000000,0.406261101,0.705924289,0.651167836,0.437439732,0.614309663,0.496709703,0.464935164,0.512137216,0.614490985,0.703014753,0.783423183,0.483435211,0.582421749,0.559381782,0.628141506,0.556984899,0.562933983,0.627866455,0.566516744,0.521933594,0.450658563,0.599259081,0.512651550,0.576541309,0.700276991,0.472378141,0.618000997,0.499905592,0.633063058,0.614335807,0.721878398,0.602025009,0.644697163,0.637671782,0.683855269,0.660948657,0.607946115,0.731065710,0.710765414,0.441906682,0.579219313,0.726252710,0.590739911,0.539869324,0.572540921,0.572414039,0.442657727,0.711705110,0.575512046,0.515605472,0.440886095,0.600261709,0.684707516,0.704056165,0.658199650,0.540063969,0.690398317,0.538092486,0.707880803,0.583112380,0.627789249,0.631774705,0.616885391,0.677310484,0.799871637,0.601184225,0.551278899,0.442531985,0.585992428,0.691781023,0.756080492,0.745210696,0.646469442,0.707540570,0.483587168,0.751592658,0.705905376,0.564473610,0.619468405,0.621400836,0.586159531,0.569255447,0.647682970
stage5c2_017,0.438210798,0.481526668,0.518448122,0.690643401,0.746385642,0.567205945,0.495758743,0.575034204,0.709434472,0.578304649,0.695160894,0.694103275,0.490992860,0.491227457,0.406261101,1.000000000,0.473317442,0.559457242,0.470606945,0.692902708,0.574660649,0.680394888,0.454852949,0.722730723,0.495877371,0.491025897,0.587267856,0.515960293,0.668734661,0.409330486,0.661892960,0.578267073,0.566531622,0.581711826,0.570716048,0.567295944,0.551462399,0.558635225,0.474393430,0.405420932,0.560747278,0.435360381,0.691980889,0.485501494,0.677549217,0.571180791,0.515843125,0.523278249,0.444394562,0.380815016,0.356062029,0.688649909,0.608766160,0.528353748,0.579049680,0.650184796,0.463308034,0.558401869,0.651735822,0.636718162,0.641843262,0.628516571,0.600685485,0.601540898,0.789276746,0.769921663,0.632626105,0.505246043,0.511836461,0.673302905,0.665501555,0.611189120,0.562876996,0.595449467,0.539267316,0.428248729,0.682114498,0.737229486,0.574336134,0.378910834,0.341737730,0.520104670,0.610726490,0.653947548,0.563614436,0.597128496,0.540865218,0.598296146,0.456622320,0.682704802,0.497682018,0.542714106,0.627299942,0.555505476,0.590406584,0.545519474,0.569188769,0.565787305
stage5c2_018,0.819832014,0.882380105,0.823922824,0.806720391,0.574003680,0.645755299,0.834219654,0.787414106,0.573751195,0.515463681,0.638887472,0.491934074,0.874456885,0.656703053,0.705924289,0.473317442,1.000000000,0.801870614,0.512359394,0.535876066,0.477381528,0.552092598,0.700367994,0.673442664,0.714161838,0.901257151,0.538599394,0.571226240,0.596804973,0.743878622,0.660199656,0.748580453,0.669270169,0.714576632,0.547469933,0.551704398,0.649068884,0.671441902,0.784517308,0.852806373,0.377788427,0.795050829,0.598170137,0.803918773,0.754315947,0.747035880,0.554040740,0.711599359,0.766587410,0.846470092,0.644124978,0.753623609,0.621728773,0.848358258,0.538511301,0.734648339,0.824093856,0.764233211,0.589449514,0.553566747,0.598872585,0.589737538,0.723204104,0.634010930,0.663980164,0.490528247,0.759627082,0.803400938,0.778197511,0.663918613,0.599589135,0.832116716,0.680243184,0.831858675,0.792328522,0.820002706,0.606701704,0.691779210,0.817901089,0.579154072,0.777070335,0.457027643,0.648925942,0.631246618,0.710700983,0.872487814,0.848680441,0.794247159,0.820157590,0.585690591,0.834623475,0.631264549,0.681431233,0.803503794,0.822755614,0.766720613,0.693145266,0.724573281
stage5c2_020,0.802776197,0.721591764,0.793069414,0.798669702,0.608068033,0.757571633,0.773001205,0.761512716,0.591849984,0.564577972,0.643434867,0.522153196,0.717710548,0.636772182,0.651167836,0.559457242,0.801870614,1.000000000,0.495778836,0.525445068,0.549116272,0.566381389,0.720177042,0.645091236,0.669761601,0.824322943,0.497436883,0.681695304,0.650912029,0.683951670,0.602664627,0.741100232,0.688568239,0.694820163,0.627585922,0.555650007,0.754658437,0.645112845,0.686412825,0.792289418,0.417029129,0.627363684,0.658144648,0.781051733,0.680069671,0.706383890,0.548130784,0.677490076,0.687239533,0.754510388,0.613889108,0.664372388,0.637348944,0.769799014,0.471606252,0.707295075,0.735851367,0.654126890,0.667230766,0.612868249,0.576335740,0.605635710,0.710508280,0.639296697,0.616081658,0.460024728,0.829770610,0.733682954,0.738034744,0.617729799,0.528042635,0.776353770,0.633908597,0.862855602,0.659544392,0.750343366,0.645940067,0.687659080,0.761794378,0.611003901,0.751340708,0.432665848,0.673916455,0.711244874,0.644589353,0.791587608,0.816705246,0.734925201,0.754381212,0.499509461,0.815679676,0.647383972,0.722254416,0.816300310,0.790240979,0.719312943,0.642470203,0.666059125
stage5c2_021,0.482338684,0.539771322,0.598998791,0.630891740,0.634606230,0.708054787,0.487111426,0.582996249,0.564221408,0.674602783,0.729226468,0.506049287,0.441272164,0.791170699,0.437439732,0.470606945,0.512359394,0.495778836,1.000000000,0.622765672,0.563600472,0.653405590,0.697708430,0.631022835,0.402280247,0.538980455,0.557596459,0.664933809,0.719941624,0.500930833,0.618328287,0.622209705,0.684127818,0.685628323,0.666997409,0.729566450,0.647174420,0.656027098,0.386260822,0.579504867,0.539752388,0.523495172,0.671857725,0.572220856,0.673413450,0.505776195,0.530848579,0.485848423,0.426272200,0.537581220,0.370411417,0.607683291,0.640739351,0.536427021,0.354207195,0.599743046,0.548957251,0.572307651,0.490245537,0.663722453,0.548532132,0.666584774,0.551908585,0.558473653,0.599634407,0.527467093,0.557226170,0.553924874,0.564561678,0.549363512,0.600348264,0.643168509,0.606640658,0.532329684,0.579036817,0.513432412,0.628953548,0.662629792,0.482452432,0.544192151,0.443284692,0.411598045,0.469611947,0.644268166,0.637970652,0.596853265,0.525114764,0.456408344,0.530703307,0.573308668,0.572344716,0.727104222,0.650001593,0.656059691,0.680366589,0.501869768,0.463477095,0.473159987
stage5c2_022,0.487766935,0.584793063,0.638145821,0.679820149,0.848418408,0.609239091,0.558939242,0.579854239,0.684373954,0.787343672,0.715560502,0.673865956,0.531541072,0.651770642,0.614309663,0.692902708,0.535876066,0.525445068,0.622765672,1.000000000,0.728396704,0.750781501,0.529590448,0.790221801,0.451678464,0.596853569,0.707390507,0.586216859,0.708919686,0.590415670,0.728917199,0.572605034,0.726114435,0.695281349,0.722510391,0.654760821,0.613133679,0.567937303,0.403855102,0.511835747,0.744827844,0.605256329,0.681189102,0.618255511,0.788944134,0.606300646,0.698865329,0.602393514,0.510336442,0.544817445,0.434992730,0.743779671,0.769503703,0.583882707,0.582682573,0.758676469,0.565448443,0.658180586,0.787419758,0.672500194,0.704801522,0.682116765,0.606955425,0.689733878,0.744946808,0.745882556,0.588426808,0.584293313,0.592070448,0.766256234,0.808543526,0.737210834,0.711861382,0.611495711,0.672861374,0.520630861,0.725272521,0.733667450,0.569453463,0.550323469,0.399009775,0.697441790,0.482065936,0.698202282,0.744319416,0.677220851,0.642333272,0.539783293,0.593153998,0.702883616,0.586485397,0.734016177,0.680509043,0.566197759,0.597296083,0.439586175,0.453005826,0.644691560
stage5c2_023,0.497630747,0.503877216,0.597475127,0.603349574,0.750161204,0.635284760,0.509139661,0.456697433,0.556888690,0.594424137,0.746097559,0.608858099,0.413100622,0.529315605,0.496709703,0.574660649,0.477381528,0.549116272,0.563600472,0.728396704,1.000000000,0.731325495,0.557504117,0.634373433,0.324732255,0.474621292,0.779940103,0.476642880,0.525143114,0.507571107,0.574250876,0.558814630,0.714151603,0.714075116,0.735888479,0.520885081,0.670183118,0.566984092,0.376516040,0.486811156,0.542799417,0.532895136,0.702091878,0.600718706,0.715944280,0.501597408,0.611792111,0.403550443,0.351893157,0.477528756,0.314612873,0.593901863,0.563444585,0.466522470,0.507902189,0.649377473,0.412381872,0.532747792,0.835072160,0.752329652,0.621170234,0.682118120,0.514978305,0.504517333,0.586329650,0.556167051,0.598880112,0.488469788,0.462562049,0.564165795,0.743585347,0.620409028,0.663456595,0.588956067,0.613165206,0.479348928,0.682588738,0.614277807,0.461924867,0.434420630,0.324962633,0.553053472,0.435244439,0.652749711,0.667238239,0.593391186,0.538307737,0.491374313,0.571512923,0.563008153,0.556231182,0.664902341,0.685649021,0.543322546,0.504511860,0.390434339,0.302567044,0.420150506
stage5c2_024,0.488869164,0.590856657,0.644147829,0.690870958,0.769366559,0.698893606,0.561480257,0.617134464,0.700030077,0.677806089,0.809100696,0.658464267,0.528098871,0.608335055,0.464935164,0.680394888,0.552092598,0.566381389,0.653405590,0.750781501,0.731325495,1.000000000,0.583117641,0.772795587,0.432647506,0.596277074,0.772352915,0.581321556,0.684176575,0.491715277,0.692568160,0.586874097,0.740145263,0.779269739,0.726696964,0.719875971,0.649953200,0.632745073,0.399561505,0.557027827,0.592056603,0.522509626,0.770958554,0.648161270,0.823429542,0.551816474,0.647376332,0.498434493,0.470101784,0.512789753,0.404219346,0.712660905,0.631312112,0.556225697,0.502109925,0.760764489,0.554914453,0.636705585,0.693733413,0.665451355,0.651797755,0.847021100,0.563915580,0.690978265,0.728357170,0.749283146,0.588734706,0.562663070,0.584233965,0.679475960,0.846655329,0.715075393,0.659851669,0.624642392,0.651269027,0.537628147,0.805564015,0.689874676,0.582585196,0.401288955,0.431577415,0.525418034,0.471496025,0.735095208,0.715915845,0.707798852,0.601260906,0.544976358,0.627853164,0.703528415,0.609853364,0.691968911,0.786359045,0.615815424,0.634890143,0.450302877,0.469231168,0.561953921
stage5c2_025,0.700805384,0.606914820,0.755598684,0.778246302,0.612303681,0.797755787,0.621213025,0.693629144,0.657337142,0.552047455,0.712526463,0.508031645,0.625519982,0.666081367,0.512137216,0.454852949,0.700367994,0.720177042,0.697708430,0.529590448,0.557504117,0.583117641,1.000000000,0.637855143,0.456938046,0.661133746,0.506903124,0.746147427,0.660505366,0.603994122,0.545707540,0.748096061,0.751124327,0.699911704,0.692423327,0.630334998,0.784158376,0.873961460,0.556668236,0.659541834,0.392214517,0.590666516,0.655938572,0.812687071,0.721474575,0.572967910,0.455581275,0.527584647,0.555222121,0.600700679,0.397208298,0.661344420,0.691413910,0.618299828,0.402596067,0.723117021,0.582525874,0.642027901,0.577422706,0.693401813,0.555925345,0.665827326,0.587416163,0.592393359,0.591982250,0.409391832,0.775130540,0.725612103,0.614618642,0.562257264,0.561991714,0.761788576,0.649493802,0.709146892,0.686120257,0.766228994,0.632937150,0.661807241,0.567932516,0.606927933,0.604614491,0.395340132,0.687919805,0.790957767,0.766258252,0.711310500,0.708752707,0.612761701,0.632247764,0.521206517,0.766982146,0.628885558,0.724456340,0.750129097,0.780577207,0.657595603,0.587054439,0.477780688
stage5c2_026,0.618801329,0.693014818,0.722760585,0.796350363,0.802461376,0.697883034,0.678313131,0.752300934,0.812245064,0.714501360,0.777257718,0.656207902,0.683537745,0.719161428,0.614490985,0.722730723,0.673442664,0.645091236,0.631022835,0.790221801,0.634373433,0.772795587,0.637855143,1.000000000,0.596465381,0.713687085,0.673469274,0.682845643,0.782135743,0.661053782,0.740791066,0.729028227,0.759507814,0.722862715,0.716483278,0.720892340,0.693187625,0.702017336,0.561581700,0.622261649,0.723296919,0.645425275,0.718567527,0.672742306,0.829369504,0.679716084,0.663153448,0.712272723,0.684156689,0.623593634,0.575229303,0.824912662,0.771438977,0.730905392,0.628586891,0.815988279,0.676732257,0.720027877,0.698949867,0.731954640,0.718648237,0.759006054,0.695221366,0.819434029,0.823942460,0.735899935,0.687806273,0.734618156,0.723918182,0.820963137,0.775966100,0.777026835,0.693911032,0.737449616,0.701455456,0.690425467,0.791719764,0.859253251,0.721889724,0.591395394,0.578896206,0.613044051,0.594322440,0.793861232,0.767092841,0.762815148,0.753732191,0.740947348,0.673622597,0.752268777,0.723040825,0.735926666,0.700070780,0.702489928,0.747327457,0.656056965,0.695977363,0.680659910
stage5c2_027,0.672537589,0.712469758,0.637845532,0.625325475,0.446583560,0.578415019,0.688892644,0.798002946,0.462098001,0.513267822,0.466025129,0.348924619,0.678739533,0.657386428,0.703014753,0.495877371,0.714161838,0.669761601,0.402280247,0.451678464,0.324732255,0.432647506,0.456938046,0.596465381,1.000000000,0.771699603,0.351912051,0.654915983,0.630609920,0.570863626,0.506044395,0.581703711,0.505681682,0.478310617,0.422487477,0.509275180,0.467013440,0.494341145,0.576935454,0.683742013,0.402977008,0.601926587,0.478740083,0.535371613,0.539700050,0.614182794,0.394453580,0.797930480,0.767642425,0.649229584,0.722318646,0.639005841,0.576339502,0.753924236,0.395733641,0.526947979,0.852394579,0.580315331,0.375222025,0.375666836,0.440130894,0.423216478,0.678790668,0.638810925,0.547879852,0.437694573,0.602900391,0.766595256,0.773247741,0.590526319,0.434156569,0.614806112,0.466822810,0.746202034,0.534739894,0.711596567,0.564358681,0.664259523,0.787424993,0.644032959,0.735149931,0.292629414,0.476529958,0.536847365,0.545944667,0.746629273,0.697855514,0.739942334,0.687497527,0.474046505,0.783591492,0.593205024,0.458382651,0.696770144,0.692305653,0.701278060,0.743158613,0.776634534
stage5c2_028,0.791582133,0.843997887,0.827916251,0.806098588,0.591690231,0.690569902,0.803503234,0.818242780,0.598010482,0.616264960,0.642337688,0.496990967,0.855101754,0.700635204,0.783423183,0.491025897,0.901257151,0.824322943,0.538980455,0.596853569,0.474621292,0.596277074,0.661133746,0.713687085,0.771699603,1.000000000,0.526905984,0.667036666,0.686375790,0.764071400,0.654781226,0.707897096,0.686425268,0.711437224,0.568700291,0.579556678,0.666822539,0.647805494,0.707025604,0.843161516,0.484713987,0.743239749,0.617377537,0.795206029,0.729404471,0.760472235,0.585153433,0.776023592,0.807351591,0.859147961,0.737088691,0.735518445,0.738613190,0.878346772,0.467463431,0.740068557,0.885304702,0.738592000,0.575680627,0.555947899,0.589732636,0.599696921,0.750010053,0.741476315,0.634051748,0.531945580,0.705714490,0.799523788,0.828816919,0.749576935,0.599586352,0.828805634,0.658802771,0.830385675,0.723067049,0.771312986,0.677158211,0.736985436,0.847900414,0.675764893,0.814186330,0.489504525,0.577174883,0.715048509,0.730882301,0.880411255,0.847561732,0.765534912,0.795715376,0.574580179,0.862876517,0.705965918,0.670577747,0.780772536,0.829338398,0.736472624,0.717675691,0.785711328
stage5c2_029,0.454812559,0.612729674,0.625987185,0.602345325,0.750734542,0.566114951,0.562285653,0.487869367,0.582734378,0.581339481,0.739826261,0.626917980,0.501260201,0.539828354,0.483435211,0.587267856,0.538599394,0.497436883,0.557596459,0.707390507,0.779940103,0.772352915,0.506903124,0.673469274,0.351912051,0.526905984,1.000000000,0.430945223,0.525712738,0.520732273,0.658209567,0.546174786,0.688943285,0.748346863,0.659906058,0.547338787,0.638922986,0.535211397,0.426837442,0.537687176,0.518615881,0.545840612,0.686445315,0.551759709,0.778512762,0.498106934,0.677488789,0.432884780,0.394415307,0.511354278,0.343288039,0.658419536,0.562291958,0.467233631,0.619764260,0.682144707,0.485619435,0.655813777,0.757835097,0.664939951,0.664024272,0.720463262,0.522237107,0.569897915,0.661660784,0.615348188,0.537730445,0.484746750,0.486897221,0.584596725,0.841392810,0.650131758,0.734773227,0.559023978,0.726144520,0.491231384,0.633788068,0.604596618,0.463289191,0.403936796,0.347910855,0.604984606,0.468878078,0.593421568,0.697164335,0.615538885,0.565373884,0.511903523,0.610159451,0.718096468,0.556551919,0.651549353,0.691190172,0.554512561,0.517315960,0.387570780,0.378959799,0.446416117
stage5c2_030,0.646483990,0.551703154,0.655841237,0.681901384,0.586143715,0.822048609,0.559951367,0.753087460,0.665041906,0.688197275,0.662550593,0.456772060,0.559652435,0.772330531,0.582421749,0.515960293,0.571226240,0.681695304,0.664933809,0.586216859,0.476642880,0.581321556,0.746147427,0.682845643,0.654915983,0.667036666,0.430945223,1.000000000,0.787333106,0.556012437,0.505324781,0.637304166,0.643997824,0.597619912,0.651397321,0.675350335,0.699210797,0.730276836,0.411550076,0.603388637,0.545421750,0.459332739,0.579556750,0.645958770,0.644765205,0.583903943,0.477757310,0.715920842,0.687224756,0.562779542,0.616781564,0.656704561,0.742928755,0.685063148,0.318205189,0.672245111,0.705519569,0.560448374,0.481084408,0.596169146,0.496631007,0.618067827,0.607422613,0.739274429,0.578588197,0.481532873,0.621548429,0.730227485,0.764190216,0.613694876,0.563368358,0.678965258,0.566680639,0.663765969,0.526342544,0.697971520,0.685411002,0.685446987,0.675554946,0.767190492,0.679988641,0.345316437,0.496959526,0.795741235,0.713081852,0.686988942,0.694729670,0.604811757,0.625658801,0.513873379,0.795754424,0.731695471,0.617519071,0.664452325,0.767982832,0.595805804,0.659532088,0.658484703
stage5c2_031,0.573586330,0.608266901,0.618578676,0.787393162,0.725081174,0.653408325,0.583545346,0.748038960,0.798836010,0.728210169,0.738253176,0.554924607,0.616792952,0.726550077,0.559381782,0.668734661,0.596804973,0.650912029,0.719941624,0.708919686,0.525143114,0.684176575,0.660505366,0.782135743,0.630609920,0.686375790,0.525712738,0.787333106,1.000000000,0.586801748,0.650835364,0.718545538,0.742024485,0.646202123,0.709306855,0.786402574,0.619086008,0.657412920,0.504495162,0.554732807,0.636407787,0.580643685,0.676170874,0.672816953,0.726063624,0.647359585,0.528199066,0.719350128,0.682440204,0.587296798,0.587274752,0.738608897,0.757061149,0.738216667,0.385743803,0.771613723,0.718445942,0.621804032,0.548978724,0.574228968,0.536679008,0.713572411,0.620190480,0.776605555,0.684475684,0.664257122,0.610779739,0.690698678,0.718619191,0.789915427,0.629581534,0.757656604,0.577642942,0.647896016,0.612662774,0.648695649,0.807027705,0.818835354,0.698432015,0.634117000,0.600747173,0.445983481,0.563306673,0.802389621,0.678219388,0.734760231,0.705971099,0.638878705,0.603696828,0.615417835,0.684527506,0.665703005,0.696964216,0.672613185,0.785762125,0.619183062,0.713448039,0.711289026
stage5c2_032,0.656164846,0.731840299,0.706098443,0.712771110,0.636345929,0.535203294,0.726250539,0.662583686,0.606596345,0.498405527,0.530889036,0.431516704,0.786834566,0.589865965,0.628141506,0.409330486,0.743878622,0.683951670,0.500930833,0.590415670,0.507571107,0.491715277,0.603994122,0.661053782,0.570863626,0.764071400,0.520732273,0.556012437,0.586801748,1.000000000,0.637256951,0.695276082,0.649473454,0.661249538,0.551107937,0.492236551,0.590220730,0.597374299,0.568865925,0.694247521,0.451190473,0.773306974,0.438979871,0.749819712,0.731172632,0.689456263,0.598197109,0.749490659,0.738422335,0.836293255,0.665316282,0.683474620,0.661763993,0.742123939,0.572673309,0.713344652,0.749365807,0.743767217,0.594232762,0.520634384,0.579423748,0.509941919,0.717989767,0.672482103,0.639545418,0.459515627,0.591972753,0.709040699,0.684530607,0.698530709,0.555153681,0.768111379,0.716171499,0.668322740,0.769048215,0.713810886,0.544306942,0.644642930,0.658856677,0.564243608,0.679871926,0.518427536,0.520566281,0.602822857,0.688691435,0.669326839,0.821979882,0.637011508,0.715264275,0.618256402,0.733627611,0.593912726,0.553207731,0.606566782,0.667651012,0.597666124,0.564296991,0.708821436
stage5c2_033,0.514513250,0.731837873,0.647882902,0.709084946,0.723356925,0.573977702,0.630639124,0.617749618,0.592751010,0.626121961,0.693868484,0.670251610,0.616121119,0.607033789,0.556984899,0.661892960,0.660199656,0.602664627,0.618328287,0.728917199,0.574250876,0.692568160,0.545707540,0.740791066,0.506044395,0.654781226,0.658209567,0.505324781,0.650835364,0.637256951,1.000000000,0.663047867,0.683266934,0.692833193,0.580885042,0.574268000,0.651194235,0.564890998,0.602465565,0.601900267,0.537859899,0.670030716,0.647266878,0.602011114,0.774652773,0.713985142,0.669676030,0.617159717,0.544328471,0.625875342,0.470099175,0.739495701,0.629080656,0.693162447,0.649744124,0.661842473,0.642822277,0.687726424,0.649081768,0.663622006,0.652373482,0.566253454,0.700344280,0.608305753,0.801483988,0.756632861,0.625839326,0.572385814,0.603022067,0.721471271,0.685439034,0.721944945,0.667997517,0.633070893,0.720427948,0.580378594,0.654446153,0.718684802,0.635520349,0.486020921,0.488694754,0.629458733,0.566875865,0.622170644,0.665643035,0.687196300,0.663693403,0.628615814,0.644627402,0.669482291,0.605144305,0.642904670,0.609450026,0.648069601,0.643022123,0.544563598,0.519326504,0.624392207
stage5c2_034,0.641378556,0.722478869,0.708261172,0.807016723,0.686670871,0.686051895,0.763994897,0.720447410,0.726397118,0.523426323,0.720736335,0.488332160,0.708275848,0.666322857,0.562933983,0.578267073,0.748580453,0.741100232,0.622209705,0.572605034,0.558814630,0.586874097,0.748096061,0.729028227,0.581703711,0.707897096,0.546174786,0.637304166,0.718545538,0.695276082,0.663047867,1.000000000,0.745264972,0.703348767,0.616623680,0.591629859,0.733427261,0.731931159,0.739877859,0.698159246,0.410008589,0.764786874,0.621665198,0.758168468,0.755746101,0.643573840,0.464950235,0.651924053,0.655206370,0.698088406,0.534660846,0.762493793,0.611965715,0.738481518,0.527262747,0.730266444,0.669413971,0.739298399,0.570169621,0.699052177,0.541130023,0.602686489,0.699561325,0.662363092,0.729346612,0.510093874,0.766382440,0.693259731,0.651823980,0.694153569,0.564894180,0.764728458,0.681255292,0.748806233,0.768040376,0.795643220,0.651452044,0.753620613,0.704633263,0.562118797,0.637900574,0.369817395,0.683537621,0.743269750,0.683816569,0.759414913,0.754349266,0.779184487,0.691762871,0.598528753,0.720737455,0.620605108,0.717735225,0.769787748,0.776769677,0.799490065,0.618813801,0.611746498
stage5c2_035,0.643649158,0.664525199,0.750509341,0.795814428,0.753671916,0.676278181,0.628341100,0.685566865,0.693088042,0.653266463,0.828164884,0.601978927,0.588935055,0.672351451,0.627866455,0.566531622,0.669270169,0.688568239,0.684127818,0.726114435,0.714151603,0.740145263,0.751124327,0.759507814,0.505681682,0.686425268,0.688943285,0.643997824,0.742024485,0.649473454,0.683266934,0.745264972,1.000000000,0.781656708,0.826318344,0.731017041,0.767363682,0.624999744,0.544564533,0.681786212,0.519575616,0.649167229,0.777169672,0.771044961,0.838720598,0.651449900,0.681855757,0.620837647,0.526410139,0.608965867,0.446956413,0.676900516,0.676664689,0.654709159,0.461413264,0.782448178,0.621183197,0.656500193,0.683480383,0.690134931,0.628103656,0.768863739,0.649936432,0.686706828,0.649341717,0.520475027,0.668436097,0.681733912,0.615550933,0.694705124,0.706902888,0.826108287,0.681530138,0.703315583,0.697385664,0.683429215,0.774598293,0.717711942,0.615338120,0.591227314,0.541709065,0.485824785,0.538646521,0.765266572,0.709442791,0.735505126,0.727298937,0.596390175,0.650416621,0.595640470,0.672516524,0.658887237,0.787919952,0.739722745,0.733438583,0.562579195,0.565072047,0.565776739
stage5c2_036,0.641284422,0.706926787,0.816105926,0.795777671,0.773915587,0.708078914,0.710811065,0.720329203,0.686906679,0.648169020,0.823328748,0.639380085,0.654373361,0.645937525,0.566516744,0.581711826,0.714576632,0.694820163,0.685628323,0.695281349,0.714075116,0.779269739,0.699911704,0.722862715,0.478310617,0.711437224,0.748346863,0.597619912,0.646202123,0.661249538,0.692833193,0.703348767,0.781656708,1.000000000,0.784756433,0.688822379,0.723638765,0.678227441,0.590879054,0.736576745,0.515427598,0.689832196,0.728145398,0.782733664,0.865180013,0.629365464,0.661520383,0.553169616,0.558068040,0.690101557,0.493898743,0.729900029,0.639693089,0.696298224,0.497688008,0.821001253,0.662094671,0.720595198,0.723352190,0.665121043,0.683602426,0.797453417,0.653490398,0.683439196,0.731360503,0.582303622,0.682530235,0.666019635,0.673386074,0.690667504,0.785534406,0.823494986,0.765278035,0.709732473,0.786067012,0.641655282,0.692035354,0.654035496,0.627102079,0.497852930,0.591451149,0.538420017,0.547479832,0.718008359,0.717967867,0.763417164,0.732522500,0.586214390,0.748124255,0.695856727,0.701897402,0.700733918,0.827400948,0.736196375,0.752386117,0.558550992,0.525017218,0.611551523
stage5c2_037,0.591706027,0.518071555,0.683246324,0.726730913,0.767917365,0.647139376,0.532465035,0.631381725,0.736741271,0.680819596,0.806338796,0.554458342,0.478723968,0.603361678,0.521933594,0.570716048,0.547469933,0.627585922,0.666997409,0.722510391,0.735888479,0.726696964,0.692423327,0.716483278,0.422487477,0.568700291,0.659906058,0.651397321,0.709306855,0.551107937,0.580885042,0.616623680,0.826318344,0.784756433,1.000000000,0.759098106,0.662382119,0.583182124,0.368237355,0.568477457,0.595379449,0.484663776,0.796328859,0.708447439,0.783313274,0.581012316,0.662292229,0.526710737,0.479452032,0.472837940,0.393078189,0.623054104,0.653103422,0.568259221,0.418352323,0.793929423,0.560829403,0.562152961,0.720775922,0.676090912,0.692038477,0.859200896,0.507541610,0.670608509,0.603530886,0.535965663,0.573643898,0.621078792,0.583583862,0.627108484,0.723631011,0.780601683,0.625630115,0.634179986,0.589662391,0.563650434,0.748570681,0.660771548,0.532971245,0.527019837,0.469945880,0.553287588,0.448097947,0.725825073,0.651905814,0.650427443,0.660499244,0.499254929,0.562763464,0.580232244,0.621242955,0.602058149,0.856698401,0.647261860,0.688113822,0.427343088,0.528548330,0.533882578
stage5c2_038,0.564203919,0.524871478,0.598490514,0.672287419,0.669121303,0.605344395,0.515310802,0.680737505,0.702582465,0.683391003,0.734944210,0.485674631,0.475322763,0.700649702,0.450658563,0.567295944,0.551704398,0.555650007,0.729566450,0.654760821,0.520885081,0.719875971,0.630334998,0.720892340,0.509275180,0.579556678,0.547338787,0.675350335,0.786402574,0.492236551,0.574268000,0.591629859,0.731017041,0.688822379,0.759098106,1.000000000,0.562893987,0.584007623,0.365653354,0.540025816,0.603499468,0.480709715,0.769911672,0.647847313,0.734194950,0.510015423,0.572994030,0.559633018,0.530782556,0.460140308,0.414723148,0.665941470,0.605010281,0.565572240,0.391375097,0.756574224,0.620137451,0.566997474,0.537694535,0.538654177,0.635035723,0.831235755,0.529333627,0.712587735,0.643430657,0.568426579,0.562767151,0.644149719,0.584588818,0.621400423,0.686861475,0.723351543,0.577555814,0.590906384,0.564410950,0.576121001,0.738763792,0.694115603,0.561911491,0.496216284,0.508034399,0.419710380,0.457501330,0.673925217,0.605809620,0.654034226,0.594152558,0.545766355,0.534776253,0.630339759,0.587536673,0.591658410,0.750416233,0.647340196,0.737651799,0.488885768,0.595529651,0.595019560
stage5c2_039,0.642604080,0.664479602,0.724091887,0.700142505,0.642919978,0.817658145,0.668178581,0.632201310,0.597269595,0.603399844,0.803137489,0.638247306,0.592678585,0.663005104,0.599259081,0.551462399,0.649068884,0.754658437,0.647174420,0.613133679,0.670183118,0.649953200,0.784158376,0.693187625,0.467013440,0.666822539,0.638922986,0.699210797,0.619086008,0.590220730,0.651194235,0.733427261,0.767363682,0.723638765,0.662382119,0.562893987,1.000000000,0.744959299,0.613429827,0.664253345,0.456167743,0.555255053,0.677305422,0.707847140,0.728896191,0.596040308,0.599598336,0.543336484,0.524830215,0.592963275,0.478122915,0.655134319,0.688865732,0.622614866,0.488353037,0.677267264,0.564661922,0.637832536,0.646584299,0.772488107,0.552491752,0.624047908,0.655592446,0.596633459,0.613510020,0.504045803,0.741248734,0.611584833,0.624156367,0.595838592,0.624907246,0.694968291,0.696553439,0.702253698,0.663356487,0.676711495,0.637177790,0.695514449,0.615614289,0.639345918,0.548083079,0.458953516,0.614555944,0.749070974,0.734871668,0.700139849,0.665083629,0.696132476,0.648359963,0.549479930,0.732798584,0.722756231,0.698943841,0.717221847,0.668586518,0.663812803,0.504327085,0.498865967
stage5c2_040,0.610587573,0.607974706,0.706240663,0.739656303,0.643942161,0.805715892,0.636438168,0.671815186,0.698165620,0.566007672,0.682171241,0.533340161,0.683968979,0.683308006,0.512651550,0.558635225,0.671441902,0.645112845,0.656027098,0.567937303,0.566984092,0.632745073,0.873961460,0.702017336,0.494341145,0.647805494,0.535211397,0.730276836,0.657412920,0.597374299,0.564890998,0.731931159,0.624999744,0.678227441,0.583182124,0.584007623,0.744959299,1.000000000,0.582796948,0.589290775,0.448677446,0.609649284,0.582893105,0.708084175,0.724097342,0.578296306,0.416286961,0.549069531,0.597252149,0.593680168,0.454300242,0.759061429,0.715261570,0.642735314,0.501195359,0.711682187,0.581339176,0.695500604,0.578265194,0.715209465,0.571649008,0.641937377,0.632213562,0.624892913,0.695945970,0.569115314,0.766254072,0.679569132,0.646889990,0.640103881,0.623532277,0.688312666,0.672838450,0.677161825,0.729673814,0.717265276,0.638710191,0.719136385,0.619544201,0.587505850,0.564053630,0.399034139,0.723727005,0.788398810,0.818600770,0.711144860,0.667578574,0.692954140,0.625822588,0.635484769,0.763522728,0.717889170,0.638414696,0.669727105,0.745296523,0.717366350,0.601248895,0.503487925
stage5c2_041,0.619450328,0.771069582,0.676133829,0.695291540,0.465807627,0.502046618,0.678887229,0.605671964,0.477999959,0.420183139,0.514344271,0.504618188,0.766159626,0.466130064,0.576541309,0.474393430,0.784517308,0.686412825,0.386260822,0.403855102,0.376516040,0.399561505,0.556668236,0.561581700,0.576935454,0.707025604,0.426837442,0.411550076,0.504495162,0.568865925,0.602465565,0.739877859,0.544564533,0.590879054,0.368237355,0.365653354,0.613429827,0.582796948,1.000000000,0.669099491,0.309066321,0.693751214,0.454898515,0.591343106,0.569757599,0.643288565,0.387379985,0.555071335,0.570099991,0.675438746,0.528088094,0.666224667,0.463876809,0.717895711,0.548457596,0.540298565,0.615370798,0.680583797,0.460911706,0.539181324,0.440488751,0.375235941,0.722312844,0.453163352,0.591260358,0.470730314,0.668526157,0.600407464,0.580489531,0.532883281,0.441142657,0.619268104,0.576222324,0.663255282,0.700222607,0.658476559,0.444812497,0.540542718,0.701667775,0.445468619,0.574100829,0.337975146,0.700490401,0.556621345,0.518288942,0.693842417,0.697081568,0.768517232,0.629766660,0.508760612,0.634535380,0.491487129,0.508062542,0.672018297,0.637578145,0.824190688,0.634694270,0.545831195
stage5c2_042,0.803446755,0.808258634,0.860996471,0.743886428,0.517300495,0.714655990,0.790563763,0.782492665,0.458241589,0.570210227,0.616211613,0.464665260,0.731009842,0.708087601,0.700276991,0.405420932,0.852806373,0.792289418,0.579504867,0.511835747,0.486811156,0.557027827,0.659541834,0.622261649,0.683742013,0.843161516,0.537687176,0.603388637,0.554732807,0.694247521,0.601900267,0.698159246,0.681786212,0.736576745,0.568477457,0.540025816,0.664253345,0.589290775,0.669099491,1.000000000,0.349402936,0.713951395,0.612242548,0.758124315,0.696011573,0.653129130,0.532837539,0.630946419,0.661999676,0.812951513,0.614495813,0.658501762,0.605011078,0.788165918,0.445638056,0.643611989,0.782489479,0.660922048,0.519305198,0.565141718,0.567364117,0.588871578,0.702852033,0.611499764,0.575623177,0.414035062,0.715469233,0.783026979,0.770095749,0.579103146,0.586149019,0.748928500,0.649730895,0.836921694,0.697336230,0.780504560,0.598559208,0.607456155,0.750455081,0.623883210,0.780994152,0.368607619,0.538459522,0.634883598,0.649210234,0.810430434,0.777838617,0.695255194,0.840058005,0.528783790,0.798433119,0.702362444,0.687712680,0.866027546,0.783502122,0.686686441,0.603905416,0.634266450
stage5c2_043,0.426307861,0.407257457,0.501335617,0.494488820,0.624680723,0.487320615,0.347057020,0.480392451,0.590734063,0.757380170,0.567628708,0.522036985,0.384666810,0.612905077,0.472378141,0.560747278,0.377788427,0.417029129,0.539752388,0.744827844,0.542799417,0.592056603,0.392214517,0.723296919,0.402977008,0.484713987,0.518615881,0.545421750,0.636407787,0.451190473,0.537859899,0.410008589,0.519575616,0.515427598,0.595379449,0.603499468,0.456167743,0.448677446,0.309066321,0.349402936,1.000000000,0.445651331,0.569915307,0.449888716,0.566372128,0.504520652,0.609842453,0.570144907,0.488154730,0.403502450,0.445004626,0.599680546,0.645363115,0.490644435,0.455230519,0.578948023,0.456371085,0.492967145,0.612911048,0.518249609,0.562637605,0.544502161,0.474457980,0.599520303,0.539512371,0.658734640,0.437923386,0.512626465,0.524651254,0.625743079,0.645856530,0.543066903,0.546095956,0.494152238,0.467584708,0.370374510,0.626399480,0.617735467,0.510016597,0.472444862,0.360256991,0.563612779,0.371647295,0.577480494,0.572919665,0.528848558,0.505575933,0.415935826,0.446196982,0.609459573,0.446914036,0.618802789,0.524503527,0.465985234,0.500958356,0.365856131,0.499229586,0.581892887
stage5c2_044,0.630016085,0.802697688,0.735081060,0.704801738,0.611057551,0.514814402,0.727935007,0.669959649,0.535309311,0.506512574,0.542170309,0.415825984,0.770858691,0.639308811,0.618000997,0.435360381,0.795050829,0.627363684,0.523495172,0.605256329,0.532895136,0.522509626,0.590666516,0.645425275,0.601926587,0.743239749,0.545840612,0.459332739,0.580643685,0.773306974,0.670030716,0.764786874,0.649167229,0.689832196,0.484663776,0.480709715,0.555255053,0.609649284,0.693751214,0.713951395,0.445651331,1.000000000,0.486526820,0.746413512,0.731832630,0.612661140,0.472929132,0.667678360,0.692362526,0.847997417,0.611834297,0.764710898,0.578418537,0.735617314,0.555336846,0.693633156,0.700750352,0.777296312,0.577027880,0.497308322,0.531291777,0.469405324,0.657059420,0.588381998,0.664738731,0.477334419,0.688474366,0.685104135,0.645555296,0.726222546,0.584608466,0.735494706,0.719949122,0.710733905,0.864916435,0.770246422,0.538040122,0.670962861,0.664825556,0.482597032,0.637845049,0.440092059,0.561182370,0.574395123,0.677091198,0.749905016,0.738454875,0.667834821,0.768685515,0.620964648,0.660901528,0.608073842,0.557059455,0.709574255,0.671409910,0.627409389,0.514868967,0.674133218
stage5c2_045,0.631749294,0.547631493,0.700736955,0.726244336,0.704324005,0.669036919,0.541300408,0.653382495,0.636700131,0.653111427,0.835219424,0.642328785,0.473617626,0.643189373,0.499905592,0.691980889,0.598170137,0.658144648,0.671857725,0.681189102,0.702091878,0.770958554,0.655938572,0.718567527,0.478740083,0.617377537,0.686445315,0.579556750,0.676170874,0.438979871,0.647266878,0.621665198,0.777169672,0.728145398,0.796328859,0.769911672,0.677305422,0.582893105,0.454898515,0.612242548,0.569915307,0.486526820,1.000000000,0.643717061,0.738253691,0.578822149,0.674169686,0.481997928,0.413238543,0.476583248,0.315326297,0.680051446,0.595219632,0.544184589,0.496617553,0.693759479,0.538035285,0.569415867,0.700495595,0.730934475,0.714511665,0.806018121,0.582142804,0.603596684,0.653926821,0.649603158,0.708977322,0.618221391,0.531124970,0.565850293,0.754454291,0.719851285,0.634984895,0.707126963,0.584329996,0.531554576,0.756800195,0.702467790,0.588375109,0.476931531,0.451310257,0.520879166,0.587710159,0.686726583,0.613992247,0.692968199,0.561215843,0.582364918,0.535086248,0.621871186,0.591791181,0.606264593,0.830238537,0.746694866,0.715997318,0.552692801,0.539615103,0.514458922
stage5c2_046,0.786490950,0.688613742,0.822739447,0.806834510,0.654767420,0.697347712,0.719993824,0.800564353,0.651092866,0.597104346,0.722479868,0.514638311,0.714311792,0.664592751,0.633063058,0.485501494,0.803918773,0.781051733,0.572220856,0.618255511,0.600718706,0.648161270,0.812687071,0.672742306,0.535371613,0.795206029,0.551759709,0.645958770,0.672816953,0.749819712,0.602011114,0.758168468,0.771044961,0.782733664,0.708447439,0.647847313,0.707847140,0.708084175,0.591343106,0.758124315,0.449888716,0.746413512,0.643717061,1.000000000,0.795790211,0.684134359,0.572540001,0.621752631,0.718381038,0.744230376,0.594734053,0.701958588,0.702188541,0.741677779,0.416740617,0.835358538,0.721746942,0.665540018,0.648749992,0.566058896,0.582941006,0.705062216,0.629887632,0.710505219,0.621849143,0.443816893,0.768585177,0.806642776,0.730273973,0.726539399,0.629420037,0.889146654,0.668255583,0.804302545,0.744167393,0.828980853,0.717199105,0.690497485,0.724833886,0.582117631,0.765833321,0.451250878,0.565058226,0.754876467,0.741859776,0.836335322,0.834183954,0.669029446,0.795257354,0.535955759,0.783888710,0.612411814,0.802351252,0.759124269,0.822278991,0.646763279,0.581456595,0.691760125
stage5c2_047,0.644757922,0.738950413,0.775740043,0.843584337,0.870555257,0.686366319,0.728648342,0.731592719,0.801455576,0.659281443,0.826278674,0.626539011,0.747296653,0.692080974,0.614335807,0.677549217,0.754315947,0.680069671,0.673413450,0.788944134,0.715944280,0.823429542,0.721474575,0.829369504,0.539700050,0.729404471,0.778512762,0.644765205,0.726063624,0.731172632,0.774652773,0.755746101,0.838720598,0.865180013,0.783313274,0.734194950,0.728896191,0.724097342,0.569757599,0.696011573,0.566372128,0.731832630,0.738253691,0.795790211,1.000000000,0.661788566,0.686644858,0.688021792,0.678374587,0.690964417,0.546468501,0.831178962,0.731361685,0.701321345,0.613308121,0.887460344,0.701031614,0.801024326,0.763984743,0.694335562,0.738441838,0.816577132,0.673370349,0.778098916,0.848508924,0.683354890,0.694278988,0.711968697,0.706285941,0.811556861,0.840061724,0.895157907,0.802215883,0.750770732,0.845059332,0.727206286,0.747767491,0.796924393,0.681304381,0.563482241,0.597924874,0.605942461,0.588510276,0.763637988,0.818536023,0.787340816,0.792188137,0.680258112,0.734430013,0.787227634,0.747084436,0.707134326,0.795736466,0.708240987,0.775165659,0.597332535,0.624674584,0.678259813
stage5c2_048,0.713106530,0.676312332,0.730441536,0.730397565,0.611905363,0.618499027,0.596239845,0.702923252,0.559648594,0.625825965,0.655389680,0.614894191,0.692907307,0.637331673,0.721878398,0.571180791,0.747035880,0.706383890,0.505776195,0.606300646,0.501597408,0.551816474,0.572967910,0.679716084,0.614182794,0.760472235,0.498106934,0.583903943,0.647359585,0.689456263,0.713985142,0.643573840,0.651449900,0.629365464,0.581012316,0.510015423,0.596040308,0.578296306,0.643288565,0.653129130,0.504520652,0.612661140,0.578822149,0.684134359,0.661788566,1.000000000,0.727101296,0.667032063,0.628607157,0.692575969,0.597262551,0.694573839,0.665116429,0.811315365,0.547477927,0.650803752,0.720521881,0.619820206,0.626053358,0.609189045,0.664109801,0.514937420,0.800507121,0.623736951,0.641701000,0.594436993,0.671158797,0.705259280,0.759350273,0.682890979,0.582433108,0.785163448,0.569772847,0.718730339,0.626737299,0.608593666,0.688677080,0.680478446,0.764749763,0.667609003,0.606876339,0.562765046,0.553567346,0.650903959,0.627316754,0.757760297,0.782390743,0.659097229,0.686536682,0.564427628,0.690536249,0.653714235,0.642394549,0.703820415,0.757115518,0.625645185,0.651048449,0.690229607
stage5c2_049,0.589222204,0.531449295,0.664458928,0.587628538,0.658306470,0.540561273,0.457133690,0.541610376,0.510516663,0.604045753,0.683581180,0.610826103,0.472852341,0.592357712,0.602025009,0.515843125,0.554040740,0.548130784,0.530848579,0.698865329,0.611792111,0.647376332,0.455581275,0.663153448,0.394453580,0.585153433,0.677488789,0.477757310,0.528199066,0.598197109,0.669676030,0.464950235,0.681855757,0.661520383,0.662292229,0.572994030,0.599598336,0.416286961,0.387379985,0.532837539,0.609842453,0.472929132,0.674169686,0.572540001,0.686644858,0.727101296,1.000000000,0.530199228,0.436549641,0.540581202,0.388948296,0.600243171,0.581839722,0.548364525,0.544755213,0.632162898,0.515302608,0.553919203,0.691927179,0.588047602,0.755882092,0.612692361,0.635698933,0.568550863,0.588538398,0.576525682,0.553841069,0.571623713,0.563226932,0.573493724,0.737236225,0.701962063,0.618663350,0.588263216,0.556452030,0.426614101,0.615627291,0.584928365,0.560984625,0.517036496,0.398310943,0.714792929,0.454834192,0.536523729,0.545354183,0.593671699,0.603295370,0.467969476,0.559436881,0.596238551,0.524947272,0.636646967,0.639635540,0.573879031,0.570658538,0.392821537,0.483190141,0.558670988
stage5c2_050,0.680469908,0.693181766,0.674161064,0.721054233,0.605858976,0.563444566,0.658436258,0.748936921,0.639848926,0.587763522,0.523713988,0.389963307,0.745465088,0.695046791,0.644697163,0.523278249,0.711599359,0.677490076,0.485848423,0.602393514,0.403550443,0.498434493,0.527584647,0.712272723,0.797930480,0.776023592,0.432884780,0.715920842,0.719350128,0.749490659,0.617159717,0.651924053,0.620837647,0.553169616,0.526710737,0.559633018,0.543336484,0.549069531,0.555071335,0.630946419,0.570144907,0.667678360,0.481997928,0.621752631,0.688021792,0.667032063,0.530199228,1.000000000,0.880505671,0.727863917,0.780829001,0.714328992,0.661744783,0.788060806,0.444769069,0.640649896,0.820544584,0.673657329,0.501334563,0.436635448,0.520978252,0.497017736,0.706474968,0.775299060,0.647193257,0.505526138,0.573662152,0.767799094,0.790696938,0.726344927,0.523016534,0.721583695,0.609201886,0.719493553,0.625193773,0.725199585,0.582247008,0.746354530,0.796516355,0.660256102,0.755076318,0.414473854,0.535858206,0.615299482,0.624348070,0.698942401,0.780801984,0.689251170,0.664193236,0.568051200,0.776972085,0.637078749,0.477186619,0.650575185,0.715283624,0.658380467,0.786267880,0.833438983
stage5c2_051,0.688154165,0.693746210,0.676861054,0.697133518,0.540255392,0.563395589,0.723806783,0.798937922,0.628460970,0.532319412,0.498109115,0.347010649,0.797640147,0.662417817,0.637671782,0.444394562,0.766587410,0.687239533,0.426272200,0.510336442,0.351893157,0.470101784,0.555222121,0.684156689,0.767642425,0.807351591,0.394415307,0.687224756,0.682440204,0.738422335,0.544328471,0.655206370,0.526410139,0.558068040,0.479452032,0.530782556,0.524830215,0.597252149,0.570099991,0.661999676,0.488154730,0.692362526,0.413238543,0.718381038,0.678374587,0.628607157,0.436549641,0.880505671,1.000000000,0.743188196,0.858080747,0.715178489,0.654553580,0.813139553,0.378437875,0.694983740,0.854479185,0.645357385,0.454548201,0.385937972,0.445102253,0.513652603,0.622980409,0.803470791,0.597818918,0.450757089,0.580918869,0.801214021,0.855273640,0.744465339,0.494569716,0.725641603,0.548394819,0.757893003,0.636078591,0.822279949,0.589682800,0.723358139,0.815869220,0.624592383,0.874476058,0.362172833,0.502593373,0.624766340,0.663629800,0.758034968,0.806274223,0.764439217,0.764672823,0.505498711,0.835882788,0.588760968,0.505111937,0.630068121,0.736653227,0.687032237,0.772611780,0.844578586
stage5c2_052,0.719420310,0.833887587,0.783942444,0.726051128,0.554792224,0.619358365,0.743522119,0.710255051,0.507666771,0.528226321,0.520867856,0.414807990,0.850023667,0.675134373,0.683855269,0.380815016,0.846470092,0.754510388,0.537581220,0.544817445,0.477528756,0.512789753,0.600700679,0.623593634,0.649229584,0.859147961,0.511354278,0.562779542,0.587296798,0.836293255,0.625875342,0.698088406,0.608965867,0.690101557,0.472837940,0.460140308,0.592963275,0.593680168,0.675438746,0.812951513,0.403502450,0.847997417,0.476583248,0.744230376,0.690964417,0.692575969,0.540581202,0.727863917,0.743188196,1.000000000,0.718951954,0.719344364,0.627310585,0.818784501,0.490533423,0.663558049,0.795893166,0.767806906,0.538331112,0.485781159,0.550906231,0.466889416,0.744462060,0.621522949,0.612187764,0.444450136,0.672494915,0.733642781,0.757044189,0.669912469,0.551867711,0.746768593,0.708533943,0.746527947,0.790004879,0.725411521,0.562502093,0.650495874,0.749891094,0.583024638,0.740445626,0.452960394,0.571332247,0.601162146,0.664599130,0.772611321,0.783425442,0.668069019,0.828829160,0.582361878,0.768347063,0.681063682,0.551994945,0.734561356,0.726375977,0.645537592,0.580194634,0.716395447
stage5c2_053,0.575788935,0.678634490,0.564589133,0.577828926,0.446272640,0.517358369,0.619204141,0.685336416,0.480407528,0.528746738,0.439679703,0.326358939,0.714462546,0.590128834,0.660948657,0.356062029,0.644124978,0.613889108,0.370411417,0.434992730,0.314612873,0.404219346,0.397208298,0.575229303,0.722318646,0.737088691,0.343288039,0.616781564,0.587274752,0.665316282,0.470099175,0.534660846,0.446956413,0.493898743,0.393078189,0.414723148,0.478122915,0.454300242,0.528088094,0.614495813,0.445004626,0.611834297,0.315326297,0.594734053,0.546468501,0.597262551,0.388948296,0.780829001,0.858080747,0.718951954,1.000000000,0.598899596,0.598038649,0.755078093,0.284729297,0.567696741,0.805567581,0.554814457,0.371786933,0.311305523,0.341256512,0.375049321,0.634706651,0.701030781,0.461276201,0.386099200,0.462210441,0.647111381,0.814462123,0.651575517,0.396732770,0.597255422,0.443213963,0.658741073,0.526662422,0.665234604,0.552265797,0.588600791,0.762238088,0.649089711,0.754443496,0.311364855,0.355271665,0.567926473,0.566062558,0.677773760,0.708545555,0.667613936,0.757019920,0.419568015,0.720673697,0.579518183,0.402347530,0.540019773,0.592906881,0.557568865,0.614810681,0.800179933
stage5c2_054,0.674859329,0.761205810,0.776907523,0.776486014,0.773919496,0.661087791,0.682432234,0.740278812,0.737582704,0.656615687,0.699620374,0.580529175,0.776096937,0.719552625,0.607946115,0.688649909,0.753623609,0.664372388,0.607683291,0.743779671,0.593901863,0.712660905,0.661344420,0.824912662,0.639005841,0.735518445,0.658419536,0.656704561,0.738608897,0.683474620,0.739495701,0.762493793,0.676900516,0.729900029,0.623054104,0.665941470,0.655134319,0.759061429,0.666224667,0.658501762,0.599680546,0.764710898,0.680051446,0.701958588,0.831178962,0.694573839,0.600243171,0.714328992,0.715178489,0.719344364,0.598899596,1.000000000,0.701686223,0.743439618,0.730000024,0.800703624,0.723617409,0.845915206,0.685996164,0.659760496,0.728559504,0.655609446,0.768194494,0.754669694,0.850916328,0.756883097,0.751911618,0.762109172,0.751781106,0.746322800,0.784652577,0.797463031,0.811003699,0.772633592,0.847439856,0.763275871,0.695816746,0.766468484,0.747873273,0.565865314,0.624514347,0.567723657,0.707644369,0.722263100,0.764381550,0.791421586,0.741530237,0.783968280,0.733670161,0.814012073,0.745750108,0.737652090,0.663762742,0.748233503,0.766560871,0.717564285,0.680158996,0.727069496
stage5c2_055,0.568802742,0.609339851,0.651770609,0.743090790,0.713568150,0.727603208,0.655517520,0.668354558,0.706998683,0.791533619,0.696438362,0.615836864,0.672256833,0.699196766,0.731065710,0.608766160,0.621728773,0.637348944,0.640739351,0.769503703,0.563444585,0.631312112,0.691413910,0.771438977,0.576339502,0.738613190,0.562291958,0.742928755,0.757061149,0.661763993,0.629080656,0.611965715,0.676664689,0.639693089,0.653103422,0.605010281,0.688865732,0.715261570,0.463876809,0.605011078,0.645363115,0.578418537,0.595219632,0.702188541,0.731361685,0.665116429,0.581839722,0.661744783,0.654553580,0.627310585,0.598038649,0.701686223,1.000000000,0.673543359,0.438889136,0.770648603,0.679766530,0.654743850,0.639312892,0.698436904,0.598890160,0.609503287,0.664496241,0.746736878,0.676373968,0.634516859,0.629978296,0.666871266,0.710845319,0.792314034,0.670231288,0.760081378,0.624901301,0.640211409,0.623936319,0.621080991,0.734074927,0.792297850,0.644097752,0.753670781,0.551558057,0.604320211,0.483937688,0.791033985,0.869537822,0.750312220,0.732305434,0.621908986,0.642021531,0.616831065,0.757851714,0.740563548,0.653143382,0.602899796,0.696834027,0.553372063,0.594623776,0.643565454
stage5c2_056,0.744068980,0.805723434,0.771335014,0.822903776,0.587298097,0.663002848,0.755234849,0.832280857,0.631546249,0.618688749,0.638650403,0.516410186,0.821268903,0.682744373,0.710765414,0.528353748,0.848358258,0.769799014,0.536427021,0.583882707,0.466522470,0.556225697,0.618299828,0.730905392,0.753924236,0.878346772,0.467233631,0.685063148,0.738216667,0.742123939,0.693162447,0.738481518,0.654709159,0.696298224,0.568259221,0.565572240,0.622614866,0.642735314,0.717895711,0.788165918,0.490644435,0.735617314,0.544184589,0.741677779,0.701321345,0.811315365,0.548364525,0.788060806,0.813139553,0.818784501,0.755078093,0.743439618,0.673543359,1.000000000,0.450105870,0.706662004,0.850489850,0.689078636,0.529074749,0.525591478,0.548205920,0.558486018,0.755229060,0.725550049,0.658057124,0.562589595,0.681072463,0.786964366,0.841007522,0.774013340,0.566318821,0.787595715,0.606833503,0.779885365,0.696947501,0.749742765,0.700363396,0.730569877,0.858636906,0.671797312,0.807943525,0.413085835,0.574117276,0.737495998,0.676064537,0.846411081,0.827658650,0.769712059,0.807661555,0.574845227,0.810050172,0.687018335,0.636249595,0.757026848,0.838467000,0.727520923,0.733339983,0.799030158
stage5c2_057,0.488448186,0.606627598,0.570837720,0.504466139,0.597911978,0.419947632,0.491118246,0.411710906,0.483260541,0.431692709,0.458261586,0.487448311,0.564252457,0.403370072,0.441906682,0.579049680,0.538511301,0.471606252,0.354207195,0.582682573,0.507902189,0.502109925,0.402596067,0.628586891,0.395733641,0.467463431,0.619764260,0.318205189,0.385743803,0.572673309,0.649744124,0.527262747,0.461413264,0.497688008,0.418352323,0.391375097,0.488353037,0.501195359,0.548457596,0.445638056,0.455230519,0.555336846,0.496617553,0.416740617,0.613308121,0.547477927,0.544755213,0.444769069,0.378437875,0.490533423,0.284729297,0.730000024,0.438889136,0.450105870,1.000000000,0.531208696,0.436115564,0.697777148,0.654388450,0.611864651,0.700825065,0.433698006,0.610489895,0.455592909,0.708756434,0.596517027,0.571528424,0.495801926,0.406617947,0.499390890,0.643056945,0.561486341,0.707484052,0.555336693,0.713353768,0.480700469,0.417928473,0.501256324,0.454620512,0.323510393,0.295783746,0.634890008,0.622881934,0.451032351,0.547009837,0.470501563,0.534448146,0.575697853,0.479191619,0.736794423,0.478381052,0.508122729,0.471229500,0.532438787,0.448508689,0.497061318,0.436927904,0.436540706
stage5c2_058,0.651292646,0.684757835,0.752539270,0.843802025,0.846075072,0.660835091,0.704072480,0.745051881,0.853562665,0.667376882,0.769976886,0.563675904,0.721696250,0.629354680,0.579219313,0.650184796,0.734648339,0.707295075,0.599743046,0.758676469,0.649377473,0.760764489,0.723117021,0.815988279,0.526947979,0.740068557,0.682144707,0.672245111,0.771613723,0.713344652,0.661842473,0.730266444,0.782448178,0.821001253,0.793929423,0.756574224,0.677267264,0.711682187,0.540298565,0.643611989,0.578948023,0.693633156,0.693759479,0.835358538,0.887460344,0.650803752,0.632162898,0.640649896,0.694983740,0.663558049,0.567696741,0.800703624,0.770648603,0.706662004,0.531208696,1.000000000,0.695938189,0.734369629,0.758729346,0.635058394,0.695968619,0.820587149,0.604391636,0.811902233,0.766378904,0.632237020,0.691367505,0.717083064,0.718733718,0.813473904,0.785127299,0.893102399,0.726134039,0.735953829,0.771119140,0.720791487,0.779597338,0.781026767,0.693009892,0.533575159,0.621029761,0.617933118,0.562414215,0.798311546,0.793878268,0.799315733,0.801068865,0.674323813,0.726016865,0.709494670,0.731676769,0.648821331,0.814810698,0.683686467,0.775953227,0.559960646,0.626493904,0.705920292
stage5c2_059,0.746823393,0.826855732,0.737397864,0.737811876,0.569881167,0.629134913,0.767182106,0.831238342,0.588999748,0.612191122,0.581275719,0.434273986,0.801889327,0.717801535,0.726252710,0.463308034,0.824093856,0.735851367,0.548957251,0.565448443,0.412381872,0.554914453,0.582525874,0.676732257,0.852394579,0.885304702,0.485619435,0.705519569,0.718445942,0.749365807,0.642822277,0.669413971,0.621183197,0.662094671,0.560829403,0.620137451,0.564661922,0.581339176,0.615370798,0.782489479,0.456371085,0.700750352,0.538035285,0.721746942,0.701031614,0.720521881,0.515302608,0.820544584,0.854479185,0.795893166,0.805567581,0.723617409,0.679766530,0.850489850,0.436115564,0.695938189,1.000000000,0.699095190,0.503014979,0.467179128,0.533486516,0.562177233,0.710298825,0.735709931,0.636129210,0.511975478,0.609090411,0.819698764,0.852702828,0.703907508,0.558720313,0.788857406,0.598092346,0.786104859,0.680475563,0.786648455,0.643875878,0.696262105,0.819314448,0.691591852,0.842648302,0.429807147,0.507909843,0.629321431,0.664043768,0.831018178,0.839739424,0.723669220,0.804978323,0.549636554,0.859522469,0.662793360,0.604424691,0.727245702,0.801989670,0.685921236,0.726187559,0.845134340
stage5c2_060,0.597051632,0.808264129,0.723327847,0.724631381,0.710949231,0.589599639,0.733559748,0.638407261,0.682946144,0.579860763,0.597814015,0.505065430,0.847310180,0.627891468,0.590739911,0.558401869,0.764233211,0.654126890,0.572307651,0.658180586,0.532747792,0.636705585,0.642027901,0.720027877,0.580315331,0.738592000,0.655813777,0.560448374,0.621804032,0.743767217,0.687726424,0.739298399,0.656500193,0.720595198,0.562152961,0.566997474,0.637832536,0.695500604,0.680583797,0.660922048,0.492967145,0.777296312,0.569415867,0.665540018,0.801024326,0.619820206,0.553919203,0.673657329,0.645357385,0.767806906,0.554814457,0.845915206,0.654743850,0.689078636,0.697777148,0.734369629,0.699095190,1.000000000,0.649865339,0.599791191,0.661099052,0.570906742,0.726992383,0.658522957,0.775478186,0.627182083,0.651237510,0.647248052,0.643381635,0.684497342,0.729209285,0.773404280,0.894239236,0.676835699,0.919201936,0.720375712,0.558996301,0.666146438,0.620515024,0.513230279,0.573610828,0.531079024,0.646486277,0.631033899,0.762077711,0.751145061,0.727311257,0.697844493,0.677991139,0.841509129,0.720380095,0.666618969,0.601369571,0.663684879,0.702499921,0.662632128,0.593320864,0.682949151
stage5c2_061,0.597123276,0.586995482,0.677815419,0.690646499,0.819535948,0.608391061,0.572863936,0.514284392,0.644420952,0.626392912,0.704772185,0.636647016,0.546059470,0.529060647,0.539869324,0.651735822,0.589449514,0.667230766,0.490245537,0.787419758,0.835072160,0.693733413,0.577422706,0.698949867,0.375222025,0.575680627,0.757835097,0.481084408,0.548978724,0.594232762,0.649081768,0.570169621,0.683480383,0.723352190,0.720775922,0.537694535,0.646584299,0.578265194,0.460911706,0.519305198,0.612911048,0.577027880,0.700495595,0.648749992,0.763984743,0.626053358,0.691927179,0.501334563,0.454548201,0.538331112,0.371786933,0.685996164,0.639312892,0.529074749,0.654388450,0.758729346,0.503014979,0.649865339,1.000000000,0.734135574,0.723180796,0.671581723,0.581977058,0.574806045,0.676042940,0.646962522,0.677689810,0.556871626,0.528148399,0.650306080,0.772244112,0.750646367,0.731949100,0.671199747,0.705253610,0.526675137,0.639526629,0.658612877,0.525473453,0.463746231,0.399279324,0.732865215,0.550017082,0.650879767,0.690512465,0.639346852,0.665826914,0.528274862,0.597765516,0.666915553,0.598481464,0.642476344,0.703652742,0.595602753,0.571612455,0.433355516,0.427075889,0.551056972
stage5c2_062,0.501184414,0.565988905,0.623051961,0.675127275,0.702296064,0.774879973,0.608655983,0.501458332,0.636030500,0.654117361,0.775979595,0.672819749,0.505602116,0.620776383,0.572540921,0.636718162,0.553566747,0.612868249,0.663722453,0.672500194,0.752329652,0.665451355,0.693401813,0.731954640,0.375666836,0.555947899,0.664939951,0.596169146,0.574228968,0.520634384,0.663622006,0.699052177,0.690134931,0.665121043,0.676090912,0.538654177,0.772488107,0.715209465,0.539181324,0.565141718,0.518249609,0.497308322,0.730934475,0.566058896,0.694335562,0.609189045,0.588047602,0.436635448,0.385937972,0.485781159,0.311305523,0.659760496,0.698436904,0.525591478,0.611864651,0.635058394,0.467179128,0.599791191,0.734135574,1.000000000,0.648580875,0.619674558,0.654687264,0.528205648,0.696641986,0.609416439,0.678832679,0.528050210,0.505782432,0.586239481,0.671671595,0.641152097,0.641791108,0.615367064,0.616641422,0.525420763,0.672284764,0.686696278,0.507370481,0.569494030,0.354650826,0.594442103,0.605807084,0.734256564,0.736468750,0.624446779,0.595762233,0.609370248,0.546697083,0.593585565,0.627083771,0.704855495,0.697529922,0.649563190,0.598216449,0.588252032,0.435717392,0.377465627
stage5c2_063,0.649131195,0.569314609,0.721168280,0.676062192,0.721858369,0.580245743,0.497992411,0.593238704,0.624881055,0.565089349,0.642997710,0.543930226,0.559740756,0.578345965,0.572414039,0.641843262,0.598872585,0.576335740,0.548532132,0.704801522,0.621170234,0.651797755,0.555925345,0.718648237,0.440130894,0.589732636,0.664024272,0.496631007,0.536679008,0.579423748,0.652373482,0.541130023,0.628103656,0.683602426,0.692038477,0.635035723,0.552491752,0.571649008,0.440488751,0.567364117,0.562637605,0.531291777,0.714511665,0.582941006,0.738441838,0.664109801,0.755882092,0.520978252,0.445102253,0.550906231,0.341256512,0.728559504,0.598890160,0.548205920,0.700825065,0.695968619,0.533486516,0.661099052,0.723180796,0.648580875,1.000000000,0.685455250,0.637254069,0.606870963,0.728917696,0.615220519,0.661528658,0.645820656,0.566374276,0.581179943,0.783698511,0.725824268,0.705592140,0.669523795,0.658527913,0.504907506,0.606883500,0.669029187,0.558122618,0.475462042,0.402045677,0.747751501,0.594146501,0.595311195,0.611492747,0.613586631,0.617803091,0.542993815,0.552513675,0.712668407,0.587994705,0.626646144,0.665253743,0.630341281,0.644406312,0.465912478,0.562854717,0.518638229
stage5c2_064,0.581847108,0.532961625,0.678288775,0.734271334,0.752589640,0.658999801,0.570219984,0.674879229,0.751943016,0.614454603,0.821228294,0.554403300,0.510010234,0.598459690,0.442657727,0.628516571,0.589737538,0.605635710,0.666584774,0.682116765,0.682118120,0.847021100,0.665827326,0.759006054,0.423216478,0.599696921,0.720463262,0.618067827,0.713572411,0.509941919,0.566253454,0.602686489,0.768863739,0.797453417,0.859200896,0.831235755,0.624047908,0.641937377,0.375235941,0.588871578,0.544502161,0.469405324,0.806018121,0.705062216,0.816577132,0.514937420,0.612692361,0.497017736,0.513652603,0.466889416,0.375049321,0.655609446,0.609503287,0.558486018,0.433698006,0.820587149,0.562177233,0.570906742,0.671581723,0.619674558,0.685455250,1.000000000,0.487459251,0.733919877,0.670235117,0.604498919,0.609043412,0.626496897,0.589801259,0.647798184,0.798214440,0.757341383,0.622662398,0.647128483,0.616213691,0.583623041,0.784783371,0.686937276,0.576849077,0.411701681,0.494766837,0.496230579,0.478214329,0.733748046,0.673802312,0.685693591,0.646626590,0.563708020,0.576111422,0.652718276,0.631342345,0.608654726,0.876071302,0.643439909,0.714776078,0.481757638,0.565503689,0.546732854
stage5c2_065,0.665257692,0.729103939,0.723282716,0.732324829,0.619795157,0.676046675,0.673310166,0.686934878,0.542188657,0.613308527,0.617616951,0.636350342,0.747678598,0.669495379,0.711705110,0.600685485,0.723204104,0.710508280,0.551908585,0.606955425,0.514978305,0.563915580,0.587416163,0.695221366,0.678790668,0.750010053,0.522237107,0.607422613,0.620190480,0.717989767,0.700344280,0.699561325,0.649936432,0.653490398,0.507541610,0.529333627,0.655592446,0.632213562,0.722312844,0.702852033,0.474457980,0.657059420,0.582142804,0.629887632,0.673370349,0.800507121,0.635698933,0.706474968,0.622980409,0.744462060,0.634706651,0.768194494,0.664496241,0.755229060,0.610489895,0.604391636,0.710298825,0.726992383,0.581977058,0.654687264,0.637254069,0.487459251,1.000000000,0.624905472,0.720479612,0.584443641,0.730395986,0.728754806,0.720224431,0.637741822,0.583012606,0.731335761,0.662928120,0.731742856,0.703538906,0.654305721,0.618997647,0.654854582,0.741941650,0.645304167,0.578758087,0.477552469,0.657059113,0.668172245,0.655549419,0.732317478,0.753778143,0.748064883,0.700728376,0.651707997,0.736188115,0.724492080,0.557585523,0.704129729,0.725208933,0.749836398,0.651328722,0.707818923
stage5c2_066,0.587030363,0.608487086,0.689281298,0.733626528,0.708860893,0.658405960,0.609305347,0.811617148,0.774776437,0.654149230,0.674200896,0.469487954,0.668037363,0.684187965,0.575512046,0.601540898,0.634010930,0.639296697,0.558473653,0.689733878,0.504517333,0.690978265,0.592393359,0.819434029,0.638810925,0.741476315,0.569897915,0.739274429,0.776605555,0.672482103,0.608305753,0.662363092,0.686706828,0.683439196,0.670608509,0.712587735,0.596633459,0.624892913,0.453163352,0.611499764,0.599520303,0.588381998,0.603596684,0.710505219,0.778098916,0.623736951,0.568550863,0.775299060,0.803470791,0.621522949,0.701030781,0.754669694,0.746736878,0.725550049,0.455592909,0.811902233,0.735709931,0.658522957,0.574806045,0.528205648,0.606870963,0.733919877,0.624905472,1.000000000,0.694698282,0.591272801,0.591179812,0.752596850,0.794181954,0.798927972,0.687552465,0.774868625,0.622804065,0.700884107,0.635905281,0.705417756,0.748361326,0.782252341,0.741725894,0.576583094,0.724721734,0.466599447,0.465829445,0.784706072,0.729593439,0.733340997,0.740454562,0.704599836,0.685405314,0.641644470,0.757127508,0.651204852,0.673159839,0.631051267,0.751285454,0.572045274,0.688002964,0.767572439
stage5c2_067,0.521586202,0.702580494,0.654876997,0.793402929,0.831299450,0.643189985,0.704833371,0.660341821,0.769142377,0.620803221,0.694664709,0.645064680,0.693657571,0.616797754,0.515605472,0.789276746,0.663980164,0.616081658,0.599634407,0.744946808,0.586329650,0.728357170,0.591982250,0.823942460,0.547879852,0.634051748,0.661660784,0.578588197,0.684475684,0.639545418,0.801483988,0.729346612,0.649341717,0.731360503,0.603530886,0.643430657,0.613510020,0.695945970,0.591260358,0.575623177,0.539512371,0.664738731,0.653926821,0.621849143,0.848508924,0.641701000,0.588538398,0.647193257,0.597818918,0.612187764,0.461276201,0.850916328,0.676373968,0.658057124,0.708756434,0.766378904,0.636129210,0.775478186,0.676042940,0.696641986,0.728917696,0.670235117,0.720479612,0.694698282,1.000000000,0.764471912,0.698294811,0.625106442,0.633949034,0.772757482,0.752584451,0.765461072,0.731500558,0.675024963,0.774644674,0.617322992,0.661787265,0.787918886,0.650828582,0.464204792,0.474260460,0.566988578,0.680658248,0.689454041,0.737346950,0.688810917,0.701893623,0.685264144,0.636856748,0.802099333,0.656643671,0.675125594,0.652601198,0.652715655,0.712029945,0.618785215,0.609919750,0.649448738
stage5c2_068,0.389651943,0.536341699,0.517556077,0.614320458,0.715581201,0.504067188,0.471390152,0.525085191,0.656849509,0.660148658,0.656682791,0.689157520,0.529643833,0.526368421,0.440886095,0.769921663,0.490528247,0.460024728,0.527467093,0.745882556,0.556167051,0.749283146,0.409391832,0.735899935,0.437694573,0.531945580,0.615348188,0.481532873,0.664257122,0.459515627,0.756632861,0.510093874,0.520475027,0.582303622,0.535965663,0.568426579,0.504045803,0.569115314,0.470730314,0.414035062,0.658734640,0.477334419,0.649603158,0.443816893,0.683354890,0.594436993,0.576525682,0.505526138,0.450757089,0.444450136,0.386099200,0.756883097,0.634516859,0.562589595,0.596517027,0.632237020,0.511975478,0.627182083,0.646962522,0.609416439,0.615220519,0.604498919,0.584443641,0.591272801,0.764471912,1.000000000,0.518517356,0.458697079,0.533938752,0.682051239,0.759299768,0.597437856,0.611538384,0.519695269,0.605077060,0.409287718,0.680898429,0.675792375,0.586140300,0.398538145,0.342686758,0.590283113,0.522147506,0.604039785,0.631080024,0.611373420,0.524222863,0.555930441,0.481035697,0.741909017,0.490874296,0.605386799,0.568590550,0.479190116,0.549689872,0.481877493,0.503554440,0.573830605
stage5c2_069,0.767319976,0.657080229,0.787519786,0.760711294,0.643305212,0.786608257,0.697577862,0.752520980,0.555080108,0.533188024,0.681963061,0.574227936,0.640158782,0.695505892,0.600261709,0.632626105,0.759627082,0.829770610,0.557226170,0.588426808,0.598880112,0.588734706,0.775130540,0.687806273,0.602900391,0.705714490,0.537730445,0.621548429,0.610779739,0.591972753,0.625839326,0.766382440,0.668436097,0.682530235,0.573643898,0.562767151,0.741248734,0.766254072,0.668526157,0.715469233,0.437923386,0.688474366,0.708977322,0.768585177,0.694278988,0.671158797,0.553841069,0.573662152,0.580918869,0.672494915,0.462210441,0.751911618,0.629978296,0.681072463,0.571528424,0.691367505,0.609090411,0.651237510,0.677689810,0.678832679,0.661528658,0.609043412,0.730395986,0.591179812,0.698294811,0.518517356,1.000000000,0.762011878,0.671247225,0.608218616,0.601766794,0.746219099,0.665579622,0.855964275,0.720175576,0.753825161,0.639255672,0.738310817,0.723399475,0.560613418,0.614121595,0.473083002,0.774591888,0.709293998,0.683720493,0.771355662,0.712211005,0.756865390,0.726654944,0.599058556,0.754452687,0.691884327,0.699532286,0.822528084,0.769298020,0.768941379,0.597163375,0.587239174
stage5c2_070,0.862456625,0.707694387,0.841087343,0.765462045,0.577496035,0.701367808,0.670215968,0.894853808,0.595649179,0.577972405,0.624904997,0.453712746,0.719286140,0.758810611,0.684707516,0.505246043,0.803400938,0.733682954,0.553924874,0.584293313,0.488469788,0.562663070,0.725612103,0.734618156,0.766595256,0.799523788,0.484746750,0.730227485,0.690698678,0.709040699,0.572385814,0.693259731,0.681733912,0.666019635,0.621078792,0.644149719,0.611584833,0.679569132,0.600407464,0.783026979,0.512626465,0.685104135,0.618221391,0.806642776,0.711968697,0.705259280,0.571623713,0.767799094,0.801214021,0.733642781,0.647111381,0.762109172,0.666871266,0.786964366,0.495801926,0.717083064,0.819698764,0.647248052,0.556871626,0.528050210,0.645820656,0.626496897,0.728754806,0.752596850,0.625106442,0.458697079,0.762011878,1.000000000,0.819533835,0.655243484,0.611343042,0.818546294,0.624715274,0.862141768,0.677027910,0.851561605,0.663015119,0.711956521,0.806809107,0.656051400,0.843285725,0.451139366,0.626034255,0.689581204,0.663235142,0.811556769,0.836947303,0.747468850,0.789907639,0.579091948,0.865879584,0.665215052,0.649727656,0.802713828,0.850153380,0.748711299,0.769418291,0.765854113
stage5c2_071,0.743970422,0.731840359,0.787907108,0.721357015,0.595729875,0.726965267,0.699885288,0.861753665,0.593297125,0.648776188,0.626054403,0.484227593,0.746419758,0.793705541,0.704056165,0.511836461,0.778197511,0.738034744,0.564561678,0.592070448,0.462562049,0.584233965,0.614618642,0.723918182,0.773247741,0.828816919,0.486897221,0.764190216,0.718619191,0.684530607,0.603022067,0.651823980,0.615550933,0.673386074,0.583583862,0.584588818,0.624156367,0.646889990,0.580489531,0.770095749,0.524651254,0.645555296,0.531124970,0.730273973,0.706285941,0.759350273,0.563226932,0.790696938,0.855273640,0.757044189,0.814462123,0.751781106,0.710845319,0.841007522,0.406617947,0.718733718,0.852702828,0.643381635,0.528148399,0.505782432,0.566374276,0.589801259,0.720224431,0.794181954,0.633949034,0.533938752,0.671247225,0.819533835,1.000000000,0.709782200,0.601000516,0.773378798,0.592156174,0.817542310,0.638326151,0.787610286,0.698812158,0.746236896,0.862376793,0.704328576,0.824454123,0.435398226,0.497704224,0.714799640,0.694290754,0.826215839,0.788906671,0.766519804,0.844879393,0.558525933,0.841610296,0.752183151,0.618089718,0.756981506,0.799625080,0.684596818,0.739116606,0.800977799
stage5c2_072,0.523703293,0.672742294,0.642163501,0.795159500,0.766774284,0.609795848,0.691830218,0.709161833,0.769254759,0.672514167,0.682284571,0.604660249,0.730606916,0.640252455,0.658199650,0.673302905,0.663918613,0.617729799,0.549363512,0.766256234,0.564165795,0.679475960,0.562257264,0.820963137,0.590526319,0.749576935,0.584596725,0.613694876,0.789915427,0.698530709,0.721471271,0.694153569,0.694705124,0.690667504,0.627108484,0.621400423,0.595838592,0.640103881,0.532883281,0.579103146,0.625743079,0.726222546,0.565850293,0.726539399,0.811556861,0.682890979,0.573493724,0.726344927,0.744465339,0.669912469,0.651575517,0.746322800,0.792314034,0.774013340,0.499390890,0.813473904,0.703907508,0.684497342,0.650306080,0.586239481,0.581179943,0.647798184,0.637741822,0.798927972,0.772757482,0.682051239,0.608218616,0.655243484,0.709782200,1.000000000,0.668127998,0.799173920,0.622153501,0.675956406,0.714300551,0.634846622,0.757947777,0.851620980,0.724272789,0.587766142,0.593744702,0.564554416,0.501951225,0.783652793,0.772042041,0.751575305,0.757016808,0.662226855,0.679598435,0.671048579,0.690076686,0.675474027,0.652167014,0.586501796,0.723203364,0.571494816,0.632405584,0.729403217
stage5c2_073,0.556170354,0.615472746,0.713324456,0.680900240,0.791195573,0.623701669,0.561579180,0.609596685,0.694709252,0.685048934,0.774263575,0.630367568,0.572635563,0.622093469,0.540063969,0.665501555,0.599589135,0.528042635,0.600348264,0.808543526,0.743585347,0.846655329,0.561991714,0.775966100,0.434156569,0.599586352,0.841392810,0.563368358,0.629581534,0.555153681,0.685439034,0.564894180,0.706902888,0.785534406,0.723631011,0.686861475,0.624907246,0.623532277,0.441142657,0.586149019,0.645856530,0.584608466,0.754454291,0.629420037,0.840061724,0.582433108,0.737236225,0.523016534,0.494569716,0.551867711,0.396732770,0.784652577,0.670231288,0.566318821,0.643056945,0.785127299,0.558720313,0.729209285,0.772244112,0.671671595,0.783698511,0.798214440,0.583012606,0.687552465,0.752584451,0.759299768,0.601766794,0.611343042,0.601000516,0.668127998,1.000000000,0.735413100,0.791932400,0.630178676,0.751132688,0.561588691,0.727542631,0.685433969,0.581464328,0.466374856,0.425239263,0.657812463,0.515211660,0.686240905,0.751165363,0.705298350,0.619428125,0.569753256,0.635921626,0.825015564,0.611764156,0.698110168,0.739126921,0.617476225,0.626251545,0.451982712,0.503876822,0.575076763
stage5c2_074,0.764810780,0.753552692,0.828461709,0.882974670,0.803796774,0.693075464,0.743352324,0.803073089,0.755777456,0.662326850,0.770977603,0.579534338,0.777521244,0.705280294,0.690398317,0.611189120,0.832116716,0.776353770,0.643168509,0.737210834,0.620409028,0.715075393,0.761788576,0.777026835,0.614806112,0.828805634,0.650131758,0.678965258,0.757656604,0.768111379,0.721944945,0.764728458,0.826108287,0.823494986,0.780601683,0.723351543,0.694968291,0.688312666,0.619268104,0.748928500,0.543066903,0.735494706,0.719851285,0.889146654,0.895157907,0.785163448,0.701962063,0.721583695,0.725641603,0.746768593,0.597255422,0.797463031,0.760081378,0.787595715,0.561486341,0.893102399,0.788857406,0.773404280,0.750646367,0.641152097,0.725824268,0.757341383,0.731335761,0.774868625,0.765461072,0.597437856,0.746219099,0.818546294,0.773378798,0.799173920,0.735413100,1.000000000,0.746179140,0.818927184,0.803035888,0.778663419,0.741121308,0.765109982,0.746951512,0.649335603,0.706139786,0.608078458,0.607442013,0.759109871,0.775051820,0.833916269,0.882672364,0.690129051,0.769645915,0.696552905,0.802222588,0.688069160,0.812091220,0.762859845,0.868315762,0.652664960,0.688906009,0.763252870
stage5c2_075,0.632924920,0.712469207,0.761333747,0.688135975,0.751360358,0.608487768,0.643249624,0.603510494,0.653534957,0.607258649,0.648257850,0.523588881,0.697926824,0.626605758,0.538092486,0.562876996,0.680243184,0.633908597,0.606640658,0.711861382,0.663456595,0.659851669,0.649493802,0.693911032,0.466822810,0.658802771,0.734773227,0.566680639,0.577642942,0.716171499,0.667997517,0.681255292,0.681530138,0.765278035,0.625630115,0.577555814,0.696553439,0.672838450,0.576222324,0.649730895,0.546095956,0.719949122,0.634984895,0.668255583,0.802215883,0.569772847,0.618663350,0.609201886,0.548394819,0.708533943,0.443213963,0.811003699,0.624901301,0.606833503,0.707484052,0.726134039,0.598092346,0.894239236,0.731949100,0.641791108,0.705592140,0.622662398,0.662928120,0.622804065,0.731500558,0.611538384,0.665579622,0.624715274,0.592156174,0.622153501,0.791932400,0.746179140,1.000000000,0.655676325,0.893500657,0.651064105,0.553651035,0.629304883,0.552248008,0.503247751,0.523125912,0.561830395,0.627435777,0.620641123,0.733308843,0.678184315,0.680958692,0.614156859,0.638349218,0.833196991,0.668458397,0.677918220,0.639807029,0.672474880,0.674559357,0.586207617,0.522402195,0.599563580
stage5c2_076,0.861298665,0.752702310,0.866966334,0.803448756,0.664341767,0.758699061,0.763648306,0.845425397,0.574981370,0.577625127,0.669566430,0.527670473,0.732387892,0.717864797,0.707880803,0.595449467,0.831858675,0.862855602,0.532329684,0.611495711,0.588956067,0.624642392,0.709146892,0.737449616,0.746202034,0.830385675,0.559023978,0.663765969,0.647896016,0.668322740,0.633070893,0.748806233,0.703315583,0.709732473,0.634179986,0.590906384,0.702253698,0.677161825,0.663255282,0.836921694,0.494152238,0.710733905,0.707126963,0.804302545,0.750770732,0.718730339,0.588263216,0.719493553,0.757893003,0.746527947,0.658741073,0.772633592,0.640211409,0.779885365,0.555336693,0.735953829,0.786104859,0.676835699,0.671199747,0.615367064,0.669523795,0.647128483,0.731742856,0.700884107,0.675024963,0.519695269,0.855964275,0.862141768,0.817542310,0.675956406,0.630178676,0.818927184,0.655676325,1.000000000,0.704064400,0.839973034,0.687498039,0.742356735,0.838289329,0.642159608,0.799871662,0.492048130,0.701192827,0.714279958,0.687160267,0.832587480,0.825222984,0.804082743,0.836101469,0.586471592,0.854252060,0.713545931,0.723919562,0.870386428,0.812401401,0.761810427,0.706426896,0.729419637
stage5c2_077,0.623731874,0.806366896,0.770407122,0.751524538,0.737299109,0.604906400,0.749032903,0.656087785,0.659269889,0.560065454,0.642665602,0.537057037,0.808562999,0.621478892,0.583112380,0.539267316,0.792328522,0.659544392,0.579036817,0.672861374,0.613165206,0.651269027,0.686120257,0.701455456,0.534739894,0.723067049,0.726144520,0.526342544,0.612662774,0.769048215,0.720427948,0.768040376,0.697385664,0.786067012,0.589662391,0.564410950,0.663356487,0.729673814,0.700222607,0.697336230,0.467584708,0.864916435,0.584329996,0.744167393,0.845059332,0.626737299,0.556452030,0.625193773,0.636078591,0.790004879,0.526662422,0.847439856,0.623936319,0.696947501,0.713353768,0.771119140,0.680475563,0.919201936,0.705253610,0.616641422,0.658527913,0.616213691,0.703538906,0.635905281,0.774644674,0.605077060,0.720175576,0.677027910,0.638326151,0.714300551,0.751132688,0.803035888,0.893500657,0.704064400,1.000000000,0.743320066,0.580990020,0.675746220,0.623775501,0.503332566,0.584944866,0.529245068,0.665947415,0.641884174,0.779467196,0.754167796,0.759192416,0.690418023,0.745230596,0.820981896,0.712218432,0.663722617,0.656450052,0.698764476,0.719422588,0.646422200,0.551803489,0.645737213
stage5c2_078,0.775233489,0.772635179,0.780271333,0.730957444,0.566015298,0.670083957,0.779730220,0.825806333,0.583897031,0.498313543,0.598822118,0.388513262,0.757095988,0.704748701,0.627789249,0.428248729,0.820002706,0.750343366,0.513432412,0.520630861,0.479348928,0.537628147,0.766228994,0.690425467,0.711596567,0.771312986,0.491231384,0.697971520,0.648695649,0.713810886,0.580378594,0.795643220,0.683429215,0.641655282,0.563650434,0.576121001,0.676711495,0.717265276,0.658476559,0.780504560,0.370374510,0.770246422,0.531554576,0.828980853,0.727206286,0.608593666,0.426614101,0.725199585,0.822279949,0.725411521,0.665234604,0.763275871,0.621080991,0.749742765,0.480700469,0.720791487,0.786648455,0.720375712,0.526675137,0.525420763,0.504907506,0.583623041,0.654305721,0.705417756,0.617322992,0.409287718,0.753825161,0.851561605,0.787610286,0.634846622,0.561588691,0.778663419,0.651064105,0.839973034,0.743320066,1.000000000,0.604978996,0.686563127,0.748075712,0.615562605,0.832474066,0.331660682,0.610170272,0.685555760,0.727214773,0.824633562,0.813580134,0.807625155,0.813569271,0.541064784,0.858759885,0.619153739,0.628485254,0.786173546,0.778604034,0.759588401,0.668044320,0.718939185
stage5c2_079,0.579171046,0.591530796,0.647482609,0.734586370,0.724064134,0.717618545,0.581277261,0.718850112,0.704900259,0.747890726,0.828397436,0.682898255,0.573243372,0.685788656,0.631774705,0.682114498,0.606701704,0.645940067,0.628953548,0.725272521,0.682588738,0.805564015,0.632937150,0.791719764,0.564358681,0.677158211,0.633788068,0.685411002,0.807027705,0.544306942,0.654446153,0.651452044,0.774598293,0.692035354,0.748570681,0.738763792,0.637177790,0.638710191,0.444812497,0.598559208,0.626399480,0.538040122,0.756800195,0.717199105,0.747767491,0.688677080,0.615627291,0.582247008,0.589682800,0.562502093,0.552265797,0.695816746,0.734074927,0.700363396,0.417928473,0.779597338,0.643875878,0.558996301,0.639526629,0.672284764,0.606883500,0.784783371,0.618997647,0.748361326,0.661787265,0.680898429,0.639255672,0.663015119,0.698812158,0.757947777,0.727542631,0.741121308,0.553651035,0.687498039,0.580990020,0.604978996,1.000000000,0.782038522,0.694374571,0.582879876,0.544040413,0.496995817,0.474521697,0.828431719,0.744153383,0.790041743,0.670669566,0.642125150,0.694863287,0.608471850,0.678842057,0.698275541,0.803868925,0.677520322,0.728516422,0.539883086,0.573603472,0.655034309
stage5c2_080,0.600643699,0.671583993,0.676916309,0.800670255,0.775388523,0.707622008,0.704812263,0.757357559,0.758272597,0.668077189,0.760644273,0.608042328,0.674351125,0.755931981,0.616885391,0.737229486,0.691779210,0.687659080,0.662629792,0.733667450,0.614277807,0.689874676,0.661807241,0.859253251,0.664259523,0.736985436,0.604596618,0.685446987,0.818835354,0.644642930,0.718684802,0.753620613,0.717711942,0.654035496,0.660771548,0.694115603,0.695514449,0.719136385,0.540542718,0.607456155,0.617735467,0.670962861,0.702467790,0.690497485,0.796924393,0.680478446,0.584928365,0.746354530,0.723358139,0.650495874,0.588600791,0.766468484,0.792297850,0.730569877,0.501256324,0.781026767,0.696262105,0.666146438,0.658612877,0.686696278,0.669029187,0.686937276,0.654854582,0.782252341,0.787918886,0.675792375,0.738310817,0.711956521,0.746236896,0.851620980,0.685433969,0.765109982,0.629304883,0.742356735,0.675746220,0.686563127,0.782038522,1.000000000,0.743955703,0.620645102,0.584434141,0.565265090,0.599243295,0.780918639,0.769010198,0.776354399,0.710202394,0.766627622,0.662137521,0.680608430,0.740454295,0.713197589,0.669393182,0.707868821,0.758649414,0.681726370,0.694630581,0.680860421
stage5c2_081,0.765537740,0.750836313,0.769160401,0.756386774,0.564372343,0.674799077,0.692517890,0.844454280,0.589169582,0.583059878,0.628118929,0.486733931,0.751913223,0.707867296,0.677310484,0.574336134,0.817901089,0.761794378,0.482452432,0.569453463,0.461924867,0.582585196,0.567932516,0.721889724,0.787424993,0.847900414,0.463289191,0.675554946,0.698432015,0.658856677,0.635520349,0.704633263,0.615338120,0.627102079,0.532971245,0.561911491,0.615614289,0.619544201,0.701667775,0.750455081,0.510016597,0.664825556,0.588375109,0.724833886,0.681304381,0.764749763,0.560984625,0.796516355,0.815869220,0.749891094,0.762238088,0.747873273,0.644097752,0.858636906,0.454620512,0.693009892,0.819314448,0.620515024,0.525473453,0.507370481,0.558122618,0.576849077,0.741941650,0.741725894,0.650828582,0.586140300,0.723399475,0.806809107,0.862376793,0.724272789,0.581464328,0.746951512,0.552248008,0.838289329,0.623775501,0.748075712,0.694374571,0.743955703,1.000000000,0.615814133,0.786597275,0.409569089,0.573574999,0.701404366,0.619053454,0.840475282,0.795611482,0.806227919,0.787650015,0.542490294,0.792191224,0.660995276,0.617707455,0.761331833,0.792492419,0.760169139,0.761696646,0.790470498
stage5c2_082,0.620206683,0.558764363,0.599017889,0.604503331,0.503288829,0.686380143,0.582337389,0.621796291,0.477320265,0.650780080,0.578730096,0.434235673,0.579974514,0.706138352,0.799871637,0.378910834,0.579154072,0.611003901,0.544192151,0.550323469,0.434420630,0.401288955,0.606927933,0.591395394,0.644032959,0.675764893,0.403936796,0.767190492,0.634117000,0.564243608,0.486020921,0.562118797,0.591227314,0.497852930,0.527019837,0.496216284,0.639345918,0.587505850,0.445468619,0.623883210,0.472444862,0.482597032,0.476931531,0.582117631,0.563482241,0.667609003,0.517036496,0.660256102,0.624592383,0.583024638,0.649089711,0.565865314,0.753670781,0.671797312,0.323510393,0.533575159,0.691591852,0.513230279,0.463746231,0.569494030,0.475462042,0.411701681,0.645304167,0.576583094,0.464204792,0.398538145,0.560613418,0.656051400,0.704328576,0.587766142,0.466374856,0.649335603,0.503247751,0.642159608,0.503332566,0.615562605,0.582879876,0.620645102,0.615814133,1.000000000,0.598311280,0.413189844,0.413902563,0.628089487,0.684487135,0.648589160,0.689231311,0.579505611,0.620252329,0.440385554,0.730746304,0.694951943,0.506943259,0.607364852,0.655952604,0.571771849,0.586520143,0.592631540
stage5c2_083,0.793672158,0.668628575,0.758081229,0.678060312,0.428375082,0.604379737,0.685638737,0.863420098,0.499367542,0.491008208,0.478332460,0.299394959,0.713553724,0.662787222,0.601184225,0.341737730,0.777070335,0.751340708,0.443284692,0.399009775,0.324962633,0.431577415,0.604614491,0.578896206,0.735149931,0.814186330,0.347910855,0.679988641,0.600747173,0.679871926,0.488694754,0.637900574,0.541709065,0.591451149,0.469945880,0.508034399,0.548083079,0.564053630,0.574100829,0.780994152,0.360256991,0.637845049,0.451310257,0.765833321,0.597924874,0.606876339,0.398310943,0.755076318,0.874476058,0.740445626,0.754443496,0.624514347,0.551558057,0.807943525,0.295783746,0.621029761,0.842648302,0.573610828,0.399279324,0.354650826,0.402045677,0.494766837,0.578758087,0.724721734,0.474260460,0.342686758,0.614121595,0.843285725,0.824454123,0.593744702,0.425239263,0.706139786,0.523125912,0.799871662,0.584944866,0.832474066,0.544040413,0.584434141,0.786597275,0.598311280,1.000000000,0.247677837,0.487714032,0.576486076,0.566858766,0.771697666,0.785491434,0.698163000,0.787533773,0.399580386,0.825238650,0.552958039,0.546525621,0.722235763,0.780790486,0.672922255,0.682883684,0.765495899
stage5c2_084,0.457932044,0.480173894,0.540993652,0.522784689,0.662205731,0.394271638,0.391169084,0.388591003,0.513710301,0.538545604,0.535317888,0.520265176,0.462816255,0.434768499,0.551278899,0.520104670,0.457027643,0.432665848,0.411598045,0.697441790,0.553053472,0.525418034,0.395340132,0.613044051,0.292629414,0.489504525,0.604984606,0.345316437,0.445983481,0.518427536,0.629458733,0.369817395,0.485824785,0.538420017,0.553287588,0.419710380,0.458953516,0.399034139,0.337975146,0.368607619,0.563612779,0.440092059,0.520879166,0.451250878,0.605942461,0.562765046,0.714792929,0.414473854,0.362172833,0.452960394,0.311364855,0.567723657,0.604320211,0.413085835,0.634890008,0.617933118,0.429807147,0.531079024,0.732865215,0.594442103,0.747751501,0.496230579,0.477552469,0.466599447,0.566988578,0.590283113,0.473083002,0.451139366,0.435398226,0.564554416,0.657812463,0.608078458,0.561830395,0.492048130,0.529245068,0.331660682,0.496995817,0.565265090,0.409569089,0.413189844,0.247677837,1.000000000,0.425713350,0.471901668,0.540461604,0.495343744,0.525043180,0.383004654,0.439214304,0.577080130,0.442317523,0.529705739,0.509335376,0.410256919,0.389572326,0.278282978,0.392834334,0.451225043
stage5c2_085,0.619329661,0.602211608,0.665507444,0.732727759,0.586836399,0.603265622,0.570297558,0.582670387,0.599859501,0.401420518,0.513864827,0.501515389,0.653555528,0.493139321,0.442531985,0.610726490,0.648925942,0.673916455,0.469611947,0.482065936,0.435244439,0.471496025,0.687919805,0.594322440,0.476529958,0.577174883,0.468878078,0.496959526,0.563306673,0.520566281,0.566875865,0.683537621,0.538646521,0.547479832,0.448097947,0.457501330,0.614555944,0.723727005,0.700490401,0.538459522,0.371647295,0.561182370,0.587710159,0.565058226,0.588510276,0.553567346,0.454834192,0.535858206,0.502593373,0.571332247,0.355271665,0.707644369,0.483937688,0.574117276,0.622881934,0.562414215,0.507909843,0.646486277,0.550017082,0.605807084,0.594146501,0.478214329,0.657059113,0.465829445,0.680658248,0.522147506,0.774591888,0.626034255,0.497704224,0.501951225,0.515211660,0.607442013,0.627435777,0.701192827,0.665947415,0.610170272,0.474521697,0.599243295,0.573574999,0.413902563,0.487714032,0.425713350,1.000000000,0.600308440,0.545932689,0.580830608,0.611255186,0.645224577,0.528909708,0.582410224,0.624031664,0.529102291,0.525146914,0.675184730,0.662595908,0.743078111,0.655824466,0.469141971
stage5c2_086,0.607815187,0.644718870,0.703688961,0.820471655,0.732242552,0.828400635,0.622607234,0.727022067,0.776886611,0.714694890,0.778619639,0.624883716,0.647814748,0.669486415,0.585992428,0.653947548,0.631246618,0.711244874,0.644268166,0.698202282,0.652749711,0.735095208,0.790957767,0.793861232,0.536847365,0.715048509,0.593421568,0.795741235,0.802389621,0.602822857,0.622170644,0.743269750,0.765266572,0.718008359,0.725825073,0.673925217,0.749070974,0.788398810,0.556621345,0.634883598,0.577480494,0.574395123,0.686726583,0.754876467,0.763637988,0.650903959,0.536523729,0.615299482,0.624766340,0.601162146,0.567926473,0.722263100,0.791033985,0.737495998,0.451032351,0.798311546,0.629321431,0.631033899,0.650879767,0.734256564,0.595311195,0.733748046,0.668172245,0.784706072,0.689454041,0.604039785,0.709293998,0.689581204,0.714799640,0.783652793,0.686240905,0.759109871,0.620641123,0.714279958,0.641884174,0.685555760,0.828431719,0.780918639,0.701404366,0.628089487,0.576486076,0.471901668,0.600308440,1.000000000,0.806563276,0.758040764,0.724323915,0.693740288,0.692096056,0.619207306,0.764105535,0.732597716,0.770787861,0.702371605,0.762830904,0.628453634,0.623321190,0.618267952
stage5c2_087,0.556925198,0.695241007,0.683284264,0.739810138,0.747701268,0.779610897,0.762936295,0.650611797,0.692269221,0.728154289,0.728968053,0.622641636,0.728994597,0.683427393,0.691781023,0.563614436,0.710700983,0.644589353,0.637970652,0.744319416,0.667238239,0.715915845,0.766258252,0.767092841,0.545944667,0.730882301,0.697164335,0.713081852,0.678219388,0.688691435,0.665643035,0.683816569,0.709442791,0.717967867,0.651905814,0.605809620,0.734871668,0.818600770,0.518288942,0.649210234,0.572919665,0.677091198,0.613992247,0.741859776,0.818536023,0.627316754,0.545354183,0.624348070,0.663629800,0.664599130,0.566062558,0.764381550,0.869537822,0.676064537,0.547009837,0.793878268,0.664043768,0.762077711,0.690512465,0.736468750,0.611492747,0.673802312,0.655549419,0.729593439,0.737346950,0.631080024,0.683720493,0.663235142,0.694290754,0.772042041,0.751165363,0.775051820,0.733308843,0.687160267,0.779467196,0.727214773,0.744153383,0.769010198,0.619053454,0.684487135,0.566858766,0.540461604,0.545932689,0.806563276,1.000000000,0.784601133,0.735025775,0.687314689,0.735951546,0.719887701,0.816170213,0.775833839,0.705348189,0.625171500,0.694262088,0.574771821,0.526816813,0.634379163
stage5c2_088,0.767631434,0.811980236,0.824218720,0.816433097,0.657029095,0.735896298,0.799325666,0.854598907,0.657378965,0.713851950,0.746998777,0.593106672,0.794725851,0.759289553,0.756080492,0.597128496,0.872487814,0.791587608,0.596853265,0.677220851,0.593391186,0.707798852,0.711310500,0.762815148,0.746629273,0.880411255,0.615538885,0.686988942,0.734760231,0.669326839,0.687196300,0.759414913,0.735505126,0.763417164,0.650427443,0.654034226,0.700139849,0.711144860,0.693842417,0.810430434,0.528848558,0.749905016,0.692968199,0.836335322,0.787340816,0.757760297,0.593671699,0.698942401,0.758034968,0.772611321,0.677773760,0.791421586,0.750312220,0.846411081,0.470501563,0.799315733,0.831018178,0.751145061,0.639346852,0.624446779,0.613586631,0.685693591,0.732317478,0.733340997,0.688810917,0.611373420,0.771355662,0.811556769,0.826215839,0.751575305,0.705298350,0.833916269,0.678184315,0.832587480,0.754167796,0.824633562,0.790041743,0.776354399,0.840475282,0.648589160,0.771697666,0.495343744,0.580830608,0.758040764,0.784601133,1.000000000,0.827787901,0.794026994,0.850008750,0.634829938,0.843693957,0.738919420,0.769207406,0.812929604,0.845389993,0.726690621,0.673814668,0.769569038
stage5c2_089,0.802107771,0.780395115,0.810965660,0.851862627,0.691428906,0.667242654,0.780947921,0.806292791,0.703880449,0.609215659,0.660086500,0.529818373,0.814111442,0.649467328,0.745210696,0.540865218,0.848680441,0.816705246,0.525114764,0.642333272,0.538307737,0.601260906,0.708752707,0.753732191,0.697855514,0.847561732,0.565373884,0.694729670,0.705971099,0.821979882,0.663693403,0.754349266,0.727298937,0.732522500,0.660499244,0.594152558,0.665083629,0.667578574,0.697081568,0.777838617,0.505575933,0.738454875,0.561215843,0.834183954,0.792188137,0.782390743,0.603295370,0.780801984,0.806274223,0.783425442,0.708545555,0.741530237,0.732305434,0.827658650,0.534448146,0.801068865,0.839739424,0.727311257,0.665826914,0.595762233,0.617803091,0.646626590,0.753778143,0.740454562,0.701893623,0.524222863,0.712211005,0.836947303,0.788906671,0.757016808,0.619428125,0.882672364,0.680958692,0.825222984,0.759192416,0.813580134,0.670669566,0.710202394,0.795611482,0.689231311,0.785491434,0.525043180,0.611255186,0.724323915,0.735025775,0.827787901,1.000000000,0.740090167,0.796933538,0.609051726,0.855704848,0.650281531,0.707921001,0.732704848,0.821671498,0.706986264,0.736680053,0.773145321
stage5c2_090,0.672335488,0.752883657,0.686402462,0.713127536,0.594253480,0.647784390,0.767802107,0.772843917,0.584703506,0.502841561,0.638474274,0.507255556,0.762730470,0.637313863,0.646469442,0.598296146,0.794247159,0.734925201,0.456408344,0.539783293,0.491374313,0.544976358,0.612761701,0.740947348,0.739942334,0.765534912,0.511903523,0.604811757,0.638878705,0.637011508,0.628615814,0.779184487,0.596390175,0.586214390,0.499254929,0.545766355,0.696132476,0.692954140,0.768517232,0.695255194,0.415935826,0.667834821,0.582364918,0.669029446,0.680258112,0.659097229,0.467969476,0.689251170,0.764439217,0.668069019,0.667613936,0.783968280,0.621908986,0.769712059,0.575697853,0.674323813,0.723669220,0.697844493,0.528274862,0.609370248,0.542993815,0.563708020,0.748064883,0.704599836,0.685264144,0.555930441,0.756865390,0.747468850,0.766519804,0.662226855,0.569753256,0.690129051,0.614156859,0.804082743,0.690418023,0.807625155,0.642125150,0.766627622,0.806227919,0.579505611,0.698163000,0.383004654,0.645224577,0.693740288,0.687314689,0.794026994,0.740090167,1.000000000,0.732317530,0.614336879,0.802349210,0.620578231,0.606239713,0.722113303,0.714512127,0.871927302,0.687878443,0.691904963
stage5c2_091,0.724918795,0.820780015,0.782515152,0.725677878,0.618260808,0.737772702,0.788115989,0.793212473,0.519778041,0.627276306,0.616107063,0.497885462,0.742026836,0.717975520,0.707540570,0.456622320,0.820157590,0.754381212,0.530703307,0.593153998,0.571512923,0.627853164,0.632247764,0.673622597,0.687497527,0.795715376,0.610159451,0.625658801,0.603696828,0.715264275,0.644627402,0.691762871,0.650416621,0.748124255,0.562763464,0.534776253,0.648359963,0.625822588,0.629766660,0.840058005,0.446196982,0.768685515,0.535086248,0.795257354,0.734430013,0.686536682,0.559436881,0.664193236,0.764672823,0.828829160,0.757019920,0.733670161,0.642021531,0.807661555,0.479191619,0.726016865,0.804978323,0.677991139,0.597765516,0.546697083,0.552513675,0.576111422,0.700728376,0.685405314,0.636856748,0.481035697,0.726654944,0.789907639,0.844879393,0.679598435,0.635921626,0.769645915,0.638349218,0.836101469,0.745230596,0.813569271,0.694863287,0.662137521,0.787650015,0.620252329,0.787533773,0.439214304,0.528909708,0.692096056,0.735951546,0.850008750,0.796933538,0.732317530,1.000000000,0.573899232,0.842176296,0.759651908,0.669324320,0.790371267,0.723288670,0.613043881,0.560504804,0.736692963
stage5c2_092,0.479769087,0.633122196,0.637647330,0.659430586,0.765141648,0.543872394,0.577422195,0.580062915,0.675852516,0.613614513,0.641562519,0.563383377,0.652846684,0.592461728,0.483587168,0.682704802,0.585690591,0.499509461,0.573308668,0.702883616,0.563008153,0.703528415,0.521206517,0.752268777,0.474046505,0.574580179,0.718096468,0.513873379,0.615417835,0.618256402,0.669482291,0.598528753,0.595640470,0.695856727,0.580232244,0.630339759,0.549479930,0.635484769,0.508760612,0.528783790,0.609459573,0.620964648,0.621871186,0.535955759,0.787227634,0.564427628,0.596238551,0.568051200,0.505498711,0.582361878,0.419568015,0.814012073,0.616831065,0.574845227,0.736794423,0.709494670,0.549636554,0.841509129,0.666915553,0.593585565,0.712668407,0.652718276,0.651707997,0.641644470,0.802099333,0.741909017,0.599058556,0.579091948,0.558525933,0.671048579,0.825015564,0.696552905,0.833196991,0.586471592,0.820981896,0.541064784,0.608471850,0.680608430,0.542490294,0.440385554,0.399580386,0.577080130,0.582410224,0.619207306,0.719887701,0.634829938,0.609051726,0.614336879,0.573899232,1.000000000,0.579147116,0.646207339,0.601223833,0.577003798,0.623772039,0.541308976,0.547873408,0.599146688
stage5c2_093,0.790812886,0.778851229,0.791442887,0.787376364,0.629467172,0.815434620,0.820372960,0.828805711,0.625331070,0.614051086,0.655024885,0.502874231,0.804429671,0.726854153,0.751592658,0.497682018,0.834623475,0.815679676,0.572344716,0.586485397,0.556231182,0.609853364,0.766982146,0.723040825,0.783591492,0.862876517,0.556551919,0.795754424,0.684527506,0.733627611,0.605144305,0.720737455,0.672516524,0.701897402,0.621242955,0.587536673,0.732798584,0.763522728,0.634535380,0.798433119,0.446914036,0.660901528,0.591791181,0.783888710,0.747084436,0.690536249,0.524947272,0.776972085,0.835882788,0.768347063,0.720673697,0.745750108,0.757851714,0.810050172,0.478381052,0.731676769,0.859522469,0.720380095,0.598481464,0.627083771,0.587994705,0.631342345,0.736188115,0.757127508,0.656643671,0.490874296,0.754452687,0.865879584,0.841610296,0.690076686,0.611764156,0.802222588,0.668458397,0.854252060,0.712218432,0.858759885,0.678842057,0.740454295,0.792191224,0.730746304,0.825238650,0.442317523,0.624031664,0.764105535,0.816170213,0.843693957,0.855704848,0.802349210,0.842176296,0.579147116,1.000000000,0.767305387,0.665164385,0.750626162,0.808689359,0.755727021,0.728373019,0.752157684
stage5c2_094,0.607688220,0.668953725,0.724005090,0.660818274,0.700133376,0.844191255,0.654814206,0.650440717,0.536207534,0.756141557,0.675010354,0.614779127,0.604663700,0.836907245,0.705905376,0.542714106,0.631264549,0.647383972,0.727104222,0.734016177,0.664902341,0.691968911,0.628885558,0.735926666,0.593205024,0.705965918,0.651549353,0.731695471,0.665703005,0.593912726,0.642904670,0.620605108,0.658887237,0.700733918,0.602058149,0.591658410,0.722756231,0.717889170,0.491487129,0.702362444,0.618802789,0.608073842,0.606264593,0.612411814,0.707134326,0.653714235,0.636646967,0.637078749,0.588760968,0.681063682,0.579518183,0.737652090,0.740563548,0.687018335,0.508122729,0.648821331,0.662793360,0.666618969,0.642476344,0.704855495,0.626646144,0.608654726,0.724492080,0.651204852,0.675125594,0.605386799,0.691884327,0.665215052,0.752183151,0.675474027,0.698110168,0.688069160,0.677918220,0.713545931,0.663722617,0.619153739,0.698275541,0.713197589,0.660995276,0.694951943,0.552958039,0.529705739,0.529102291,0.732597716,0.775833839,0.738919420,0.650281531,0.620578231,0.759651908,0.646207339,0.767305387,1.000000000,0.615134094,0.702617830,0.668805431,0.586228631,0.523293373,0.616746320
stage5c2_095,0.653205381,0.604271827,0.737200360,0.768753167,0.719903580,0.715678230,0.649113386,0.700037588,0.709144004,0.685496423,0.857395806,0.614216389,0.567544605,0.616670051,0.564473610,0.627299942,0.681431233,0.722254416,0.650001593,0.680509043,0.685649021,0.786359045,0.724456340,0.700070780,0.458382651,0.670577747,0.691190172,0.617519071,0.696964216,0.553207731,0.609450026,0.717735225,0.787919952,0.827400948,0.856698401,0.750416233,0.698943841,0.638414696,0.508062542,0.687712680,0.524503527,0.557059455,0.830238537,0.802351252,0.795736466,0.642394549,0.639635540,0.477186619,0.505111937,0.551994945,0.402347530,0.663762742,0.653143382,0.636249595,0.471229500,0.814810698,0.604424691,0.601369571,0.703652742,0.697529922,0.665253743,0.876071302,0.557585523,0.673159839,0.652601198,0.568590550,0.699532286,0.649727656,0.618089718,0.652167014,0.739126921,0.812091220,0.639807029,0.723919562,0.656450052,0.628485254,0.803868925,0.669393182,0.617707455,0.506943259,0.546525621,0.509335376,0.525146914,0.770787861,0.705348189,0.769207406,0.707921001,0.606239713,0.669324320,0.601223833,0.665164385,0.615134094,1.000000000,0.749566146,0.762235417,0.540529698,0.533186202,0.575486437
stage5c2_096,0.831833080,0.775609288,0.877929015,0.773831213,0.590328789,0.758980105,0.699465475,0.822427094,0.553766460,0.632064235,0.700328555,0.500205895,0.660778360,0.767769903,0.619468405,0.555505476,0.803503794,0.816300310,0.656059691,0.566197759,0.543322546,0.615815424,0.750129097,0.702489928,0.696770144,0.780772536,0.554512561,0.664452325,0.672613185,0.606566782,0.648069601,0.769787748,0.739722745,0.736196375,0.647261860,0.647340196,0.717221847,0.669727105,0.672018297,0.866027546,0.465985234,0.709574255,0.746694866,0.759124269,0.708240987,0.703820415,0.573879031,0.650575185,0.630068121,0.734561356,0.540019773,0.748233503,0.602899796,0.757026848,0.532438787,0.683686467,0.727245702,0.663684879,0.595602753,0.649563190,0.630341281,0.643439909,0.704129729,0.631051267,0.652715655,0.479190116,0.822528084,0.802713828,0.756981506,0.586501796,0.617476225,0.762859845,0.672474880,0.870386428,0.698764476,0.786173546,0.677520322,0.707868821,0.761331833,0.607364852,0.722235763,0.410256919,0.675184730,0.702371605,0.625171500,0.812929604,0.732704848,0.722113303,0.790371267,0.577003798,0.750626162,0.702617830,0.749566146,1.000000000,0.826071082,0.725520641,0.671170094,0.634377121
stage5c2_097,0.799218916,0.713799557,0.833541104,0.865558594,0.639454456,0.745111754,0.701670063,0.888337107,0.724808594,0.639181285,0.739950655,0.525170536,0.744165139,0.775210857,0.621400836,0.590406584,0.822755614,0.790240979,0.680366589,0.597296083,0.504511860,0.634890143,0.780577207,0.747327457,0.692305653,0.829338398,0.517315960,0.767982832,0.785762125,0.667651012,0.643022123,0.776769677,0.733438583,0.752386117,0.688113822,0.737651799,0.668586518,0.745296523,0.637578145,0.783502122,0.500958356,0.671409910,0.715997318,0.822278991,0.775165659,0.757115518,0.570658538,0.715283624,0.736653227,0.726375977,0.592906881,0.766560871,0.696834027,0.838467000,0.448508689,0.775953227,0.801989670,0.702499921,0.571612455,0.598216449,0.644406312,0.714776078,0.725208933,0.751285454,0.712029945,0.549689872,0.769298020,0.850153380,0.799625080,0.723203364,0.626251545,0.868315762,0.674559357,0.812401401,0.719422588,0.778604034,0.728516422,0.758649414,0.792492419,0.655952604,0.780790486,0.389572326,0.662595908,0.762830904,0.694262088,0.845389993,0.821671498,0.714512127,0.723288670,0.623772039,0.808689359,0.668805431,0.762235417,0.826071082,1.000000000,0.758380041,0.786861553,0.727741634
stage5c2_098,0.696004442,0.688790025,0.699888343,0.702562588,0.496547339,0.640257009,0.705940631,0.742988556,0.539437793,0.435394370,0.593828175,0.477198182,0.729097171,0.651389920,0.586159531,0.545519474,0.766720613,0.719312943,0.501869768,0.439586175,0.390434339,0.450302877,0.657595603,0.656056965,0.701278060,0.736472624,0.387570780,0.595805804,0.619183062,0.597666124,0.544563598,0.799490065,0.562579195,0.558550992,0.427343088,0.488885768,0.663812803,0.717366350,0.824190688,0.686686441,0.365856131,0.627409389,0.552692801,0.646763279,0.597332535,0.625645185,0.392821537,0.658380467,0.687032237,0.645537592,0.557568865,0.717564285,0.553372063,0.727520923,0.497061318,0.559960646,0.685921236,0.662632128,0.433355516,0.588252032,0.465912478,0.481757638,0.749836398,0.572045274,0.618785215,0.481877493,0.768941379,0.748711299,0.684596818,0.571494816,0.451982712,0.652664960,0.586207617,0.761810427,0.646422200,0.759588401,0.539883086,0.681726370,0.760169139,0.571771849,0.672922255,0.278282978,0.743078111,0.628453634,0.574771821,0.726690621,0.706986264,0.871927302,0.613043881,0.541308976,0.755727021,0.586228631,0.540529698,0.725520641,0.758380041,1.000000000,0.741040772,0.609141426
stage5c2_099,0.716056377,0.613761754,0.699614674,0.753242118,0.521908456,0.536120255,0.564517546,0.767376455,0.688566338,0.519706508,0.540256633,0.399712064,0.724086362,0.599057929,0.569255447,0.569188769,0.693145266,0.642470203,0.463477095,0.453005826,0.302567044,0.469231168,0.587054439,0.695977363,0.743158613,0.717675691,0.378959799,0.659532088,0.713448039,0.564296991,0.519326504,0.618813801,0.565072047,0.525017218,0.528548330,0.595529651,0.504327085,0.601248895,0.634694270,0.603905416,0.499229586,0.514868967,0.539615103,0.581456595,0.624674584,0.651048449,0.483190141,0.786267880,0.772611780,0.580194634,0.614810681,0.680158996,0.594623776,0.733339983,0.436927904,0.626493904,0.726187559,0.593320864,0.427075889,0.435717392,0.562854717,0.565503689,0.651328722,0.688002964,0.609919750,0.503554440,0.597163375,0.769418291,0.739116606,0.632405584,0.503876822,0.688906009,0.522402195,0.706426896,0.551803489,0.668044320,0.573603472,0.694630581,0.761696646,0.586520143,0.682883684,0.392834334,0.655824466,0.623321190,0.526816813,0.673814668,0.736680053,0.687878443,0.560504804,0.547873408,0.728373019,0.523293373,0.533186202,0.671170094,0.786861553,0.741040772,1.000000000,0.680819389
stage5c2_100,0.673783246,0.723292873,0.657619572,0.690479525,0.627038729,0.542588647,0.657410792,0.783645736,0.608389875,0.634621223,0.565191421,0.466552825,0.732130545,0.653402408,0.647682970,0.565787305,0.724573281,0.666059125,0.473159987,0.644691560,0.420150506,0.561953921,0.477780688,0.680659910,0.776634534,0.785711328,0.446416117,0.658484703,0.711289026,0.708821436,0.624392207,0.611746498,0.565776739,0.611551523,0.533882578,0.595019560,0.498865967,0.503487925,0.545831195,0.634266450,0.581892887,0.674133218,0.514458922,0.691760125,0.678259813,0.690229607,0.558670988,0.833438983,0.844578586,0.716395447,0.800179933,0.727069496,0.643565454,0.799030158,0.436540706,0.705920292,0.845134340,0.682949151,0.551056972,0.377465627,0.518638229,0.546732854,0.707818923,0.767572439,0.649448738,0.573830605,0.587239174,0.765854113,0.800977799,0.729403217,0.575076763,0.763252870,0.599563580,0.729419637,0.645737213,0.718939185,0.655034309,0.680860421,0.790470498,0.592631540,0.765495899,0.451225043,0.469141971,0.618267952,0.634379163,0.769569038,0.773145321,0.691904963,0.736692963,0.599146688,0.752157684,0.616746320,0.575486437,0.634377121,0.727741634,0.609141426,0.680819389,1.000000000
