stage5c2_track_id,stage5c2_001,stage5c2_002,stage5c2_003,stage5c2_004,stage5c2_005,stage5c2_006,stage5c2_007,stage5c2_009,stage5c2_010,stage5c2_011,stage5c2_012,stage5c2_013,stage5c2_014,stage5c2_015,stage5c2_016,stage5c2_017,stage5c2_018,stage5c2_020,stage5c2_021,stage5c2_022,stage5c2_023,stage5c2_024,stage5c2_025,stage5c2_026,stage5c2_027,stage5c2_028,stage5c2_029,stage5c2_030,stage5c2_031,stage5c2_032,stage5c2_033,stage5c2_034,stage5c2_035,stage5c2_036,stage5c2_037,stage5c2_038,stage5c2_039,stage5c2_040,stage5c2_041,stage5c2_042,stage5c2_043,stage5c2_044,stage5c2_045,stage5c2_046,stage5c2_047,stage5c2_048,stage5c2_049,stage5c2_050,stage5c2_051,stage5c2_052,stage5c2_053,stage5c2_054,stage5c2_055,stage5c2_056,stage5c2_057,stage5c2_058,stage5c2_059,stage5c2_060,stage5c2_061,stage5c2_062,stage5c2_063,stage5c2_064,stage5c2_065,stage5c2_066,stage5c2_067,stage5c2_068,stage5c2_069,stage5c2_070,stage5c2_071,stage5c2_072,stage5c2_073,stage5c2_074,stage5c2_075,stage5c2_076,stage5c2_077,stage5c2_078,stage5c2_079,stage5c2_080,stage5c2_081,stage5c2_082,stage5c2_083,stage5c2_084,stage5c2_085,stage5c2_086,stage5c2_087,stage5c2_088,stage5c2_089,stage5c2_090,stage5c2_091,stage5c2_092,stage5c2_093,stage5c2_094,stage5c2_095,stage5c2_096,stage5c2_097,stage5c2_098,stage5c2_099,stage5c2_100
stage5c2_001,1.000000000,0.581790949,0.895651701,0.702187842,0.422757415,0.601543741,0.472924004,0.685232973,0.340359582,0.563946340,0.460117276,0.354232466,0.585636038,0.655498508,0.632900183,0.322083079,0.759159042,0.695970540,0.482216085,0.490149883,0.422485166,0.380738863,0.795212361,0.512619960,0.520703287,0.745832303,0.420686147,0.619056807,0.497264244,0.618302804,0.465289852,0.532062147,0.640354891,0.483584434,0.481301127,0.460814688,0.544777158,0.643651759,0.461683123,0.734903190,0.439401885,0.692790747,0.604882678,0.813216937,0.542874121,0.715347886,0.613877286,0.588425620,0.588067042,0.688945075,0.375583179,0.662473268,0.670576555,0.635844428,0.404798430,0.585609401,0.602998024,0.603833901,0.577978710,0.466656967,0.620715390,0.392428354,0.638491801,0.471273902,0.415046850,0.339412990,0.752604888,0.820698292,0.624046704,0.395407124,0.511171467,0.766339946,0.607571704,0.843697675,0.604072695,0.834026432,0.461846168,0.486435432,0.609140426,0.680577316,0.774948180,0.296751471,0.590364869,0.571282371,0.626935717,0.693349331,0.773131215,0.502109767,0.676234155,0.427903811,0.729790222,0.591981039,0.548986556,0.804427250,0.770626386,0.536171512,0.541361012,0.573874866
stage5c2_002,0.581790949,1.000000000,0.626347382,0.723519714,0.678614192,0.806916488,0.740935308,0.596613641,0.547158648,0.644495202,0.734882152,0.533950442,0.732038776,0.736332041,0.696212205,0.528517190,0.790411326,0.657347508,0.773525489,0.691097556,0.696772426,0.657048330,0.734913111,0.673346885,0.618890213,0.779121274,0.752822442,0.677840778,0.618884563,0.702642614,0.808182361,0.710977528,0.787661423,0.737818989,0.588484803,0.597081641,0.743370959,0.763851718,0.561566175,0.738625083,0.454668555,0.788199993,0.621402104,0.667051973,0.757477135,0.662573486,0.579115730,0.577657461,0.528802431,0.741755919,0.547775365,0.732406505,0.706147010,0.742870308,0.524298960,0.652920558,0.787654627,0.831487920,0.710953986,0.756565750,0.597668275,0.519141918,0.730526769,0.525054383,0.679655095,0.560710026,0.644333144,0.607964814,0.619405715,0.609992752,0.627670960,0.770967951,0.772865117,0.638493710,0.814831714,0.775864952,0.656901090,0.629430814,0.541003716,0.783395390,0.609855272,0.316526753,0.545422492,0.721097228,0.832934360,0.776488390,0.777813035,0.620280674,0.820427080,0.638403089,0.798060309,0.782775848,0.659124020,0.727667195,0.721960212,0.552862019,0.383485714,0.672812742
stage5c2_003,0.895651701,0.626347382,1.000000000,0.749869535,0.531706834,0.660978229,0.593807488,0.724535292,0.433665725,0.660631713,0.583361015,0.454506612,0.606515604,0.717688735,0.622706287,0.396146062,0.797738109,0.704814518,0.582988388,0.589997305,0.499057307,0.401787324,0.859881407,0.581430062,0.535239392,0.748463425,0.533601798,0.678777776,0.516880520,0.600325463,0.555914862,0.552281865,0.734110883,0.635692199,0.634323820,0.546586770,0.628156975,0.726960247,0.484843388,0.782293893,0.494517331,0.731494411,0.708497680,0.786603146,0.668250323,0.666267308,0.635541908,0.598471892,0.592064832,0.666895700,0.332472008,0.718445110,0.688824762,0.628541388,0.437036254,0.674182086,0.596005409,0.653817480,0.667717864,0.568809463,0.677214042,0.496582297,0.607858477,0.509529884,0.536787216,0.410621495,0.744523238,0.777881861,0.672917537,0.456907596,0.609472091,0.805536370,0.704974295,0.821772061,0.693976578,0.839988890,0.488667350,0.578282701,0.575417893,0.676228075,0.743777605,0.335028820,0.639583529,0.613326931,0.726252326,0.719288666,0.747886102,0.504681678,0.675323771,0.503828764,0.750837309,0.664571808,0.631311948,0.848398870,0.820717754,0.530563043,0.599912226,0.543915733
stage5c2_004,0.702187842,0.723519714,0.749869535,1.000000000,0.770815589,0.705664065,0.791779892,0.829585437,0.720908650,0.677756867,0.713098347,0.616497467,0.701900691,0.688564936,0.613386296,0.690395216,0.846648356,0.680118057,0.640359386,0.707300448,0.584889160,0.660616283,0.771125620,0.818522145,0.641919271,0.817033011,0.638402161,0.691926908,0.727451972,0.622510341,0.682890566,0.684191914,0.783750913,0.718782659,0.617790885,0.695946809,0.562003086,0.786032631,0.563504391,0.748288853,0.550643190,0.731363442,0.763350645,0.815571958,0.783112248,0.674186764,0.601515264,0.699263781,0.704134616,0.618652823,0.479913735,0.786584666,0.777845869,0.807547314,0.351383537,0.799520351,0.702625512,0.692322628,0.644078441,0.645686439,0.594921348,0.721172320,0.679477521,0.718131687,0.787296565,0.658462116,0.771292063,0.760737497,0.690578009,0.743960973,0.715153483,0.850422383,0.663845438,0.795870702,0.706674948,0.845147806,0.748556253,0.752572016,0.702353619,0.663655786,0.771172203,0.250926991,0.682624598,0.808470714,0.850609863,0.879146440,0.848730822,0.695844764,0.771986787,0.648259933,0.815239948,0.713197727,0.746853868,0.750395934,0.887601605,0.655236110,0.630567229,0.744659513
stage5c2_005,0.422757415,0.678614192,0.531706834,0.770815589,1.000000000,0.552135627,0.613326179,0.552203350,0.777951874,0.579217850,0.755846081,0.525869092,0.554068407,0.561552993,0.513595326,0.757982600,0.607870946,0.441911017,0.555490622,0.842160371,0.773362994,0.762830928,0.559001832,0.742684517,0.477575841,0.611306302,0.794983519,0.531688775,0.661032324,0.484595607,0.643778278,0.633460363,0.806793111,0.698917555,0.714959939,0.633300159,0.523886792,0.674856338,0.365812010,0.476337558,0.578854659,0.589182135,0.773544388,0.605195092,0.848512092,0.532644284,0.622050039,0.565881599,0.487747797,0.395785487,0.365211803,0.743612254,0.614717238,0.534233372,0.471848054,0.751644547,0.542933780,0.730084987,0.773862037,0.625610568,0.654838605,0.763343588,0.468014916,0.673802929,0.753784491,0.703264986,0.543543174,0.477065208,0.520013951,0.712013398,0.820412916,0.758679980,0.755723307,0.617231720,0.701775693,0.641734141,0.716998190,0.708739895,0.482230362,0.506699007,0.418929864,0.404761867,0.570408533,0.728360196,0.787727909,0.681700798,0.577966724,0.536732362,0.548040177,0.709133917,0.622882577,0.693858158,0.739591522,0.520685602,0.611939789,0.452588591,0.450724700,0.662791833
stage5c2_006,0.601543741,0.806916488,0.660978229,0.705664065,0.552135627,1.000000000,0.796995709,0.728333121,0.513134538,0.726794212,0.724026187,0.550282087,0.539004798,0.821550746,0.632222645,0.530917617,0.700299528,0.808135562,0.812588688,0.567386193,0.603802777,0.635897369,0.729126484,0.682483011,0.732955283,0.747505528,0.544405442,0.814225352,0.691794211,0.517174287,0.641671107,0.700114413,0.661856388,0.650801121,0.596271934,0.646287475,0.808568461,0.716673571,0.524591907,0.757850003,0.491562482,0.569533486,0.666327821,0.633766486,0.596208097,0.595848188,0.475788297,0.552004274,0.569329556,0.625754189,0.505813145,0.611428874,0.702129512,0.734728651,0.285249873,0.557769479,0.746879982,0.621719162,0.559725496,0.748659436,0.461399291,0.549490294,0.617921194,0.539591328,0.608648670,0.542063380,0.677393102,0.617400689,0.739433813,0.552362800,0.526824534,0.662008299,0.584080237,0.715256913,0.547999959,0.767835220,0.674371305,0.698237772,0.656791008,0.752820952,0.693297624,0.092157579,0.479913379,0.781841445,0.732135199,0.788769720,0.709236705,0.669394831,0.784385831,0.451674821,0.850994962,0.833546870,0.683023960,0.794215687,0.790129282,0.649988701,0.477234835,0.607016387
stage5c2_007,0.472924004,0.740935308,0.593807488,0.791779892,0.613326179,0.796995709,1.000000000,0.669988753,0.531563789,0.639863081,0.736267670,0.691736426,0.546104077,0.643443892,0.610393000,0.610272922,0.764641888,0.713273336,0.718703364,0.584947412,0.526137406,0.529863778,0.649926490,0.676011769,0.597280171,0.684431908,0.598434449,0.601533039,0.583719910,0.566447823,0.688809475,0.766640383,0.664108636,0.753118067,0.536721465,0.617593642,0.644996640,0.681102785,0.637733465,0.801529298,0.378240966,0.607085349,0.675161209,0.593966685,0.641634981,0.561279730,0.472231299,0.481064364,0.467183968,0.536861348,0.340744573,0.582224657,0.649921533,0.701933411,0.358638164,0.587758821,0.628657694,0.608874958,0.532075160,0.800831615,0.463243573,0.588036258,0.675537587,0.477260215,0.743295281,0.568790205,0.709995010,0.555445105,0.557797791,0.577074425,0.516359430,0.664903532,0.578357318,0.628202023,0.623389974,0.685553083,0.590840064,0.644461316,0.552793833,0.627456364,0.574742984,0.133666030,0.571167679,0.668008225,0.756287463,0.754099176,0.722748892,0.670175336,0.702140620,0.550290512,0.735162795,0.687534008,0.755163453,0.698734170,0.755456945,0.698542519,0.411233198,0.531408197
stage5c2_009,0.685232973,0.596613641,0.724535292,0.829585437,0.552203350,0.728333121,0.669988753,1.000000000,0.689060136,0.728104383,0.640949337,0.521327455,0.655446103,0.767570134,0.598428482,0.647598232,0.725222177,0.668938191,0.547398959,0.558736889,0.378459803,0.572485297,0.661195658,0.819993788,0.787475105,0.825500665,0.449030219,0.833235877,0.783087886,0.540167745,0.571783624,0.570746121,0.555942372,0.561391707,0.528879601,0.692333098,0.580880150,0.767584304,0.442182021,0.629182921,0.617627389,0.561930419,0.655967522,0.705641733,0.645030066,0.666787099,0.483383616,0.715969452,0.822816697,0.543233526,0.605360771,0.757535132,0.813087383,0.833196559,0.296901285,0.736436716,0.764138976,0.567672740,0.481079162,0.552103124,0.498814198,0.615694775,0.591651065,0.828862037,0.673523712,0.666774357,0.663866263,0.821033452,0.840490193,0.730233744,0.606645211,0.715580935,0.507151976,0.752867976,0.533938682,0.790904286,0.735261981,0.802650752,0.803543732,0.663252232,0.917342895,0.187289292,0.500869756,0.782933751,0.761098740,0.858153174,0.748184022,0.760697580,0.720821228,0.584795683,0.824353125,0.681505090,0.632994728,0.719041869,0.904442610,0.635521451,0.710176102,0.768696629
stage5c2_010,0.340359582,0.547158648,0.433665725,0.720908650,0.777951874,0.513134538,0.531563789,0.689060136,1.000000000,0.614804126,0.728700522,0.474218443,0.598324529,0.599575467,0.431251073,0.824553982,0.547711505,0.371084497,0.446804170,0.681011808,0.487027802,0.793120782,0.467173874,0.881055196,0.572199258,0.633369808,0.647663225,0.702456228,0.827541029,0.363081827,0.519984618,0.522445734,0.563559835,0.571722519,0.582192590,0.763411439,0.445153180,0.782852482,0.282836146,0.302654270,0.630514576,0.399661375,0.638112908,0.507258079,0.753114738,0.447004250,0.441425897,0.620205958,0.696383310,0.298583180,0.507060736,0.780352219,0.718641539,0.592295079,0.335493854,0.852433150,0.628346018,0.591254360,0.518134313,0.537139396,0.506905745,0.819653686,0.324799460,0.863823878,0.783856053,0.845532173,0.414765373,0.475191708,0.665727819,0.816416902,0.786061058,0.626123009,0.520160413,0.479644736,0.512389345,0.584732721,0.831459474,0.826553024,0.626162206,0.448702338,0.520382802,0.353380318,0.479366419,0.751873716,0.744363066,0.741295498,0.560306701,0.611210406,0.498626830,0.676514205,0.622999816,0.624505321,0.643359286,0.425733843,0.668981920,0.478309586,0.662012677,0.665165152
stage5c2_011,0.563946340,0.644495202,0.660631713,0.677756867,0.579217850,0.726794212,0.639863081,0.728104383,0.614804126,1.000000000,0.711959355,0.549457277,0.550709236,0.857787572,0.683750825,0.474227785,0.605322850,0.562590119,0.791363744,0.730141492,0.499496601,0.575639588,0.715426206,0.738662767,0.593420906,0.742072630,0.543920282,0.801670237,0.800840163,0.437684152,0.639996892,0.535926216,0.670006253,0.627711150,0.726902224,0.777103001,0.643111984,0.730096226,0.400663450,0.616205373,0.747429925,0.516827647,0.732753284,0.668007258,0.639576880,0.555415606,0.511311805,0.581336907,0.664995566,0.460575243,0.531091823,0.704021699,0.834217250,0.740194492,0.288394530,0.662902610,0.746482928,0.617301581,0.599999843,0.666423075,0.455671901,0.605501849,0.456041108,0.682717578,0.544731952,0.674158190,0.506634013,0.615968161,0.727417653,0.701252381,0.624126496,0.716912892,0.584908495,0.579051095,0.561261254,0.727906065,0.762989254,0.707526759,0.580437393,0.775498558,0.708376317,0.338385072,0.365621884,0.770779679,0.818448997,0.815203053,0.597856403,0.531924727,0.681590072,0.557016250,0.742830499,0.814233365,0.688192655,0.694210025,0.773950503,0.502627352,0.561626513,0.697849226
stage5c2_012,0.460117276,0.734882152,0.583361015,0.713098347,0.755846081,0.724026187,0.736267670,0.640949337,0.728700522,0.711959355,1.000000000,0.719308787,0.537284329,0.693131339,0.538250106,0.716330901,0.637591682,0.502961685,0.761683795,0.708705875,0.710787936,0.780090683,0.647087938,0.782723778,0.475522690,0.608917378,0.855379317,0.643620111,0.719551257,0.407916453,0.707580053,0.705702785,0.761691120,0.891795503,0.787926908,0.745978763,0.752628371,0.738387708,0.431968237,0.597189936,0.553638406,0.562832925,0.832235644,0.631827377,0.847496488,0.508969308,0.638020031,0.451940715,0.521536587,0.388004757,0.440057965,0.688305600,0.645602282,0.620616526,0.369270540,0.739825985,0.585383877,0.651949129,0.663956229,0.744940223,0.553360628,0.824521144,0.441057454,0.626612444,0.718462697,0.713803440,0.556464556,0.442773725,0.622336358,0.708626363,0.807622369,0.688288309,0.661051735,0.584594272,0.659390594,0.668397927,0.763644569,0.732502647,0.511194498,0.600692169,0.499099784,0.312354141,0.461865500,0.758716744,0.768816276,0.766356266,0.560547055,0.595400440,0.677663056,0.627771095,0.642382783,0.732308172,0.881247278,0.684570398,0.688863696,0.517296192,0.449257373,0.581657666
stage5c2_013,0.354232466,0.533950442,0.454506612,0.616497467,0.525869092,0.550282087,0.691736426,0.521327455,0.474218443,0.549457277,0.719308787,1.000000000,0.435833054,0.484080872,0.433186693,0.562473407,0.574924877,0.481958539,0.551929677,0.560162229,0.401558503,0.501113418,0.546095327,0.577695715,0.351457566,0.507144333,0.550542923,0.451892479,0.528941196,0.370670717,0.591199324,0.513702393,0.559267582,0.665961684,0.498694312,0.493906241,0.508662795,0.481163514,0.430897201,0.494004956,0.382388162,0.407492091,0.582856469,0.549442096,0.604670280,0.493301582,0.485204137,0.351858481,0.393122642,0.293464942,0.254011056,0.443156979,0.508025132,0.512042097,0.235819193,0.523677089,0.441583210,0.456616796,0.522651719,0.551525951,0.353525935,0.535186551,0.450830824,0.417565147,0.578195886,0.504374449,0.488414785,0.362755962,0.495938335,0.600217536,0.487686380,0.568511888,0.428212349,0.440470877,0.493845669,0.483719167,0.552392340,0.569915495,0.367076321,0.417356114,0.401452138,0.267807168,0.339555034,0.566118954,0.581078571,0.610950798,0.515507111,0.402294609,0.480654053,0.396098489,0.463736303,0.502988888,0.679424235,0.484192643,0.539142981,0.418732777,0.300006961,0.465765683
stage5c2_014,0.585636038,0.732038776,0.606515604,0.701900691,0.554068407,0.539004798,0.546104077,0.655446103,0.598324529,0.550709236,0.537284329,0.435833054,1.000000000,0.700659102,0.692512241,0.528044936,0.804513775,0.533399801,0.527421661,0.549561970,0.438528389,0.520713249,0.656594019,0.703254077,0.581067427,0.773636625,0.553659920,0.623969151,0.646114560,0.786620378,0.590489666,0.613524646,0.624473559,0.497345953,0.371338601,0.483000844,0.528712580,0.825849768,0.611859419,0.600842105,0.481773658,0.787301862,0.450468181,0.666760488,0.747944938,0.672190489,0.453446588,0.761428049,0.765967040,0.807908944,0.635229892,0.845315953,0.727039940,0.731109667,0.521767495,0.693608113,0.692283435,0.852043390,0.517205484,0.540231453,0.493452336,0.437951513,0.732033858,0.640530919,0.648445060,0.600557483,0.577383577,0.688263553,0.705170626,0.706708055,0.580916277,0.726155621,0.734727010,0.615957790,0.829053981,0.776540403,0.668714176,0.673710412,0.675494449,0.697200815,0.698859773,0.262885760,0.597736378,0.646951288,0.831055447,0.748888701,0.770337105,0.722078406,0.698491396,0.761481369,0.731133877,0.631705686,0.498832897,0.583946646,0.706111270,0.672361146,0.646976546,0.693364803
stage5c2_015,0.655498508,0.736332041,0.717688735,0.688564936,0.561552993,0.821550746,0.643443892,0.767570134,0.599575467,0.857787572,0.693131339,0.484080872,0.700659102,1.000000000,0.775038164,0.461163781,0.717475569,0.653532994,0.819426001,0.658358744,0.557228594,0.575456902,0.731795033,0.741846696,0.660845475,0.789728920,0.594728215,0.861493528,0.775157567,0.573345861,0.646857319,0.642231469,0.667287991,0.603555736,0.602418028,0.707379195,0.693826419,0.813645327,0.462655706,0.724800656,0.653719493,0.633282343,0.647122422,0.632313828,0.695453793,0.647033748,0.530302497,0.689101637,0.727026702,0.701258498,0.599072042,0.809346669,0.800130078,0.795260700,0.352676947,0.617913620,0.773112091,0.739298398,0.580013231,0.691729692,0.573897276,0.549881414,0.603351652,0.679245470,0.608120067,0.635165655,0.564653403,0.693675319,0.854002230,0.636273354,0.659188262,0.708308876,0.696700891,0.663756032,0.661668368,0.809613031,0.741162207,0.742038172,0.643380807,0.854443912,0.779961512,0.228620534,0.458113158,0.749760127,0.845779334,0.828297664,0.665036700,0.646160918,0.788789125,0.604574112,0.836895969,0.923471863,0.602863129,0.762703245,0.840657025,0.589536322,0.614477628,0.661622297
stage5c2_016,0.632900183,0.696212205,0.622706287,0.613386296,0.513595326,0.632222645,0.610393000,0.598428482,0.431251073,0.683750825,0.538250106,0.433186693,0.692512241,0.775038164,1.000000000,0.376411440,0.733191037,0.656165761,0.607748145,0.630156602,0.448957860,0.354400221,0.643178295,0.574715187,0.596570809,0.803620889,0.503013779,0.641634464,0.627169449,0.713589514,0.653289016,0.649396180,0.652311214,0.504522236,0.475961386,0.481466544,0.552246328,0.605891070,0.561159205,0.673057930,0.549958081,0.693100425,0.570194123,0.636469348,0.595927694,0.788872432,0.646921565,0.621519975,0.589037766,0.755004385,0.564089304,0.696940991,0.713281441,0.705770184,0.489594295,0.532003245,0.747516700,0.734038653,0.550707424,0.674729639,0.615831927,0.315822054,0.706957622,0.505660389,0.489893289,0.484898220,0.606848283,0.665741596,0.612050615,0.570516147,0.514660095,0.718963548,0.668781381,0.662110321,0.695617413,0.689158989,0.602839117,0.553626384,0.566625788,0.889146350,0.659738439,0.454342287,0.538547006,0.589178812,0.751590271,0.766961835,0.738932408,0.543086534,0.730046131,0.578555748,0.744415602,0.730011859,0.544439013,0.661952915,0.693373298,0.552514796,0.444855223,0.638622026
stage5c2_017,0.322083079,0.528517190,0.396146062,0.690395216,0.757982600,0.530917617,0.610272922,0.647598232,0.824553982,0.474227785,0.716330901,0.562473407,0.528044936,0.461163781,0.376411440,1.000000000,0.520587591,0.445777103,0.388083373,0.630026148,0.504837397,0.751823494,0.354782367,0.822934957,0.624288645,0.581333258,0.601442540,0.572078576,0.719251641,0.371577612,0.578414629,0.546590252,0.514331103,0.533801991,0.504301018,0.617390820,0.430199187,0.650331500,0.377065338,0.329824442,0.535905090,0.355660545,0.651286041,0.458871429,0.731931082,0.482535256,0.446831838,0.594672137,0.574410716,0.220984126,0.392490970,0.654709302,0.593497236,0.543182514,0.454773717,0.728139878,0.517591073,0.537466853,0.517233190,0.551972557,0.528871007,0.750604038,0.416117735,0.735410090,0.853550123,0.820789552,0.502904210,0.449419706,0.576292430,0.783030748,0.693134356,0.607049152,0.466727843,0.558773231,0.460423549,0.512881853,0.722842011,0.817258758,0.673514992,0.350213410,0.419578319,0.261099029,0.491991219,0.712498014,0.644160340,0.668125796,0.559122063,0.665396427,0.421372393,0.684529037,0.583142071,0.539037397,0.660951866,0.435301142,0.608369529,0.567669228,0.603179926,0.655436443
stage5c2_018,0.759159042,0.790411326,0.797738109,0.846648356,0.607870946,0.700299528,0.764641888,0.725222177,0.547711505,0.605322850,0.637591682,0.574924877,0.804513775,0.717475569,0.733191037,0.520587591,1.000000000,0.759663487,0.625532550,0.591731457,0.511190944,0.513476425,0.817358189,0.687607935,0.576875299,0.858428559,0.599681626,0.622139611,0.583640903,0.747086527,0.730211405,0.715952293,0.754905676,0.674691798,0.483253714,0.558771628,0.642489596,0.801432404,0.735238360,0.822992179,0.463524347,0.853096147,0.635841557,0.797809797,0.737915243,0.794640176,0.651319237,0.677819346,0.679207170,0.802567066,0.475054774,0.766154410,0.733039800,0.794737435,0.474561099,0.742735922,0.665258272,0.771423720,0.649296158,0.661270115,0.642822732,0.513482074,0.776676239,0.589383484,0.673180947,0.552882785,0.809266972,0.753458369,0.679898615,0.626230177,0.614088464,0.835594151,0.736336522,0.763077918,0.823507695,0.844297403,0.604106987,0.682500724,0.692590628,0.707962394,0.767361827,0.300666232,0.703031448,0.657376022,0.849276404,0.840432527,0.881999326,0.713124240,0.798476061,0.627684902,0.801493441,0.679777055,0.667418550,0.783160179,0.851041937,0.688864782,0.581618524,0.659188779
stage5c2_020,0.695970540,0.657347508,0.704814518,0.680118057,0.441911017,0.808135562,0.713273336,0.668938191,0.371084497,0.562590119,0.502961685,0.481958539,0.533399801,0.653532994,0.656165761,0.445777103,0.759663487,1.000000000,0.531548155,0.453166093,0.426592784,0.405443920,0.750679461,0.546940240,0.630095383,0.749247287,0.362040594,0.635256620,0.524974089,0.585318626,0.574977321,0.669305699,0.616678545,0.456844332,0.423978161,0.393179546,0.702347793,0.620675007,0.626365430,0.709712839,0.404762759,0.606616937,0.603606850,0.659726491,0.458932328,0.685642341,0.517826593,0.538044690,0.484073121,0.678654572,0.359360485,0.528664963,0.639469525,0.662324436,0.406791377,0.497594209,0.570278158,0.589550373,0.555774615,0.666224892,0.473019224,0.336360716,0.657069884,0.396789891,0.513047141,0.396475362,0.877003727,0.608938265,0.600766058,0.426872909,0.341461665,0.654536431,0.549246080,0.792187248,0.540254652,0.718372276,0.522781847,0.599483610,0.621952401,0.675124530,0.659702232,0.241811724,0.657811923,0.638418563,0.652561199,0.702694521,0.764876866,0.608175359,0.685593789,0.363067517,0.744914722,0.616986746,0.627578399,0.819669612,0.714521948,0.649388226,0.439663935,0.532529724
stage5c2_021,0.482216085,0.773525489,0.582988388,0.640359386,0.555490622,0.812588688,0.718703364,0.547398959,0.446804170,0.791363744,0.761683795,0.551929677,0.527421661,0.819426001,0.607748145,0.388083373,0.625532550,0.531548155,1.000000000,0.625759301,0.685054010,0.593544363,0.705867311,0.615164360,0.477463266,0.587795360,0.666083015,0.651958042,0.627600438,0.424442880,0.684487042,0.602388927,0.723338932,0.747306454,0.710481999,0.692142238,0.725633376,0.682981527,0.439030475,0.770665216,0.444248271,0.590584338,0.685573796,0.574943899,0.673121771,0.467738687,0.451281511,0.425359576,0.449296484,0.554571106,0.403951289,0.615867442,0.641290736,0.673184288,0.240932180,0.500480059,0.630527133,0.663180104,0.561333460,0.722526111,0.450472948,0.595900236,0.504265158,0.448804372,0.540874878,0.533929112,0.481546317,0.489894884,0.603769861,0.530816835,0.599620242,0.628415666,0.649807878,0.524807306,0.630646297,0.703153604,0.633526067,0.585972114,0.400979552,0.730855639,0.560921998,0.111539695,0.359905927,0.662580926,0.762338780,0.724536878,0.528643915,0.511797310,0.725605745,0.508313286,0.709333118,0.852734351,0.674994559,0.712662648,0.694621479,0.488201752,0.333803591,0.490270531
stage5c2_022,0.490149883,0.691097556,0.589997305,0.707300448,0.842160371,0.567386193,0.584947412,0.558736889,0.681011808,0.730141492,0.708705875,0.560162229,0.549561970,0.658358744,0.630156602,0.630026148,0.591731457,0.453166093,0.625759301,1.000000000,0.712427845,0.668538865,0.588934670,0.750918042,0.515419693,0.685248770,0.712682871,0.650565111,0.741989372,0.534925325,0.702279995,0.510009679,0.773000931,0.621614694,0.745551218,0.710070144,0.497803465,0.641585591,0.298819581,0.500315860,0.725865001,0.568034627,0.763969352,0.587204486,0.773024445,0.549838824,0.661025033,0.630182917,0.501577900,0.442691900,0.389608949,0.735090274,0.740497967,0.610385833,0.474371816,0.700417955,0.646761311,0.734521224,0.816320772,0.629035024,0.706411068,0.694074461,0.469505750,0.672152393,0.650691663,0.718311168,0.489529851,0.513486884,0.556270036,0.708379284,0.795327259,0.751059949,0.736752496,0.571428224,0.672013963,0.634239381,0.710155523,0.711703073,0.467638916,0.646649717,0.443345321,0.553803290,0.454437485,0.736758003,0.798133691,0.715207021,0.594574601,0.449575040,0.510866998,0.658878112,0.628055460,0.755626359,0.667150944,0.540517403,0.636265012,0.391450709,0.419732504,0.710349990
stage5c2_023,0.422485166,0.696772426,0.499057307,0.584889160,0.773362994,0.603802777,0.526137406,0.378459803,0.487027802,0.499496601,0.710787936,0.401558503,0.438528389,0.557228594,0.448957860,0.504837397,0.511190944,0.426592784,0.685054010,0.712427845,1.000000000,0.659195810,0.545667078,0.545551127,0.390059101,0.486522307,0.796857789,0.446591892,0.526441070,0.403445935,0.570860834,0.584720170,0.753221320,0.654053824,0.727365347,0.463371159,0.586676745,0.554739122,0.315075203,0.537122452,0.457458763,0.596245234,0.688669202,0.522239373,0.714263175,0.403750787,0.516477866,0.435951270,0.336378449,0.433465806,0.338979774,0.565186368,0.493193836,0.464397375,0.363690624,0.491032506,0.426485066,0.662140231,0.766323289,0.632106852,0.543068844,0.628849839,0.414607379,0.437132953,0.483916950,0.480192653,0.492827104,0.371993566,0.449579482,0.501823185,0.697406440,0.602252464,0.719759170,0.580877587,0.639984945,0.616583234,0.559514389,0.580724745,0.364171270,0.545954275,0.318318092,0.281591084,0.413594652,0.659962032,0.660696034,0.557320422,0.449618419,0.447421777,0.571977938,0.515184513,0.581931144,0.716642061,0.618492729,0.567350438,0.486356084,0.397386248,0.306098534,0.452452640
stage5c2_024,0.380738863,0.657048330,0.401787324,0.660616283,0.762830928,0.635897369,0.529863778,0.572485297,0.793120782,0.575639588,0.780090683,0.501113418,0.520713249,0.575456902,0.354400221,0.751823494,0.513476425,0.405443920,0.593544363,0.668538865,0.659195810,1.000000000,0.440010700,0.781566900,0.539650909,0.581481480,0.735561864,0.622799264,0.724564144,0.307875539,0.543773871,0.479357374,0.586494464,0.630266182,0.616733260,0.755279530,0.511548072,0.693092390,0.197644810,0.402848457,0.593887046,0.418790188,0.692140336,0.529740013,0.779339097,0.367431087,0.471920381,0.516983399,0.567756537,0.332109634,0.509411884,0.654556307,0.579988653,0.562771753,0.263174501,0.727349851,0.586685168,0.578436870,0.601196908,0.451362015,0.481227527,0.875444636,0.327907302,0.694649365,0.668031564,0.815801096,0.412703250,0.405950445,0.572914000,0.765646756,0.792313504,0.618291159,0.522710559,0.544144496,0.502543965,0.583127523,0.809085090,0.744020153,0.574151576,0.430363593,0.446038653,0.242343920,0.351498070,0.769315281,0.703103926,0.694412504,0.518426302,0.536248569,0.551448765,0.640522066,0.603937745,0.665782737,0.713029013,0.449935774,0.610554454,0.392607946,0.484116379,0.689814984
stage5c2_025,0.795212361,0.734913111,0.859881407,0.771125620,0.559001832,0.729126484,0.649926490,0.661195658,0.467173874,0.715426206,0.647087938,0.546095327,0.656594019,0.731795033,0.643178295,0.354782367,0.817358189,0.750679461,0.705867311,0.588934670,0.545667078,0.440010700,1.000000000,0.603723435,0.483115835,0.747199518,0.540265552,0.678198576,0.597712224,0.574888436,0.608017670,0.691601758,0.837886784,0.679230747,0.673711867,0.537350881,0.766588930,0.785925906,0.601254587,0.768123510,0.431365925,0.772532006,0.714632174,0.833591901,0.633521066,0.642062665,0.547451203,0.542093837,0.540769698,0.692784738,0.330140202,0.702390481,0.750833313,0.670743441,0.342031962,0.674306036,0.617238231,0.726136387,0.636096057,0.687494339,0.498616836,0.465008116,0.594824819,0.457130443,0.506411941,0.378895631,0.778101398,0.696335804,0.623039267,0.475491344,0.516983610,0.796561306,0.724980400,0.755893470,0.722100415,0.879219131,0.586542996,0.571156798,0.503263929,0.755822591,0.715007356,0.283635781,0.647738041,0.667132595,0.782628376,0.777934306,0.746304141,0.556787606,0.733031253,0.422496346,0.759371042,0.690090291,0.707432848,0.889654156,0.776358013,0.591152439,0.461313833,0.524389676
stage5c2_026,0.512619960,0.673346885,0.581430062,0.818522145,0.742684517,0.682483011,0.676011769,0.819993788,0.881055196,0.738662767,0.782723778,0.577695715,0.703254077,0.741846696,0.574715187,0.822934957,0.687607935,0.546940240,0.615164360,0.750918042,0.545551127,0.781566900,0.603723435,1.000000000,0.657009582,0.760112388,0.650806045,0.778267630,0.890191457,0.486939681,0.675307147,0.645274343,0.642432637,0.598699249,0.590862048,0.798033463,0.571042494,0.826757322,0.431268298,0.520001777,0.745165198,0.556385958,0.715742074,0.617598123,0.782240663,0.602808925,0.533564961,0.686741389,0.763425191,0.474496383,0.566058145,0.820804392,0.824829305,0.806158762,0.415996096,0.829182905,0.694814523,0.684448424,0.608260068,0.659261337,0.573988775,0.794280808,0.487270680,0.869627192,0.799951595,0.890031712,0.594243083,0.626028253,0.775010611,0.873526567,0.792616727,0.718947757,0.598448283,0.663177744,0.607986145,0.744438139,0.888400638,0.911680975,0.751049988,0.628011769,0.686841043,0.326741176,0.550395931,0.856973037,0.845458562,0.873315418,0.685468512,0.761820420,0.650951652,0.731992131,0.739706878,0.750708586,0.709617045,0.631774648,0.805167375,0.620745351,0.698658428,0.748695917
stage5c2_027,0.520703287,0.618890213,0.535239392,0.641919271,0.477575841,0.732955283,0.597280171,0.787475105,0.572199258,0.593420906,0.475522690,0.351457566,0.581067427,0.660845475,0.596570809,0.624288645,0.576875299,0.630095383,0.477463266,0.515419693,0.390059101,0.539650909,0.483115835,0.657009582,1.000000000,0.778205678,0.359439080,0.835203127,0.701297904,0.535203593,0.474404858,0.469013884,0.443440405,0.392386867,0.439543260,0.607775094,0.465393132,0.629763262,0.367565426,0.524803163,0.519107710,0.434690686,0.544745972,0.466766173,0.513815705,0.529662125,0.314698067,0.752435577,0.679914267,0.507822595,0.571690198,0.659934932,0.706160187,0.679940834,0.354295924,0.548301099,0.839785898,0.556791601,0.405348525,0.510861593,0.437951557,0.463594167,0.611977497,0.695911262,0.597490332,0.596275873,0.493574224,0.720445877,0.669596094,0.611239017,0.473271723,0.564683670,0.446296783,0.643636706,0.443002704,0.607604228,0.622115578,0.696151299,0.777804953,0.670224584,0.703774113,0.105948322,0.365298478,0.701572022,0.636763314,0.708885546,0.711154775,0.663144987,0.565435508,0.542013061,0.834688301,0.641168814,0.472165905,0.565535851,0.731683535,0.600445358,0.628833881,0.729831728
stage5c2_028,0.745832303,0.779121274,0.748463425,0.817033011,0.611306302,0.747505528,0.684431908,0.825500665,0.633369808,0.742072630,0.608917378,0.507144333,0.773636625,0.789728920,0.803620889,0.581333258,0.858428559,0.749247287,0.587795360,0.685248770,0.486522307,0.581481480,0.747199518,0.760112388,0.778205678,1.000000000,0.505579534,0.819320790,0.781887480,0.730768199,0.692941802,0.661748254,0.702382971,0.562323549,0.520421113,0.642759453,0.582898305,0.795802935,0.610651445,0.707182837,0.658736605,0.733101766,0.656115372,0.780073608,0.671019186,0.811921099,0.589260420,0.778535482,0.780771793,0.733857183,0.610818579,0.794003233,0.841001991,0.872726892,0.437935744,0.758217918,0.854528905,0.738233369,0.616852437,0.634770389,0.597822637,0.533434268,0.768188645,0.750238281,0.627720213,0.672069993,0.712966532,0.823724255,0.787477341,0.747934404,0.620894400,0.837432003,0.633815279,0.781316948,0.691217244,0.839966322,0.761133669,0.757867297,0.821848059,0.810697696,0.848900298,0.349994994,0.557470924,0.832387204,0.853535454,0.912816253,0.885702620,0.733748520,0.767791149,0.635735127,0.878798415,0.748668736,0.630790982,0.730419241,0.885163954,0.684786164,0.661643274,0.851845459
stage5c2_029,0.420686147,0.752822442,0.533601798,0.638402161,0.794983519,0.544405442,0.598434449,0.449030219,0.647663225,0.543920282,0.855379317,0.550542923,0.553659920,0.594728215,0.503013779,0.601442540,0.599681626,0.362040594,0.666083015,0.712682871,0.796857789,0.735561864,0.540265552,0.650806045,0.359439080,0.505579534,1.000000000,0.477994836,0.532845853,0.471335858,0.676966508,0.592619792,0.739530064,0.832945540,0.690628238,0.611283641,0.587381988,0.656470291,0.319024023,0.547019844,0.495438539,0.642537328,0.711272654,0.532738620,0.887096342,0.452344496,0.670442918,0.445135642,0.425967259,0.452996706,0.397591251,0.686072828,0.524353421,0.496956825,0.496916645,0.651112576,0.510363769,0.708886820,0.741721050,0.622597871,0.658129183,0.731724417,0.417723040,0.508589902,0.662365320,0.601213665,0.468573992,0.390937060,0.463201798,0.593075948,0.842593439,0.664165101,0.766812481,0.517624137,0.774226966,0.600401196,0.607066647,0.596444209,0.363218681,0.546484787,0.350417318,0.414832330,0.475522606,0.594308496,0.725200183,0.618547649,0.523336212,0.417697666,0.655695866,0.697814747,0.568949019,0.688513309,0.720703185,0.566429622,0.547866821,0.335019614,0.373141947,0.475862534
stage5c2_030,0.619056807,0.677840778,0.678777776,0.691926908,0.531688775,0.814225352,0.601533039,0.833235877,0.702456228,0.801670237,0.643620111,0.451892479,0.623969151,0.861493528,0.641634464,0.572078576,0.622139611,0.635256620,0.651958042,0.650565111,0.446591892,0.622799264,0.678198576,0.778267630,0.835203127,0.819320790,0.477994836,1.000000000,0.853416314,0.516569186,0.542638040,0.529075446,0.579167043,0.514615724,0.613368592,0.738898023,0.631810599,0.797793483,0.350251737,0.570325223,0.648499726,0.470358822,0.633592705,0.575516430,0.604700760,0.577988234,0.438066549,0.752668369,0.768879542,0.557275926,0.591677313,0.754133840,0.842772126,0.754728640,0.270473732,0.669347165,0.871956210,0.615994331,0.485625856,0.605295583,0.486190896,0.603287091,0.530019613,0.771954642,0.604562010,0.662163852,0.491826330,0.719037989,0.844892435,0.648366444,0.606690227,0.643329120,0.542712978,0.639725312,0.491845707,0.741733074,0.748183062,0.781150722,0.734105249,0.786749856,0.775688353,0.216022514,0.399113650,0.805557108,0.746481694,0.810458392,0.709427675,0.656994445,0.647856563,0.521274769,0.862293112,0.801739267,0.578747175,0.681545280,0.818596447,0.588605895,0.686412313,0.717263561
stage5c2_031,0.497264244,0.618884563,0.516880520,0.727451972,0.661032324,0.691794211,0.583719910,0.783087886,0.827541029,0.800840163,0.719551257,0.528941196,0.646114560,0.775157567,0.627169449,0.719251641,0.583640903,0.524974089,0.627600438,0.741989372,0.526441070,0.724564144,0.597712224,0.890191457,0.701297904,0.781887480,0.532845853,0.853416314,1.000000000,0.459211185,0.594368114,0.564610988,0.599469319,0.505980625,0.637538109,0.771103961,0.536603887,0.785350056,0.331120803,0.436643341,0.740206870,0.441339656,0.676995823,0.615669047,0.663888228,0.596337647,0.468463966,0.708672788,0.774170527,0.425010863,0.574451013,0.783931556,0.853697706,0.780352351,0.285464218,0.748674460,0.755148103,0.636020537,0.516423895,0.604611123,0.472792579,0.719241492,0.460698078,0.862401479,0.661490433,0.810998324,0.488048025,0.634477776,0.800235015,0.845817044,0.678514187,0.675697532,0.528481235,0.595483975,0.491068212,0.713842648,0.911481848,0.865766445,0.726163409,0.699653450,0.685810021,0.301100295,0.410866486,0.876330033,0.804390383,0.861773647,0.632638909,0.693978228,0.585038148,0.622941912,0.758560445,0.766068225,0.646278336,0.585281872,0.773971680,0.598833125,0.660370263,0.777366037
stage5c2_032,0.618302804,0.702642614,0.600325463,0.622510341,0.484595607,0.517174287,0.566447823,0.540167745,0.363081827,0.437684152,0.407916453,0.370670717,0.786620378,0.573345861,0.713589514,0.371577612,0.747086527,0.585318626,0.424442880,0.534925325,0.403445935,0.307875539,0.574888436,0.486939681,0.535203593,0.730768199,0.471335858,0.516569186,0.459211185,1.000000000,0.546904619,0.523833516,0.627290707,0.468931217,0.302662871,0.311890391,0.472165222,0.600809500,0.542757132,0.648958519,0.351689652,0.739613949,0.387813121,0.633334773,0.596624509,0.742295829,0.574355732,0.682423637,0.553373601,0.818935352,0.532149834,0.646882365,0.648767836,0.615940460,0.611871330,0.501857788,0.658893531,0.728187749,0.547247251,0.537895469,0.509922938,0.263271065,0.874048645,0.471255671,0.509871114,0.366848177,0.590941131,0.682886710,0.579877481,0.459708209,0.446107496,0.698533450,0.685204600,0.572626632,0.767943547,0.678677100,0.429127886,0.443906796,0.542595669,0.684555605,0.598544111,0.298572072,0.541975148,0.510430498,0.679019977,0.586726555,0.805431056,0.542694450,0.666378939,0.629446431,0.676618785,0.548868691,0.420514213,0.553178389,0.596546969,0.573195653,0.434707794,0.640517971
stage5c2_033,0.465289852,0.808182361,0.555914862,0.682890566,0.643778278,0.641671107,0.688809475,0.571783624,0.519984618,0.639996892,0.707580053,0.591199324,0.590489666,0.646857319,0.653289016,0.578414629,0.730211405,0.574977321,0.684487042,0.702279995,0.570860834,0.543773871,0.608017670,0.675307147,0.474404858,0.692941802,0.676966508,0.542638040,0.594368114,0.546904619,1.000000000,0.583201078,0.685855657,0.686610679,0.556857814,0.576924899,0.647507640,0.622115615,0.541895794,0.626582965,0.531747491,0.648927255,0.642897835,0.585281933,0.720676697,0.716536845,0.703722615,0.515101829,0.470141345,0.539870791,0.366241768,0.629314862,0.669571184,0.732877956,0.508635204,0.653890390,0.613887425,0.696797089,0.691378335,0.736790481,0.684447280,0.495163299,0.585626369,0.513617127,0.707729495,0.648627074,0.605281732,0.495108078,0.537850657,0.660597022,0.646071239,0.736468289,0.646012579,0.527676148,0.708610325,0.621761641,0.600559505,0.666277720,0.507307598,0.657191035,0.520140325,0.500958929,0.486583480,0.597468049,0.766097370,0.752710160,0.641829866,0.534108898,0.664596129,0.572233500,0.624843257,0.657787781,0.633032144,0.657191716,0.679653693,0.422766818,0.389653338,0.607728005
stage5c2_034,0.532062147,0.710977528,0.552281865,0.684191914,0.633460363,0.700114413,0.766640383,0.570746121,0.522445734,0.535926216,0.705702785,0.513702393,0.613524646,0.642231469,0.649396180,0.546590252,0.715952293,0.669305699,0.602388927,0.510009679,0.584720170,0.479357374,0.691601758,0.645274343,0.469013884,0.661748254,0.592619792,0.529075446,0.564610988,0.523833516,0.583201078,1.000000000,0.696440475,0.621583397,0.477269653,0.469069780,0.728765315,0.706394345,0.771940627,0.677232903,0.378621399,0.679105137,0.622533176,0.611236622,0.595571392,0.624037968,0.461634694,0.436483119,0.448436819,0.579796971,0.333140738,0.647065328,0.580225786,0.623730846,0.473545966,0.558321362,0.537949983,0.723463257,0.527337818,0.841667998,0.460133638,0.447127517,0.639109410,0.456606135,0.625763057,0.497531870,0.741665509,0.515924157,0.536898939,0.505771967,0.510573015,0.638526798,0.678656335,0.694741575,0.666091405,0.750488480,0.615331755,0.612622486,0.544382452,0.657144894,0.548289070,0.152663704,0.675007385,0.680691212,0.715217774,0.715277709,0.657681270,0.780589950,0.698195478,0.531454902,0.697818050,0.666630897,0.739596426,0.723736026,0.647126991,0.808432779,0.406035625,0.469172292
stage5c2_035,0.640354891,0.787661423,0.734110883,0.783750913,0.806793111,0.661856388,0.664108636,0.555942372,0.563559835,0.670006253,0.761691120,0.559267582,0.624473559,0.667287991,0.652311214,0.514331103,0.754905676,0.616678545,0.723338932,0.773000931,0.753221320,0.586494464,0.837886784,0.642432637,0.443440405,0.702382971,0.739530064,0.579167043,0.599469319,0.627290707,0.685855657,0.696440475,1.000000000,0.782254996,0.780162786,0.585826143,0.719334395,0.713938557,0.518028028,0.709311834,0.475680520,0.783034266,0.823879260,0.784948583,0.793692196,0.640668623,0.663088351,0.519251428,0.430762324,0.611765938,0.361789385,0.727934429,0.672890955,0.613262511,0.451087386,0.717472392,0.587048997,0.800845979,0.767365103,0.695977126,0.608769822,0.606339774,0.621122491,0.506722505,0.601441932,0.501024451,0.683761617,0.570588568,0.560363361,0.563522328,0.701152889,0.848964881,0.822273712,0.711979267,0.809251935,0.790023242,0.668669739,0.574433044,0.450238593,0.703436339,0.541858667,0.337356950,0.605320023,0.715280801,0.821480590,0.742331016,0.671674393,0.500795745,0.704852994,0.592928965,0.671467016,0.721346021,0.766583029,0.776814466,0.694829291,0.496727285,0.338473683,0.605761814
stage5c2_036,0.483584434,0.737818989,0.635692199,0.718782659,0.698917555,0.650801121,0.753118067,0.561391707,0.571722519,0.627711150,0.891795503,0.665961684,0.497345953,0.603555736,0.504522236,0.533801991,0.674691798,0.456844332,0.747306454,0.621614694,0.654053824,0.630266182,0.679230747,0.598699249,0.392386867,0.562323549,0.832945540,0.514615724,0.505980625,0.468931217,0.686610679,0.621583397,0.782254996,1.000000000,0.748925094,0.662764629,0.682671204,0.657124597,0.433852433,0.702809916,0.387981833,0.637928743,0.763757803,0.659378573,0.820987684,0.443886353,0.605967884,0.376659080,0.393406520,0.460798361,0.329935143,0.608610624,0.556642246,0.542192483,0.328814038,0.681667092,0.548852309,0.621730342,0.638601280,0.673610705,0.537764808,0.725163049,0.511217919,0.457976635,0.666792403,0.524670398,0.547708660,0.471143709,0.475101090,0.550594179,0.729955735,0.708240293,0.669337531,0.528200128,0.724700481,0.634773426,0.562893567,0.513999058,0.381491057,0.554513627,0.475918111,0.286644382,0.443274866,0.590051412,0.717896364,0.673417960,0.578102073,0.428477086,0.683488687,0.572181863,0.596313218,0.636517390,0.797422296,0.657355408,0.659800169,0.413290654,0.331156035,0.495501969
stage5c2_037,0.481301127,0.588484803,0.634323820,0.617790885,0.714959939,0.596271934,0.536721465,0.528879601,0.582192590,0.726902224,0.787926908,0.498694312,0.371338601,0.602418028,0.475961386,0.504301018,0.483253714,0.423978161,0.710481999,0.745551218,0.727365347,0.616733260,0.673711867,0.590862048,0.439543260,0.520421113,0.690628238,0.613368592,0.637538109,0.302662871,0.556857814,0.477269653,0.780162786,0.748925094,1.000000000,0.673710758,0.644613956,0.587862530,0.238203783,0.515660543,0.541979149,0.459857176,0.876334967,0.600704843,0.710457236,0.376658672,0.559213081,0.437236420,0.394364502,0.299386366,0.290831013,0.621456390,0.597338751,0.472334945,0.289012000,0.628573894,0.529550984,0.574713231,0.664028655,0.619790262,0.549294472,0.714701026,0.300795009,0.522120649,0.500064131,0.521085045,0.439850340,0.464553195,0.469469894,0.527326727,0.691063712,0.656047251,0.630942828,0.565668862,0.545708579,0.606741686,0.607894027,0.589700689,0.347972910,0.573213811,0.436023799,0.359306112,0.428861029,0.653677815,0.665709710,0.629417608,0.435056228,0.380392711,0.495598683,0.485070521,0.591268239,0.648158810,0.778822229,0.660131034,0.586002096,0.347163102,0.354020764,0.494485317
stage5c2_038,0.460814688,0.597081641,0.546586770,0.695946809,0.633300159,0.646287475,0.617593642,0.692333098,0.763411439,0.777103001,0.745978763,0.493906241,0.483000844,0.707379195,0.481466544,0.617390820,0.558771628,0.393179546,0.692142238,0.710070144,0.463371159,0.755279530,0.537350881,0.798033463,0.607775094,0.642759453,0.611283641,0.738898023,0.771103961,0.311890391,0.576924899,0.469069780,0.585826143,0.662764629,0.673710758,1.000000000,0.487677340,0.711043953,0.243690869,0.543295621,0.667228408,0.416141750,0.743772924,0.550276959,0.710848555,0.387815095,0.475530931,0.509440481,0.575353990,0.314846681,0.422402277,0.729718749,0.699939914,0.637867112,0.273882308,0.767052416,0.710289498,0.570063595,0.520696987,0.541987435,0.578511970,0.815836378,0.363838161,0.735384790,0.687371123,0.792308508,0.403901052,0.544686430,0.602874519,0.720908715,0.779298354,0.660531282,0.521497658,0.524973984,0.508382907,0.625757461,0.774143958,0.694574842,0.572973705,0.563782241,0.580390789,0.248776155,0.369719925,0.717080321,0.740100046,0.753317943,0.534418559,0.494850522,0.538436320,0.622165367,0.629400440,0.705209210,0.702796797,0.555415425,0.777154312,0.405622625,0.516972324,0.659874919
stage5c2_039,0.544777158,0.743370959,0.628156975,0.562003086,0.523886792,0.808568461,0.644996640,0.580880150,0.445153180,0.643111984,0.752628371,0.508662795,0.528712580,0.693826419,0.552246328,0.430199187,0.642489596,0.702347793,0.725633376,0.497803465,0.586676745,0.511548072,0.766588930,0.571042494,0.465393132,0.582898305,0.587381988,0.631810599,0.536603887,0.472165222,0.647507640,0.728765315,0.719334395,0.682671204,0.644613956,0.487677340,1.000000000,0.690301619,0.579033915,0.645618272,0.385560996,0.620228897,0.646505163,0.633654508,0.603574030,0.557719266,0.500530943,0.420740288,0.443530285,0.567881077,0.423020746,0.554147577,0.622388146,0.568530978,0.340546745,0.544116680,0.553962533,0.660774331,0.554095566,0.762817488,0.403131086,0.437715996,0.492860715,0.418693406,0.496568898,0.415186901,0.655892190,0.448305432,0.607217931,0.423004156,0.494125598,0.603673104,0.674576345,0.600024060,0.626934775,0.711662451,0.544536043,0.606765563,0.461732275,0.665499740,0.566896694,0.184596691,0.503176837,0.608924357,0.667111751,0.657446021,0.574010005,0.608819395,0.704496193,0.401075944,0.669345515,0.663344666,0.703373598,0.788703550,0.599344445,0.568357040,0.340079799,0.446326885
stage5c2_040,0.643651759,0.763851718,0.726960247,0.786032631,0.674856338,0.716673571,0.681102785,0.767584304,0.782852482,0.730096226,0.738387708,0.481163514,0.825849768,0.813645327,0.605891070,0.650331500,0.801432404,0.620675007,0.682981527,0.641585591,0.554739122,0.693092390,0.785925906,0.826757322,0.629763262,0.795802935,0.656470291,0.797793483,0.785350056,0.600809500,0.622115615,0.706394345,0.713938557,0.657124597,0.587862530,0.711043953,0.690301619,1.000000000,0.543668533,0.661448413,0.520491972,0.701007043,0.663666861,0.696196426,0.788387494,0.615733021,0.458525177,0.691133760,0.745568187,0.643950898,0.511486542,0.880662022,0.833014484,0.745624216,0.422876116,0.831903648,0.720859416,0.811188506,0.589682195,0.679797932,0.542124893,0.694977896,0.585496479,0.744617355,0.746347565,0.728852021,0.649179635,0.678062800,0.785344899,0.715493274,0.702115810,0.761091056,0.739447991,0.664154526,0.742145141,0.856685540,0.770824001,0.807693927,0.679875915,0.682710120,0.731061603,0.242817869,0.590228513,0.768945686,0.900348181,0.845588148,0.734952180,0.772871634,0.700095352,0.700294053,0.815083341,0.775814411,0.702682930,0.725499020,0.836822279,0.700676082,0.681529179,0.676905203
stage5c2_041,0.461683123,0.561566175,0.484843388,0.563504391,0.365812010,0.524591907,0.637733465,0.442182021,0.282836146,0.400663450,0.431968237,0.430897201,0.611859419,0.462655706,0.561159205,0.377065338,0.735238360,0.626365430,0.439030475,0.298819581,0.315075203,0.197644810,0.601254587,0.431268298,0.367565426,0.610651445,0.319024023,0.350251737,0.331120803,0.542757132,0.541895794,0.771940627,0.518028028,0.433852433,0.238203783,0.243690869,0.579033915,0.543668533,1.000000000,0.635331973,0.238621887,0.646002120,0.364695087,0.563932088,0.421998671,0.606026315,0.358274551,0.438234349,0.437516746,0.593729541,0.292551496,0.454032110,0.478242383,0.551373472,0.409560316,0.417102639,0.419562905,0.558471232,0.355589066,0.683547524,0.314156066,0.167670219,0.665836551,0.304482157,0.465135060,0.312359706,0.675596052,0.485506321,0.424062300,0.368880766,0.270380459,0.546755145,0.509433643,0.519401932,0.590931218,0.615615163,0.340227159,0.452137292,0.544449933,0.514707286,0.523353443,0.109715738,0.626552443,0.468377054,0.545638305,0.564878699,0.663008939,0.714865015,0.582390216,0.377235115,0.584640221,0.413804157,0.491684725,0.571519515,0.529127910,0.820365486,0.422967192,0.388272600
stage5c2_042,0.734903190,0.738625083,0.782293893,0.748288853,0.476337558,0.757850003,0.801529298,0.629182921,0.302654270,0.616205373,0.597189936,0.494004956,0.600842105,0.724800656,0.673057930,0.329824442,0.822992179,0.709712839,0.770665216,0.500315860,0.537122452,0.402848457,0.768123510,0.520001777,0.524803163,0.707182837,0.547019844,0.570325223,0.436643341,0.648958519,0.626582965,0.677232903,0.709311834,0.702809916,0.515660543,0.543295621,0.645618272,0.661448413,0.635331973,1.000000000,0.339193928,0.786884912,0.653876980,0.697717747,0.635201265,0.599800203,0.494641309,0.485509412,0.469503357,0.760305069,0.368117875,0.615193216,0.609509031,0.713315334,0.347606628,0.506149388,0.606899589,0.655163534,0.522615729,0.679987876,0.535297353,0.455805346,0.743042143,0.359368117,0.543194029,0.390282752,0.735837712,0.692667603,0.555288684,0.418754524,0.519466451,0.711441086,0.670835316,0.741214715,0.713417081,0.798516789,0.467775937,0.491923466,0.526578085,0.729767158,0.698572177,0.065917433,0.536022282,0.568419080,0.729344001,0.714539384,0.749585986,0.575322421,0.794162242,0.504302436,0.749277339,0.716887694,0.641526896,0.815423921,0.784679767,0.613883479,0.387617055,0.494766545
stage5c2_043,0.439401885,0.454668555,0.494517331,0.550643190,0.578854659,0.491562482,0.378240966,0.617627389,0.630514576,0.747429925,0.553638406,0.382388162,0.481773658,0.653719493,0.549958081,0.535905090,0.463524347,0.404762759,0.444248271,0.725865001,0.457458763,0.593887046,0.431365925,0.745165198,0.519107710,0.658736605,0.495438539,0.648499726,0.740206870,0.351689652,0.531747491,0.378621399,0.475680520,0.387981833,0.541979149,0.667228408,0.385560996,0.520491972,0.238621887,0.339193928,1.000000000,0.416037995,0.605838267,0.513991782,0.589558719,0.454396841,0.546638749,0.645102937,0.693348746,0.345253578,0.541956433,0.631794981,0.683817508,0.632007767,0.348446444,0.620974358,0.571087285,0.490533335,0.622763956,0.438031208,0.511321730,0.563960279,0.308310176,0.737125006,0.463821434,0.715233284,0.403307258,0.535293752,0.631822756,0.759508245,0.687825860,0.610357631,0.474883981,0.570026724,0.453859773,0.560251040,0.726526905,0.728613419,0.631732090,0.601128422,0.555995410,0.475946426,0.338532781,0.731756316,0.671240560,0.664009354,0.500639284,0.448341363,0.512186813,0.576250424,0.571431528,0.641885129,0.504228194,0.477379411,0.598167585,0.351942103,0.626390776,0.700692122
stage5c2_044,0.692790747,0.788199993,0.731494411,0.731363442,0.589182135,0.569533486,0.607085349,0.561930419,0.399661375,0.516827647,0.562832925,0.407492091,0.787301862,0.633282343,0.693100425,0.355660545,0.853096147,0.606616937,0.590584338,0.568034627,0.596245234,0.418790188,0.772532006,0.556385958,0.434690686,0.733101766,0.642537328,0.470358822,0.441339656,0.739613949,0.648927255,0.679105137,0.783034266,0.637928743,0.459857176,0.416141750,0.620228897,0.701007043,0.646002120,0.786884912,0.416037995,1.000000000,0.556447195,0.774810742,0.730751060,0.662820436,0.557108497,0.536832556,0.545045218,0.837529190,0.516048724,0.721487371,0.623064178,0.672665100,0.472113891,0.651368664,0.562800454,0.792593728,0.640186131,0.575171896,0.546015236,0.378865426,0.701474664,0.445589940,0.504516672,0.374181926,0.745895594,0.643959418,0.556183154,0.538452768,0.584969908,0.773307272,0.793944326,0.707495871,0.902018775,0.821905256,0.527318690,0.526844271,0.496857185,0.708229124,0.652246864,0.270595936,0.603731256,0.579493306,0.793168121,0.717595654,0.767409643,0.584128325,0.816099075,0.613288382,0.673790955,0.629841916,0.553998941,0.725787894,0.681258553,0.530008049,0.384165614,0.563303470
stage5c2_045,0.604882678,0.621402104,0.708497680,0.763350645,0.773544388,0.666327821,0.675161209,0.655967522,0.638112908,0.732753284,0.832235644,0.582856469,0.450468181,0.647122422,0.570194123,0.651286041,0.635841557,0.603606850,0.685573796,0.763969352,0.688669202,0.692140336,0.714632174,0.715742074,0.544745972,0.656115372,0.711272654,0.633592705,0.676995823,0.387813121,0.642897835,0.622533176,0.823879260,0.763757803,0.876334967,0.743772924,0.646505163,0.663666861,0.364695087,0.653876980,0.605838267,0.556447195,1.000000000,0.680030511,0.772419944,0.529345436,0.659830253,0.490958910,0.447080866,0.372156689,0.290576521,0.686915814,0.646983738,0.607751567,0.393617562,0.722870863,0.561154086,0.634092821,0.715761204,0.680083380,0.652628779,0.785735765,0.414978249,0.576371480,0.633000706,0.669955013,0.651926848,0.540642708,0.509180955,0.638852490,0.769440728,0.757295075,0.645947209,0.764853339,0.604657314,0.690984084,0.722451874,0.684203054,0.524894317,0.618264250,0.531775305,0.345027590,0.536224936,0.741514701,0.754954762,0.761873332,0.562006911,0.507263279,0.591802231,0.578389826,0.651055792,0.694113955,0.910606645,0.786792598,0.727040720,0.456328329,0.428059685,0.606371069
stage5c2_046,0.813216937,0.667051973,0.786603146,0.815571958,0.605195092,0.633766486,0.593966685,0.705641733,0.507258079,0.668007258,0.631827377,0.549442096,0.666760488,0.632313828,0.636469348,0.458871429,0.797809797,0.659726491,0.574943899,0.587204486,0.522239373,0.529740013,0.833591901,0.617598123,0.466766173,0.780073608,0.532738620,0.575516430,0.615669047,0.633334773,0.585281933,0.611236622,0.784948583,0.659378573,0.600704843,0.550276959,0.633654508,0.696196426,0.563932088,0.697717747,0.513991782,0.774810742,0.680030511,1.000000000,0.685021978,0.710542575,0.638405955,0.549714839,0.637239650,0.646792753,0.513736623,0.675305136,0.743150597,0.658479200,0.316917019,0.767986058,0.621081088,0.647097800,0.638895423,0.530659528,0.496683772,0.520557065,0.648636451,0.567717454,0.515871738,0.439306243,0.774643975,0.753272209,0.658697875,0.630566314,0.569988993,0.907107755,0.638834616,0.784865935,0.704015261,0.864931039,0.651838071,0.569250737,0.617686564,0.664072159,0.770522488,0.322512694,0.587185816,0.698830058,0.765277325,0.800781281,0.787589608,0.547319212,0.781786663,0.485596860,0.704882178,0.616014896,0.690940527,0.747321167,0.791583200,0.561070660,0.503062408,0.714098828
stage5c2_047,0.542874121,0.757477135,0.668250323,0.783112248,0.848512092,0.596208097,0.641634981,0.645030066,0.753114738,0.639576880,0.847496488,0.604670280,0.747944938,0.695453793,0.595927694,0.731931082,0.737915243,0.458932328,0.673121771,0.773024445,0.714263175,0.779339097,0.633521066,0.782240663,0.513815705,0.671019186,0.887096342,0.604700760,0.663888228,0.596624509,0.720676697,0.595571392,0.793692196,0.820987684,0.710457236,0.710848555,0.603574030,0.788387494,0.421998671,0.635201265,0.589558719,0.730751060,0.772419944,0.685021978,1.000000000,0.567220184,0.677984330,0.628558945,0.632048032,0.578469791,0.519490463,0.846867982,0.677238577,0.627950809,0.515716849,0.816830479,0.615974311,0.802785979,0.729007168,0.610881193,0.705914738,0.791841500,0.560628173,0.688791884,0.793016237,0.739557892,0.561295401,0.585345625,0.634144257,0.771736705,0.898611781,0.816119278,0.820714940,0.645150540,0.848135051,0.730062706,0.729561566,0.738102024,0.559726615,0.607552596,0.553685903,0.373055573,0.544406125,0.698576685,0.861726340,0.755018575,0.666192114,0.568027054,0.693539828,0.825441301,0.674597631,0.733442202,0.754550730,0.627400368,0.726881624,0.477435120,0.559336788,0.675561872
stage5c2_048,0.715347886,0.662573486,0.666267308,0.674186764,0.532644284,0.595848188,0.561279730,0.666787099,0.447004250,0.555415606,0.508969308,0.493301582,0.672190489,0.647033748,0.788872432,0.482535256,0.794640176,0.685642341,0.467738687,0.549838824,0.403750787,0.367431087,0.642062665,0.602808925,0.529662125,0.811921099,0.452344496,0.577988234,0.596337647,0.742295829,0.716536845,0.624037968,0.640668623,0.443886353,0.376658672,0.387815095,0.557719266,0.615733021,0.606026315,0.599800203,0.454396841,0.662820436,0.529345436,0.710542575,0.567220184,1.000000000,0.741635086,0.586826264,0.607381607,0.662432408,0.441996541,0.660841470,0.686919946,0.745434843,0.563434707,0.612655583,0.641699247,0.670086978,0.588430783,0.604667101,0.654006382,0.319641092,0.722171474,0.571972779,0.533338943,0.501213794,0.687557941,0.691263624,0.691959259,0.579601862,0.513540309,0.771566983,0.590178113,0.692712173,0.655932717,0.726412111,0.573293613,0.613284455,0.658211500,0.693747527,0.706894113,0.434711829,0.579290437,0.608874255,0.697460734,0.773251719,0.755400512,0.630666265,0.685897731,0.536396957,0.700597421,0.612890470,0.554396528,0.675228854,0.721658123,0.578616812,0.505846605,0.653810868
stage5c2_049,0.613877286,0.579115730,0.635541908,0.601515264,0.622050039,0.475788297,0.472231299,0.483383616,0.441425897,0.511311805,0.638020031,0.485204137,0.453446588,0.530302497,0.646921565,0.446831838,0.651319237,0.517826593,0.451281511,0.661025033,0.516477866,0.471920381,0.547451203,0.533564961,0.314698067,0.589260420,0.670442918,0.438066549,0.468463966,0.574355732,0.703722615,0.461634694,0.663088351,0.605967884,0.559213081,0.475530931,0.500530943,0.458525177,0.358274551,0.494641309,0.546638749,0.557108497,0.659830253,0.638405955,0.677984330,0.741635086,1.000000000,0.464908879,0.435427170,0.478087332,0.326574078,0.549804508,0.536236085,0.507127783,0.517497378,0.604612024,0.468815967,0.553932457,0.741738120,0.522448535,0.746315303,0.507677181,0.476239432,0.444013696,0.496918897,0.468366041,0.561587159,0.488721174,0.468698231,0.508588862,0.677431702,0.727226607,0.615373911,0.602074501,0.631309963,0.549871321,0.483988655,0.484809125,0.444016900,0.588034260,0.440765194,0.634095099,0.535542498,0.496693600,0.597096734,0.606449956,0.608391259,0.335083815,0.589077139,0.486146280,0.508071295,0.537602519,0.655670898,0.618961922,0.576018358,0.292326880,0.397519550,0.544612536
stage5c2_050,0.588425620,0.577657461,0.598471892,0.699263781,0.565881599,0.552004274,0.481064364,0.715969452,0.620205958,0.581336907,0.451940715,0.351858481,0.761428049,0.689101637,0.621519975,0.594672137,0.677819346,0.538044690,0.425359576,0.630182917,0.435951270,0.516983399,0.542093837,0.686741389,0.752435577,0.778535482,0.445135642,0.752668369,0.708672788,0.682423637,0.515101829,0.436483119,0.519251428,0.376659080,0.437236420,0.509440481,0.420740288,0.691133760,0.438234349,0.485509412,0.645102937,0.536832556,0.490958910,0.549714839,0.628558945,0.586826264,0.464908879,1.000000000,0.838091039,0.628846649,0.620635310,0.755798192,0.739461364,0.704909526,0.392721330,0.570556074,0.736813711,0.645015279,0.511907150,0.467651232,0.529882109,0.479080434,0.666082220,0.744005298,0.632962017,0.600362923,0.491206092,0.745439822,0.728078464,0.631083821,0.588777813,0.639596270,0.600091036,0.619231322,0.564930456,0.679186786,0.596201408,0.732266167,0.775880845,0.667185259,0.687694659,0.264362929,0.552415712,0.669541438,0.708776633,0.681288836,0.762827144,0.639959989,0.561059853,0.624690467,0.798584647,0.640163158,0.406288138,0.530491519,0.691502732,0.619066769,0.798387161,0.769084979
stage5c2_051,0.588067042,0.528802431,0.592064832,0.704134616,0.487747797,0.569329556,0.467183968,0.822816697,0.696383310,0.664995566,0.521536587,0.393122642,0.765967040,0.727026702,0.589037766,0.574410716,0.679207170,0.484073121,0.449296484,0.501577900,0.336378449,0.567756537,0.540769698,0.763425191,0.679914267,0.780771793,0.425967259,0.768879542,0.774170527,0.553373601,0.470141345,0.448436819,0.430762324,0.393406520,0.394364502,0.575353990,0.443530285,0.745568187,0.437516746,0.469503357,0.693348746,0.545045218,0.447080866,0.637239650,0.632048032,0.607381607,0.435427170,0.838091039,1.000000000,0.579457477,0.769707194,0.758410577,0.773220034,0.768339463,0.244481834,0.684796920,0.727999250,0.536760646,0.407886949,0.416964809,0.384013298,0.537814586,0.540669886,0.847549792,0.573373298,0.647803481,0.468079060,0.758706573,0.857606501,0.770537579,0.596897318,0.636823336,0.475357501,0.605788611,0.513326334,0.735846315,0.715695336,0.790315522,0.827276818,0.636342713,0.835558257,0.198419327,0.447785648,0.734826574,0.732299034,0.773765846,0.732064874,0.724112865,0.683601022,0.611240139,0.791448963,0.640122970,0.450383608,0.524805824,0.764565549,0.624117650,0.880709234,0.769336841
stage5c2_052,0.688945075,0.741755919,0.666895700,0.618652823,0.395785487,0.625754189,0.536861348,0.543233526,0.298583180,0.460575243,0.388004757,0.293464942,0.807908944,0.701258498,0.755004385,0.220984126,0.802567066,0.678654572,0.554571106,0.442691900,0.433465806,0.332109634,0.692784738,0.474496383,0.507822595,0.733857183,0.452996706,0.557275926,0.425010863,0.818935352,0.539870791,0.579796971,0.611765938,0.460798361,0.299386366,0.314846681,0.567881077,0.643950898,0.593729541,0.760305069,0.345253578,0.837529190,0.372156689,0.646792753,0.578469791,0.662432408,0.478087332,0.628846649,0.579457477,1.000000000,0.593049642,0.651181729,0.614347305,0.675706387,0.398868824,0.459004642,0.635226099,0.744494270,0.463926938,0.508557763,0.474536142,0.230458986,0.791139181,0.377320281,0.424383582,0.309784961,0.642103158,0.676508973,0.597444874,0.402796129,0.416696527,0.654344749,0.702671754,0.646795929,0.764056940,0.745378969,0.441667339,0.445586126,0.546390229,0.768739474,0.685803798,0.183810776,0.550841071,0.487648852,0.698777928,0.648757782,0.791367242,0.555585010,0.781643522,0.520475997,0.725562278,0.643231859,0.367424013,0.648918874,0.648250958,0.570789612,0.430714588,0.542506654
stage5c2_053,0.375583179,0.547775365,0.332472008,0.479913735,0.365211803,0.505813145,0.340744573,0.605360771,0.507060736,0.531091823,0.440057965,0.254011056,0.635229892,0.599072042,0.564089304,0.392490970,0.475054774,0.359360485,0.403951289,0.389608949,0.338979774,0.509411884,0.330140202,0.566058145,0.571690198,0.610818579,0.397591251,0.591677313,0.574451013,0.532149834,0.366241768,0.333140738,0.361789385,0.329935143,0.290831013,0.422402277,0.423020746,0.511486542,0.292551496,0.368117875,0.541956433,0.516048724,0.290576521,0.513736623,0.519490463,0.441996541,0.326574078,0.620635310,0.769707194,0.593049642,1.000000000,0.537663580,0.576399272,0.608377241,0.127499243,0.477344743,0.692301218,0.427967500,0.296086325,0.294498934,0.189048662,0.364380471,0.506449451,0.629126153,0.367666461,0.458377728,0.309457177,0.502690272,0.695676672,0.622121342,0.437566358,0.464592802,0.367149491,0.434641311,0.440730378,0.529113583,0.621416543,0.542679105,0.640449077,0.613707682,0.645034018,0.098845861,0.232379519,0.593415706,0.568936274,0.598481304,0.592338992,0.520800193,0.720187024,0.471436649,0.602326157,0.554717617,0.287770736,0.355243409,0.521823566,0.389363612,0.530383846,0.708357239
stage5c2_054,0.662473268,0.732406505,0.718445110,0.786584666,0.743612254,0.611428874,0.582224657,0.757535132,0.780352219,0.704021699,0.688305600,0.443156979,0.845315953,0.809346669,0.696940991,0.654709302,0.766154410,0.528664963,0.615867442,0.735090274,0.565186368,0.654556307,0.702390481,0.820804392,0.659934932,0.794003233,0.686072828,0.754133840,0.783931556,0.646882365,0.629314862,0.647065328,0.727934429,0.608610624,0.621456390,0.729718749,0.554147577,0.880662022,0.454032110,0.615193216,0.631794981,0.721487371,0.686915814,0.675305136,0.846867982,0.660841470,0.549804508,0.755798192,0.758410577,0.651181729,0.537663580,1.000000000,0.808548442,0.749399195,0.596105835,0.815026436,0.741262257,0.873452792,0.636180040,0.625634466,0.719302963,0.642123752,0.621136641,0.799253949,0.775212182,0.731159965,0.590966947,0.759058578,0.749923189,0.760988402,0.800172502,0.813114472,0.809016912,0.697273830,0.804714727,0.832283477,0.785270635,0.790528532,0.652250136,0.716432746,0.725288152,0.349775256,0.627243760,0.750430518,0.902098443,0.830367449,0.718207375,0.688026993,0.687120903,0.841481461,0.796854046,0.780558894,0.646477082,0.683213607,0.832539891,0.603245748,0.682318392,0.722210867
stage5c2_055,0.670576555,0.706147010,0.688824762,0.777845869,0.614717238,0.702129512,0.649921533,0.813087383,0.718641539,0.834217250,0.645602282,0.508025132,0.727039940,0.800130078,0.713281441,0.593497236,0.733039800,0.639469525,0.641290736,0.740497967,0.493193836,0.579988653,0.750833313,0.824829305,0.706160187,0.841001991,0.524353421,0.842772126,0.853697706,0.648767836,0.669571184,0.580225786,0.672890955,0.556642246,0.597338751,0.699939914,0.622388146,0.833014484,0.478242383,0.609509031,0.683817508,0.623064178,0.646983738,0.743150597,0.677238577,0.686919946,0.536236085,0.739461364,0.773220034,0.614347305,0.576399272,0.808548442,1.000000000,0.783081122,0.416817611,0.780004917,0.814228602,0.722555142,0.608551437,0.678628798,0.527062870,0.582408134,0.610208263,0.792063801,0.643635524,0.691913680,0.635481214,0.790967443,0.784903850,0.746622600,0.641823432,0.802608721,0.637286465,0.646839505,0.650269631,0.825224162,0.755334926,0.791208734,0.696189300,0.788086345,0.791152148,0.415972243,0.481995615,0.768773337,0.856903879,0.866510590,0.780052606,0.669997465,0.698720800,0.601429616,0.836503604,0.765378703,0.623609453,0.686530078,0.833048815,0.627970248,0.660250652,0.758413074
stage5c2_056,0.635844428,0.742870308,0.628541388,0.807547314,0.534233372,0.734728651,0.701933411,0.833196559,0.592295079,0.740194492,0.620616526,0.512042097,0.731109667,0.795260700,0.705770184,0.543182514,0.794737435,0.662324436,0.673184288,0.610385833,0.464397375,0.562771753,0.670743441,0.806158762,0.679940834,0.872726892,0.496956825,0.754728640,0.780352351,0.615940460,0.732877956,0.623730846,0.613262511,0.542192483,0.472334945,0.637867112,0.568530978,0.745624216,0.551373472,0.713315334,0.632007767,0.672665100,0.607751567,0.658479200,0.627950809,0.745434843,0.507127783,0.704909526,0.768339463,0.675706387,0.608377241,0.749399195,0.783081122,1.000000000,0.337112957,0.650456881,0.754711000,0.663375165,0.515154374,0.635892117,0.516176427,0.538849747,0.664572331,0.717377547,0.627925243,0.694424460,0.647371242,0.729793492,0.774684026,0.746403717,0.598627444,0.695969230,0.551232623,0.693837914,0.615649873,0.790748668,0.768223936,0.778202305,0.772747524,0.763326344,0.847692842,0.223224694,0.491336208,0.802470310,0.819918059,0.902509188,0.759714461,0.763421886,0.782428466,0.638005494,0.808858829,0.741156249,0.584915721,0.728282782,0.851123470,0.636431966,0.620902643,0.759833461
stage5c2_057,0.404798430,0.524298960,0.437036254,0.351383537,0.471848054,0.285249873,0.358638164,0.296901285,0.335493854,0.288394530,0.369270540,0.235819193,0.521767495,0.352676947,0.489594295,0.454773717,0.474561099,0.406791377,0.240932180,0.474371816,0.363690624,0.263174501,0.342031962,0.415996096,0.354295924,0.437935744,0.496916645,0.270473732,0.285464218,0.611871330,0.508635204,0.473545966,0.451087386,0.328814038,0.289012000,0.273882308,0.340546745,0.422876116,0.409560316,0.347606628,0.348446444,0.472113891,0.393617562,0.316917019,0.515716849,0.563434707,0.517497378,0.392721330,0.244481834,0.398868824,0.127499243,0.596105835,0.416817611,0.337112957,1.000000000,0.411839645,0.370781792,0.671999334,0.613853431,0.562356463,0.695406929,0.185409314,0.520383392,0.340721653,0.534790081,0.410771973,0.468690234,0.425622040,0.269450034,0.353034489,0.466806642,0.545763270,0.624615092,0.446755338,0.648857576,0.439779985,0.292689394,0.391614354,0.296637721,0.396821535,0.254131102,0.516108757,0.580343803,0.344756346,0.496559722,0.359533244,0.461711734,0.378827358,0.349014056,0.678672419,0.426171108,0.376581223,0.433419733,0.438878867,0.371605239,0.380664820,0.322523634,0.351607178
stage5c2_058,0.585609401,0.652920558,0.674182086,0.799520351,0.751644547,0.557769479,0.587758821,0.736436716,0.852433150,0.662902610,0.739825985,0.523677089,0.693608113,0.617913620,0.532003245,0.728139878,0.742735922,0.497594209,0.500480059,0.700417955,0.491032506,0.727349851,0.674306036,0.829182905,0.548301099,0.758217918,0.651112576,0.669347165,0.748674460,0.501857788,0.653890390,0.558321362,0.717472392,0.681667092,0.628573894,0.767052416,0.544116680,0.831903648,0.417102639,0.506149388,0.620974358,0.651368664,0.722870863,0.767986058,0.816830479,0.612655583,0.604612024,0.570556074,0.684796920,0.459004642,0.477344743,0.815026436,0.780004917,0.650456881,0.411839645,1.000000000,0.651534617,0.689991088,0.658352763,0.537080897,0.610722969,0.759671725,0.447910615,0.780284093,0.737415775,0.768804996,0.608620866,0.616027882,0.677615423,0.827593626,0.791834520,0.836470186,0.628766086,0.646868453,0.697786284,0.738684453,0.795700366,0.769083356,0.664656214,0.531523399,0.646956580,0.465901769,0.537649142,0.743064517,0.828843008,0.832957805,0.683250986,0.612089328,0.615297582,0.683740568,0.649574936,0.609964976,0.727476977,0.603041310,0.790852045,0.486502337,0.615195929,0.727706866
stage5c2_059,0.602998024,0.787654627,0.596005409,0.702625512,0.542933780,0.746879982,0.628657694,0.764138976,0.628346018,0.746482928,0.585383877,0.441583210,0.692283435,0.773112091,0.747516700,0.517591073,0.665258272,0.570278158,0.630527133,0.646761311,0.426485066,0.586685168,0.617238231,0.694814523,0.839785898,0.854528905,0.510363769,0.871956210,0.755148103,0.658893531,0.613887425,0.537949983,0.587048997,0.548852309,0.529550984,0.710289498,0.553962533,0.720859416,0.419562905,0.606899589,0.571087285,0.562800454,0.561154086,0.621081088,0.615974311,0.641699247,0.468815967,0.736813711,0.727999250,0.635226099,0.692301218,0.741262257,0.814228602,0.754711000,0.370781792,0.651534617,1.000000000,0.671511087,0.501008528,0.609487576,0.509400461,0.498747536,0.690412810,0.704098000,0.611336563,0.610028628,0.475347963,0.757645543,0.721750701,0.657260550,0.574570861,0.710407338,0.562870172,0.615737220,0.586245780,0.725486033,0.693102782,0.641449632,0.703419068,0.819704324,0.764233433,0.290803074,0.425333152,0.742086733,0.749551775,0.797863830,0.794217549,0.608387797,0.722499502,0.583502463,0.866852919,0.737285190,0.544460494,0.602149699,0.781880010,0.560669185,0.579091830,0.798670374
stage5c2_060,0.603833901,0.831487920,0.653817480,0.692322628,0.730084987,0.621719162,0.608874958,0.567672740,0.591254360,0.617301581,0.651949129,0.456616796,0.852043390,0.739298398,0.734038653,0.537466853,0.771423720,0.589550373,0.663180104,0.734521224,0.662140231,0.578436870,0.726136387,0.684448424,0.556791601,0.738233369,0.708886820,0.615994331,0.636020537,0.728187749,0.696797089,0.723463257,0.800845979,0.621730342,0.574713231,0.570063595,0.660774331,0.811188506,0.558471232,0.655163534,0.490533335,0.792593728,0.634092821,0.647097800,0.802785979,0.670086978,0.553932457,0.645015279,0.536760646,0.744494270,0.427967500,0.873452792,0.722555142,0.663375165,0.671999334,0.689991088,0.671511087,1.000000000,0.714816334,0.705600020,0.689860999,0.495094155,0.684918758,0.566282979,0.677797564,0.617408136,0.619558918,0.620167911,0.590379478,0.631884241,0.692308138,0.783466666,0.928910940,0.651906152,0.912238296,0.778271608,0.671244249,0.659693303,0.520690599,0.740623256,0.575243748,0.412508495,0.614902201,0.662897819,0.873936802,0.741152129,0.692558196,0.631705416,0.663011854,0.795098680,0.737376040,0.755087237,0.633140725,0.670357632,0.686875979,0.598316335,0.457484166,0.639224610
stage5c2_061,0.577978710,0.710953986,0.667717864,0.644078441,0.773862037,0.559725496,0.532075160,0.481079162,0.518134313,0.599999843,0.663956229,0.522651719,0.517205484,0.580013231,0.550707424,0.517233190,0.649296158,0.555774615,0.561333460,0.816320772,0.766323289,0.601196908,0.636096057,0.608260068,0.405348525,0.616852437,0.741721050,0.485625856,0.516423895,0.547247251,0.691378335,0.527337818,0.767365103,0.638601280,0.664028655,0.520696987,0.554095566,0.589682195,0.355589066,0.522615729,0.622763956,0.640186131,0.715761204,0.638895423,0.729007168,0.588430783,0.741738120,0.511907150,0.407886949,0.463926938,0.296086325,0.636180040,0.608551437,0.515154374,0.613853431,0.658352763,0.501008528,0.714816334,1.000000000,0.634292719,0.711170034,0.564099682,0.471849677,0.505325307,0.552913180,0.555652335,0.621377388,0.478755142,0.488091473,0.580515961,0.712866379,0.767944614,0.750746292,0.652333136,0.734002299,0.644782855,0.552324426,0.601515868,0.410730185,0.557541006,0.414925475,0.629549218,0.547685659,0.656439714,0.735445089,0.605734160,0.577347766,0.397668933,0.566688407,0.585654845,0.589605842,0.658679705,0.687692045,0.629783938,0.576228073,0.343029804,0.399854345,0.600480959
stage5c2_062,0.466656967,0.756565750,0.568809463,0.645686439,0.625610568,0.748659436,0.800831615,0.552103124,0.537139396,0.666423075,0.744940223,0.551525951,0.540231453,0.691729692,0.674729639,0.551972557,0.661270115,0.666224892,0.722526111,0.629035024,0.632106852,0.451362015,0.687494339,0.659261337,0.510861593,0.634770389,0.622597871,0.605295583,0.604611123,0.537895469,0.736790481,0.841667998,0.695977126,0.673610705,0.619790262,0.541987435,0.762817488,0.679797932,0.683547524,0.679987876,0.438031208,0.575171896,0.680083380,0.530659528,0.610881193,0.604667101,0.522448535,0.467651232,0.416964809,0.508557763,0.294498934,0.625634466,0.678628798,0.635892117,0.562356463,0.537080897,0.609487576,0.705600020,0.634292719,1.000000000,0.546343036,0.465313716,0.599838637,0.455496331,0.666640712,0.543761200,0.662092954,0.486314571,0.529494801,0.508346539,0.551525055,0.636926909,0.663238386,0.595370274,0.636000825,0.697853161,0.567061151,0.638635254,0.468870439,0.705976783,0.492520894,0.343784496,0.637716402,0.667646111,0.725195342,0.688581893,0.619305046,0.665001144,0.653528003,0.512505384,0.720088160,0.715342417,0.744570257,0.748172152,0.638497776,0.693797565,0.431219016,0.449197166
stage5c2_063,0.620715390,0.597668275,0.677214042,0.594921348,0.654838605,0.461399291,0.463243573,0.498814198,0.506905745,0.455671901,0.553360628,0.353525935,0.493452336,0.573897276,0.615831927,0.528871007,0.642822732,0.473019224,0.450472948,0.706411068,0.543068844,0.481227527,0.498616836,0.573988775,0.437951557,0.597822637,0.658129183,0.486190896,0.472792579,0.509922938,0.684447280,0.460133638,0.608769822,0.537764808,0.549294472,0.578511970,0.403131086,0.542124893,0.314156066,0.535297353,0.511321730,0.546015236,0.652628779,0.496683772,0.705914738,0.654006382,0.746315303,0.529882109,0.384013298,0.474536142,0.189048662,0.719302963,0.527062870,0.516176427,0.695406929,0.610722969,0.509400461,0.689860999,0.711170034,0.546343036,1.000000000,0.507459355,0.482539383,0.504916023,0.665041576,0.566272661,0.557443448,0.561222933,0.440878683,0.472667754,0.754829369,0.712100300,0.704207135,0.625241239,0.669311536,0.574307101,0.448562175,0.565891754,0.433105634,0.523393399,0.427780866,0.593288954,0.620443787,0.458773188,0.627950178,0.595931461,0.550025177,0.361616530,0.463920821,0.638455143,0.551459652,0.598478211,0.546740294,0.583162160,0.644534508,0.295658924,0.415600066,0.488523222
stage5c2_064,0.392428354,0.519141918,0.496582297,0.721172320,0.763343588,0.549490294,0.588036258,0.615694775,0.819653686,0.605501849,0.824521144,0.535186551,0.437951513,0.549881414,0.315822054,0.750604038,0.513482074,0.336360716,0.595900236,0.694074461,0.628849839,0.875444636,0.465008116,0.794280808,0.463594167,0.533434268,0.731724417,0.603287091,0.719241492,0.263271065,0.495163299,0.447127517,0.606339774,0.725163049,0.714701026,0.815836378,0.437715996,0.694977896,0.167670219,0.455805346,0.563960279,0.378865426,0.785735765,0.520557065,0.791841500,0.319641092,0.507677181,0.479080434,0.537814586,0.230458986,0.364380471,0.642123752,0.582408134,0.538849747,0.185409314,0.759671725,0.498747536,0.495094155,0.564099682,0.465313716,0.507459355,1.000000000,0.266227242,0.709167867,0.693314568,0.808092902,0.406710696,0.411106119,0.549307794,0.727991742,0.844458886,0.593365701,0.494087834,0.520333759,0.474149215,0.552887857,0.756728536,0.727283095,0.539656177,0.382529908,0.433964876,0.236472544,0.359608784,0.722664650,0.685790780,0.686253375,0.477457467,0.498847918,0.464508400,0.614510332,0.547635589,0.629245390,0.769864388,0.475008396,0.651944790,0.389318357,0.527459032,0.601179960
stage5c2_065,0.638491801,0.730526769,0.607858477,0.679477521,0.468014916,0.617921194,0.675537587,0.591651065,0.324799460,0.456041108,0.441057454,0.450830824,0.732033858,0.603351652,0.706957622,0.416117735,0.776676239,0.657069884,0.504265158,0.469505750,0.414607379,0.327907302,0.594824819,0.487270680,0.611977497,0.768188645,0.417723040,0.530019613,0.460698078,0.874048645,0.585626369,0.639109410,0.621122491,0.511217919,0.300795009,0.363838161,0.492860715,0.585496479,0.665836551,0.743042143,0.308310176,0.701474664,0.414978249,0.648636451,0.560628173,0.722171474,0.476239432,0.666082220,0.540669886,0.791139181,0.506449451,0.621136641,0.610208263,0.664572331,0.520383392,0.447910615,0.690412810,0.684918758,0.471849677,0.599838637,0.482539383,0.266227242,1.000000000,0.452992802,0.592335417,0.374002770,0.642724944,0.745476576,0.596797391,0.454990149,0.395549521,0.716459285,0.620528769,0.637745082,0.692262524,0.712657222,0.448769876,0.443551542,0.613806816,0.699196001,0.655173833,0.118091656,0.571586746,0.562064381,0.676092871,0.627948197,0.838460024,0.612918348,0.699112207,0.552836509,0.732565736,0.584348164,0.447008550,0.603818294,0.689994942,0.703792638,0.461011117,0.658912798
stage5c2_066,0.471273902,0.525054383,0.509529884,0.718131687,0.673802929,0.539591328,0.477260215,0.828862037,0.863823878,0.682717578,0.626612444,0.417565147,0.640530919,0.679245470,0.505660389,0.735410090,0.589383484,0.396789891,0.448804372,0.672152393,0.437132953,0.694649365,0.457130443,0.869627192,0.695911262,0.750238281,0.508589902,0.771954642,0.862401479,0.471255671,0.513617127,0.456606135,0.506722505,0.457976635,0.522120649,0.735384790,0.418693406,0.744617355,0.304482157,0.359368117,0.737125006,0.445589940,0.576371480,0.567717454,0.688791884,0.571972779,0.444013696,0.744005298,0.847549792,0.377320281,0.629126153,0.799253949,0.792063801,0.717377547,0.340721653,0.780284093,0.704098000,0.566282979,0.505325307,0.455496331,0.504916023,0.709167867,0.452992802,1.000000000,0.670919501,0.819875997,0.435376478,0.676470022,0.801021346,0.839952447,0.730045689,0.649726101,0.495967579,0.539750330,0.506566353,0.657410121,0.807574623,0.866805341,0.752941208,0.537012280,0.727594876,0.268228835,0.389116793,0.792759911,0.758077777,0.778890593,0.626553834,0.703131415,0.547003559,0.689637064,0.712930226,0.659097862,0.541054850,0.447141602,0.758606107,0.537015253,0.749387812,0.797803655
stage5c2_067,0.415046850,0.679655095,0.536787216,0.787296565,0.753784491,0.608648670,0.743295281,0.673523712,0.783856053,0.544731952,0.718462697,0.578195886,0.648445060,0.608120067,0.489893289,0.853550123,0.673180947,0.513047141,0.540874878,0.650691663,0.483916950,0.668031564,0.506411941,0.799951595,0.597490332,0.627720213,0.662365320,0.604562010,0.661490433,0.509871114,0.707729495,0.625763057,0.601441932,0.666792403,0.500064131,0.687371123,0.496568898,0.746347565,0.465135060,0.543194029,0.463821434,0.504516672,0.633000706,0.515871738,0.793016237,0.533338943,0.496918897,0.632962017,0.573373298,0.424383582,0.367666461,0.775212182,0.643635524,0.627925243,0.534790081,0.737415775,0.611336563,0.677797564,0.552913180,0.666640712,0.665041576,0.693314568,0.592335417,0.670919501,1.000000000,0.759968471,0.579845686,0.546443792,0.604369154,0.711336352,0.711904971,0.705735062,0.622570255,0.563538593,0.630439119,0.619036988,0.676076304,0.750236747,0.607751440,0.486028790,0.500601540,0.268319613,0.637216494,0.648780772,0.762386481,0.712408982,0.659654863,0.625584748,0.562318035,0.727651723,0.656844902,0.649259495,0.655695376,0.557271859,0.740887989,0.578991755,0.602429291,0.634106202
stage5c2_068,0.339412990,0.560710026,0.410621495,0.658462116,0.703264986,0.542063380,0.568790205,0.666774357,0.845532173,0.674158190,0.713803440,0.504374449,0.600557483,0.635165655,0.484898220,0.820789552,0.552882785,0.396475362,0.533929112,0.718311168,0.480192653,0.815801096,0.378895631,0.890031712,0.596275873,0.672069993,0.601213665,0.662163852,0.810998324,0.366848177,0.648627074,0.497531870,0.501024451,0.524670398,0.521085045,0.792308508,0.415186901,0.728852021,0.312359706,0.390282752,0.715233284,0.374181926,0.669955013,0.439306243,0.739557892,0.501213794,0.468366041,0.600362923,0.647803481,0.309784961,0.458377728,0.731159965,0.691913680,0.694424460,0.410771973,0.768804996,0.610028628,0.617408136,0.555652335,0.543761200,0.566272661,0.808092902,0.374002770,0.819875997,0.759968471,1.000000000,0.410737752,0.444200522,0.631860021,0.876465917,0.787997158,0.606055201,0.499376458,0.498445408,0.508667824,0.537079865,0.844130761,0.860033865,0.694254461,0.467703929,0.507008683,0.363481194,0.354841179,0.758725371,0.767634654,0.768001552,0.521804289,0.648763883,0.453773763,0.758510801,0.595329053,0.664734739,0.659797388,0.422786091,0.677608340,0.496888735,0.636024298,0.727710958
stage5c2_069,0.752604888,0.644333144,0.744523238,0.771292063,0.543543174,0.677393102,0.709995010,0.663866263,0.414765373,0.506634013,0.556464556,0.488414785,0.577383577,0.564653403,0.606848283,0.502904210,0.809266972,0.877003727,0.481546317,0.489529851,0.492827104,0.412703250,0.778101398,0.594243083,0.493574224,0.712966532,0.468573992,0.491826330,0.488048025,0.590941131,0.605281732,0.741665509,0.683761617,0.547708660,0.439850340,0.403901052,0.655892190,0.649179635,0.675596052,0.735837712,0.403307258,0.745895594,0.651926848,0.774643975,0.561295401,0.687557941,0.561587159,0.491206092,0.468079060,0.642103158,0.309457177,0.590966947,0.635481214,0.647371242,0.468690234,0.608620866,0.475347963,0.619558918,0.621377388,0.662092954,0.557443448,0.406710696,0.642724944,0.435376478,0.579845686,0.410737752,1.000000000,0.634299002,0.533007500,0.474241649,0.449200261,0.736616242,0.607407091,0.840034756,0.654873481,0.787652213,0.519676465,0.606954160,0.596625515,0.594762247,0.643182012,0.285720105,0.763762248,0.612862899,0.684894812,0.722607748,0.774427183,0.624372330,0.704792255,0.443817205,0.671754826,0.547361519,0.681450977,0.825202420,0.725999512,0.642124908,0.427834621,0.507285168
stage5c2_070,0.820698292,0.607964814,0.777881861,0.760737497,0.477065208,0.617400689,0.555445105,0.821033452,0.475191708,0.615968161,0.442773725,0.362755962,0.688263553,0.693675319,0.665741596,0.449419706,0.753458369,0.608938265,0.489894884,0.513486884,0.371993566,0.405950445,0.696335804,0.626028253,0.720445877,0.823724255,0.390937060,0.719037989,0.634477776,0.682886710,0.495108078,0.515924157,0.570588568,0.471143709,0.464553195,0.544686430,0.448305432,0.678062800,0.485506321,0.692667603,0.535293752,0.643959418,0.540642708,0.753272209,0.585345625,0.691263624,0.488721174,0.745439822,0.758706573,0.676508973,0.502690272,0.759058578,0.790967443,0.729793492,0.425622040,0.616027882,0.757645543,0.620167911,0.478755142,0.486314571,0.561222933,0.411106119,0.745476576,0.676470022,0.546443792,0.444200522,0.634299002,1.000000000,0.704863632,0.559829733,0.516204174,0.797902555,0.575850946,0.767922472,0.605866217,0.837650197,0.537063158,0.589475550,0.711676380,0.717625468,0.891697366,0.203771071,0.543988039,0.637196084,0.706474736,0.743821760,0.817360002,0.635288841,0.695815047,0.568057406,0.850482573,0.624802369,0.485956694,0.694114461,0.852259573,0.643104619,0.666290505,0.707173506
stage5c2_071,0.624046704,0.619405715,0.672917537,0.690578009,0.520013951,0.739433813,0.557797791,0.840490193,0.665727819,0.727417653,0.622336358,0.495938335,0.705170626,0.854002230,0.612050615,0.576292430,0.679898615,0.600766058,0.603769861,0.556270036,0.449579482,0.572914000,0.623039267,0.775010611,0.669596094,0.787477341,0.463201798,0.844892435,0.800235015,0.579877481,0.537850657,0.536898939,0.560363361,0.475101090,0.469469894,0.602874519,0.607217931,0.785344899,0.424062300,0.555288684,0.631822756,0.556183154,0.509180955,0.658697875,0.634144257,0.691959259,0.468698231,0.728078464,0.857606501,0.597444874,0.695676672,0.749923189,0.784903850,0.774684026,0.269450034,0.677615423,0.721750701,0.590379478,0.488091473,0.529494801,0.440878683,0.549307794,0.596797391,0.801021346,0.604369154,0.631860021,0.533007500,0.704863632,1.000000000,0.705315934,0.611766652,0.672893580,0.533270937,0.633279152,0.545845621,0.780705683,0.753611557,0.809295069,0.761734568,0.685688148,0.816126335,0.159155002,0.425669206,0.795223038,0.765653413,0.803264723,0.682978341,0.719374245,0.722252274,0.559913263,0.783797591,0.786702842,0.496702791,0.641307672,0.812359696,0.619734639,0.737697882,0.725853465
stage5c2_072,0.395407124,0.609992752,0.456907596,0.743960973,0.712013398,0.552362800,0.577074425,0.730233744,0.816416902,0.701252381,0.708626363,0.600217536,0.706708055,0.636273354,0.570516147,0.783030748,0.626230177,0.426872909,0.530816835,0.708379284,0.501823185,0.765646756,0.475491344,0.873526567,0.611239017,0.747934404,0.593075948,0.648366444,0.845817044,0.459708209,0.660597022,0.505771967,0.563522328,0.550594179,0.527326727,0.720908715,0.423004156,0.715493274,0.368880766,0.418754524,0.759508245,0.538452768,0.638852490,0.630566314,0.771736705,0.579601862,0.508588862,0.631083821,0.770537579,0.402796129,0.622121342,0.760988402,0.746622600,0.746403717,0.353034489,0.827593626,0.657260550,0.631884241,0.580515961,0.508346539,0.472667754,0.727991742,0.454990149,0.839952447,0.711336352,0.876465917,0.474241649,0.559829733,0.705315934,1.000000000,0.737427617,0.720264461,0.512850806,0.576960826,0.592945763,0.637655918,0.902531577,0.853149089,0.713075043,0.561460285,0.631713766,0.378081263,0.375954195,0.831316566,0.824317740,0.836614916,0.622064560,0.657591593,0.610347591,0.741884792,0.647133474,0.658926709,0.645658167,0.468839811,0.730258103,0.504415797,0.652657980,0.816202086
stage5c2_073,0.511171467,0.627670960,0.609472091,0.715153483,0.820412916,0.526824534,0.516359430,0.606645211,0.786061058,0.624126496,0.807622369,0.487686380,0.580916277,0.659188262,0.514660095,0.693134356,0.614088464,0.341461665,0.599620242,0.795327259,0.697406440,0.792313504,0.516983610,0.792616727,0.473271723,0.620894400,0.842593439,0.606690227,0.678514187,0.446107496,0.646071239,0.510573015,0.701152889,0.729955735,0.691063712,0.779298354,0.494125598,0.702115810,0.270380459,0.519466451,0.687825860,0.584969908,0.769440728,0.569988993,0.898611781,0.513540309,0.677431702,0.588777813,0.596897318,0.416696527,0.437566358,0.800172502,0.641823432,0.598627444,0.466806642,0.791834520,0.574570861,0.692308138,0.712866379,0.551525055,0.754829369,0.844458886,0.395549521,0.730045689,0.711904971,0.787997158,0.449200261,0.516204174,0.611766652,0.737427617,1.000000000,0.719647845,0.707783284,0.591728141,0.698120749,0.656537427,0.725433193,0.739854802,0.549198716,0.522938539,0.487228069,0.454180077,0.464109158,0.704102539,0.761952109,0.719405280,0.542377690,0.490164911,0.581265156,0.761281906,0.606042187,0.714091852,0.700667258,0.544316767,0.673763131,0.364512326,0.570765957,0.634668727
stage5c2_074,0.766339946,0.770967951,0.805536370,0.850422383,0.758679980,0.662008299,0.664903532,0.715580935,0.626123009,0.716912892,0.688288309,0.568511888,0.726155621,0.708308876,0.718963548,0.607049152,0.835594151,0.654536431,0.628415666,0.751059949,0.602252464,0.618291159,0.796561306,0.718947757,0.564683670,0.837432003,0.664165101,0.643329120,0.675697532,0.698533450,0.736468289,0.638526798,0.848964881,0.708240293,0.656047251,0.660531282,0.603673104,0.761091056,0.546755145,0.711441086,0.610357631,0.773307272,0.757295075,0.907107755,0.816119278,0.771566983,0.727226607,0.639596270,0.636823336,0.654344749,0.464592802,0.813114472,0.802608721,0.695969230,0.545763270,0.836470186,0.710407338,0.783466666,0.767944614,0.636926909,0.712100300,0.593365701,0.716459285,0.649726101,0.705735062,0.606055201,0.736616242,0.797902555,0.672893580,0.720264461,0.719647845,1.000000000,0.754463464,0.800010941,0.800003839,0.867229134,0.706275928,0.656626546,0.635181864,0.714104161,0.727080837,0.446335361,0.650364252,0.735957295,0.869614833,0.835563413,0.807423906,0.563278234,0.763813928,0.675616714,0.764688311,0.721698669,0.729012041,0.752062946,0.852985833,0.561876824,0.554552872,0.768435242
stage5c2_075,0.607571704,0.772865117,0.704974295,0.663845438,0.755723307,0.584080237,0.578357318,0.507151976,0.520160413,0.584908495,0.661051735,0.428212349,0.734727010,0.696700891,0.668781381,0.466727843,0.736336522,0.549246080,0.649807878,0.736752496,0.719759170,0.522710559,0.724980400,0.598448283,0.446296783,0.633815279,0.766812481,0.542712978,0.528481235,0.685204600,0.646012579,0.678656335,0.822273712,0.669337531,0.630942828,0.521497658,0.674576345,0.739447991,0.509433643,0.670835316,0.474883981,0.793944326,0.645947209,0.638834616,0.820714940,0.590178113,0.615373911,0.600091036,0.475357501,0.702671754,0.367149491,0.809016912,0.637286465,0.551232623,0.624615092,0.628766086,0.562870172,0.928910940,0.750746292,0.663238386,0.704207135,0.494087834,0.620528769,0.495967579,0.622570255,0.499376458,0.607407091,0.575850946,0.533270937,0.512850806,0.707783284,0.754463464,1.000000000,0.638996977,0.912106501,0.743774129,0.552061438,0.589574974,0.423392926,0.691226722,0.508741120,0.405394635,0.618673067,0.579692048,0.819494643,0.640855058,0.652444723,0.535031162,0.642768128,0.744895154,0.683065688,0.740779757,0.616710303,0.666845775,0.623318430,0.527986066,0.411904449,0.548307121
stage5c2_076,0.843697675,0.638493710,0.821772061,0.795870702,0.617231720,0.715256913,0.628202023,0.752867976,0.479644736,0.579051095,0.584594272,0.440470877,0.615957790,0.663756032,0.662110321,0.558773231,0.763077918,0.792187248,0.524807306,0.571428224,0.580877587,0.544144496,0.755893470,0.663177744,0.643636706,0.781316948,0.517624137,0.639725312,0.595483975,0.572626632,0.527676148,0.694741575,0.711979267,0.528200128,0.565668862,0.524973984,0.600024060,0.664154526,0.519401932,0.741214715,0.570026724,0.707495871,0.764853339,0.784865935,0.645150540,0.692712173,0.602074501,0.619231322,0.605788611,0.646795929,0.434641311,0.697273830,0.646839505,0.693837914,0.446755338,0.646868453,0.615737220,0.651906152,0.652333136,0.595370274,0.625241239,0.520333759,0.637745082,0.539750330,0.563538593,0.498445408,0.840034756,0.767922472,0.633279152,0.576960826,0.591728141,0.800010941,0.638996977,1.000000000,0.617749466,0.851809346,0.637250290,0.652922067,0.721410837,0.693652230,0.743763951,0.253752342,0.714137996,0.744577029,0.714362377,0.769099858,0.766708011,0.649756159,0.729114201,0.546835048,0.776925884,0.664877791,0.706278641,0.851723689,0.797619037,0.635915357,0.571366092,0.641983481
stage5c2_077,0.604072695,0.814831714,0.693976578,0.706674948,0.701775693,0.547999959,0.623389974,0.533938682,0.512389345,0.561261254,0.659390594,0.493845669,0.829053981,0.661668368,0.695617413,0.460423549,0.823507695,0.540254652,0.630646297,0.672013963,0.639984945,0.502543965,0.722100415,0.607986145,0.443002704,0.691217244,0.774226966,0.491845707,0.491068212,0.767943547,0.708610325,0.666091405,0.809251935,0.724700481,0.545708579,0.508382907,0.626934775,0.742145141,0.590931218,0.713417081,0.453859773,0.902018775,0.604657314,0.704015261,0.848135051,0.655932717,0.631309963,0.564930456,0.513326334,0.764056940,0.440730378,0.804714727,0.650269631,0.615649873,0.648857576,0.697786284,0.586245780,0.912238296,0.734002299,0.636000825,0.669311536,0.474149215,0.692262524,0.506566353,0.630439119,0.508667824,0.654873481,0.605866217,0.545845621,0.592945763,0.698120749,0.800003839,0.912106501,0.617749466,1.000000000,0.749842175,0.562427706,0.573487905,0.453281462,0.692108576,0.560120639,0.401544771,0.604024371,0.570742447,0.845685000,0.693048113,0.720957043,0.551551149,0.730711028,0.782571143,0.657638513,0.672064631,0.620588834,0.664744904,0.664022780,0.509696850,0.409500992,0.570749557
stage5c2_078,0.834026432,0.775864952,0.839988890,0.845147806,0.641734141,0.767835220,0.685553083,0.790904286,0.584732721,0.727906065,0.668397927,0.483719167,0.776540403,0.809613031,0.689158989,0.512881853,0.844297403,0.718372276,0.703153604,0.634239381,0.616583234,0.583127523,0.879219131,0.744438139,0.607604228,0.839966322,0.600401196,0.741733074,0.713842648,0.678677100,0.621761641,0.750488480,0.790023242,0.634773426,0.606741686,0.625757461,0.711662451,0.856685540,0.615615163,0.798516789,0.560251040,0.821905256,0.690984084,0.864931039,0.730062706,0.726412111,0.549871321,0.679186786,0.735846315,0.745378969,0.529113583,0.832283477,0.825224162,0.790748668,0.439779985,0.738684453,0.725486033,0.778271608,0.644782855,0.697853161,0.574307101,0.552887857,0.712657222,0.657410121,0.619036988,0.537079865,0.787652213,0.837650197,0.780705683,0.637655918,0.656537427,0.867229134,0.743774129,0.851809346,0.749842175,1.000000000,0.701280801,0.710476760,0.686518056,0.772346114,0.840821431,0.228739117,0.685876461,0.796775544,0.858936640,0.853944357,0.815418327,0.734677103,0.833199232,0.611962505,0.866234146,0.778150865,0.696717653,0.853059297,0.874031787,0.717467518,0.630172926,0.680474689
stage5c2_079,0.461846168,0.656901090,0.488667350,0.748556253,0.716998190,0.674371305,0.590840064,0.735261981,0.831459474,0.762989254,0.763644569,0.552392340,0.668714176,0.741162207,0.602839117,0.722842011,0.604106987,0.522781847,0.633526067,0.710155523,0.559514389,0.809085090,0.586542996,0.888400638,0.622115578,0.761133669,0.607066647,0.748183062,0.911481848,0.429127886,0.600559505,0.615331755,0.668669739,0.562893567,0.607894027,0.774143958,0.544536043,0.770824001,0.340227159,0.467775937,0.726526905,0.527318690,0.722451874,0.651838071,0.729561566,0.573293613,0.483988655,0.596201408,0.715695336,0.441667339,0.621416543,0.785270635,0.755334926,0.768223936,0.292689394,0.795700366,0.693102782,0.671244249,0.552324426,0.567061151,0.448562175,0.756728536,0.448769876,0.807574623,0.676076304,0.844130761,0.519676465,0.537063158,0.753611557,0.902531577,0.725433193,0.706275928,0.552061438,0.637250290,0.562427706,0.701280801,1.000000000,0.835092673,0.708675596,0.661229693,0.643853979,0.269435592,0.406112765,0.902989778,0.839918846,0.882036210,0.609709853,0.660087409,0.672627723,0.682530801,0.688993813,0.773369880,0.709881888,0.589949527,0.759932123,0.531185302,0.584868833,0.783429031
stage5c2_080,0.486435432,0.629430814,0.578282701,0.752572016,0.708739895,0.698237772,0.644461316,0.802650752,0.826553024,0.707526759,0.732502647,0.569915495,0.673710412,0.742038172,0.553626384,0.817258758,0.682500724,0.599483610,0.585972114,0.711703073,0.580724745,0.744020153,0.571156798,0.911680975,0.696151299,0.757867297,0.596444209,0.781150722,0.865766445,0.443906796,0.666277720,0.612622486,0.574433044,0.513999058,0.589700689,0.694574842,0.606765563,0.807693927,0.452137292,0.491923466,0.728613419,0.526844271,0.684203054,0.569250737,0.738102024,0.613284455,0.484809125,0.732266167,0.790315522,0.445586126,0.542679105,0.790528532,0.791208734,0.778202305,0.391614354,0.769083356,0.641449632,0.659693303,0.601515868,0.638635254,0.565891754,0.727283095,0.443551542,0.866805341,0.750236747,0.860033865,0.606954160,0.589475550,0.809295069,0.853149089,0.739854802,0.656626546,0.589574974,0.652922067,0.573487905,0.710476760,0.835092673,1.000000000,0.764351584,0.583439118,0.670821086,0.309225809,0.511257656,0.836645113,0.820957650,0.848133690,0.651118282,0.792656556,0.602596509,0.693689059,0.761685319,0.753782666,0.664780683,0.611846445,0.769181050,0.635769648,0.732490024,0.707488981
stage5c2_081,0.609140426,0.541003716,0.575417893,0.702353619,0.482230362,0.656791008,0.552793833,0.803543732,0.626162206,0.580437393,0.511194498,0.367076321,0.675494449,0.643380807,0.566625788,0.673514992,0.692590628,0.621952401,0.400979552,0.467638916,0.364171270,0.574151576,0.503263929,0.751049988,0.777804953,0.821848059,0.363218681,0.734105249,0.726163409,0.542595669,0.507307598,0.544382452,0.450238593,0.381491057,0.347972910,0.572973705,0.461732275,0.679875915,0.544449933,0.526578085,0.631732090,0.496857185,0.524894317,0.617686564,0.559726615,0.658211500,0.444016900,0.775880845,0.827276818,0.546390229,0.640449077,0.652250136,0.696189300,0.772747524,0.296637721,0.664656214,0.703419068,0.520690599,0.410730185,0.468870439,0.433105634,0.539656177,0.613806816,0.752941208,0.607751440,0.694254461,0.596625515,0.711676380,0.761734568,0.713075043,0.549198716,0.635181864,0.423392926,0.721410837,0.453281462,0.686518056,0.708675596,0.764351584,1.000000000,0.598091565,0.759294901,0.144623126,0.472977610,0.751651232,0.657651193,0.782751780,0.752691848,0.764354900,0.623851385,0.569060793,0.762963467,0.596579597,0.498392369,0.572643002,0.767197031,0.721281208,0.817802904,0.764217640
stage5c2_082,0.680577316,0.783395390,0.676228075,0.663655786,0.506699007,0.752820952,0.627456364,0.663252232,0.448702338,0.775498558,0.600692169,0.417356114,0.697200815,0.854443912,0.889146350,0.350213410,0.707962394,0.675124530,0.730855639,0.646649717,0.545954275,0.430363593,0.755822591,0.628011769,0.670224584,0.810697696,0.546484787,0.786749856,0.699653450,0.684555605,0.657191035,0.657144894,0.703436339,0.554513627,0.573213811,0.563782241,0.665499740,0.682710120,0.514707286,0.729767158,0.601128422,0.708229124,0.618264250,0.664072159,0.607552596,0.693747527,0.588034260,0.667185259,0.636342713,0.768739474,0.613707682,0.716432746,0.788086345,0.763326344,0.396821535,0.531523399,0.819704324,0.740623256,0.557541006,0.705976783,0.523393399,0.382529908,0.699196001,0.537012280,0.486028790,0.467703929,0.594762247,0.717625468,0.685688148,0.561460285,0.522938539,0.714104161,0.691226722,0.693652230,0.692108576,0.772346114,0.661229693,0.583439118,0.598091565,1.000000000,0.729118544,0.304846194,0.484001558,0.696143752,0.783703160,0.788107279,0.765574471,0.575983773,0.804559290,0.524662115,0.817684660,0.820694870,0.572126168,0.779114855,0.752431409,0.574353173,0.491784534,0.656097332
stage5c2_083,0.774948180,0.609855272,0.743777605,0.771172203,0.418929864,0.693297624,0.574742984,0.917342895,0.520382802,0.708376317,0.499099784,0.401452138,0.698859773,0.779961512,0.659738439,0.419578319,0.767361827,0.659702232,0.560921998,0.443345321,0.318318092,0.446038653,0.715007356,0.686841043,0.703774113,0.848900298,0.350417318,0.775688353,0.685810021,0.598544111,0.520140325,0.548289070,0.541858667,0.475918111,0.436023799,0.580390789,0.566896694,0.731061603,0.523353443,0.698572177,0.555995410,0.652246864,0.531775305,0.770522488,0.553685903,0.706894113,0.440765194,0.687694659,0.835558257,0.685803798,0.645034018,0.725288152,0.791152148,0.847692842,0.254131102,0.646956580,0.764233433,0.575243748,0.414925475,0.492520894,0.427780866,0.433964876,0.655173833,0.727594876,0.500601540,0.507008683,0.643182012,0.891697366,0.816126335,0.631713766,0.487228069,0.727080837,0.508741120,0.743763951,0.560120639,0.840821431,0.643853979,0.670821086,0.759294901,0.729118544,1.000000000,0.131026135,0.478098243,0.710220982,0.736804712,0.827792845,0.778417628,0.731659273,0.790525274,0.518994140,0.842644424,0.660176804,0.516148128,0.725684367,0.886235327,0.640268540,0.674452125,0.742585637
stage5c2_084,0.296751471,0.316526753,0.335028820,0.250926991,0.404761867,0.092157579,0.133666030,0.187289292,0.353380318,0.338385072,0.312354141,0.267807168,0.262885760,0.228620534,0.454342287,0.261099029,0.300666232,0.241811724,0.111539695,0.553803290,0.281591084,0.242343920,0.283635781,0.326741176,0.105948322,0.349994994,0.414832330,0.216022514,0.301100295,0.298572072,0.500958929,0.152663704,0.337356950,0.286644382,0.359306112,0.248776155,0.184596691,0.242817869,0.109715738,0.065917433,0.475946426,0.270595936,0.345027590,0.322512694,0.373055573,0.434711829,0.634095099,0.264362929,0.198419327,0.183810776,0.098845861,0.349775256,0.415972243,0.223224694,0.516108757,0.465901769,0.290803074,0.412508495,0.629549218,0.343784496,0.593288954,0.236472544,0.118091656,0.268228835,0.268319613,0.363481194,0.285720105,0.203771071,0.159155002,0.378081263,0.454180077,0.446335361,0.405394635,0.253752342,0.401544771,0.228739117,0.269435592,0.309225809,0.144623126,0.304846194,0.131026135,1.000000000,0.345752377,0.247757895,0.354742524,0.334565872,0.288815373,0.035649786,0.177314028,0.320642984,0.216796701,0.239506895,0.327389410,0.217913365,0.210577211,-0.008065661,0.215324538,0.329795051
stage5c2_085,0.590364869,0.545422492,0.639583529,0.682624598,0.570408533,0.479913379,0.571167679,0.500869756,0.479366419,0.365621884,0.461865500,0.339555034,0.597736378,0.458113158,0.538547006,0.491991219,0.703031448,0.657811923,0.359905927,0.454437485,0.413594652,0.351498070,0.647738041,0.550395931,0.365298478,0.557470924,0.475522606,0.399113650,0.410866486,0.541975148,0.486583480,0.675007385,0.605320023,0.443274866,0.428861029,0.369719925,0.503176837,0.590228513,0.626552443,0.536022282,0.338532781,0.603731256,0.536224936,0.587185816,0.544406125,0.579290437,0.535542498,0.552415712,0.447785648,0.550841071,0.232379519,0.627243760,0.481995615,0.491336208,0.580343803,0.537649142,0.425333152,0.614902201,0.547685659,0.637716402,0.620443787,0.359608784,0.571586746,0.389116793,0.637216494,0.354841179,0.763762248,0.543988039,0.425669206,0.375954195,0.464109158,0.650364252,0.618673067,0.714137996,0.604024371,0.685876461,0.406112765,0.511257656,0.472977610,0.484001558,0.478098243,0.345752377,1.000000000,0.497279240,0.589829654,0.553515731,0.671203923,0.560053180,0.534919558,0.508006820,0.587612216,0.437905463,0.581000300,0.672541939,0.587797282,0.616253719,0.508758079,0.388775367
stage5c2_086,0.571282371,0.721097228,0.613326931,0.808470714,0.728360196,0.781841445,0.668008225,0.782933751,0.751873716,0.770779679,0.758716744,0.566118954,0.646951288,0.749760127,0.589178812,0.712498014,0.657376022,0.638418563,0.662580926,0.736758003,0.659962032,0.769315281,0.667132595,0.856973037,0.701572022,0.832387204,0.594308496,0.805557108,0.876330033,0.510430498,0.597468049,0.680691212,0.715280801,0.590051412,0.653677815,0.717080321,0.608924357,0.768945686,0.468377054,0.568419080,0.731756316,0.579493306,0.741514701,0.698830058,0.698576685,0.608874255,0.496693600,0.669541438,0.734826574,0.487648852,0.593415706,0.750430518,0.768773337,0.802470310,0.344756346,0.743064517,0.742086733,0.662897819,0.656439714,0.667646111,0.458773188,0.722664650,0.562064381,0.792759911,0.648780772,0.758725371,0.612862899,0.637196084,0.795223038,0.831316566,0.704102539,0.735957295,0.579692048,0.744577029,0.570742447,0.796775544,0.902989778,0.836645113,0.751651232,0.696143752,0.710220982,0.247757895,0.497279240,1.000000000,0.822045130,0.862297538,0.706362112,0.745673655,0.710483483,0.636673789,0.807005118,0.790781028,0.736957860,0.685715420,0.792704104,0.665264255,0.643543373,0.808638387
stage5c2_087,0.626935717,0.832934360,0.726252326,0.850609863,0.787727909,0.732135199,0.756287463,0.761098740,0.744363066,0.818448997,0.768816276,0.581078571,0.831055447,0.845779334,0.751590271,0.644160340,0.849276404,0.652561199,0.762338780,0.798133691,0.660696034,0.703103926,0.782628376,0.845458562,0.636763314,0.853535454,0.725200183,0.746481694,0.804390383,0.679019977,0.766097370,0.715217774,0.821480590,0.717896364,0.665709710,0.740100046,0.667111751,0.900348181,0.545638305,0.729344001,0.671240560,0.793168121,0.754954762,0.765277325,0.861726340,0.697460734,0.597096734,0.708776633,0.732299034,0.698777928,0.568936274,0.902098443,0.856903879,0.819918059,0.496559722,0.828843008,0.749551775,0.873936802,0.735445089,0.725195342,0.627950178,0.685790780,0.676092871,0.758077777,0.762386481,0.767634654,0.684894812,0.706474736,0.765653413,0.824317740,0.761952109,0.869614833,0.819494643,0.714362377,0.845685000,0.858936640,0.839918846,0.820957650,0.657651193,0.783703160,0.736804712,0.354742524,0.589829654,0.822045130,1.000000000,0.904681278,0.774429866,0.712381825,0.787626830,0.788566877,0.825632883,0.859865037,0.745591250,0.742140116,0.862954298,0.636251145,0.616128891,0.780219827
stage5c2_088,0.693349331,0.776488390,0.719288666,0.879146440,0.681700798,0.788769720,0.754099176,0.858153174,0.741295498,0.815203053,0.766356266,0.610950798,0.748888701,0.828297664,0.766961835,0.668125796,0.840432527,0.702694521,0.724536878,0.715207021,0.557320422,0.694412504,0.777934306,0.873315418,0.708885546,0.912816253,0.618547649,0.810458392,0.861773647,0.586726555,0.752710160,0.715277709,0.742331016,0.673417960,0.629417608,0.753317943,0.657446021,0.845588148,0.564878699,0.714539384,0.664009354,0.717595654,0.761873332,0.800781281,0.755018575,0.773251719,0.606449956,0.681288836,0.773765846,0.648757782,0.598481304,0.830367449,0.866510590,0.902509188,0.359533244,0.832957805,0.797863830,0.741152129,0.605734160,0.688581893,0.595931461,0.686253375,0.627948197,0.778890593,0.712408982,0.768001552,0.722607748,0.743821760,0.803264723,0.836614916,0.719405280,0.835563413,0.640855058,0.769099858,0.693048113,0.853944357,0.882036210,0.848133690,0.782751780,0.788107279,0.827792845,0.334565872,0.553515731,0.862297538,0.904681278,1.000000000,0.807911317,0.753285285,0.816003104,0.667366928,0.852592317,0.821748453,0.748155028,0.770305370,0.915645582,0.657395650,0.639534387,0.790837505
stage5c2_089,0.773131215,0.777813035,0.747886102,0.848730822,0.577966724,0.709236705,0.722748892,0.748184022,0.560306701,0.597856403,0.560547055,0.515507111,0.770337105,0.665036700,0.738932408,0.559122063,0.881999326,0.764876866,0.528643915,0.594574601,0.449618419,0.518426302,0.746304141,0.685468512,0.711154775,0.885702620,0.523336212,0.709427675,0.632638909,0.805431056,0.641829866,0.657681270,0.671674393,0.578102073,0.435056228,0.534418559,0.574010005,0.734952180,0.663008939,0.749585986,0.500639284,0.767409643,0.562006911,0.787589608,0.666192114,0.755400512,0.608391259,0.762827144,0.732064874,0.791367242,0.592338992,0.718207375,0.780052606,0.759714461,0.461711734,0.683250986,0.794217549,0.692558196,0.577347766,0.619305046,0.550025177,0.477457467,0.838460024,0.626553834,0.659654863,0.521804289,0.774427183,0.817360002,0.682978341,0.622064560,0.542377690,0.807423906,0.652444723,0.766708011,0.720957043,0.815418327,0.609709853,0.651118282,0.752691848,0.765574471,0.778417628,0.288815373,0.671203923,0.706362112,0.774429866,0.807911317,1.000000000,0.684107428,0.792986406,0.594552344,0.859277499,0.654338159,0.594365094,0.713528127,0.813161719,0.710873274,0.641767081,0.739858725
stage5c2_090,0.502109767,0.620280674,0.504681678,0.695844764,0.536732362,0.669394831,0.670175336,0.760697580,0.611210406,0.531924727,0.595400440,0.402294609,0.722078406,0.646160918,0.543086534,0.665396427,0.713124240,0.608175359,0.511797310,0.449575040,0.447421777,0.536248569,0.556787606,0.761820420,0.663144987,0.733748520,0.417697666,0.656994445,0.693978228,0.542694450,0.534108898,0.780589950,0.500795745,0.428477086,0.380392711,0.494850522,0.608819395,0.772871634,0.714865015,0.575322421,0.448341363,0.584128325,0.507263279,0.547319212,0.568027054,0.630666265,0.335083815,0.639959989,0.724112865,0.555585010,0.520800193,0.688026993,0.669997465,0.763421886,0.378827358,0.612089328,0.608387797,0.631705416,0.397668933,0.665001144,0.361616530,0.498847918,0.612918348,0.703131415,0.625584748,0.648763883,0.624372330,0.635288841,0.719374245,0.657591593,0.490164911,0.563278234,0.535031162,0.649756159,0.551551149,0.734677103,0.660087409,0.792656556,0.764354900,0.575983773,0.731659273,0.035649786,0.560053180,0.745673655,0.712381825,0.753285285,0.684107428,1.000000000,0.628100217,0.612660479,0.766740143,0.611417716,0.598187371,0.619010134,0.714028177,0.887997143,0.643074254,0.636850324
stage5c2_091,0.676234155,0.820427080,0.675323771,0.771986787,0.548040177,0.784385831,0.702140620,0.720821228,0.498626830,0.681590072,0.677663056,0.480654053,0.698491396,0.788789125,0.730046131,0.421372393,0.798476061,0.685593789,0.725605745,0.510866998,0.571977938,0.551448765,0.733031253,0.650951652,0.565435508,0.767791149,0.655695866,0.647856563,0.585038148,0.666378939,0.664596129,0.698195478,0.704852994,0.683488687,0.495598683,0.538436320,0.704496193,0.700095352,0.582390216,0.794162242,0.512186813,0.816099075,0.591802231,0.781786663,0.693539828,0.685897731,0.589077139,0.561059853,0.683601022,0.781643522,0.720187024,0.687120903,0.698720800,0.782428466,0.349014056,0.615297582,0.722499502,0.663011854,0.566688407,0.653528003,0.463920821,0.464508400,0.699112207,0.547003559,0.562318035,0.453773763,0.704792255,0.695815047,0.722252274,0.610347591,0.581265156,0.763813928,0.642768128,0.729114201,0.730711028,0.833199232,0.672627723,0.602596509,0.623851385,0.804559290,0.790525274,0.177314028,0.534919558,0.710483483,0.787626830,0.816003104,0.792986406,0.628100217,1.000000000,0.556593598,0.808364355,0.776436402,0.622010257,0.784757494,0.790926926,0.563650196,0.493644075,0.645629752
stage5c2_092,0.427903811,0.638403089,0.503828764,0.648259933,0.709133917,0.451674821,0.550290512,0.584795683,0.676514205,0.557016250,0.627771095,0.396098489,0.761481369,0.604574112,0.578555748,0.684529037,0.627684902,0.363067517,0.508313286,0.658878112,0.515184513,0.640522066,0.422496346,0.731992131,0.542013061,0.635735127,0.697814747,0.521274769,0.622941912,0.629446431,0.572233500,0.531454902,0.592928965,0.572181863,0.485070521,0.622165367,0.401075944,0.700294053,0.377235115,0.504302436,0.576250424,0.613288382,0.578389826,0.485596860,0.825441301,0.536396957,0.486146280,0.624690467,0.611240139,0.520475997,0.471436649,0.841481461,0.601429616,0.638005494,0.678672419,0.683740568,0.583502463,0.795098680,0.585654845,0.512505384,0.638455143,0.614510332,0.552836509,0.689637064,0.727651723,0.758510801,0.443817205,0.568057406,0.559913263,0.741884792,0.761281906,0.675616714,0.744895154,0.546835048,0.782571143,0.611962505,0.682530801,0.693689059,0.569060793,0.524662115,0.518994140,0.320642984,0.508006820,0.636673789,0.788566877,0.667366928,0.594552344,0.612660479,0.556593598,1.000000000,0.622674615,0.630769358,0.572569091,0.464280450,0.633149533,0.518539616,0.562988797,0.646480601
stage5c2_093,0.729790222,0.798060309,0.750837309,0.815239948,0.622882577,0.850994962,0.735162795,0.824353125,0.622999816,0.742830499,0.642382783,0.463736303,0.731133877,0.836895969,0.744415602,0.583142071,0.801493441,0.744914722,0.709333118,0.628055460,0.581931144,0.603937745,0.759371042,0.739706878,0.834688301,0.878798415,0.568949019,0.862293112,0.758560445,0.676618785,0.624843257,0.697818050,0.671467016,0.596313218,0.591268239,0.629400440,0.669345515,0.815083341,0.584640221,0.749277339,0.571431528,0.673790955,0.651055792,0.704882178,0.674597631,0.700597421,0.508071295,0.798584647,0.791448963,0.725562278,0.602326157,0.796854046,0.836503604,0.808858829,0.426171108,0.649574936,0.866852919,0.737376040,0.589605842,0.720088160,0.551459652,0.547635589,0.732565736,0.712930226,0.656844902,0.595329053,0.671754826,0.850482573,0.783797591,0.647133474,0.606042187,0.764688311,0.683065688,0.776925884,0.657638513,0.866234146,0.688993813,0.761685319,0.762963467,0.817684660,0.842644424,0.216796701,0.587612216,0.807005118,0.825632883,0.852592317,0.859277499,0.766740143,0.808364355,0.622674615,1.000000000,0.829142428,0.639328901,0.764990824,0.860600830,0.755279322,0.711000619,0.741604893
stage5c2_094,0.591981039,0.782775848,0.664571808,0.713197727,0.693858158,0.833546870,0.687534008,0.681505090,0.624505321,0.814233365,0.732308172,0.502988888,0.631705686,0.923471863,0.730011859,0.539037397,0.679777055,0.616986746,0.852734351,0.755626359,0.716642061,0.665782737,0.690090291,0.750708586,0.641168814,0.748668736,0.688513309,0.801739267,0.766068225,0.548868691,0.657787781,0.666630897,0.721346021,0.636517390,0.648158810,0.705209210,0.663344666,0.775814411,0.413804157,0.716887694,0.641885129,0.629841916,0.694113955,0.616014896,0.733442202,0.612890470,0.537602519,0.640163158,0.640122970,0.643231859,0.554717617,0.780558894,0.765378703,0.741156249,0.376581223,0.609964976,0.737285190,0.755087237,0.658679705,0.715342417,0.598478211,0.629245390,0.584348164,0.659097862,0.649259495,0.664734739,0.547361519,0.624802369,0.786702842,0.658926709,0.714091852,0.721698669,0.740779757,0.664877791,0.672064631,0.778150865,0.773369880,0.753782666,0.596579597,0.820694870,0.660176804,0.239506895,0.437905463,0.790781028,0.859865037,0.821748453,0.654338159,0.611417716,0.776436402,0.630769358,0.829142428,1.000000000,0.639081490,0.706786027,0.790929262,0.564866732,0.544828297,0.664113840
stage5c2_095,0.548986556,0.659124020,0.631311948,0.746853868,0.739591522,0.683023960,0.755163453,0.632994728,0.643359286,0.688192655,0.881247278,0.679424235,0.498832897,0.602863129,0.544439013,0.660951866,0.667418550,0.627578399,0.674994559,0.667150944,0.618492729,0.713029013,0.707432848,0.709617045,0.472165905,0.630790982,0.720703185,0.578747175,0.646278336,0.420514213,0.633032144,0.739596426,0.766583029,0.797422296,0.778822229,0.702796797,0.703373598,0.702682930,0.491684725,0.641526896,0.504228194,0.553998941,0.910606645,0.690940527,0.754550730,0.554396528,0.655670898,0.406288138,0.450383608,0.367424013,0.287770736,0.646477082,0.623609453,0.584915721,0.433419733,0.727476977,0.544460494,0.633140725,0.687692045,0.744570257,0.546740294,0.769864388,0.447008550,0.541054850,0.655695376,0.659797388,0.681450977,0.485956694,0.496702791,0.645658167,0.700667258,0.729012041,0.616710303,0.706278641,0.620588834,0.696717653,0.709881888,0.664780683,0.498392369,0.572126168,0.516148128,0.327389410,0.581000300,0.736957860,0.745591250,0.748155028,0.594365094,0.598187371,0.622010257,0.572569091,0.639328901,0.639081490,1.000000000,0.752906657,0.692826272,0.562062604,0.412071668,0.579189261
stage5c2_096,0.804427250,0.727667195,0.848398870,0.750395934,0.520685602,0.794215687,0.698734170,0.719041869,0.425733843,0.694210025,0.684570398,0.484192643,0.583946646,0.762703245,0.661952915,0.435301142,0.783160179,0.819669612,0.712662648,0.540517403,0.567350438,0.449935774,0.889654156,0.631774648,0.565535851,0.730419241,0.566429622,0.681545280,0.585281872,0.553178389,0.657191716,0.723736026,0.776814466,0.657355408,0.660131034,0.555415425,0.788703550,0.725499020,0.571519515,0.815423921,0.477379411,0.725787894,0.786792598,0.747321167,0.627400368,0.675228854,0.618961922,0.530491519,0.524805824,0.648918874,0.355243409,0.683213607,0.686530078,0.728282782,0.438878867,0.603041310,0.602149699,0.670357632,0.629783938,0.748172152,0.583162160,0.475008396,0.603818294,0.447141602,0.557271859,0.422786091,0.825202420,0.694114461,0.641307672,0.468839811,0.544316767,0.752062946,0.666845775,0.851723689,0.664744904,0.853059297,0.589949527,0.611846445,0.572643002,0.779114855,0.725684367,0.217913365,0.672541939,0.685715420,0.742140116,0.770305370,0.713528127,0.619010134,0.784757494,0.464280450,0.764990824,0.706786027,0.752906657,1.000000000,0.805848034,0.601413573,0.477418963,0.513713723
stage5c2_097,0.770626386,0.721960212,0.820717754,0.887601605,0.611939789,0.790129282,0.755456945,0.904442610,0.668981920,0.773950503,0.688863696,0.539142981,0.706111270,0.840657025,0.693373298,0.608369529,0.851041937,0.714521948,0.694621479,0.636265012,0.486356084,0.610554454,0.776358013,0.805167375,0.731683535,0.885163954,0.547866821,0.818596447,0.773971680,0.596546969,0.679653693,0.647126991,0.694829291,0.659800169,0.586002096,0.777154312,0.599344445,0.836822279,0.529127910,0.784679767,0.598167585,0.681258553,0.727040720,0.791583200,0.726881624,0.721658123,0.576018358,0.691502732,0.764565549,0.648250958,0.521823566,0.832539891,0.833048815,0.851123470,0.371605239,0.790852045,0.781880010,0.686875979,0.576228073,0.638497776,0.644534508,0.651944790,0.689994942,0.758606107,0.740887989,0.677608340,0.725999512,0.852259573,0.812359696,0.730258103,0.673763131,0.852985833,0.623318430,0.797619037,0.664022780,0.874031787,0.759932123,0.769181050,0.767197031,0.752431409,0.886235327,0.210577211,0.587797282,0.792704104,0.862954298,0.915645582,0.813161719,0.714028177,0.790926926,0.633149533,0.860600830,0.790929262,0.692826272,0.805848034,1.000000000,0.656179058,0.687032625,0.750524231
stage5c2_098,0.536171512,0.552862019,0.530563043,0.655236110,0.452588591,0.649988701,0.698542519,0.635521451,0.478309586,0.502627352,0.517296192,0.418732777,0.672361146,0.589536322,0.552514796,0.567669228,0.688864782,0.649388226,0.488201752,0.391450709,0.397386248,0.392607946,0.591152439,0.620745351,0.600445358,0.684786164,0.335019614,0.588605895,0.598833125,0.573195653,0.422766818,0.808432779,0.496727285,0.413290654,0.347163102,0.405622625,0.568357040,0.700676082,0.820365486,0.613883479,0.351942103,0.530008049,0.456328329,0.561070660,0.477435120,0.578616812,0.292326880,0.619066769,0.624117650,0.570789612,0.389363612,0.603245748,0.627970248,0.636431966,0.380664820,0.486502337,0.560669185,0.598316335,0.343029804,0.693797565,0.295658924,0.389318357,0.703792638,0.537015253,0.578991755,0.496888735,0.642124908,0.643104619,0.619734639,0.504415797,0.364512326,0.561876824,0.527986066,0.635915357,0.509696850,0.717467518,0.531185302,0.635769648,0.721281208,0.574353173,0.640268540,-0.008065661,0.616253719,0.665264255,0.636251145,0.657395650,0.710873274,0.887997143,0.563650196,0.518539616,0.755279322,0.564866732,0.562062604,0.601413573,0.656179058,1.000000000,0.636649166,0.534146036
stage5c2_099,0.541361012,0.383485714,0.599912226,0.630567229,0.450724700,0.477234835,0.411233198,0.710176102,0.662012677,0.561626513,0.449257373,0.300006961,0.646976546,0.614477628,0.444855223,0.603179926,0.581618524,0.439663935,0.333803591,0.419732504,0.306098534,0.484116379,0.461313833,0.698658428,0.628833881,0.661643274,0.373141947,0.686412313,0.660370263,0.434707794,0.389653338,0.406035625,0.338473683,0.331156035,0.354020764,0.516972324,0.340079799,0.681529179,0.422967192,0.387617055,0.626390776,0.384165614,0.428059685,0.503062408,0.559336788,0.505846605,0.397519550,0.798387161,0.880709234,0.430714588,0.530383846,0.682318392,0.660250652,0.620902643,0.322523634,0.615195929,0.579091830,0.457484166,0.399854345,0.431219016,0.415600066,0.527459032,0.461011117,0.749387812,0.602429291,0.636024298,0.427834621,0.666290505,0.737697882,0.652657980,0.570765957,0.554552872,0.411904449,0.571366092,0.409500992,0.630172926,0.584868833,0.732490024,0.817802904,0.491784534,0.674452125,0.215324538,0.508758079,0.643543373,0.616128891,0.639534387,0.641767081,0.643074254,0.493644075,0.562988797,0.711000619,0.544828297,0.412071668,0.477418963,0.687032625,0.636649166,1.000000000,0.609513514
stage5c2_100,0.573874866,0.672812742,0.543915733,0.744659513,0.662791833,0.607016387,0.531408197,0.768696629,0.665165152,0.697849226,0.581657666,0.465765683,0.693364803,0.661622297,0.638622026,0.655436443,0.659188779,0.532529724,0.490270531,0.710349990,0.452452640,0.689814984,0.524389676,0.748695917,0.729831728,0.851845459,0.475862534,0.717263561,0.777366037,0.640517971,0.607728005,0.469172292,0.605761814,0.495501969,0.494485317,0.659874919,0.446326885,0.676905203,0.388272600,0.494766545,0.700692122,0.563303470,0.606371069,0.714098828,0.675561872,0.653810868,0.544612536,0.769084979,0.769336841,0.542506654,0.708357239,0.722210867,0.758413074,0.759833461,0.351607178,0.727706866,0.798670374,0.639224610,0.600480959,0.449197166,0.488523222,0.601179960,0.658912798,0.797803655,0.634106202,0.727710958,0.507285168,0.707173506,0.725853465,0.816202086,0.634668727,0.768435242,0.548307121,0.641983481,0.570749557,0.680474689,0.783429031,0.707488981,0.764217640,0.656097332,0.742585637,0.329795051,0.388775367,0.808638387,0.780219827,0.790837505,0.739858725,0.636850324,0.645629752,0.646480601,0.741604893,0.664113840,0.579189261,0.513713723,0.750524231,0.534146036,0.609513514,1.000000000
