review_schema_version,benchmark_id,spotify_track_id,expected_title,expected_artists,expected_album,expected_duration_seconds,expected_release_year,search_query,youtube_rank,candidate_video_id,candidate_url,candidate_title,candidate_uploader,candidate_channel,candidate_duration_seconds,candidate_view_count,candidate_description,candidate_review_label,candidate_note,track_note
stage5b2-youtube-prior-human-review-v1,stage5b_youtube_prior_v1_001,2wObShFfEpKWTdpVQCMsDg,都不懂,Yihuik苡慧,都不懂,152.851,2021,都不懂 Yihuik苡慧,1,ETSwvFjPJFY,https://www.youtube.com/watch?v=ETSwvFjPJFY,yihuik苡慧 - 都不懂（原唱：step.jad & $ign K）【動態歌詞】「不只是只有你能說 看得清的人聲音重」♪,Angelic Music World,Angelic Music World,153.0,1145677,請訂閱Angelic Music World ❖ ❖ Follow our Instagram: https://www.instagram.com/angelicmusicworld/ ...,ACCEPTABLE,,
stage5b2-youtube-prior-human-review-v1,stage5b_youtube_prior_v1_001,2wObShFfEpKWTdpVQCMsDg,都不懂,Yihuik苡慧,都不懂,152.851,2021,都不懂 Yihuik苡慧,2,i_RaqFLm2Vg,https://www.youtube.com/watch?v=i_RaqFLm2Vg,yihuik苡慧 - 都不懂 (氛围版) |「咖啡在桌台上 有时会随便想 美丽在你的脸上 梦里我随便唱」|【动态歌词 Lyrics】,JTMusicChannel,JTMusicChannel,124.0,701,订阅频道收听更多好听的歌曲‪‪ @JTMusicChannel05 ❖ 记得开启铃铛，接收最新的音乐通知!!! ❖ 喜欢的朋友记得要分享出去让更多‬‬ ...,,,
stage5b2-youtube-prior-human-review-v1,stage5b_youtube_prior_v1_001,2wObShFfEpKWTdpVQCMsDg,都不懂,Yihuik苡慧,都不懂,152.851,2021,都不懂 Yihuik苡慧,3,eAs4Z_9I5LA,https://www.youtube.com/watch?v=eAs4Z_9I5LA,estrangement,yihuik - Topic,yihuik - Topic,153.0,890692,Provided to YouTube by Sony Music Entertainment estrangement · Yihuik estrangement ℗ 2021 Sony Music Entertainment China ...,,,
stage5b2-youtube-prior-human-review-v1,stage5b_youtube_prior_v1_002,1WGs0Xd1PRnZRPpwdtDXAs,On the Train Somewhere Between My Apartment and You,City Girl,Loveless Shadows,178.285,2017,On the Train Somewhere Between My Apartment and You City Girl,1,pr_oSsUtfiw,https://www.youtube.com/watch?v=pr_oSsUtfiw,city girl | on the train somewhere between my apartment and you,City Girl,City Girl,179.0,56875,soundcloud: https://soundcloud.com/citygrl ▻ bandcamp: https://city-girl.bandcamp.com/ ▻ twitter: https://twitter.com/citygirltime ...,IDEAL,,
stage5b2-youtube-prior-human-review-v1,stage5b_youtube_prior_v1_002,1WGs0Xd1PRnZRPpwdtDXAs,On the Train Somewhere Between My Apartment and You,City Girl,Loveless Shadows,178.285,2017,On the Train Somewhere Between My Apartment and You City Girl,2,Vg1_MtV8FDo,https://www.youtube.com/watch?v=Vg1_MtV8FDo,City girl - On the Train somewhere between my apartment and you,MayX Music,MayX Music,179.0,761,"This song is so relaxing ○• □If you liked this song, go check out the artist □ 》  Follow City girl: ...",,,
stage5b2-youtube-prior-human-review-v1,stage5b_youtube_prior_v1_002,1WGs0Xd1PRnZRPpwdtDXAs,On the Train Somewhere Between My Apartment and You,City Girl,Loveless Shadows,178.285,2017,On the Train Somewhere Between My Apartment and You City Girl,3,i6huQgegvt4,https://www.youtube.com/watch?v=i6huQgegvt4,city girl - on the train somewhere between my apartment and you,Aruarian Music,Aruarian Music,179.0,36311,Enjoy this kind of music? Follow us on Spotify! ♫ » http://bit.ly/aruarian_spotify Music by city girl https://soundcloud.com/citygrl ...,,,
stage5b2-youtube-prior-human-review-v1,stage5b_youtube_prior_v1_003,0P6AWOA4LG1XOctzaVu5tt,The Weekend - Funk Wav Remix,SZA | Calvin Harris | Funk Wav,The Weekend (Funk Wav Remix),171.805,2017,The Weekend - Funk Wav Remix SZA,1,ByucbuSe958,https://www.youtube.com/watch?v=ByucbuSe958,SZA x Calvin Harris - The Weekend (Funk Wav Remix (Audio)),SZA,SZA,174.0,40789249,The Weekend (Funk Wav Remix)” by SZA and Calvin Harris Listen to SZA: https://Sza.lnk.to/listenYD Subscribe to the official SZA ...,IDEAL,,
stage5b2-youtube-prior-human-review-v1,stage5b_youtube_prior_v1_003,0P6AWOA4LG1XOctzaVu5tt,The Weekend - Funk Wav Remix,SZA | Calvin Harris | Funk Wav,The Weekend (Funk Wav Remix),171.805,2017,The Weekend - Funk Wav Remix SZA,2,AA21pOP3UHg,https://www.youtube.com/watch?v=AA21pOP3UHg,@sza x @CalvinHarris - The Weekend (Funk Wav Remix) Lyrics,Dan Music,Dan Music,172.0,80099,"SZA, Calvin Harris - The Weekend (Funk Wav Remix) Lyrics Stream ""The Weekend"" by SZA x Calvin Harris: ...",,,
stage5b2-youtube-prior-human-review-v1,stage5b_youtube_prior_v1_003,0P6AWOA4LG1XOctzaVu5tt,The Weekend - Funk Wav Remix,SZA | Calvin Harris | Funk Wav,The Weekend (Funk Wav Remix),171.805,2017,The Weekend - Funk Wav Remix SZA,3,_eGGC_I9vZM,https://www.youtube.com/watch?v=_eGGC_I9vZM,SZA - The Weekend ft. Calvin Harris ( funk wav Remix)  | l y r i c s |,cefalyrics,cefalyrics,174.0,159074,"I've been obssesed with this song lately and I had to do the lyrics. Hope you enjoy it, if you did give it a thumbs up and subscribe ...",,,
stage5b2-youtube-prior-human-review-v1,stage5b_youtube_prior_v1_004,2ZlzUxSV0Pir7oBn28OZCg,Growls and Purrs,JO YURI,Growls and Purrs,199.026,2025,Growls and Purrs JO YURI,1,EIL1MXBv8Pk,https://www.youtube.com/watch?v=EIL1MXBv8Pk,조유리 (JO YURI) | '개와 고양이의 시간 (Growls and Purrs)' VHS Diary,조유리 JO YURI,조유리 JO YURI,201.0,7666822,JO YURI Official YouTube Channel YouTube :: youtube.com/c/JOYURI_offcl TikTok :: https://www.tiktok.com/@joyuri.offcl ...,IDEAL,,
stage5b2-youtube-prior-human-review-v1,stage5b_youtube_prior_v1_004,2ZlzUxSV0Pir7oBn28OZCg,Growls and Purrs,JO YURI,Growls and Purrs,199.026,2025,Growls and Purrs JO YURI,2,0G59esvIkhc,https://www.youtube.com/watch?v=0G59esvIkhc,JO YURI Growls and Purrs Lyrics (Color Coded Lyrics),Chaereve,Chaereve,200.0,8772,All Administrated by WAKEONE Ent. ............................................................................. Artist: JO YURI Song: Growls and Purrs ...,,,
stage5b2-youtube-prior-human-review-v1,stage5b_youtube_prior_v1_004,2ZlzUxSV0Pir7oBn28OZCg,Growls and Purrs,JO YURI,Growls and Purrs,199.026,2025,Growls and Purrs JO YURI,3,7u51HnmMmFM,https://www.youtube.com/watch?v=7u51HnmMmFM,JO YURI (조유리) - Growls and Purrs (개와 고양이의 시간) | Show! MusicCore | MBC250726방송,MBCkpop,MBCkpop,201.0,50239,JO YURI (조유리) - Growls and Purrs | Show! MusicCore | MBC250726방송 #JOYURI #GrowlsandPurrs #MBCKPOP More ...,,,
stage5b2-youtube-prior-human-review-v1,stage5b_youtube_prior_v1_005,7hXr2dYT2klCv6BNBkpSAe,take me away,hateful,take me away,168.032,2019,take me away hateful,1,e9KRzsDOKDk,https://www.youtube.com/watch?v=e9KRzsDOKDk,hateful - take me away,hateful,hateful,168.0,14023,"hey! this is my biggest project so far, ive been working so much on this haha. it was first just gonna be a small little cute song with ...",IDEAL,,
stage5b2-youtube-prior-human-review-v1,stage5b_youtube_prior_v1_005,7hXr2dYT2klCv6BNBkpSAe,take me away,hateful,take me away,168.032,2019,take me away hateful,2,FU9Gfd2R4Ls,https://www.youtube.com/watch?v=FU9Gfd2R4Ls,take me away,hateful - Topic,hateful - Topic,169.0,21302,Provided to YouTube by DistroKid take me away · hateful take me away ℗ hatefulbeats Released on: 2019-02-08 Auto-generated ...,,,
stage5b2-youtube-prior-human-review-v1,stage5b_youtube_prior_v1_005,7hXr2dYT2klCv6BNBkpSAe,take me away,hateful,take me away,168.032,2019,take me away hateful,3,Xw7UWF4a7Ys,https://www.youtube.com/watch?v=Xw7UWF4a7Ys,hateful - take me away,College Music,College Music,169.0,36522,"hateful - take me away take me out of here, just take me somewhere.. Follow College Music: ○ Spotify ...",,,
stage5b2-youtube-prior-human-review-v1,stage5b_youtube_prior_v1_006,1Z9JUXZncWO4UOIqFcx3DE,Please don't stop being sweet to me,lace,echo of a star,350.0,2025,Please don't stop being sweet to me lace,1,W3Go9AidGyc,https://www.youtube.com/watch?v=W3Go9AidGyc,Please don't stop being sweet to me,lace,lace,350.0,588186,Provided to YouTube by Virgin Music Group Please don't stop being sweet to me · lace Please don't stop being sweet to me ...,IDEAL,,
stage5b2-youtube-prior-human-review-v1,stage5b_youtube_prior_v1_006,1Z9JUXZncWO4UOIqFcx3DE,Please don't stop being sweet to me,lace,echo of a star,350.0,2025,Please don't stop being sweet to me lace,2,rCwWNq9KqHw,https://www.youtube.com/watch?v=rCwWNq9KqHw,lace - please don't stop being sweet to me (lyrics),Vash Black,Vash Black,295.0,2889,"a bit late to make a video about lace's second song:/ i dedicate this to my cat, cream if you want to support this channel feel ...",,,
stage5b2-youtube-prior-human-review-v1,stage5b_youtube_prior_v1_006,1Z9JUXZncWO4UOIqFcx3DE,Please don't stop being sweet to me,lace,echo of a star,350.0,2025,Please don't stop being sweet to me lace,3,FVjZsxpL6QI,https://www.youtube.com/watch?v=FVjZsxpL6QI,lace - Please don't stop being sweet to me,IndiETrap,IndiETrap,351.0,4505,Follow https://www.instagram.com/lacehl •••••••••••••••••••••••••••••••••••••••••••••••••• If you are an owner of any of the content and would ...,,,
stage5b2-youtube-prior-human-review-v1,stage5b_youtube_prior_v1_007,3go5iX7Ad1IqlBXrIzYexX,POSE!,LIGHTSUM,POSE!,154.746,2024,POSE! LIGHTSUM,1,TKGovwXRDfU,https://www.youtube.com/watch?v=TKGovwXRDfU,LIGHTSUM(라잇썸) - 'POSE!' Official Music Video,LIGHTSUM 라잇썸 (Official YouTube Channel),LIGHTSUM 라잇썸 (Official YouTube Channel),157.0,8136203,LIGHTSUM(라잇썸) - 'POSE!' Official Music Video [  ] LIGHTSUM Digital Single [POSE!] KR https://lnkfi.re/LIGHTSUM_POSE ...,IDEAL,,
stage5b2-youtube-prior-human-review-v1,stage5b_youtube_prior_v1_007,3go5iX7Ad1IqlBXrIzYexX,POSE!,LIGHTSUM,POSE!,154.746,2024,POSE! LIGHTSUM,2,GRCaR2Ll-Zs,https://www.youtube.com/watch?v=GRCaR2Ll-Zs,LIGHTSUM POSE! Lyrics (Color Coded Lyrics),Chaereve,Chaereve,158.0,78498,All Administrated by CUBE Ent. ............................................................................. Artist: LIGHTSUM Song: POSE! Album: POSE!,,,
stage5b2-youtube-prior-human-review-v1,stage5b_youtube_prior_v1_007,3go5iX7Ad1IqlBXrIzYexX,POSE!,LIGHTSUM,POSE!,154.746,2024,POSE! LIGHTSUM,3,MD-5H3L9Glw,https://www.youtube.com/watch?v=MD-5H3L9Glw,LIGHTSUM(라잇썸) - 'POSE!' (Choreography Practice Video),LIGHTSUM 라잇썸 (Official YouTube Channel),LIGHTSUM 라잇썸 (Official YouTube Channel),166.0,126999,LIGHTSUM(라잇썸) - 'POSE!' (Choreography Practice Video) [  ] LIGHTSUM Digital Single [POSE!],,,
stage5b2-youtube-prior-human-review-v1,stage5b_youtube_prior_v1_008,21L7bgwJcZk1E7dxq1m1FI,Tears in your eyes,MICO,Internet hometown hero,163.877,2024,Tears in your eyes MICO,1,UbRYpFobcYg,https://www.youtube.com/watch?v=UbRYpFobcYg,MICO - Tears in your eyes [official lyric video],MICO,MICO,164.0,866005,Stream / download 'Internet hometown hero' here: https://stem.ffm.to/internethometownhero See me on tour: ...,IDEAL,,
stage5b2-youtube-prior-human-review-v1,stage5b_youtube_prior_v1_008,21L7bgwJcZk1E7dxq1m1FI,Tears in your eyes,MICO,Internet hometown hero,163.877,2024,Tears in your eyes MICO,2,TW-CnUFKjLk,https://www.youtube.com/watch?v=TW-CnUFKjLk,MICO - tears in your eyes (Lyrics),静的 Static,静的 Static,165.0,53702,"Listen to ""tears in your eyes"" by MICO https://open.spotify.com/track/21L7bgwJcZk1E7dxq1m1FI MICO ...",,,
stage5b2-youtube-prior-human-review-v1,stage5b_youtube_prior_v1_008,21L7bgwJcZk1E7dxq1m1FI,Tears in your eyes,MICO,Internet hometown hero,163.877,2024,Tears in your eyes MICO,3,qjwGpo1YuUg,https://www.youtube.com/watch?v=qjwGpo1YuUg,MICO - Tears in your eyes (Lyrics),TM lyric videos,TM lyric videos,165.0,658,"bringing you all the feels from the best asian artists from the west & beyond ps. if these songs hit deep, tell ur crush “i tiramissu"".",,,
stage5b2-youtube-prior-human-review-v1,stage5b_youtube_prior_v1_009,4GUqcCrsISpXTbiAFz6FcO,Bye Bye My Blue,Yerin Baek,Bye Bye My Blue,203.409,2016,Bye Bye My Blue Yerin Baek,1,WbhK3wMXluE,https://www.youtube.com/watch?v=WbhK3wMXluE,"Yerin Baek(백예린) ""Bye bye my blue"" M/V",JYP Entertainment,JYP Entertainment,207.0,16942657,"Yerin Baek(백예린) ""Bye bye my blue"" M/V Download and Listen to Yerin Baek(백예린) ""Bye bye my blue"" iTunes: ...",IDEAL,,
stage5b2-youtube-prior-human-review-v1,stage5b_youtube_prior_v1_009,4GUqcCrsISpXTbiAFz6FcO,Bye Bye My Blue,Yerin Baek,Bye Bye My Blue,203.409,2016,Bye Bye My Blue Yerin Baek,2,WwNefk-uSdg,https://www.youtube.com/watch?v=WwNefk-uSdg,"Bye Bye My  Blue - Baek Yerin (15&) Lyrics [Han,Rom,Eng]",TamTam Lyrics,TamTam Lyrics,204.0,205195,Bye Bye My Blue - Baek Yerin (15&) Lyrics Tamtam Lyrics.,,,
stage5b2-youtube-prior-human-review-v1,stage5b_youtube_prior_v1_009,4GUqcCrsISpXTbiAFz6FcO,Bye Bye My Blue,Yerin Baek,Bye Bye My Blue,203.409,2016,Bye Bye My Blue Yerin Baek,3,yfykUBbEYHk,https://www.youtube.com/watch?v=yfykUBbEYHk,230521 백예린 'Bye bye my blue' 직캠 Yerin Baek fancam 가사 자막 @ 단독공연 Square by Jinoo,Jinoo 95,Jinoo 95,207.0,44293,영상의 편집 / 재업로드를 금지합니다. DO NOT EDIT / RE-UPLOAD this video * #백예린 #YerinBaek #Byebyemyblue 촬영 날짜: ...,,,
stage5b2-youtube-prior-human-review-v1,stage5b_youtube_prior_v1_010,4cluDES4hQEUhmXj6TXkSo,What Makes You Beautiful,One Direction,Up All Night,199.986,2012,What Makes You Beautiful One Direction,1,QJO3ROT-A4E,https://www.youtube.com/watch?v=QJO3ROT-A4E,One Direction - What Makes You Beautiful (Official Video),One Direction,One Direction,207.0,1730884664,One Direction – What Makes You Beautiful (Official Video) Follow on Spotify - https://1D.lnk.to/Spotify Listen on Apple Music ...,IDEAL,,
stage5b2-youtube-prior-human-review-v1,stage5b_youtube_prior_v1_010,4cluDES4hQEUhmXj6TXkSo,What Makes You Beautiful,One Direction,Up All Night,199.986,2012,What Makes You Beautiful One Direction,2,mfavkCY52MI,https://www.youtube.com/watch?v=mfavkCY52MI,One Direction - What Makes You Beautiful(Lyrics)🎵,MSCLyrics,MSCLyrics,215.0,28124287,One Direction - What Makes You Beautiful (Lyrics)   Dont forget to Subscribe and press (  ) to join the Notification stay ...,,,
stage5b2-youtube-prior-human-review-v1,stage5b_youtube_prior_v1_010,4cluDES4hQEUhmXj6TXkSo,What Makes You Beautiful,One Direction,Up All Night,199.986,2012,What Makes You Beautiful One Direction,3,UlANZSYZ2Js,https://www.youtube.com/watch?v=UlANZSYZ2Js,One Direction - What Makes You Beautiful (Audio),One Direction,One Direction,201.0,2891428,One Direction - What Makes You Beautiful (Official Audio) Follow on Spotify - https://1D.lnk.to/Spotify Listen on Apple Music ...,,,
stage5b2-youtube-prior-human-review-v1,stage5b_youtube_prior_v1_011,4T2cOfemKB0owJS2JOu7dF,Can I Love ? (feat. youra & Meego),Cosmic Boy | youra | Meego,Can I Love ?,229.75,2019,Can I Love ? (feat. youra & Meego) Cosmic Boy,1,ujCdcX6o3e0,https://www.youtube.com/watch?v=ujCdcX6o3e0,"Can I Love ? (feat. youra, Meego)",Cosmic Boy,Cosmic Boy,230.0,17235153,"Provided to YouTube by STONESHIP / ADA Can I Love ? (feat. youra, Meego) · Cosmic Boy · Meego · youra Can I Love? ℗ 2019 ...",IDEAL,,
stage5b2-youtube-prior-human-review-v1,stage5b_youtube_prior_v1_011,4T2cOfemKB0owJS2JOu7dF,Can I Love ? (feat. youra & Meego),Cosmic Boy | youra | Meego,Can I Love ?,229.75,2019,Can I Love ? (feat. youra & Meego) Cosmic Boy,2,_AvJrdVROgE,https://www.youtube.com/watch?v=_AvJrdVROgE,"Cosmic Boy 코스믹보이 - Can I Love? feat. Youra 유라, Meego 가사 Color Coded Lyrics Han|Rom|Eng",DDING,DDING,230.0,179691,"Artist: Cosmic Boy, Meego, Youra » Album: Can I Love? » Release Date: February 18, 2019 All rights administered by ...",,,
stage5b2-youtube-prior-human-review-v1,stage5b_youtube_prior_v1_011,4T2cOfemKB0owJS2JOu7dF,Can I Love ? (feat. youra & Meego),Cosmic Boy | youra | Meego,Can I Love ?,229.75,2019,Can I Love ? (feat. youra & Meego) Cosmic Boy,3,WdDhmUw9pG8,https://www.youtube.com/watch?v=WdDhmUw9pG8,"Cosmic Boy - Can I Love ? (Feat. 유라(youra), Meego) / [DF LIVE])",Release - Topic,Release - Topic,230.0,43546,"Provided to YouTube by Collab Asia Music Cosmic Boy - Can I Love ? (Feat. 유라(youra), Meego) / [DF LIVE]) · 코스믹보이 DF ...",,,
stage5b2-youtube-prior-human-review-v1,stage5b_youtube_prior_v1_012,1EebxBw5N5UC529NjVintP,Phosphorus Kiss,City Girl | santpoort,Somnolent Nova,186.595,2019,Phosphorus Kiss City Girl,1,KFGZwgL06-M,https://www.youtube.com/watch?v=KFGZwgL06-M,Phosphorus Kiss (feat. Santpoort),City Girl,City Girl,187.0,82307,Provided to YouTube by DistroKid Phosphorus Kiss (feat. Santpoort) · City Girl · Santpoort Somnolent Nova ℗ City Girl Records ...,IDEAL,,
stage5b2-youtube-prior-human-review-v1,stage5b_youtube_prior_v1_012,1EebxBw5N5UC529NjVintP,Phosphorus Kiss,City Girl | santpoort,Somnolent Nova,186.595,2019,Phosphorus Kiss City Girl,2,ikVlUM07hqw,https://www.youtube.com/watch?v=ikVlUM07hqw,Unwind (feat. Tiffi),City Girl,City Girl,332.0,66441,Provided to YouTube by DistroKid Unwind (feat. Tiffi) · City Girl · Tiffi Goddess of the Hollow ℗ City Girl Records Released on: ...,,,
stage5b2-youtube-prior-human-review-v1,stage5b_youtube_prior_v1_012,1EebxBw5N5UC529NjVintP,Phosphorus Kiss,City Girl | santpoort,Somnolent Nova,186.595,2019,Phosphorus Kiss City Girl,3,TVNxamzCotA,https://www.youtube.com/watch?v=TVNxamzCotA,Dulcet Slumber (feat. Tiffi),City Girl,City Girl,245.0,87168,Provided to YouTube by DistroKid Dulcet Slumber (feat. Tiffi) · City Girl · Tiffi Goddess of the Hollow ℗ City Girl Records Released ...,,,
stage5b2-youtube-prior-human-review-v1,stage5b_youtube_prior_v1_013,3t563yjPK2gTe2cm8Rzf5M,I'm Still Holding On,City Girl,Asleep in Soft Ether,238.295,2024,I'm Still Holding On City Girl,1,EnQ4nszqz4o,https://www.youtube.com/watch?v=EnQ4nszqz4o,I'm Still Holding On,City Girl,City Girl,239.0,37262,Provided to YouTube by DistroKid I'm Still Holding On · City Girl Asleep in Soft Ether ℗ City Girl Records Released on: 2024-12-06 ...,IDEAL,,
stage5b2-youtube-prior-human-review-v1,stage5b_youtube_prior_v1_013,3t563yjPK2gTe2cm8Rzf5M,I'm Still Holding On,City Girl,Asleep in Soft Ether,238.295,2024,I'm Still Holding On City Girl,2,RYu7ptBRDOQ,https://www.youtube.com/watch?v=RYu7ptBRDOQ,"ESG Feat. Bun B, Lil Flip, Lil O, Slim Thug, Dat Boi T & Trilly Polk ""Southside Still Holding Remix""",WORLDSTARHIPHOP,WORLDSTARHIPHOP,276.0,16596988,"Watch the official music video for ""Southside Still Holding Remix"" by ESG Feat. Bun B, Lil Flip, Lil O, Slim Thug, Dat Boi T & Trilly ...",,,
stage5b2-youtube-prior-human-review-v1,stage5b_youtube_prior_v1_013,3t563yjPK2gTe2cm8Rzf5M,I'm Still Holding On,City Girl,Asleep in Soft Ether,238.295,2024,I'm Still Holding On City Girl,3,F_VsAvS1kuo,https://www.youtube.com/watch?v=F_VsAvS1kuo,City Girls - Act Up,City Girls,City Girls,205.0,90248592,"Music video by City Girls performing Act Up.© 2019 Quality Control Music, LLC, under exclusive license to UMG Recordings, Inc.",,,
stage5b2-youtube-prior-human-review-v1,stage5b_youtube_prior_v1_014,6ZRkGwxywPUmjPLglrfqlq,R.U.N,Suzy,R U Next? Theme Song,194.775,2023,R.U.N Suzy,1,GQbojNHkovk,https://www.youtube.com/watch?v=GQbojNHkovk,수지 (Suzy) [R U Next? Theme Song] : 전속력으로 (R.U.N) Brand film,STONE MUSIC,STONE MUSIC,199.0,516134,수지 (Suzy) [R U Next? Theme Song] : 전속력으로 (R.U.N) Brand film [R U Next?] Brand film Director : N'ouir 1st AD : Wansun ...,IDEAL,,
stage5b2-youtube-prior-human-review-v1,stage5b_youtube_prior_v1_014,6ZRkGwxywPUmjPLglrfqlq,R.U.N,Suzy,R U Next? Theme Song,194.775,2023,R.U.N Suzy,2,7wuYF1Ut8NY,https://www.youtube.com/watch?v=7wuYF1Ut8NY,Suzy (수지) - 'R.U.N (전속력으로)' [R U Next? Theme Song] Lyrics [Color Coded_Han_Rom_Eng],Zaty Farhani,Zaty Farhani,238.0,85979,By - Zaty Farhani Translation by ZF Team (selftitled) Thanks for watching! Please LIKE and SHARE this video! Don't forget to ...,,,
stage5b2-youtube-prior-human-review-v1,stage5b_youtube_prior_v1_014,6ZRkGwxywPUmjPLglrfqlq,R.U.N,Suzy,R U Next? Theme Song,194.775,2023,R.U.N Suzy,3,LSnssKWr56k,https://www.youtube.com/watch?v=LSnssKWr56k,[최종회] 파이널 진출 10인의 알유넥스트 테마곡🧡 ♬전속력으로,HYBE LABELS +,HYBE LABELS +,219.0,1500017,HYBE Next Girl Group Debut Project [R U Next?] #RUNext #알유넥스트 #RUN #런 Connect with R U Next? R U Next? Weverse ...,,,
stage5b2-youtube-prior-human-review-v1,stage5b_youtube_prior_v1_015,31inMSh6ThzDT0hZJboU6X,Read Me,HA:TFELT | punchnello,MEiNE,243.326,2017,Read Me HA:TFELT,1,uu3Rzl_dK_s,https://www.youtube.com/watch?v=uu3Rzl_dK_s,HA:TFELT - 'Read Me (Feat. PUNCHNELLO)' M/V,Amoeba Culture (아메바컬쳐),Amoeba Culture (아메바컬쳐),311.0,42163,"HA:TFELT - 'Read Me (Feat. PUNCHNELLO)' M/V

- Apple Music & iTunes : https://apple.co/2UYRD9z
- Spotify : https://spoti.fi ...",IDEAL,,
stage5b2-youtube-prior-human-review-v1,stage5b_youtube_prior_v1_015,31inMSh6ThzDT0hZJboU6X,Read Me,HA:TFELT | punchnello,MEiNE,243.326,2017,Read Me HA:TFELT,2,yBy0vr-nYzg,https://www.youtube.com/watch?v=yBy0vr-nYzg,Lyrics [ENG/KOR] HA:TFELT - Read Me(나란 책) (Feat. PUNCHNELLO),YT Rhythm,YT Rhythm,244.0,2512,"Thank you for watching Please Subscribe ! YT Rhythm - This channel is to share some hidden, but terrific songs of Korea. So we ...",,,
stage5b2-youtube-prior-human-review-v1,stage5b_youtube_prior_v1_015,31inMSh6ThzDT0hZJboU6X,Read Me,HA:TFELT | punchnello,MEiNE,243.326,2017,Read Me HA:TFELT,3,NwNX9xHzsKI,https://www.youtube.com/watch?v=NwNX9xHzsKI,[AUDIO/DL] 예은 :  핫펠트 (HATFELT) - 나란 책 (Read Me) (Feat. PUNCHNELLO),Listen To K-POP,Listen To K-POP,244.0,66560,DL : https://winx.kr/oWGl http://yobuilder.com/9PUM.,,,
stage5b2-youtube-prior-human-review-v1,stage5b_youtube_prior_v1_016,0SYB5z2LTlUyebRnUQadtN,call you back,Ivoris | Snoozegod | keeplove.,call you back,161.201,2022,call you back Ivoris,1,qrGSReQXIms,https://www.youtube.com/watch?v=qrGSReQXIms,call you back,Ivoris,Ivoris,162.0,5062,Provided to YouTube by new age kids call you back · Ivoris · Snoozegod · keeplove. call you back ℗ 2022 new age kids Released ...,IDEAL,,
stage5b2-youtube-prior-human-review-v1,stage5b_youtube_prior_v1_016,0SYB5z2LTlUyebRnUQadtN,call you back,Ivoris | Snoozegod | keeplove.,call you back,161.201,2022,call you back Ivoris,2,pNS4-Oaiezo,https://www.youtube.com/watch?v=pNS4-Oaiezo,"Call You Back (feat. Ivoris, Snoozegod & keeplove.) (Remix)",ih8tox - Topic,ih8tox - Topic,131.0,120,"Provided to YouTube by DistroKid Call You Back (feat. Ivoris, Snoozegod & keeplove.) (Remix) · ih8tox · Ivoris · Snoozegod ...",,,
stage5b2-youtube-prior-human-review-v1,stage5b_youtube_prior_v1_016,0SYB5z2LTlUyebRnUQadtN,call you back,Ivoris | Snoozegod | keeplove.,call you back,161.201,2022,call you back Ivoris,3,y4unXG9MA4w,https://www.youtube.com/watch?v=y4unXG9MA4w,Ivoris - Call You Back (ToxicTheProducer Remix),ih8tox,ih8tox,131.0,110,"""My Heart Bled For You."" Original Song: https://www.youtube.com/watch?v=i58EGX-T_CA Vocals By Ivoris: SoundCloud: ...",,,
stage5b2-youtube-prior-human-review-v1,stage5b_youtube_prior_v1_017,5fCKBIJ7BwaCpxxwZCbS5X,We got so much,LE SSERAFIM,EASY,165.748,2024,We got so much LE SSERAFIM,1,nvGnwC2T6Ek,https://www.youtube.com/watch?v=nvGnwC2T6Ek,LE SSERAFIM (르세라핌) 'We got so much' l Original Stage,LE SSERAFIM,LE SSERAFIM,430.0,836584,"Producer : Sungjin So Media Management : Hyungeun Kim, Jeonghwan Kim Production Director : Junsung Lee Creative Director ...",WRONG,length too long,
stage5b2-youtube-prior-human-review-v1,stage5b_youtube_prior_v1_017,5fCKBIJ7BwaCpxxwZCbS5X,We got so much,LE SSERAFIM,EASY,165.748,2024,We got so much LE SSERAFIM,2,Kw2faPNf00s,https://www.youtube.com/watch?v=Kw2faPNf00s,LE SSERAFIM We got so much Lyrics (Color Coded Lyrics),Chaereve,Chaereve,165.0,125245,All Administrated by Source Music ≈ Artist: LE SSERAFIM ≈ Song: We got so much ≈ Album: EASY ≈ Released: 2024.02.19 .,IDEAL,,
stage5b2-youtube-prior-human-review-v1,stage5b_youtube_prior_v1_017,5fCKBIJ7BwaCpxxwZCbS5X,We got so much,LE SSERAFIM,EASY,165.748,2024,We got so much LE SSERAFIM,3,pgFMFDH-Ol8,https://www.youtube.com/watch?v=pgFMFDH-Ol8,LE SSERAFIM - We got so much (Audio),Moonlight,Moonlight,166.0,25841,kpop #song #songs #music #hybe #lesserafim #album #newsong #kpopsongs.,,,
stage5b2-youtube-prior-human-review-v1,stage5b_youtube_prior_v1_018,0irGItjpiw28u0O0vDRURt,Bedtime Story,Nana Ou-Yang,Live Today,265.048,2022,Bedtime Story Nana Ou-Yang,1,R_JSEf4geTw,https://www.youtube.com/watch?v=R_JSEf4geTw,歐陽娜娜《Bedtime Story》Official Music Video | NanaOuyang,歐陽娜娜Nana OuYang,歐陽娜娜Nana OuYang,278.0,194723,開始訂閱我的頻道SUBSCRIBE➔ https://goo.gl/aiVwBD 「Tell me a story that it all will be fine. 」 Social media Instagram ...,IDEAL,,
stage5b2-youtube-prior-human-review-v1,stage5b_youtube_prior_v1_018,0irGItjpiw28u0O0vDRURt,Bedtime Story,Nana Ou-Yang,Live Today,265.048,2022,Bedtime Story Nana Ou-Yang,2,gHOhgbi2S4I,https://www.youtube.com/watch?v=gHOhgbi2S4I,歐陽娜娜《Bedtime Story》官方歌詞版Lyrics Video | Nana Ouyang Original English Album,歐陽娜娜Nana OuYang,歐陽娜娜Nana OuYang,269.0,144343,開始訂閱我的頻道SUBSCRIBE➔ https://goo.gl/aiVwBD 作词：欧阳娜娜NanaOuyang/ Wyatt Sanders/Gingerbread 作曲：欧阳娜 ...,,,
stage5b2-youtube-prior-human-review-v1,stage5b_youtube_prior_v1_018,0irGItjpiw28u0O0vDRURt,Bedtime Story,Nana Ou-Yang,Live Today,265.048,2022,Bedtime Story Nana Ou-Yang,3,VPbQFnyGTYU,https://www.youtube.com/watch?v=VPbQFnyGTYU,Nana Ou-yang - Bedtime Story (lyrics),Lindsey🌷,Lindsey🌷,264.0,83,,,,
stage5b2-youtube-prior-human-review-v1,stage5b_youtube_prior_v1_019,519u9IFzH2ze0ZdG1zyG4U,Innocence,Sem0r,Innocence,111.081,2018,Innocence Sem0r,1,79hzjmKAoQM,https://www.youtube.com/watch?v=79hzjmKAoQM,sem0r - innocence,the bootleg boy,the bootleg boy,112.0,107617,'innocence' by sem0r Lofi/Chill Beats sem0r https://soundcloud.com/sem0r ...,IDEAL,,
stage5b2-youtube-prior-human-review-v1,stage5b_youtube_prior_v1_019,519u9IFzH2ze0ZdG1zyG4U,Innocence,Sem0r,Innocence,111.081,2018,Innocence Sem0r,2,g6OW7akg2xo,https://www.youtube.com/watch?v=g6OW7akg2xo,Sem0r – Innocence,Aviencloud,Aviencloud,112.0,114931,"Aviencloud – Taking you to a better place • Sem0r - Innocence [LoFi Hip Hop] • Open me senpai and support the music artist, ...",,,
stage5b2-youtube-prior-human-review-v1,stage5b_youtube_prior_v1_019,519u9IFzH2ze0ZdG1zyG4U,Innocence,Sem0r,Innocence,111.081,2018,Innocence Sem0r,3,p6HWqEED0Vg,https://www.youtube.com/watch?v=p6HWqEED0Vg,sem0r - innocence,Oblivion,Oblivion,112.0,3778,sem0r https://soundcloud.com/sem0r https://open.spotify.com/artist/5kKtBm0XgwJnI8oudcaupR Oblivion Youtube ...,,,
stage5b2-youtube-prior-human-review-v1,stage5b_youtube_prior_v1_020,6PUtUVzOu0Wj6RvoJKini9,odds,NIKI,wanna take this downtown?,183.271,2019,odds NIKI,1,IrBv8eQt1sY,https://www.youtube.com/watch?v=IrBv8eQt1sY,odds,NIKI,NIKI,184.0,261411,Provided to YouTube by The Orchard Enterprises odds · NIKI · Nicole Zefanya wanna take this downtown? ℗ 2019 88rising ...,IDEAL,,
stage5b2-youtube-prior-human-review-v1,stage5b_youtube_prior_v1_020,6PUtUVzOu0Wj6RvoJKini9,odds,NIKI,wanna take this downtown?,183.271,2019,odds NIKI,2,ZNws8YaQ7S4,https://www.youtube.com/watch?v=ZNws8YaQ7S4,/ odds - NIKI (Lyrics) /,Skairia,Skairia,184.0,626456,"grasp the wisps DISCLAIMER: No copyright infringement intended. All rights belong to their respected owners, NIKI and 88rising.",,,
stage5b2-youtube-prior-human-review-v1,stage5b_youtube_prior_v1_020,6PUtUVzOu0Wj6RvoJKini9,odds,NIKI,wanna take this downtown?,183.271,2019,odds NIKI,3,bGbgjgI5gIM,https://www.youtube.com/watch?v=bGbgjgI5gIM,odds,NIKI,NIKI,184.0,5694,Provided to YouTube by The Orchard Enterprises odds · NIKI · Nicole Zefanya wanna take this downtown? ℗ 2019 88rising ...,,,
stage5b2-youtube-prior-human-review-v1,stage5b_youtube_prior_v1_021,7oQqeRSV38YqkRv2UGvmbS,WE GO,fromis_9,9 WAY TICKET,175.946,2021,WE GO fromis_9,1,HM6UpQZvbhY,https://www.youtube.com/watch?v=HM6UpQZvbhY,프로미스나인 (fromis_9) 'WE GO' M/V,Official fromis_9,Official fromis_9,202.0,28044011,"프로미스나인 (fromis_9) 'WE GO' M/V 프로미스나인이 끝을 알 수 없는 힘든 상황 속, 답답한 일상에서 벗어나 새롭고 특별한 방식의 ...",IDEAL,,
stage5b2-youtube-prior-human-review-v1,stage5b_youtube_prior_v1_021,7oQqeRSV38YqkRv2UGvmbS,WE GO,fromis_9,9 WAY TICKET,175.946,2021,WE GO fromis_9,2,8uOBj0pINT8,https://www.youtube.com/watch?v=8uOBj0pINT8,프로미스나인 (fromis_9) 'WE GO' Performance Video,Official fromis_9,Official fromis_9,177.0,26649613,프로미스나인 (fromis_9) 'WE GO' Performance Video #프로미스나인 #fromis_9 ▷Official Twitter : https://twitter.com/realfromis_9 ...,,,
stage5b2-youtube-prior-human-review-v1,stage5b_youtube_prior_v1_021,7oQqeRSV38YqkRv2UGvmbS,WE GO,fromis_9,9 WAY TICKET,175.946,2021,WE GO fromis_9,3,sWyZMFmTfQs,https://www.youtube.com/watch?v=sWyZMFmTfQs,fromis_9 (프로미스나인) - WE GO Lyrics (Han/Rom/Eng/Color Coded/Lyrics/가사) | bingsoosh,bingsoosh,bingsoosh,176.0,2624051,FROMIS_9 #WE_GO #9WAY_TICKET Watch with 720p for HD experience Subscribe if you haven't Thank you for watching!,,,
stage5b2-youtube-prior-human-review-v1,stage5b_youtube_prior_v1_022,2PUCyydqpoJWjRBDRT5XSg,food court,potsu,just friends,135.862,2018,food court potsu,1,QuPkWL_YZtY,https://www.youtube.com/watch?v=QuPkWL_YZtY,potsu - food court,sunset boy,sunset boy,138.0,2751193,Follow Potsu https://soundcloud.com/potsupotsu Anime: Tamako Market Follow sunset boy ...,IDEAL,,
stage5b2-youtube-prior-human-review-v1,stage5b_youtube_prior_v1_022,2PUCyydqpoJWjRBDRT5XSg,food court,potsu,just friends,135.862,2018,food court potsu,2,qdmN4rZbzVY,https://www.youtube.com/watch?v=qdmN4rZbzVY,food court,potsu,potsu,136.0,808117,Provided to YouTube by Too Lost food court · potsu just friends ℗ 2018 potsu recordings Released on: 2018-07-17 Main Artist: ...,,,
stage5b2-youtube-prior-human-review-v1,stage5b_youtube_prior_v1_022,2PUCyydqpoJWjRBDRT5XSg,food court,potsu,just friends,135.862,2018,food court potsu,3,4aqSQrZH7II,https://www.youtube.com/watch?v=4aqSQrZH7II,food court,potsu,potsu,136.0,161244,Provided to YouTube by Too Lost LLC food court · potsu just friends ℗ potsu Released on: 2018-07-17 Composer: potsu ...,,,
stage5b2-youtube-prior-human-review-v1,stage5b_youtube_prior_v1_023,6rzXElsp81yWcDmWf9lBTd,I've Changed for You,Kina | Madson Project.,I've Changed for You,196.414,2018,I've Changed for You Kina,1,PrFrS5HmPB0,https://www.youtube.com/watch?v=PrFrS5HmPB0,Kina - i've changed for you (feat. Madson Project.),Kina,Kina,197.0,361326,listen on spotify: https://open.spotify.com/album/15r5StzLJ1BnralQ5U7rAe?si=JaUMPzS2R42cMlkDGVYi3A itunes/apple music: ...,IDEAL,,
stage5b2-youtube-prior-human-review-v1,stage5b_youtube_prior_v1_023,6rzXElsp81yWcDmWf9lBTd,I've Changed for You,Kina | Madson Project.,I've Changed for You,196.414,2018,I've Changed for You Kina,2,-6cSfGyLFPY,https://www.youtube.com/watch?v=-6cSfGyLFPY,Kina - i've changed for you (feat. Madson Project.),MrSuicideSheep,MrSuicideSheep,197.0,593533,Kina - i've changed for you (feat. Madson Project.) ⬙ FAVOURITES ON SPOTIFY ⬙ ⇥ http://mrsuicidesheep.com/favourites i've ...,,,
stage5b2-youtube-prior-human-review-v1,stage5b_youtube_prior_v1_023,6rzXElsp81yWcDmWf9lBTd,I've Changed for You,Kina | Madson Project.,I've Changed for You,196.414,2018,I've Changed for You Kina,3,ihWOupKANC4,https://www.youtube.com/watch?v=ihWOupKANC4,I've Changed (feat. Keyshia Cole),Jaheim - Topic,Jaheim - Topic,214.0,16292435,Provided to YouTube by Atlantic Records I've Changed (feat. Keyshia Cole) · Jaheim The Makings of a Man ℗ 2007 Atlantic ...,,,
stage5b2-youtube-prior-human-review-v1,stage5b_youtube_prior_v1_024,6dMnsLoJPFfXIxcsDqjGiZ,over u,keshi,over u,179.777,2017,over u keshi,1,4i0cOpcM1xU,https://www.youtube.com/watch?v=4i0cOpcM1xU,over u,keshi,keshi,180.0,1380443,Provided to YouTube by Repost Network over u · keshi over u ℗ Casey Luong Released on: 2018-12-21 Auto-generated by ...,IDEAL,,
stage5b2-youtube-prior-human-review-v1,stage5b_youtube_prior_v1_024,6dMnsLoJPFfXIxcsDqjGiZ,over u,keshi,over u,179.777,2017,over u keshi,2,o4hVAo4ldWQ,https://www.youtube.com/watch?v=o4hVAo4ldWQ,keshi - over u (Lyrics),Sleepy Wolf,Sleepy Wolf,181.0,16689,keshi - over u (Lyrics) over u by keshi available now: ...,,,
stage5b2-youtube-prior-human-review-v1,stage5b_youtube_prior_v1_024,6dMnsLoJPFfXIxcsDqjGiZ,over u,keshi,over u,179.777,2017,over u keshi,3,jETj4IGnfdQ,https://www.youtube.com/watch?v=jETj4IGnfdQ,Keshi - Over u (Sub. Español),BrosZZ,BrosZZ,181.0,14149,"Keshi - Over u lyrics: Moving on, never feel the same Nothing seems to cover all the pain Baby I've been trying but you can't Hear ...",,,
stage5b2-youtube-prior-human-review-v1,stage5b_youtube_prior_v1_025,6eAXXP4dIbWPLS3BzscuW7,A Little Bit Colder,stream_error,Stream_error,112.0,2018,A Little Bit Colder stream_error,1,H47BENm_j5o,https://www.youtube.com/watch?v=H47BENm_j5o,stream_error - a little bit colder,mae mae,mae mae,93.0,81,stream_error - a little bit colder Support stream_error: https://soundcloud.com/stream_error https://streamerror.bandcamp.com/ ...,UNCERTAIN,,
stage5b2-youtube-prior-human-review-v1,stage5b_youtube_prior_v1_025,6eAXXP4dIbWPLS3BzscuW7,A Little Bit Colder,stream_error,Stream_error,112.0,2018,A Little Bit Colder stream_error,2,AfuHfWNAigA,https://www.youtube.com/watch?v=AfuHfWNAigA,stream_error - a little bit colder [lyrics],The Sad Hour Club,The Sad Hour Club,113.0,2777,Follow me on social media https://www.instagram.com/sadhourmusic/ Image Link: https://unsplash.com/photos/10W9ZoSKTGY ...,IDEAL,,
stage5b2-youtube-prior-human-review-v1,stage5b_youtube_prior_v1_025,6eAXXP4dIbWPLS3BzscuW7,A Little Bit Colder,stream_error,Stream_error,112.0,2018,A Little Bit Colder stream_error,3,bvumfg58TzU,https://www.youtube.com/watch?v=bvumfg58TzU,stream_error  - a little bit colder,Lophee Culture,Lophee Culture,113.0,3253,"""a little bit colder"" by stream_error ▻stream_error social media: SoundCloud » (https://soundcloud.com/stream_error) Youtube ...",,,
stage5b2-youtube-prior-human-review-v1,stage5b_youtube_prior_v1_026,1mh5s6XJ3RLJBRPErACsHW,This Love,DAVICHI,Descendants Of The Sun Pt.3 (Original Television Soundtrack),225.171,2016,This Love DAVICHI,1,5C4eagr-pSE,https://www.youtube.com/watch?v=5C4eagr-pSE,Davichi (다비치) - This Love (이 사랑) | Color Coded Lyrics [Han/Rom/Eng],Kyuyang,Kyuyang,226.0,121452,Thanks for watching! Please support us by SUBSCRIBE our channel and LIKE our videos. ...................................... Song Title: This ...,ACCEPTABLE,,
stage5b2-youtube-prior-human-review-v1,stage5b_youtube_prior_v1_026,1mh5s6XJ3RLJBRPErACsHW,This Love,DAVICHI,Descendants Of The Sun Pt.3 (Original Television Soundtrack),225.171,2016,This Love DAVICHI,2,XyzaMpAVm3s,https://www.youtube.com/watch?v=XyzaMpAVm3s,[MV] DAVICHI(다비치) - This Love(이 사랑) l Descendants of the Sun 태양의 후예 OST,MUSIC&NEW 뮤직앤뉴,MUSIC&NEW 뮤직앤뉴,230.0,300226306,드라마 '태양의 후예(Descendants of The Sun)' OST Part.3 - 이 사랑 (다비치(DAVICHI)) 실력파 여성 듀오 다비치가 참여한 '태양의 ...,,,
stage5b2-youtube-prior-human-review-v1,stage5b_youtube_prior_v1_026,1mh5s6XJ3RLJBRPErACsHW,This Love,DAVICHI,Descendants Of The Sun Pt.3 (Original Television Soundtrack),225.171,2016,This Love DAVICHI,3,04LcmT2rxDI,https://www.youtube.com/watch?v=04LcmT2rxDI,DAVICHI - This love [2016 KBS Song Festival / 2017.01.01],KBS WORLD TV,KBS WORLD TV,227.0,13229212,"Click the ""Caption"" button to activate subtitle! ------------------------------------------------ - MC: Park Bogum, Seolhyun - Guest: LABOUM, ...",,,
stage5b2-youtube-prior-human-review-v1,stage5b_youtube_prior_v1_027,2FmByq9VHuQ0N7A8KMmQCg,Loveholic's hangover (feat. Sam Kim),BIBI | SAM KIM,Lowlife Princess: Noir,168.155,2022,Loveholic's hangover (feat. Sam Kim) BIBI,1,TAszq3BjTng,https://www.youtube.com/watch?v=TAszq3BjTng,BIBI - Loveholic’s hangover (feat. Sam Kim),88rising,88rising,169.0,421388,LOWLIFE PRINCESS: NOIR OUT NOW - https://BIBI.lnk.to/LowlifePrincess Follow BIBI BIBIBULLET.,IDEAL,,
stage5b2-youtube-prior-human-review-v1,stage5b_youtube_prior_v1_027,2FmByq9VHuQ0N7A8KMmQCg,Loveholic's hangover (feat. Sam Kim),BIBI | SAM KIM,Lowlife Princess: Noir,168.155,2022,Loveholic's hangover (feat. Sam Kim) BIBI,2,fqjXhxRvImU,https://www.youtube.com/watch?v=fqjXhxRvImU,BIBI (비비) - Loveholic's Hangover (Ft. Sam Kim (샘김)) [Color Coded Lyrics (HAN/ROM/ENG)],Halcyon KLyrics,Halcyon KLyrics,169.0,65091,By: Halcyon The translation may have some inaccuracies. c All Rights Reserved Feel Ghood Music/ 88rising Records We do not ...,,,
stage5b2-youtube-prior-human-review-v1,stage5b_youtube_prior_v1_027,2FmByq9VHuQ0N7A8KMmQCg,Loveholic's hangover (feat. Sam Kim),BIBI | SAM KIM,Lowlife Princess: Noir,168.155,2022,Loveholic's hangover (feat. Sam Kim) BIBI,3,pDCvALPXBfM,https://www.youtube.com/watch?v=pDCvALPXBfM,BIBI (비비) 'Loveholic's hangover (feat. Sam Kim)' Official Audio,JXS_BP Official,JXS_BP Official,169.0,1634,BIBI • THE 1ST FULL LENGTH-ALBUM [Lowlife Princess: Noir] Released: 18.11.2022 © 2022 Feel Ghood Music/88rising ...,,,
stage5b2-youtube-prior-human-review-v1,stage5b_youtube_prior_v1_028,22DH8NChecsgPxDjA4pqer,Tough,Quavo | Lana Del Rey,Tough,188.828,2024,Tough Quavo,1,ZkITTCz1mhk,https://www.youtube.com/watch?v=ZkITTCz1mhk,"Quavo, Lana Del Rey - Tough (Official Video)",Quavo Huncho,Quavo Huncho,212.0,28911566,"Stream ""Tough"": https://quavoxldr.lnk.to/tough #Quavo #LanaDelRey #Tough Directed by Wyatt Spain Winfrey, Quavo & Lana Del ...",IDEAL,,
stage5b2-youtube-prior-human-review-v1,stage5b_youtube_prior_v1_028,22DH8NChecsgPxDjA4pqer,Tough,Quavo | Lana Del Rey,Tough,188.828,2024,Tough Quavo,2,FeeVnBhQwZE,https://www.youtube.com/watch?v=FeeVnBhQwZE,"Quavo, Lana Del Rey - Tough (Lyrics)",Vibe Music,Vibe Music,190.0,768307,"Quavo, Lana Del Rey - Tough Stream/Download: (Lyrics): [Chorus: Lana Del Rey] Tough like the scuff on a pair of old leather ...",,,
stage5b2-youtube-prior-human-review-v1,stage5b_youtube_prior_v1_028,22DH8NChecsgPxDjA4pqer,Tough,Quavo | Lana Del Rey,Tough,188.828,2024,Tough Quavo,3,R2hgq8j6ETY,https://www.youtube.com/watch?v=R2hgq8j6ETY,"Quavo, Lana Del Rey - Tough (Visualizer)",Lana Del Rey,Lana Del Rey,189.0,4291123,"'Tough' Out Now - https://quavoxldr.lnk.to/toughID Directed by Quavo Spain Winfrey, Quavo & Lana Del Rey Edited by Lucas ...",,,
stage5b2-youtube-prior-human-review-v1,stage5b_youtube_prior_v1_029,49CeyCugXaZV05J82ejVQh,Irony,LE SSERAFIM,"'PUREFLOW', Pt. 1",144.0,2026,Irony LE SSERAFIM,1,YZFGv-LPDBU,https://www.youtube.com/watch?v=YZFGv-LPDBU,Irony,LE SSERAFIM,LE SSERAFIM,144.0,1995453,Provided to YouTube by SOURCE MUSIC Irony · LE SSERAFIM 'PUREFLOW' pt.1 ℗ SOURCE MUSIC Released on: 2026-05-22 ...,IDEAL,,
stage5b2-youtube-prior-human-review-v1,stage5b_youtube_prior_v1_029,49CeyCugXaZV05J82ejVQh,Irony,LE SSERAFIM,"'PUREFLOW', Pt. 1",144.0,2026,Irony LE SSERAFIM,2,fsYCvJYQSr8,https://www.youtube.com/watch?v=fsYCvJYQSr8,'Irony' Stage Cam @ 2026 LE SSERAFIM TOUR 'PUREFLOW' IN INCHEON,LE SSERAFIM,LE SSERAFIM,166.0,460640,LE_SSERAFIM #르세라핌 공식 채널 #LE_SSERAFIM #르세라핌 OFFICIAL CHANNEL Listen 'PUREFLOW' pt.1 ...,,,
stage5b2-youtube-prior-human-review-v1,stage5b_youtube_prior_v1_029,49CeyCugXaZV05J82ejVQh,Irony,LE SSERAFIM,"'PUREFLOW', Pt. 1",144.0,2026,Irony LE SSERAFIM,3,ps04pfBQnCg,https://www.youtube.com/watch?v=ps04pfBQnCg,LE SSERAFIM 'Irony' Lyrics (르세라핌 Irony 가사) [Color Coded Han_Rom_Eng] | ShadowByYoongi,ShadowByYoongi,ShadowByYoongi,148.0,123337,All Rights Administered by HYBE Labels / SOURCE MUSIC Artist: LE SSERAFIM (르세라핌) Song: Irony Album: 2nd Full ...,,,
stage5b2-youtube-prior-human-review-v1,stage5b_youtube_prior_v1_030,4g7hiqTP5eXt75XU5WSMMA,LIKEY,TWICE,twicetagram,207.824,2017,LIKEY TWICE,1,V2hlQkVJZhE,https://www.youtube.com/watch?v=V2hlQkVJZhE,"TWICE ""LIKEY"" M/V",JYP Entertainment,JYP Entertainment,222.0,664607266,"TWICE(트와이스) ""LIKEY"" M/V The 5th Mini Album ""What is Love?"" Spotify https://goo.gl/jVLYYY iTunes & Apple Music ...",IDEAL,,
stage5b2-youtube-prior-human-review-v1,stage5b_youtube_prior_v1_030,4g7hiqTP5eXt75XU5WSMMA,LIKEY,TWICE,twicetagram,207.824,2017,LIKEY TWICE,2,Dqn65yZYswI,https://www.youtube.com/watch?v=Dqn65yZYswI,TWICE (트와이스) - LIKEY [HAN|ROM|ENG Color Coded Lyrics],krystalized,krystalized,208.0,26610756,Have a request / questions? ASK ME! askfm → http://www.ask.fm/jungkelystal Twitter → http://twitter.com/woejins Color : Red ...,,,
stage5b2-youtube-prior-human-review-v1,stage5b_youtube_prior_v1_030,4g7hiqTP5eXt75XU5WSMMA,LIKEY,TWICE,twicetagram,207.824,2017,LIKEY TWICE,3,bUrQbt1jR4A,https://www.youtube.com/watch?v=bUrQbt1jR4A,[TWICE - LIKEY] Comeback Stage | M COUNTDOWN 171102 EP.547,Mnet K-POP,Mnet K-POP,238.0,25495103,KPOP Chart Show M COUNTDOWN | EP.547 - TWICE - LIKEY ▷Watch more video clips: http://bit.ly/MCOUNTDOWN-KPOP2017 ...,,,
stage5b2-youtube-prior-human-review-v1,stage5b_youtube_prior_v1_031,52qof5uEYA0TV0EpR7jNxs,You,aespa,Drama - The 4th Mini Album,203.306,2023,You aespa,1,sYwQdtW5x3U,https://www.youtube.com/watch?v=sYwQdtW5x3U,aespa (에스파) - 'YOU' Lyrics [Color Coded_Han_Rom_Eng],Zaty Farhani,Zaty Farhani,204.0,166450,By - Zaty Farhani Translation by lyricsfa Thanks for watching! Please LIKE and SHARE this video! Don't forget to SUBSCRIBE our ...,IDEAL,,
stage5b2-youtube-prior-human-review-v1,stage5b_youtube_prior_v1_031,52qof5uEYA0TV0EpR7jNxs,You,aespa,Drama - The 4th Mini Album,203.306,2023,You aespa,2,ug6y1mQbr8s,https://www.youtube.com/watch?v=ug6y1mQbr8s,aespa 'You' (Official Audio),aespa,aespa,204.0,1372895,"aespa's 4th Mini Album ""Drama"" is out! Listen and download on your favorite platform: https://aespa.lnk.to/DramaMiniAlbum ...",,,
stage5b2-youtube-prior-human-review-v1,stage5b_youtube_prior_v1_031,52qof5uEYA0TV0EpR7jNxs,You,aespa,Drama - The 4th Mini Album,203.306,2023,You aespa,3,zGIQ-j-FQ9o,https://www.youtube.com/watch?v=zGIQ-j-FQ9o,aespa 에스파 'You' MV,prvroom,prvroom,202.0,14339,aespa #æspa #에스파 #Drama #aespaDrama #aespaYou #SYNK_PARALLELLINE #aespaLIVETOUR2024 ...,,,
stage5b2-youtube-prior-human-review-v1,stage5b_youtube_prior_v1_032,2zehvIUiHhHyZuIIqkizR0,Goddess of the Hollow,City Girl,Goddess of the Hollow,248.45,2020,Goddess of the Hollow City Girl,1,6K5vlOSh_uU,https://www.youtube.com/watch?v=6K5vlOSh_uU,city girl | goddess of the hollow [full album],City Girl,City Girl,1888.0,455644,Digital Download: https://city-girl.bandcamp.com/album/goddess-of-the-hollow tracklist: Goddess of the Hollow - 0:00 Pray (feat.,WRONG,,https://youtu.be/b5mhUs326BQ?si=w9STSb0lsT7RoTj5 the first result for me is this
stage5b2-youtube-prior-human-review-v1,stage5b_youtube_prior_v1_032,2zehvIUiHhHyZuIIqkizR0,Goddess of the Hollow,City Girl,Goddess of the Hollow,248.45,2020,Goddess of the Hollow City Girl,2,b5mhUs326BQ,https://www.youtube.com/watch?v=b5mhUs326BQ,Goddess of the Hollow,City Girl,City Girl,249.0,1174239,Provided to YouTube by DistroKid Goddess of the Hollow · City Girl Goddess of the Hollow ℗ City Girl Records Released on: ...,IDEAL,,https://youtu.be/b5mhUs326BQ?si=w9STSb0lsT7RoTj5 the first result for me is this
stage5b2-youtube-prior-human-review-v1,stage5b_youtube_prior_v1_032,2zehvIUiHhHyZuIIqkizR0,Goddess of the Hollow,City Girl,Goddess of the Hollow,248.45,2020,Goddess of the Hollow City Girl,3,nxKLU7dwVIY,https://www.youtube.com/watch?v=nxKLU7dwVIY,City Girl - Goddess of the Hollow,Lofi Hub Records,Lofi Hub Records,249.0,119411,Goddess of the Hollow performed by City Girl Listen to more great Lofi music here: ...,,,https://youtu.be/b5mhUs326BQ?si=w9STSb0lsT7RoTj5 the first result for me is this
stage5b2-youtube-prior-human-review-v1,stage5b_youtube_prior_v1_033,3pf5M9sxSecmhjT9gMPwe9,Like That,keshi,Requiem,180.106,2024,Like That keshi,1,zIrtq7VlJtg,https://www.youtube.com/watch?v=zIrtq7VlJtg,keshi - Like That (Official Visualizer),keshi,keshi,179.0,2173604,"Listen to Requiem, out now https://keshi.lnk.to/Requiem Shop merch now: https://keshi.lnk.to/officialstore Follow keshi: Instagram: ...",IDEAL,,
stage5b2-youtube-prior-human-review-v1,stage5b_youtube_prior_v1_033,3pf5M9sxSecmhjT9gMPwe9,Like That,keshi,Requiem,180.106,2024,Like That keshi,2,cqHOQmpDd7I,https://www.youtube.com/watch?v=cqHOQmpDd7I,keshi 'Like That' Lyrics (케시 Like That 가사) [Color Coded_Eng] | ShadowByYoongi,ShadowByYoongi,ShadowByYoongi,181.0,46411,All Rights Administered by Island Records Artist: keshi Song: Like That Album: 2nd Album 'REQUIEM' #ShadowByYoongi ...,,,
stage5b2-youtube-prior-human-review-v1,stage5b_youtube_prior_v1_033,3pf5M9sxSecmhjT9gMPwe9,Like That,keshi,Requiem,180.106,2024,Like That keshi,3,VTUQMpzijXE,https://www.youtube.com/watch?v=VTUQMpzijXE,keshi - like that [Lyrics / AMV],Biteki びてき,Biteki びてき,181.0,64340,Spotify Playlists : https://bitekivibes.com/#playlists Discord (Join the community ): https://discord.gg/j6mm2MX Submit your ...,,,
stage5b2-youtube-prior-human-review-v1,stage5b_youtube_prior_v1_034,5TTGoX70AFrTvuEtqHK37S,No. 1 Party Anthem,Arctic Monkeys,AM,243.131,2013,No. 1 Party Anthem Arctic Monkeys,1,mGUjVbsYG6E,https://www.youtube.com/watch?v=mGUjVbsYG6E,No. 1 Party Anthem,Official Arctic Monkeys,Official Arctic Monkeys,244.0,155305359,Provided to YouTube by Domino No. 1 Party Anthem · Arctic Monkeys AM ℗ 2013 Domino Recording Co Ltd Released on: ...,IDEAL,,
stage5b2-youtube-prior-human-review-v1,stage5b_youtube_prior_v1_034,5TTGoX70AFrTvuEtqHK37S,No. 1 Party Anthem,Arctic Monkeys,AM,243.131,2013,No. 1 Party Anthem Arctic Monkeys,2,dtr8sYswtKM,https://www.youtube.com/watch?v=dtr8sYswtKM,Arctic Monkeys - No. 1 Party Anthem,LatinHype,LatinHype,244.0,26136005,No. 1 Party AnthemArctic Monkeys - No. 1 Party Anthem » Descargar: » Apoyo Arctic Monkeys: ...,,,
stage5b2-youtube-prior-human-review-v1,stage5b_youtube_prior_v1_034,5TTGoX70AFrTvuEtqHK37S,No. 1 Party Anthem,Arctic Monkeys,AM,243.131,2013,No. 1 Party Anthem Arctic Monkeys,3,m-_2MhQpmMk,https://www.youtube.com/watch?v=m-_2MhQpmMk,Arctic Monkeys - No.1 Party Anthem,Rodrigo Lima,Rodrigo Lima,244.0,3948628,album AM (2013) track 6 01 - Do I Wanna Know?: https://www.youtube.com/watch?v=rB6mXBWrPXY 02 - R U Mine?,,,
stage5b2-youtube-prior-human-review-v1,stage5b_youtube_prior_v1_035,2IMPPA9UZpqTnnVIy9lDHU,Love Me Back,fromis_9,"Love Me Back (From ""Operation: True Love"")",186.293,2023,Love Me Back fromis_9,1,EE8655GDT9k,https://www.youtube.com/watch?v=EE8655GDT9k,Love Me Back,fromis_9,fromis_9,187.0,19188907,Provided to YouTube by NHN BUGS Love Me Back · 프로미스나인 Love Me Back (작전명 순정 X 프로미스나인) ℗ 모스트콘텐츠 ...,IDEAL,,
stage5b2-youtube-prior-human-review-v1,stage5b_youtube_prior_v1_035,2IMPPA9UZpqTnnVIy9lDHU,Love Me Back,fromis_9,"Love Me Back (From ""Operation: True Love"")",186.293,2023,Love Me Back fromis_9,2,5UxpUqJQZDI,https://www.youtube.com/watch?v=5UxpUqJQZDI,fromis_9 (프로미스나인) - Love Me Back (Color Coded Han/Rom/Eng),your 마음,your 마음,193.0,824343,All Rights are Administered by NHN BUGS Corporation (모스트콘텐츠). • Artist: fromis_9 • 아티스트 : 프로미스나인 • Songs ...,,,
stage5b2-youtube-prior-human-review-v1,stage5b_youtube_prior_v1_035,2IMPPA9UZpqTnnVIy9lDHU,Love Me Back,fromis_9,"Love Me Back (From ""Operation: True Love"")",186.293,2023,Love Me Back fromis_9,3,_L2caLNqvJw,https://www.youtube.com/watch?v=_L2caLNqvJw,[F/MV] fromis_9-Love me Back M/V,밤냠,밤냠,185.0,18734,"프로미스나인의 대한 악의적인 댓글❌ 이 계정 소유자는 수익장출 의도가 전혀 없음을 알립니다. 인사드리겠습니다. 둘, 셋! (이제는 ...",,,
stage5b2-youtube-prior-human-review-v1,stage5b_youtube_prior_v1_036,2p7g1S9zMDO7L0zjNihm1t,Silver Ribbons in Lavender Hair,City Girl,Siren of the Formless,230.687,2020,Silver Ribbons in Lavender Hair City Girl,1,tKMDwlsFQ9Y,https://www.youtube.com/watch?v=tKMDwlsFQ9Y,Silver Ribbons in Lavender Hair,City Girl,City Girl,231.0,57092,Provided to YouTube by DistroKid Silver Ribbons in Lavender Hair · City Girl Siren of the Formless ℗ City Girl Records Released ...,IDEAL,,
stage5b2-youtube-prior-human-review-v1,stage5b_youtube_prior_v1_036,2p7g1S9zMDO7L0zjNihm1t,Silver Ribbons in Lavender Hair,City Girl,Siren of the Formless,230.687,2020,Silver Ribbons in Lavender Hair City Girl,2,DApm8ycAUK0,https://www.youtube.com/watch?v=DApm8ycAUK0,City Girl - Silver Ribbons In Lavender Hair {Slowed} {One Hour},Livi,Livi,3601.0,38,"Welcome! Thank you for viewing and listening to my video! Music isn't by me, I only slowed it down. Enjoy the music and relax ^v^ ...",,,
stage5b2-youtube-prior-human-review-v1,stage5b_youtube_prior_v1_036,2p7g1S9zMDO7L0zjNihm1t,Silver Ribbons in Lavender Hair,City Girl,Siren of the Formless,230.687,2020,Silver Ribbons in Lavender Hair City Girl,3,dBzCK8pu0EA,https://www.youtube.com/watch?v=dBzCK8pu0EA,lofi for a cute date with the plain doll | city girl,City Girl,City Girl,2755.0,21550,... celestial angel 28:31 - gossamer dress (feat. ibrahim) 32:04 - palette 35:29 - silver ribbons in lavender hair 39:19 - into my arms ...,,,
stage5b2-youtube-prior-human-review-v1,stage5b_youtube_prior_v1_037,53lpR0g5IQFNjrPZs2pFE3,Dear Moon,moon tang,Dear Moon,195.774,2020,Dear Moon moon tang,1,ATRADyvW8To,https://www.youtube.com/watch?v=ATRADyvW8To,Dear Moon ☽  moon tang,moon tang,moon tang,196.0,111753,lyrics & melody by moon tang arranged by daniel toh & enoch cheng mixing by enoch cheng Roaming around in this lonely and ...,IDEAL,,
stage5b2-youtube-prior-human-review-v1,stage5b_youtube_prior_v1_037,53lpR0g5IQFNjrPZs2pFE3,Dear Moon,moon tang,Dear Moon,195.774,2020,Dear Moon moon tang,2,klPyT5MAsxI,https://www.youtube.com/watch?v=klPyT5MAsxI,Dear Moon ☽ actually sitting on the rooftop and sing to the moon ver,moon tang,moon tang,204.0,193278,handwritten lyrics by meeee hope you enjoy thisss bye bye 2020 hello 2021:) follow our insta! song written by moon tang ...,,,
stage5b2-youtube-prior-human-review-v1,stage5b_youtube_prior_v1_037,53lpR0g5IQFNjrPZs2pFE3,Dear Moon,moon tang,Dear Moon,195.774,2020,Dear Moon moon tang,3,rSSVdOOo1sE,https://www.youtube.com/watch?v=rSSVdOOo1sE,Dear Moon - moon tang,Angel Cosmos,Angel Cosmos,196.0,173,,,,
stage5b2-youtube-prior-human-review-v1,stage5b_youtube_prior_v1_038,6KhT7CK6FL0BnI3nVPqv4F,Over 85,Hojean,Over 85,204.014,2020,Over 85 Hojean,1,Yga5pgWubXs,https://www.youtube.com/watch?v=Yga5pgWubXs,Hojean - Over 85,Hojean Francis,Hojean Francis,206.0,899353,"Listen to ""Over 85"" on all music streaming platforms!!! hey also i love u guys hehehe omg hehe For spotify and apple music: ...",IDEAL,,
stage5b2-youtube-prior-human-review-v1,stage5b_youtube_prior_v1_038,6KhT7CK6FL0BnI3nVPqv4F,Over 85,Hojean,Over 85,204.014,2020,Over 85 Hojean,2,yBMsJVOgsWY,https://www.youtube.com/watch?v=yBMsJVOgsWY,over 85 - hojean (lyrics),1-800-LOVE-U,1-800-LOVE-U,204.0,140409,listen to 'over 85' on spotify ↪ http://lnk.to/1800LOVEU artist links ↓ ☁️✨ 「 hojean 」 ✧ socials @yihojean lyrics Worked ...,,,
stage5b2-youtube-prior-human-review-v1,stage5b_youtube_prior_v1_038,6KhT7CK6FL0BnI3nVPqv4F,Over 85,Hojean,Over 85,204.014,2020,Over 85 Hojean,3,_0I5sxl-lBw,https://www.youtube.com/watch?v=_0I5sxl-lBw,Hojean - Over 85 | Audiotree Live,Audiotree,Audiotree,213.0,6387,"Download & stream Hojean on Audiotree Live → https://lnk.to/AT-Hojean Hojean is a self-taught musician, artist and creator from ...",,,
stage5b2-youtube-prior-human-review-v1,stage5b_youtube_prior_v1_039,37YoRLUu1qId0ewavgvnkG,Blue Flame,LE SSERAFIM,FEARLESS,201.894,2022,Blue Flame LE SSERAFIM,1,Hqvdr91LoSI,https://www.youtube.com/watch?v=Hqvdr91LoSI,LE SSERAFIM 르세라핌 Blue Flame @ LE SSERAFIM DEBUT SHOWCASE FEARLESS,LE SSERAFIM,LE SSERAFIM,207.0,18105211,LE_SSERAFIM #DEBUT_SHOWCASE #FEARLESS #르세라핌 #데뷔쇼케이스 #LE_SSERAFIM #르세라핌 공식 채널 ...,ACCEPTABLE,,
stage5b2-youtube-prior-human-review-v1,stage5b_youtube_prior_v1_039,37YoRLUu1qId0ewavgvnkG,Blue Flame,LE SSERAFIM,FEARLESS,201.894,2022,Blue Flame LE SSERAFIM,2,T_Lv8G9erR8,https://www.youtube.com/watch?v=T_Lv8G9erR8,LE SSERAFIM (르세라핌) – Blue Flame Lyrics (Color Coded Han/Rom/Eng),lovelyeonwoo,lovelyeonwoo,202.0,2832301,"Artist: LE SSERAFIM (르세라핌) Song: Blue Flame Album: 'FEARLESS' Debut EP Members: Sakura, Chaewon, Yunjin, Kazuha, ...",,,
stage5b2-youtube-prior-human-review-v1,stage5b_youtube_prior_v1_039,37YoRLUu1qId0ewavgvnkG,Blue Flame,LE SSERAFIM,FEARLESS,201.894,2022,Blue Flame LE SSERAFIM,3,DLgFmvSrwMk,https://www.youtube.com/watch?v=DLgFmvSrwMk,LE SSERAFIM - ‘Blue Flame’ Dance Practice Mirrored,BLACK CAT,BLACK CAT,202.0,2507683,LE SSERAFIM 'Blue Flame' Dance Practice Mirrored #LE_SSERAFIM #Blue_Flame #르세라핌 LE SSERAFIM Blue Flame Dance ...,,,
stage5b2-youtube-prior-human-review-v1,stage5b_youtube_prior_v1_040,1rWLHiocvgyR0SSjuI07du,Someone You Used To Know,KYUL,Someone You Used To Know,187.301,2020,Someone You Used To Know KYUL,1,ali6HQtxIbg,https://www.youtube.com/watch?v=ali6HQtxIbg,결(KYUL) - 가끔 연락하던 애 Someone You Used to Know (with Lyric),결 KYUL,결 KYUL,188.0,7346288,Follow KYUL https://www.instagram.com/kyulisme/ https://soundcloud.com/kyulkyul 걘 가끔 언제 만나자면 나오곤 하던 애였는데 참 ...,IDEAL,,
stage5b2-youtube-prior-human-review-v1,stage5b_youtube_prior_v1_040,1rWLHiocvgyR0SSjuI07du,Someone You Used To Know,KYUL,Someone You Used To Know,187.301,2020,Someone You Used To Know KYUL,2,YHHRmaBgOyk,https://www.youtube.com/watch?v=YHHRmaBgOyk,결(KYUL)-가끔 연락하던 애(Someone You Used to Know)たまに連絡していた子-キョル[日本語字幕],Soyul,Soyul,187.0,5257,,,,
stage5b2-youtube-prior-human-review-v1,stage5b_youtube_prior_v1_040,1rWLHiocvgyR0SSjuI07du,Someone You Used To Know,KYUL,Someone You Used To Know,187.301,2020,Someone You Used To Know KYUL,3,490reAX56Aw,https://www.youtube.com/watch?v=490reAX56Aw,KYUL (결) - Someone You Used to Know | K-Pop Live Session | Radio’n Us,"Arirang Radio | K-Pop, K-Culture & News from Korea","Arirang Radio | K-Pop, K-Culture & News from Korea",150.0,671,KYUL (결) paid a visit to Arirang Radio! Check out the live performances of his amazing song 'Someone You Used to Know' only ...,,,
stage5b2-youtube-prior-human-review-v1,stage5b_youtube_prior_v1_041,7AwQsmaHkfgnSf1i0yuU58,Repose - lofi edit,TSII,NieR Edits (lofi edit),159.041,2021,Repose - lofi edit TSII,1,K_AICY5BXBU,https://www.youtube.com/watch?v=K_AICY5BXBU,NieR - Repose(Lo Fi edit),TSII,TSII,160.0,2859,Some quarantine music SoundCloud: https://soundcloud.com/tsii/nier-reposelo-fi-edit.,IDEAL,,
stage5b2-youtube-prior-human-review-v1,stage5b_youtube_prior_v1_041,7AwQsmaHkfgnSf1i0yuU58,Repose - lofi edit,TSII,NieR Edits (lofi edit),159.041,2021,Repose - lofi edit TSII,2,ZKd6VkMRf90,https://www.youtube.com/watch?v=ZKd6VkMRf90,Kingdom Hearts-Sacred Moon(Lo-Fi Edit),TSII,TSII,153.0,11859,Thought I'd try a Kingdom Hearts track this time. Hope you enjoy. Listen on Soundcloud: ...,,,
stage5b2-youtube-prior-human-review-v1,stage5b_youtube_prior_v1_041,7AwQsmaHkfgnSf1i0yuU58,Repose - lofi edit,TSII,NieR Edits (lofi edit),159.041,2021,Repose - lofi edit TSII,3,Q741RBKGFzA,https://www.youtube.com/watch?v=Q741RBKGFzA,【For work and relaxation】Lofi hip hop - NieR:Automata - #lofi #animelofi #games #work #NieR:Automata,Soumatou,Soumatou,3712.0,53,"For those working, wanting to relax, or who love NieR:Automata, please give it a listen.

#lofi 
#lofihiphop 
#lofihiphopchill ...",,,
stage5b2-youtube-prior-human-review-v1,stage5b_youtube_prior_v1_042,4wl8GmLX9DMyvmkPXCRfHH,100%,chicken97,Belief,256.546,2021,100% chicken97,1,63eu-jWZV7k,https://www.youtube.com/watch?v=63eu-jWZV7k,msftz(미스피츠) '100%' Official Lyric Video,chicken97,chicken97,257.0,11059,"msftz(미스피츠) '100%' Official Lyric Video You can find msftz 1st EP [Belief] on Apple Music, Spotify, AMAZON and other ...",IDEAL,,
stage5b2-youtube-prior-human-review-v1,stage5b_youtube_prior_v1_042,4wl8GmLX9DMyvmkPXCRfHH,100%,chicken97,Belief,256.546,2021,100% chicken97,2,wmVy00_Rtws,https://www.youtube.com/watch?v=wmVy00_Rtws,Heart,chicken97,chicken97,197.0,458709,"Provided to YouTube by SME Korea Inc. Heart · chicken97 Belief ℗ 2021 SME Korea Inc. Released on: 2021-11-03 Lyricist, ...",,,
stage5b2-youtube-prior-human-review-v1,stage5b_youtube_prior_v1_042,4wl8GmLX9DMyvmkPXCRfHH,100%,chicken97,Belief,256.546,2021,100% chicken97,3,1KOnxMt-sGg,https://www.youtube.com/watch?v=1KOnxMt-sGg,msftz(미스피츠) 'Heart' Official MV Teaser,chicken97,chicken97,30.0,55147,msftz(미스피츠) 'Heart' Official Music Video Teaser #msftz #미스피츠 #Belief #Heart #Sonymusickorea #소니뮤직코리아 #202111 ...,,,
stage5b2-youtube-prior-human-review-v1,stage5b_youtube_prior_v1_043,6D7ub5xZYc7oLq6JDFIm8c,Anybody,shae | WIMY,Anybody,197.595,2023,Anybody shae,1,no6O9AnC1_g,https://www.youtube.com/watch?v=no6O9AnC1_g,"shae, WIMY - Anybody (official music video)",BAD KIDS,BAD KIDS,261.0,15579891,Anybody streaming on all platforms!!! https://open.spotify.com/track/6D7ub5xZYc7oLq6JDFIm8c?si=91db5caae6c9436e ...,IDEAL,,
stage5b2-youtube-prior-human-review-v1,stage5b_youtube_prior_v1_043,6D7ub5xZYc7oLq6JDFIm8c,Anybody,shae | WIMY,Anybody,197.595,2023,Anybody shae,2,MunZpl35-p4,https://www.youtube.com/watch?v=MunZpl35-p4,"shae, WIMY - Anybody (official lyric video)",BAD KIDS,BAD KIDS,198.0,224776,stream on spotify!!! https://open.spotify.com/track/6D7ub5xZYc7oLq6JDFIm8c?si=99287d1a59dd4ac6 Producer: Reny Lee Music ...,,,
stage5b2-youtube-prior-human-review-v1,stage5b_youtube_prior_v1_043,6D7ub5xZYc7oLq6JDFIm8c,Anybody,shae | WIMY,Anybody,197.595,2023,Anybody shae,3,TLo4PHywc_k,https://www.youtube.com/watch?v=TLo4PHywc_k,Anybody,shae - Topic,shae - Topic,198.0,7629087,Provided to YouTube by BAD KIDS Anybody · shae · WIMY Anybody ℗ 2023 BAD KIDS Released on: 2023-08-18 Main Artist: ...,,,
stage5b2-youtube-prior-human-review-v1,stage5b_youtube_prior_v1_044,7uGZIgNGAM4y7cyLj9SPlw,Love In My Heart,BABYMONSTER,DRIP,192.186,2024,Love In My Heart BABYMONSTER,1,1kXLsrun51s,https://www.youtube.com/watch?v=1kXLsrun51s,BABYMONSTER - 'Love In My Heart' M/V,BABYMONSTER,BABYMONSTER,232.0,87386440,Love In My Heart 어떤 말도 들리질 않아 내 심장 소리뿐 서둘러 날 고쳐보지만 I can't live without you 내 맘은 불길처럼 걷잡을 수가 ...,IDEAL,,
stage5b2-youtube-prior-human-review-v1,stage5b_youtube_prior_v1_044,7uGZIgNGAM4y7cyLj9SPlw,Love In My Heart,BABYMONSTER,DRIP,192.186,2024,Love In My Heart BABYMONSTER,2,Kh3C_rEsVRQ,https://www.youtube.com/watch?v=Kh3C_rEsVRQ,BABYMONSTER (베이비몬스터) 'Love In My Heart' (Color Coded Lyrics),Jaeguchi,Jaeguchi,190.0,2214809,"All Rights Administered by YG Entertainment. Special thanks to ZEPETO Face Creator: ⚰️ @not.ur_type (Ruka, Pharita) Fairy ...",,,
stage5b2-youtube-prior-human-review-v1,stage5b_youtube_prior_v1_044,7uGZIgNGAM4y7cyLj9SPlw,Love In My Heart,BABYMONSTER,DRIP,192.186,2024,Love In My Heart BABYMONSTER,3,XtaFQ31C7OU,https://www.youtube.com/watch?v=XtaFQ31C7OU,BABYMONSTER - 'Love In My Heart' HELLO MONSTER WORLD TOUR KANAGAWA,Yakisoba Studio,Yakisoba Studio,228.0,353389,"""Track"" 01 DRIP A high-energy track showcasing BABYMONSTER's confident attitude and style. 02 BATTER UP Debut single ...",,,
stage5b2-youtube-prior-human-review-v1,stage5b_youtube_prior_v1_045,1XQyhh06QLaEDCyPUax2sz,54321 (Feat. HAEWON of NMIXX),pH-1 | HAEWON,WHAT HAVE WE DONE,185.0,2025,54321 (Feat. HAEWON of NMIXX) pH-1,1,JIWiTWJm_ps,https://www.youtube.com/watch?v=JIWiTWJm_ps,pH-1 - 54321 (Feat. Haewon (해원) of NMIXX) (Color Coded Lyrics),Minseok,Minseok,185.0,639006,Thanks For Watching!! (Don't forget to watch it in HD) ...,ACCEPTABLE,,
stage5b2-youtube-prior-human-review-v1,stage5b_youtube_prior_v1_045,1XQyhh06QLaEDCyPUax2sz,54321 (Feat. HAEWON of NMIXX),pH-1 | HAEWON,WHAT HAVE WE DONE,185.0,2025,54321 (Feat. HAEWON of NMIXX) pH-1,2,iEOLDIt0bzo,https://www.youtube.com/watch?v=iEOLDIt0bzo,pH-1 (피에이치원) ‘54321(Feat.해원 of NMIXX)’ | Performance | Off The Stage | 4K,CHK CHK (촉촉),CHK CHK (촉촉),219.0,583561,"Suzy’s Diary✍️

Today, pH-1 looked super deep in thought,
 so I was like, “What’s going on…?” 😳
 But then, as soon as the ...",,,
stage5b2-youtube-prior-human-review-v1,stage5b_youtube_prior_v1_045,1XQyhh06QLaEDCyPUax2sz,54321 (Feat. HAEWON of NMIXX),pH-1 | HAEWON,WHAT HAVE WE DONE,185.0,2025,54321 (Feat. HAEWON of NMIXX) pH-1,3,4APeBMJWD84,https://www.youtube.com/watch?v=4APeBMJWD84,pH-1 '54321 (Feat. 해원 of NMIXX)' LIVE CLIP | 2026 pH-1 Concert HOUSE PARTY,H1GHR MUSIC,H1GHR MUSIC,208.0,16523,pH-1 '54321 (Feat. 해원 of NMIXX)' LIVE CLIP | 2026 pH-1 Concert HOUSE PARTY More Information Here: @pH-1 Instagram: ...,,,
stage5b2-youtube-prior-human-review-v1,stage5b_youtube_prior_v1_046,3QD0Y1tTngihByjdWC99lG,Killing Me,CHUNG HA,Killing Me,164.053,2021,Killing Me CHUNG HA,1,RHw1a0WESuA,https://www.youtube.com/watch?v=RHw1a0WESuA,CHUNG HA 청하 'Killing Me' Official Music Video,CHUNG HA_Official,CHUNG HA_Official,188.0,14245417,"CHUNG HA 청하 'Killing Me' MV CHUNG HA The Special Single 'Killing Me' CHUNG HA's first ever Special Single ""Killing Me"" is ...",IDEAL,,
stage5b2-youtube-prior-human-review-v1,stage5b_youtube_prior_v1_046,3QD0Y1tTngihByjdWC99lG,Killing Me,CHUNG HA,Killing Me,164.053,2021,Killing Me CHUNG HA,2,ZnF_usl7wgg,https://www.youtube.com/watch?v=ZnF_usl7wgg,[Performance] CHUNG HA 청하 'Killing Me' Performance Video,CHUNG HA_Official,CHUNG HA_Official,167.0,2115675,[Performance] CHUNG HA 'Killing Me' Performance Video [퍼포먼스] 청하 '킬링 미' 퍼포먼스 비디오 CHUNG HA THE SPECIAL ...,,,
stage5b2-youtube-prior-human-review-v1,stage5b_youtube_prior_v1_046,3QD0Y1tTngihByjdWC99lG,Killing Me,CHUNG HA,Killing Me,164.053,2021,Killing Me CHUNG HA,3,f88WxriTKW0,https://www.youtube.com/watch?v=f88WxriTKW0,CHUNG HA Killing Me Lyrics (청하 Killing Me 가사) [Color Coded Lyrics/Han/Rom/Eng],Lemoring,Lemoring,172.0,1212868,BY-LEMORING All Rights Administered By MNH Entertainment ☆Thank you for watching!☆ ♥ Sorry for any mistakes ...,,,
stage5b2-youtube-prior-human-review-v1,stage5b_youtube_prior_v1_047,60jFaQV7Z4boGC4ob5B5c6,TT,TWICE,Twicecoaster: Lane 1,212.986,2016,TT TWICE,1,ePpPVE-GGJw,https://www.youtube.com/watch?v=ePpPVE-GGJw,"TWICE ""TT"" M/V",JYP Entertainment,JYP Entertainment,254.0,719035367,"TWICE(트와이스) ""TT(티티)"" M/V The 5th Mini Album ""What is Love?"" Spotify https://goo.gl/jVLYYY iTunes & Apple Music ...",IDEAL,,
stage5b2-youtube-prior-human-review-v1,stage5b_youtube_prior_v1_047,60jFaQV7Z4boGC4ob5B5c6,TT,TWICE,Twicecoaster: Lane 1,212.986,2016,TT TWICE,2,9uypQGzzhns,https://www.youtube.com/watch?v=9uypQGzzhns,"TWICE(트와이스) ""TT"" Dance Practice Video",TWICE,TWICE,218.0,79634664,"TWICE(트와이스) ""TT"" Dance Practice Video TWICE 3rd Mini Album ""TWICEcoaster : LANE 1"" iTunes & Apple Music ...",,,
stage5b2-youtube-prior-human-review-v1,stage5b_youtube_prior_v1_047,60jFaQV7Z4boGC4ob5B5c6,TT,TWICE,Twicecoaster: Lane 1,212.986,2016,TT TWICE,3,e8LB3hYOa3c,https://www.youtube.com/watch?v=e8LB3hYOa3c,TWICE (트와이스) 'TT' Official MV,Music Nation Entertainment,Music Nation Entertainment,254.0,4121,"TWICE (트와이스) 'TT (티티)' Official MV The 3rd Mini Album ""TWICEcoaster : LANE 1"" Spotify https://goo.gl/vcxjwd iTunes & Apple ...",,,
stage5b2-youtube-prior-human-review-v1,stage5b_youtube_prior_v1_048,7A0T4eb6jPhhQp3KQis6ww,Love Is More Depressing Than Depression,prxz | Shiloh Dynasty,Love Wounds,133.276,2017,Love Is More Depressing Than Depression prxz,1,PGCOyCt4yuc,https://www.youtube.com/watch?v=PGCOyCt4yuc,Love Is More Depressing Than Depression,prxz,prxz,134.0,369703,Provided to YouTube by Create Music Group Love Is More Depressing Than Depression · prxz · Shiloh Dynasty Love Wounds ...,IDEAL,,
stage5b2-youtube-prior-human-review-v1,stage5b_youtube_prior_v1_048,7A0T4eb6jPhhQp3KQis6ww,Love Is More Depressing Than Depression,prxz | Shiloh Dynasty,Love Wounds,133.276,2017,Love Is More Depressing Than Depression prxz,2,znsB5X6wIpw,https://www.youtube.com/watch?v=znsB5X6wIpw,prxz - love is more depressing than depression,WAVY,WAVY,134.0,1981340,"If you enjoyed ""prxz - love is more depressing than depression"" leave a like and subscribe for more Wave music! Merch out now!",,,
stage5b2-youtube-prior-human-review-v1,stage5b_youtube_prior_v1_048,7A0T4eb6jPhhQp3KQis6ww,Love Is More Depressing Than Depression,prxz | Shiloh Dynasty,Love Wounds,133.276,2017,Love Is More Depressing Than Depression prxz,3,l89uXQN6ylw,https://www.youtube.com/watch?v=l89uXQN6ylw,prxz x Shiloh Dynasty - Love Is More Depressing Than Depression,yodeal666,yodeal666,169.0,28227,The respective owners hold all the rights regarding this track. Long Live X.,,,
stage5b2-youtube-prior-human-review-v1,stage5b_youtube_prior_v1_049,2BhHpVlqUoUOmo0Ph0G18X,Swan,OH MY GIRL,Dear OHMYGIRL,155.333,2021,Swan OH MY GIRL,1,VtYNS30fJv0,https://www.youtube.com/watch?v=VtYNS30fJv0,Swan (Swan),OH MY GIRL,OH MY GIRL,156.0,390519,Provided to YouTube by Kakao Entertainment Swan (Swan) · OH MY GIRL Dear OHMYGIRL ℗ 2024 WM ENTERTAINMENT INC.,IDEAL,,
stage5b2-youtube-prior-human-review-v1,stage5b_youtube_prior_v1_049,2BhHpVlqUoUOmo0Ph0G18X,Swan,OH MY GIRL,Dear OHMYGIRL,155.333,2021,Swan OH MY GIRL,2,vcu4LnZVrHw,https://www.youtube.com/watch?v=vcu4LnZVrHw,OH MY GIRL (오마이걸) – Swan Lyrics (Color Coded Han/Rom/Eng),lovelyeonwoo,lovelyeonwoo,156.0,22384,"Artist: OH MY GIRL (오마이걸) Song: Swan Album: 'Dear OHMYGIRL' Mini Album Members: Hyojung, Mimi, YooA, Seunghee, ...",,,
stage5b2-youtube-prior-human-review-v1,stage5b_youtube_prior_v1_049,2BhHpVlqUoUOmo0Ph0G18X,Swan,OH MY GIRL,Dear OHMYGIRL,155.333,2021,Swan OH MY GIRL,3,nGQzZTxslaI,https://www.youtube.com/watch?v=nGQzZTxslaI,[오마이걸] 쇼케이스 Swan (스완) (미미 ㅠ),[힐링],[힐링],162.0,98149,오마이걸#OHMYGIRL#Swan#스완.,,,
stage5b2-youtube-prior-human-review-v1,stage5b_youtube_prior_v1_050,36UcoqH2P24RtSGbLKLK3w,멋지게 인사하는 법 (Hello Tutorial) (Feat. 슬기 (SEULGI) of Red Velvet),Zion.T | SEULGI,ZZZ,202.342,2018,멋지게 인사하는 법 (Hello Tutorial) (Feat. 슬기 (SEULGI) of Red Velvet) Zion.T,1,nqMYG2Riq54,https://www.youtube.com/watch?v=nqMYG2Riq54,Zion.T - '멋지게 인사하는 법(Hello Tutorial) (feat. 슬기 of Red Velvet)' M/V,THEBLACKLABEL,THEBLACKLABEL,202.0,9523014,Directed by Oui Kim (GDW) Story Written by Zion.T #ZIONT #자이언티 #ZZZ #멋지게인사하는법 #HelloTutorial #MV #슬기 ...,IDEAL,,
stage5b2-youtube-prior-human-review-v1,stage5b_youtube_prior_v1_050,36UcoqH2P24RtSGbLKLK3w,멋지게 인사하는 법 (Hello Tutorial) (Feat. 슬기 (SEULGI) of Red Velvet),Zion.T | SEULGI,ZZZ,202.342,2018,멋지게 인사하는 법 (Hello Tutorial) (Feat. 슬기 (SEULGI) of Red Velvet) Zion.T,2,GCfcl1z9pJI,https://www.youtube.com/watch?v=GCfcl1z9pJI,Zion.T – 멋지게 인사하는 법 (feat. 슬기 of Red Velvet)[니어바이 LIVE],df 디에프,df 디에프,208.0,11117435,"보다 가까이 듣고 보는 니어바이 라이브! #자이언티, (곰)#슬기 귀욤뽀작한 ""안녕~안녕~"" 너무 귀엽당... :) #자이언티 #ZionT #슬기 ...",,,
stage5b2-youtube-prior-human-review-v1,stage5b_youtube_prior_v1_050,36UcoqH2P24RtSGbLKLK3w,멋지게 인사하는 법 (Hello Tutorial) (Feat. 슬기 (SEULGI) of Red Velvet),Zion.T | SEULGI,ZZZ,202.342,2018,멋지게 인사하는 법 (Hello Tutorial) (Feat. 슬기 (SEULGI) of Red Velvet) Zion.T,3,ASWkAKVpfok,https://www.youtube.com/watch?v=ASWkAKVpfok,Zion.T (feat. SEULGI of Red Velvet) - 멋지게 인사하는 법 (HELLO TUTORIAL) (Lyrics Eng/Rom/Han/가사),Jaeguchi,Jaeguchi,203.0,819595,All Rights Administered by YG Entertainment • Artist: 자이언티 (Zion.T) • Song: 멋지게 인사하는 법 (feat. 슬기 of 레드벨벳) • Album: ...,,,
stage5b2-youtube-prior-human-review-v1,stage5b_youtube_prior_v1_051,68Dni7IE4VyPkTOH9mRWHr,No Role Modelz,J. Cole,2014 Forest Hills Drive,292.799,2014,No Role Modelz J. Cole,1,0EnRK5YvBwU,https://www.youtube.com/watch?v=0EnRK5YvBwU,No Role Modelz,J. Cole,J. Cole,293.0,51413184,Provided to YouTube by Universal Music Group No Role Modelz · J. Cole 2014 Forest Hills Drive ℗ 2014 Cole World/Interscope ...,IDEAL,,
stage5b2-youtube-prior-human-review-v1,stage5b_youtube_prior_v1_051,68Dni7IE4VyPkTOH9mRWHr,No Role Modelz,J. Cole,2014 Forest Hills Drive,292.799,2014,No Role Modelz J. Cole,2,8HBcV0MtAQg,https://www.youtube.com/watch?v=8HBcV0MtAQg,No Role Modelz,J. Cole,J. Cole,293.0,403472340,Provided to YouTube by Universal Music Group No Role Modelz · J. Cole 2014 Forest Hills Drive ℗ 2014 Cole World/Interscope ...,,,
stage5b2-youtube-prior-human-review-v1,stage5b_youtube_prior_v1_051,68Dni7IE4VyPkTOH9mRWHr,No Role Modelz,J. Cole,2014 Forest Hills Drive,292.799,2014,No Role Modelz J. Cole,3,nSERqaFagJc,https://www.youtube.com/watch?v=nSERqaFagJc,J. Cole  - No Role Modelz (Music Video),G-Uniq Media,G-Uniq Media,297.0,601953,"J. Cole - No Role Modelz (Music Video) Please like, subscribe and share! Thanks for watching! #JCole #NoRoleModelz Video ...",,,
stage5b2-youtube-prior-human-review-v1,stage5b_youtube_prior_v1_052,7LNm1oWd6PniO9wRYpNY5o,j's lullaby (darlin' i'd wait for you),Delaney Bailey,j's lullaby (darlin' i'd wait for you),290.132,2022,j's lullaby (darlin' i'd wait for you) Delaney Bailey,1,2DlMqF1OWJo,https://www.youtube.com/watch?v=2DlMqF1OWJo,j's lullaby (darlin' i'd wait for you),Delaney Bailey,Delaney Bailey,290.0,2271033,Provided to YouTube by The Orchard Enterprises j's lullaby (darlin' i'd wait for you) · Delaney Bailey j's lullaby (darlin' i'd wait for ...,IDEAL,,
stage5b2-youtube-prior-human-review-v1,stage5b_youtube_prior_v1_052,7LNm1oWd6PniO9wRYpNY5o,j's lullaby (darlin' i'd wait for you),Delaney Bailey,j's lullaby (darlin' i'd wait for you),290.132,2022,j's lullaby (darlin' i'd wait for you) Delaney Bailey,2,vTLdOmr6lJw,https://www.youtube.com/watch?v=vTLdOmr6lJw,Delaney Bailey - j's lullaby (darlin' i'd wait for you) (Lyrics),SauceOnly,SauceOnly,291.0,484840,stream: https://open.spotify.com/track/7LNm1oWd6PniO9wRYpNY5o?si=eb733068e17f4a56 Delaney Bailey - j's lullaby ...,,,
stage5b2-youtube-prior-human-review-v1,stage5b_youtube_prior_v1_052,7LNm1oWd6PniO9wRYpNY5o,j's lullaby (darlin' i'd wait for you),Delaney Bailey,j's lullaby (darlin' i'd wait for you),290.132,2022,j's lullaby (darlin' i'd wait for you) Delaney Bailey,3,7-TkrKwAdUQ,https://www.youtube.com/watch?v=7-TkrKwAdUQ,Delaney Bailey - j's lullaby (darlin' i'd wait for you) [1H]+[rain],Chillemon,Chillemon,3777.0,8220,Delaney Bailey - j's lullaby (darlin' i'd wait for you) for 1 hour +[rain] . . . . . #1hour #calmmusic #rain #lullaby #delaneybailey ...,,,
stage5b2-youtube-prior-human-review-v1,stage5b_youtube_prior_v1_053,2deIA64Gfsm50VTsKwrxnQ,我期待的不是雪,张妙格,我期待的不是雪,166.01,2023,我期待的不是雪 张妙格,1,TyJspgRfwJw,https://www.youtube.com/watch?v=TyJspgRfwJw,張妙格 - 我期待的不是雪『我期待的不是雪 而是有你的冬天，我期待的不是月 而是和你的遇見。』【高音質|動態歌詞Lyrics】♫ I'm not expecting snow,4K Music Make,4K Music Make,167.0,16826710,4KMusicMake◁ 點擊訂閱收聽歌曲: https://www.youtube.com/c/4KMusicMake ...,IDEAL,,
stage5b2-youtube-prior-human-review-v1,stage5b_youtube_prior_v1_053,2deIA64Gfsm50VTsKwrxnQ,我期待的不是雪,张妙格,我期待的不是雪,166.01,2023,我期待的不是雪 张妙格,2,Z5rhHQ5E23Q,https://www.youtube.com/watch?v=Z5rhHQ5E23Q,"張妙格 - 我期待的不是雪 【動態歌詞/Pinyin Lyrics】『我期待煙花漫天，我可以永遠靠在你左肩。』這是你期盼的長大嗎, 以朋友的身份",Kkbox Music Official,Kkbox Music Official,608.0,1359648,"張妙格- 我期待的不是雪【動態歌詞/Pinyin Lyrics】『我期待煙花漫天，我可以永遠靠在你左肩。』這是你期盼的長大嗎, 以朋友的 ...",,,
stage5b2-youtube-prior-human-review-v1,stage5b_youtube_prior_v1_053,2deIA64Gfsm50VTsKwrxnQ,我期待的不是雪,张妙格,我期待的不是雪,166.01,2023,我期待的不是雪 张妙格,3,vRIDqNxZlFY,https://www.youtube.com/watch?v=vRIDqNxZlFY,我期待的不是雪 (而是有你的冬天),Miaoge Zhang - Topic,Miaoge Zhang - Topic,167.0,11923446,Provided to YouTube by Tencent 我期待的不是雪(而是有你的冬天) · 张妙格我期待的不是雪(而是有你的冬天) ℗ 2023 酷狗 ...,,,
stage5b2-youtube-prior-human-review-v1,stage5b_youtube_prior_v1_054,73ZxuaUd2twB5r8ZRUzgUY,Stupid (Can’t run from the urge),underscores,Wallsocket (Director's Cut),184.626,2024,Stupid (Can’t run from the urge) underscores,1,peZwDIPyDEA,https://www.youtube.com/watch?v=peZwDIPyDEA,underscores 'Stupid (Can't run from the urge)' Lyric Video,underscores,underscores,185.0,250725,'Wallsocket (Director's Cut)' out now Lyric video by underscores Photography by tommy pointer Illustration by Simon Sosa.,IDEAL,,
stage5b2-youtube-prior-human-review-v1,stage5b_youtube_prior_v1_054,73ZxuaUd2twB5r8ZRUzgUY,Stupid (Can’t run from the urge),underscores,Wallsocket (Director's Cut),184.626,2024,Stupid (Can’t run from the urge) underscores,2,QBQyJ3td6i4,https://www.youtube.com/watch?v=QBQyJ3td6i4,mate ur stupid,Chicken Salt and 5 more,Chicken Salt and 5 more,189.0,8155,147947431.,,,
stage5b2-youtube-prior-human-review-v1,stage5b_youtube_prior_v1_054,73ZxuaUd2twB5r8ZRUzgUY,Stupid (Can’t run from the urge),underscores,Wallsocket (Director's Cut),184.626,2024,Stupid (Can’t run from the urge) underscores,3,4OYVc6unRpk,https://www.youtube.com/watch?v=4OYVc6unRpk,Stupid(Crftu)_MV_edit-Apr_precolor.mp4,underscores,underscores,198.0,360715,,,,
stage5b2-youtube-prior-human-review-v1,stage5b_youtube_prior_v1_055,5dF22XUGeNAR3GBhMgshgp,NEON,YUKIKA,NEON,220.795,2019,NEON YUKIKA,1,67jSYCSrnE4,https://www.youtube.com/watch?v=67jSYCSrnE4,[MV] YUKIKA(유키카) _ NEON(네온),1theK (원더케이),1theK (원더케이),276.0,4650435,[MV] YUKIKA(유키카) _ NEON(네온) *English subtitles are now available. :D (Please click on 'CC' button or activate 'Interactive ...,IDEAL,,
stage5b2-youtube-prior-human-review-v1,stage5b_youtube_prior_v1_055,5dF22XUGeNAR3GBhMgshgp,NEON,YUKIKA,NEON,220.795,2019,NEON YUKIKA,2,Mm2PW9CZHJc,https://www.youtube.com/watch?v=Mm2PW9CZHJc,유키카 YUKIKA - 04. 「네온 NEON」 (Official Audio),ESTIMATE 유키카 YUKIKA,ESTIMATE 유키카 YUKIKA,222.0,332579,YUKIKA 1st ALBUM - 「서울여자 (SOUL LADY)」 Tr.04 Release: 2020.07.21. 6PM / LISTEN▶️ https://lnk.to/soullady NOW ...,,,
stage5b2-youtube-prior-human-review-v1,stage5b_youtube_prior_v1_055,5dF22XUGeNAR3GBhMgshgp,NEON,YUKIKA,NEON,220.795,2019,NEON YUKIKA,3,uIzSFgcdQLA,https://www.youtube.com/watch?v=uIzSFgcdQLA,:: YUKIKA 유키카 - NEON 1989 (DJMAX RESPECT V) Official Music Video ::,ESTIMATE 에스티메이트,ESTIMATE 에스티메이트,164.0,248118,YUKIKA - NEON 1989 Exclusive ESTi's Remix Version #DJMAX RESPECT V ...,,,
stage5b2-youtube-prior-human-review-v1,stage5b_youtube_prior_v1_056,45Bis17A0SeOc6PAB7SpX7,Fireflies,khai dreams,Fireflies,155.0,2018,Fireflies khai dreams,1,JbVR9nuBBek,https://www.youtube.com/watch?v=JbVR9nuBBek,Fireflies,khai dreams,khai dreams,155.0,448346,Provided to YouTube by The Orchard Enterprises Fireflies · Khai Dreams · Khai Nicholas Chi Duong Fireflies ℗ 2018 Khai Dreams ...,IDEAL,,
stage5b2-youtube-prior-human-review-v1,stage5b_youtube_prior_v1_056,45Bis17A0SeOc6PAB7SpX7,Fireflies,khai dreams,Fireflies,155.0,2018,Fireflies khai dreams,2,tCIOcP3QSwQ,https://www.youtube.com/watch?v=tCIOcP3QSwQ,khai dreams - Fireflies,AnimeVibe,AnimeVibe,128.0,1356138,chill / my hero academia khai is so talented - aden Song: ...,,,
stage5b2-youtube-prior-human-review-v1,stage5b_youtube_prior_v1_056,45Bis17A0SeOc6PAB7SpX7,Fireflies,khai dreams,Fireflies,155.0,2018,Fireflies khai dreams,3,K2Ip2P2Ptgs,https://www.youtube.com/watch?v=K2Ip2P2Ptgs,khai dreams - fireflies,Ambition,Ambition,157.0,243041,khai dreams is back with another banger ♥️ Buy for $1 https://khaidreams.bandcamp.com/track/fireflies Follow khai dreams ...,,,
stage5b2-youtube-prior-human-review-v1,stage5b_youtube_prior_v1_057,4lQsB3ERTWSNaAN1IkuNRl,DDU-DU DDU-DU,BLACKPINK,SQUARE UP,211.35,2018,DDU-DU DDU-DU BLACKPINK,1,IHNzOHi8sJs,https://www.youtube.com/watch?v=IHNzOHi8sJs,BLACKPINK - ‘뚜두뚜두 (DDU-DU DDU-DU)’ M/V,BLACKPINK,BLACKPINK,216.0,2407050048,BLACKPINK - 뚜두뚜두 (DDU-DU DDU-DU) 착한 얼굴에 그렇지 못한 태도 가녀린 몸매 속 가려진 volume은 두 배로 거침없이 직진 ...,IDEAL,,
stage5b2-youtube-prior-human-review-v1,stage5b_youtube_prior_v1_057,4lQsB3ERTWSNaAN1IkuNRl,DDU-DU DDU-DU,BLACKPINK,SQUARE UP,211.35,2018,DDU-DU DDU-DU BLACKPINK,2,cu98hrvYmkU,https://www.youtube.com/watch?v=cu98hrvYmkU,BLACKPINK - DDU-DU DDU-DU (Lyrics),7clouds K-pop,7clouds K-pop,210.0,1983852,Follow the official 7clouds playlist on Spotify: hddp://spoti.fi/2SJsUcZ ​   BLACKPINK - DDU-DU DDU-DU (Lyrics) ⏬ Download ...,,,
stage5b2-youtube-prior-human-review-v1,stage5b_youtube_prior_v1_057,4lQsB3ERTWSNaAN1IkuNRl,DDU-DU DDU-DU,BLACKPINK,SQUARE UP,211.35,2018,DDU-DU DDU-DU BLACKPINK,3,jOJbXvjZ-cQ,https://www.youtube.com/watch?v=jOJbXvjZ-cQ,BLACKPINK - '뚜두뚜두 (DDU-DU DDU-DU)' DANCE PRACTICE VIDEO (MOVING VER.),BLACKPINK,BLACKPINK,214.0,520944708,Download on iTunes @ http://smarturl.it/BP_SquareUp/itunes Download on AppleMusic ...,,,
stage5b2-youtube-prior-human-review-v1,stage5b_youtube_prior_v1_058,6G4z9WbxyEeWdEQTfShACT,BREATHE,LEEHI,SEOULITE,288.915,2016,BREATHE LEEHI,1,5iSlfF8TQ9k,https://www.youtube.com/watch?v=5iSlfF8TQ9k,LEE HI - '한숨 (BREATHE)' M/V,OfficialLEEHI,OfficialLEEHI,295.0,142683267,TVcast로 보기 : http://tvcast.naver.com/v/779433 Download on iTunes @ http://smarturl.it/LEEHI_SEOULITE_HALF Available on ...,IDEAL,,
stage5b2-youtube-prior-human-review-v1,stage5b_youtube_prior_v1_058,6G4z9WbxyEeWdEQTfShACT,BREATHE,LEEHI,SEOULITE,288.915,2016,BREATHE LEEHI,2,n_CeY6DJVi0,https://www.youtube.com/watch?v=n_CeY6DJVi0,LEE HI - 한숨 (BREATHE) _ Special Stage for SHINee Jonghyun in The 32nd Golden Disc Awards 20180111,YG Family Tube,YG Family Tube,396.0,19896415,More about YG Family Tube : Click Follow --------» https://www.twitter.com/YGFamilyTube Click Subscribe ...,,,
stage5b2-youtube-prior-human-review-v1,stage5b_youtube_prior_v1_058,6G4z9WbxyEeWdEQTfShACT,BREATHE,LEEHI,SEOULITE,288.915,2016,BREATHE LEEHI,3,OaD2-YkUdqs,https://www.youtube.com/watch?v=OaD2-YkUdqs,"LEE HI - ""한숨 (BREATHE)"" Lyrics (Color Coded Eng/Rom/Han)",Prityo Rivaldo,Prityo Rivaldo,276.0,9424262,All Rights Administered by YG Entertainment We do not own the MUSIC. All rights reserved to the original owner. More about LEE ...,,,
stage5b2-youtube-prior-human-review-v1,stage5b_youtube_prior_v1_059,0L9QUa6jBKZEw1lprz4QY3,My cat fell asleep on the piano again,City Girl,"I don't know why I feel ok right now, but it's nice",166.5,2025,My cat fell asleep on the piano again City Girl,1,N0XIMT6NcIg,https://www.youtube.com/watch?v=N0XIMT6NcIg,My cat fell asleep on the piano again,City Girl,City Girl,167.0,16257,Provided to YouTube by DistroKid My cat fell asleep on the piano again · City Girl · Woodrow Yeakel · Woodrow Yeakel I don't ...,IDEAL,,
stage5b2-youtube-prior-human-review-v1,stage5b_youtube_prior_v1_059,0L9QUa6jBKZEw1lprz4QY3,My cat fell asleep on the piano again,City Girl,"I don't know why I feel ok right now, but it's nice",166.5,2025,My cat fell asleep on the piano again City Girl,2,p0nMDSyOJWI,https://www.youtube.com/watch?v=p0nMDSyOJWI,"City Girl ~ I don't know why I feel ok right now, but it's nice [Full album]",City Girl,City Girl,2152.0,210129,"2:28 My cat fell asleep on the piano again 03. 5:14 I don't know why I feel ok right now, but it's nice 04. 8:13 Maybe dying is like ...",,,
stage5b2-youtube-prior-human-review-v1,stage5b_youtube_prior_v1_059,0L9QUa6jBKZEw1lprz4QY3,My cat fell asleep on the piano again,City Girl,"I don't know why I feel ok right now, but it's nice",166.5,2025,My cat fell asleep on the piano again City Girl,3,1Xq7ETjBsIM,https://www.youtube.com/watch?v=1Xq7ETjBsIM,City Girl - easy (ft. ry),City Girl,City Girl,169.0,85814,stream on ▻Spotify: https://spoti.fi/32tmhgZ ▻Apple Music: https://apple.co/2RpAmWv art by breadpanini ▻Instagram: ...,,,
stage5b2-youtube-prior-human-review-v1,stage5b_youtube_prior_v1_060,6wBpO4Xc4YgShnENGSFA1M,Sour Grapes,LE SSERAFIM,FEARLESS,196.54,2022,Sour Grapes LE SSERAFIM,1,V9Wsm0hlLUI,https://www.youtube.com/watch?v=V9Wsm0hlLUI,Sour Grapes,LE SSERAFIM,LE SSERAFIM,197.0,80040324,Provided to YouTube by 'SOURCE MUSIC' Sour Grapes · LE SSERAFIM FEARLESS Released on: 2022-05-02 Auto-generated ...,IDEAL,,
stage5b2-youtube-prior-human-review-v1,stage5b_youtube_prior_v1_060,6wBpO4Xc4YgShnENGSFA1M,Sour Grapes,LE SSERAFIM,FEARLESS,196.54,2022,Sour Grapes LE SSERAFIM,2,LDot-uBMWjY,https://www.youtube.com/watch?v=LDot-uBMWjY,LE SSERAFIM (르세라핌) - 'Sour Grapes' Lyrics [Color Coded_Han_Rom_Eng],Zaty Farhani,Zaty Farhani,242.0,4313318,By - Zaty Farhani Translation by ZF Team (enubireal) Thanks for watching! Please LIKE and SHARE this video! Don't forget to ...,,,
stage5b2-youtube-prior-human-review-v1,stage5b_youtube_prior_v1_060,6wBpO4Xc4YgShnENGSFA1M,Sour Grapes,LE SSERAFIM,FEARLESS,196.54,2022,Sour Grapes LE SSERAFIM,3,4MhCcZkuhW8,https://www.youtube.com/watch?v=4MhCcZkuhW8,[First Stage Performance] LE SSERAFIM - Sour Grapes l @JTBC K-909 221022,Golden Disc,Golden Disc,203.0,4098220,"[First Stage Performance] LE SSERAFIM - Sour Grapes l @JTBC K-909 221022 

#LE_SSERAFIM #SourGrapes #KIMCHAEWON #SAKURA #HUH ...",,,
stage5b2-youtube-prior-human-review-v1,stage5b_youtube_prior_v1_061,4KvxaOvVMSNlTO3ZowMm9E,kiss me thru the phone,CLUB BOYBND,kiss me thru the phone,117.48,2023,kiss me thru the phone CLUB BOYBND,1,Kh-5mDO9EvY,https://www.youtube.com/watch?v=Kh-5mDO9EvY,CLUB BOYBND - kiss me thru the phone (official video),CLUB BOYBND,CLUB BOYBND,129.0,401971,CLUB BOYBND – kiss me thru the phone (official video) Listen Now: https://ffm.to/kissmethruthephone_ Studio: LAB0916 ...,IDEAL,,
stage5b2-youtube-prior-human-review-v1,stage5b_youtube_prior_v1_061,4KvxaOvVMSNlTO3ZowMm9E,kiss me thru the phone,CLUB BOYBND,kiss me thru the phone,117.48,2023,kiss me thru the phone CLUB BOYBND,2,5u8evaE7hjg,https://www.youtube.com/watch?v=5u8evaE7hjg,CLUB BOYBND - kiss me thru the phone (official audio),CLUB BOYBND,CLUB BOYBND,118.0,4882,Lyrics: Verse 1 Baby tell me what you want Tell me what you wanna do I just wanna know wassup I ain't tryna make a move You ...,,,
stage5b2-youtube-prior-human-review-v1,stage5b_youtube_prior_v1_061,4KvxaOvVMSNlTO3ZowMm9E,kiss me thru the phone,CLUB BOYBND,kiss me thru the phone,117.48,2023,kiss me thru the phone CLUB BOYBND,3,RczdDZK4tLE,https://www.youtube.com/watch?v=RczdDZK4tLE,kiss me thru the phone - CLUB BOYBND [ENG SUB + KOREAN],Cloud Room,Cloud Room,118.0,496,Track: kiss me thru the phone Artist: CLUB BOYBND Single: kiss me thru the phone Release date: 2.03.2023 Korean lyrics ...,,,
stage5b2-youtube-prior-human-review-v1,stage5b_youtube_prior_v1_062,7ivYWXqrPLs66YwakDuSim,like i need u,keshi,THE REAPER,182.678,2018,like i need u keshi,1,40QXPac2sQM,https://www.youtube.com/watch?v=40QXPac2sQM,like i need u,keshi,keshi,183.0,12490561,Provided to YouTube by Label Engine like i need u · keshi The Reaper ℗ United Common Records Released on: 2020-07-13 ...,IDEAL,,
stage5b2-youtube-prior-human-review-v1,stage5b_youtube_prior_v1_062,7ivYWXqrPLs66YwakDuSim,like i need u,keshi,THE REAPER,182.678,2018,like i need u keshi,2,LoTv4f_1sww,https://www.youtube.com/watch?v=LoTv4f_1sww,(live) keshi - like I need u,keshi,keshi,193.0,2735092,"NEW SINGLE ""BLUE"" OUT NOW: https://keshi.lnk.to/blue ""skeletons"" EP out now. listen: https://keshi.lnk.to/skeletonsep ...",,,
stage5b2-youtube-prior-human-review-v1,stage5b_youtube_prior_v1_062,7ivYWXqrPLs66YwakDuSim,like i need u,keshi,THE REAPER,182.678,2018,like i need u keshi,3,a0yKWxQ_CS4,https://www.youtube.com/watch?v=a0yKWxQ_CS4,keshi - like i need u,self-sabotage,self-sabotage,184.0,2680086,i do not own this song. all rights go to the respective owners. ♡support the artist♡ soundcloud: https://soundcloud.com/keshibeats ...,,,
stage5b2-youtube-prior-human-review-v1,stage5b_youtube_prior_v1_063,3d9qrCD7YR4dFTY0xIP8yq,blessing in disguise,HUH YUNJIN,blessing in disguise,226.632,2023,blessing in disguise HUH YUNJIN,1,8ujllTK6w3k,https://www.youtube.com/watch?v=8ujllTK6w3k,HUH YUNJIN - 'blessing in disguise',LE SSERAFIM,LE SSERAFIM,229.0,1738565,"Shot by HUH YUNJIN, SOURCE MUSIC, Geeeembo Creative Director : NU KIM Music Video Director : Geeeembo ...",IDEAL,,
stage5b2-youtube-prior-human-review-v1,stage5b_youtube_prior_v1_063,3d9qrCD7YR4dFTY0xIP8yq,blessing in disguise,HUH YUNJIN,blessing in disguise,226.632,2023,blessing in disguise HUH YUNJIN,2,rV5AePuqgRA,https://www.youtube.com/watch?v=rV5AePuqgRA,HUH YUNJIN blessing in disguise Lyrics (Color Coded Lyrics),Chaereve,Chaereve,228.0,57904,All Administrated by Source Music ≈ Artist: HUH YUNJIN (LE SSERAFIM) ≈ Song: blessing in disguise ≈ Album: blessing in ...,,,
stage5b2-youtube-prior-human-review-v1,stage5b_youtube_prior_v1_063,3d9qrCD7YR4dFTY0xIP8yq,blessing in disguise,HUH YUNJIN,blessing in disguise,226.632,2023,blessing in disguise HUH YUNJIN,3,FiYGmXzmsKg,https://www.youtube.com/watch?v=FiYGmXzmsKg,huh yunjin (허윤진) - blessing in disguise [LIVE] | [Hangul/English],boosqoowoo,boosqoowoo,231.0,2443,fancam creds: https://www.youtube.com/watch?v=hJW4B_btkYI stream the mv now!,,,
stage5b2-youtube-prior-human-review-v1,stage5b_youtube_prior_v1_064,7dt6x5M1jzdTEt8oCbisTK,Better Now,Post Malone,beerbongs & bentleys,231.266,2018,Better Now Post Malone,1,UYwF-jdcVjY,https://www.youtube.com/watch?v=UYwF-jdcVjY,Post Malone - Better Now,Post Malone,Post Malone,233.0,725891168,"Official music video for ""Better Now"" by Post Malone. Get The Song Here: https://PostMalone.lnk.to/bbYD ▻Subscribe for more: ...",IDEAL,,
stage5b2-youtube-prior-human-review-v1,stage5b_youtube_prior_v1_064,7dt6x5M1jzdTEt8oCbisTK,Better Now,Post Malone,beerbongs & bentleys,231.266,2018,Better Now Post Malone,2,nqggm9o2Z9k,https://www.youtube.com/watch?v=nqggm9o2Z9k,Post Malone - Better Now (Lyrics),7clouds,7clouds,232.0,45982467,Post Malone - Better Now (Lyrics) ⏬ Download / Stream: https://PostMalone.lnk.to/bbYD Turn on notifications to stay updated ...,,,
stage5b2-youtube-prior-human-review-v1,stage5b_youtube_prior_v1_064,7dt6x5M1jzdTEt8oCbisTK,Better Now,Post Malone,beerbongs & bentleys,231.266,2018,Better Now Post Malone,3,Oggrsg4jZPM,https://www.youtube.com/watch?v=Oggrsg4jZPM,Post Malone - Better Now (beerbongs & bentleys) | Official Audio,Urban Beats Channel,Urban Beats Channel,228.0,894065,"Post Malone - Better Now (beerbongs & bentleys) | Official Audio Thank You For Watching. Like, Comment, Share & Subscribe.",,,
stage5b2-youtube-prior-human-review-v1,stage5b_youtube_prior_v1_065,7vG5LBhmwEg80PnJLhdgV2,Neon Days and Cerulean Nights,City Girl,Loveless Shadows,187.959,2017,Neon Days and Cerulean Nights City Girl,1,iDT2zbB6R8E,https://www.youtube.com/watch?v=iDT2zbB6R8E,Neon Days and Cerulean Nights,City Girl,City Girl,188.0,111825,Provided to YouTube by TuneCore Neon Days and Cerulean Nights · City Girl Loveless Shadows ℗ 2017 City Girl Released on: ...,IDEAL,,
stage5b2-youtube-prior-human-review-v1,stage5b_youtube_prior_v1_065,7vG5LBhmwEg80PnJLhdgV2,Neon Days and Cerulean Nights,City Girl,Loveless Shadows,187.959,2017,Neon Days and Cerulean Nights City Girl,2,NqPbqJU2xWM,https://www.youtube.com/watch?v=NqPbqJU2xWM,City Girl - Neon Days And Cerulean Nights {Slowed} {One Hour},Livi,Livi,3605.0,19,"Welcome! Thank you for viewing and listening to my video! Music isn't by me, I only slowed it down. Enjoy the music and relax ^v^ ...",,,
stage5b2-youtube-prior-human-review-v1,stage5b_youtube_prior_v1_065,7vG5LBhmwEg80PnJLhdgV2,Neon Days and Cerulean Nights,City Girl,Loveless Shadows,187.959,2017,Neon Days and Cerulean Nights City Girl,3,GW6ow7O4Tyg,https://www.youtube.com/watch?v=GW6ow7O4Tyg,city girl | loveless shadows [full album] 🖤,City Girl,City Girl,1463.0,923765,... my apartment and you 02:58 city girl - soft static sky 05:48 city girl - neon days and cerulean nights 08:56 city girl - exploring old ...,,,
stage5b2-youtube-prior-human-review-v1,stage5b_youtube_prior_v1_066,087TC6IfJ8z7fBItvglRRs,Loveable,JO YURI,Op.22 Y-Waltz : in Minor,176.253,2022,Loveable JO YURI,1,4zmWVaAZU-s,https://www.youtube.com/watch?v=4zmWVaAZU-s,조유리 (JO YURI) | 'Loveable’ MV,조유리 JO YURI,조유리 JO YURI,193.0,13360131,JO YURI Official YouTube Channel YouTube :: youtube.com/c/JOYURI_offcl TikTok :: tiktok.com/@joyuri.offcl Twitter ...,IDEAL,,
stage5b2-youtube-prior-human-review-v1,stage5b_youtube_prior_v1_066,087TC6IfJ8z7fBItvglRRs,Loveable,JO YURI,Op.22 Y-Waltz : in Minor,176.253,2022,Loveable JO YURI,2,e0pNxiSun-Y,https://www.youtube.com/watch?v=e0pNxiSun-Y,Jo Yuri Loveable Lyrics (조유리 Loveable 가사) (Color Coded Lyrics),Chaereve,Chaereve,178.0,22270,All Administrated by WAKEONE • Artist: Jo Yuri • Song: Loveable • Album: Op.22 Y-Waltz : in Minor • Released: 2022.10.24 .,,,
stage5b2-youtube-prior-human-review-v1,stage5b_youtube_prior_v1_066,087TC6IfJ8z7fBItvglRRs,Loveable,JO YURI,Op.22 Y-Waltz : in Minor,176.253,2022,Loveable JO YURI,3,Nwl4PhOyfHA,https://www.youtube.com/watch?v=Nwl4PhOyfHA,Loveable - JO YURI チョ_ユリ [Music Bank] | KBS WORLD TV 221028,KBS WORLD TV,KBS WORLD TV,193.0,205171,조유리 #チョ_ユリ #曺柔理 #Jo_YuRi #MusicBank #뮤직뱅크 #ミュージックバンク #音乐银行 #Wonyoung #LeeChaeMin Fri ...,,,
stage5b2-youtube-prior-human-review-v1,stage5b_youtube_prior_v1_067,2BuJrxYKhYky20dQqTlobO,skeletons,keshi,skeletons,152.48,2019,skeletons keshi,1,w_6fWYY6pRw,https://www.youtube.com/watch?v=w_6fWYY6pRw,keshi - skeletons (lyric video),keshi,keshi,154.0,17520048,SKELETONS EP OUT NOW XO Listen: https://keshi.lnk.to/skeletonsep 1. atlas 2. skeletons 3. summer 4. xoxosos SKELETONS ...,IDEAL,,
stage5b2-youtube-prior-human-review-v1,stage5b_youtube_prior_v1_067,2BuJrxYKhYky20dQqTlobO,skeletons,keshi,skeletons,152.48,2019,skeletons keshi,2,3LTjvUWqs08,https://www.youtube.com/watch?v=3LTjvUWqs08,(live) keshi - skeletons,keshi,keshi,172.0,1787462,"9/3 – Brooklyn, NY – Rough Trade - https://www.axs.com/events/378996/keshi-tickets?skin=roughtrade SKELETONS EP OUT ...",,,
stage5b2-youtube-prior-human-review-v1,stage5b_youtube_prior_v1_067,2BuJrxYKhYky20dQqTlobO,skeletons,keshi,skeletons,152.48,2019,skeletons keshi,3,2U5wNk-fbew,https://www.youtube.com/watch?v=2U5wNk-fbew,keshi - skeletons (Audio),keshi,keshi,154.0,1157091,"Music video by keshi performing skeletons (Audio). © 2019 Island Records, a division of UMG Recordings, Inc.",,,
stage5b2-youtube-prior-human-review-v1,stage5b_youtube_prior_v1_068,0iWFz0Q5Qha9bx325ocFWq,Best Lover,88rising | BIBI,Head In The Clouds Forever,152.91,2022,Best Lover 88rising,1,Dyg_ZX2jp3o,https://www.youtube.com/watch?v=Dyg_ZX2jp3o,88rising & BIBI - Best Lover (Official Music Video),88rising,88rising,160.0,11429384,"Official music video for “Best Lover” by 88rising, BIBI — out now: https://88rising.lnk.to/HITCForever What's your love language, ...",IDEAL,,
stage5b2-youtube-prior-human-review-v1,stage5b_youtube_prior_v1_068,0iWFz0Q5Qha9bx325ocFWq,Best Lover,88rising | BIBI,Head In The Clouds Forever,152.91,2022,Best Lover 88rising,2,5o-ZRBPijSc,https://www.youtube.com/watch?v=5o-ZRBPijSc,Best Lover,88rising - Topic,88rising - Topic,153.0,176556,Provided to YouTube by The Orchard Enterprises Best Lover · 88rising · BIBI · Antoine Norwood · Derrell Jackson · Marvin ...,,,
stage5b2-youtube-prior-human-review-v1,stage5b_youtube_prior_v1_068,0iWFz0Q5Qha9bx325ocFWq,Best Lover,88rising | BIBI,Head In The Clouds Forever,152.91,2022,Best Lover 88rising,3,vc1Puk0UBeI,https://www.youtube.com/watch?v=vc1Puk0UBeI,88Rising & BIBI - Best Lover (Official Lyric Video),Feel Ghood Music [필굿뮤직],Feel Ghood Music [필굿뮤직],154.0,308293,"88rising & BIBI - Best Lover (Official Lyric Video) What's your love language, 비비? Off of the 88rising's Head in the Clouds Forever ...",,,
stage5b2-youtube-prior-human-review-v1,stage5b_youtube_prior_v1_069,2ch4KLYvi9ZGq2pNyEsMom,time machine,mj apanay | aren park,seen 11:23 pm,225.933,2019,time machine mj apanay,1,SJXcYilt2a4,https://www.youtube.com/watch?v=SJXcYilt2a4,[lyric video] time machine - mj apanay (ft. aren park),aren park,aren park,227.0,9823244,mj: https://www.instagram.com/mjapanay/?hl=en aren: https://www.instagram.com/aren_park/?hl=en.,IDEAL,,
stage5b2-youtube-prior-human-review-v1,stage5b_youtube_prior_v1_069,2ch4KLYvi9ZGq2pNyEsMom,time machine,mj apanay | aren park,seen 11:23 pm,225.933,2019,time machine mj apanay,2,Y04uCqaECqY,https://www.youtube.com/watch?v=Y04uCqaECqY,[Vietsub + Lyrics] Time machine - mj apanay (feat. aren park),Chanh,Chanh,228.0,5117314,"Official video: https://youtu.be/SJXcYilt2a4 • Support mj apanay: https://youtube.com/c/mjapanay • Lyrics: Staring at stars, watching ...",,,
stage5b2-youtube-prior-human-review-v1,stage5b_youtube_prior_v1_069,2ch4KLYvi9ZGq2pNyEsMom,time machine,mj apanay | aren park,seen 11:23 pm,225.933,2019,time machine mj apanay,3,aIstulphtpk,https://www.youtube.com/watch?v=aIstulphtpk,1-hour extended version of Time machine - mj apanay (feat. aren park),Here with me,Here with me,3732.0,97468,"Hello there, guys! I'm back with another video! Please subscribe if you love that version on my channel! I hope it was enjoyable for ...",,,
stage5b2-youtube-prior-human-review-v1,stage5b_youtube_prior_v1_070,4fHwUkO83RzsOnnIv2vRvD,Mine,BUMKEY | SURAN | dress,Mine with KozyPop,225.506,2021,Mine BUMKEY,1,0obVLAmK6Mg,https://www.youtube.com/watch?v=0obVLAmK6Mg,"BUMKEY, SURAN, dress - Mine",SEOULVIBES,SEOULVIBES,226.0,2145,"범키, SURAN, dress - Mine ☕ Follow KozyPop / 서울바이브 http://instagram.com/seoulvibes.kr Listen to ""KozyPop"" on Spotify ...",ACCEPTABLE,,
stage5b2-youtube-prior-human-review-v1,stage5b_youtube_prior_v1_070,4fHwUkO83RzsOnnIv2vRvD,Mine,BUMKEY | SURAN | dress,Mine with KozyPop,225.506,2021,Mine BUMKEY,2,UYSPFj8dpko,https://www.youtube.com/watch?v=UYSPFj8dpko,범키 (BUMKEY) - Mine (SOLO VER.),범키 BUMKEY,범키 BUMKEY,180.0,175786,범키 (BUMKEY) - Mine (SOLO VER.) 범키(BUMKEY) Official @ https://www.youtube.com/c/BUMKEYofficial ...,,,
stage5b2-youtube-prior-human-review-v1,stage5b_youtube_prior_v1_070,4fHwUkO83RzsOnnIv2vRvD,Mine,BUMKEY | SURAN | dress,Mine with KozyPop,225.506,2021,Mine BUMKEY,3,0llWAkM29Gg,https://www.youtube.com/watch?v=0llWAkM29Gg,"[💋You are Mine💕💕] SURAN, BUMKEY - 'MINE'",SURAN,SURAN,226.0,24694,"Hello Guys!!
Always love yaaaa.

I am currently preparing for tons of cool things! 
I'll be back real soon.
Until then, pls ...",,,
stage5b2-youtube-prior-human-review-v1,stage5b_youtube_prior_v1_071,0Ti3ZkpjyEQnHFEpvz0cKq,Could I,JIDA | Kate Kim,SUMMER COLOURS,231.48,2022,Could I JIDA,1,o4xhdmp4LIA,https://www.youtube.com/watch?v=o4xhdmp4LIA,Could I,JIDA - Topic,JIDA - Topic,232.0,11701,Provided to YouTube by ADA Korea Could I · JIDA · LILAC Could I ℗ 2022 WALTZSOFA RECORDS Arranger: JIDA Programmer: ...,IDEAL,,
stage5b2-youtube-prior-human-review-v1,stage5b_youtube_prior_v1_071,0Ti3ZkpjyEQnHFEpvz0cKq,Could I,JIDA | Kate Kim,SUMMER COLOURS,231.48,2022,Could I JIDA,2,5qMO7C5wf_4,https://www.youtube.com/watch?v=5qMO7C5wf_4,Could I,JIDA - Topic,JIDA - Topic,232.0,4926,Provided to YouTube by ADA Korea Could I · JIDA · LILAC SUMMER COLOURS ℗ 2022 WALTZSOFA RECORDS Arranger: JIDA ...,,,
stage5b2-youtube-prior-human-review-v1,stage5b_youtube_prior_v1_071,0Ti3ZkpjyEQnHFEpvz0cKq,Could I,JIDA | Kate Kim,SUMMER COLOURS,231.48,2022,Could I JIDA,3,i96bcFnjTDg,https://www.youtube.com/watch?v=i96bcFnjTDg,"JIDA, Lilac - Could I  [Official Audio]",WALTZSOFA RECORDS,WALTZSOFA RECORDS,232.0,3835,Could I 이 곡은 LILAC의 작사와 작곡 참여로 이번 앨범의 주요 감정을 그녀의 시선으로 표현하였다. LILAC의 기존 RnB 스타일의 ...,,,
stage5b2-youtube-prior-human-review-v1,stage5b_youtube_prior_v1_072,4JBZuPALOvU2PC8E7t02vY,如果爱忘了 - Live,Silence Wang | 單依純,如果爱忘了 (Live),245.394,2024,如果爱忘了 - Live Silence Wang,1,fqBbnUZbQjc,https://www.youtube.com/watch?v=fqBbnUZbQjc,【黑胶无损】｜#汪苏泷 #单依纯《#如果爱忘了》把深情演绎的淋漓尽致 | #声生不息家年华 #InfinityAndBeyond | MangoTV,芒果TV音乐 MangoTV Music,芒果TV音乐 MangoTV Music,244.0,27795142,下载芒果TV国际App  https://d.mgtv.com/zb-rXd 更多爆款内容第一时间抢先看，精彩配音、多语言字幕等你来pick！PC用户可访问 ...,ACCEPTABLE,,
stage5b2-youtube-prior-human-review-v1,stage5b_youtube_prior_v1_072,4JBZuPALOvU2PC8E7t02vY,如果爱忘了 - Live,Silence Wang | 單依純,如果爱忘了 (Live),245.394,2024,如果爱忘了 - Live Silence Wang,2,w8IbS9tUPAI,https://www.youtube.com/watch?v=w8IbS9tUPAI,如果爱忘了 (Live),汪苏泷Silence Wang,汪苏泷Silence Wang,246.0,12740256,Provided to YouTube by 芒果TV 如果爱忘了(Live) · 汪苏泷· 单依纯声生不息.家年华(第十二期Live) ℗ 湖南卫视Released on: ...,,,
stage5b2-youtube-prior-human-review-v1,stage5b_youtube_prior_v1_072,4JBZuPALOvU2PC8E7t02vY,如果爱忘了 - Live,Silence Wang | 單依純,如果爱忘了 (Live),245.394,2024,如果爱忘了 - Live Silence Wang,3,40iCGaUhTbE,https://www.youtube.com/watch?v=40iCGaUhTbE,【纯享】#汪苏泷 #单依纯《#如果爱忘了》若曾经的爱被遗忘 那就好好珍惜眼前人｜声生不息·家年华 Circle Of Sound EP12｜MangoTV,湖南卫视芒果TV官方频道  China HunanTV Official Channel,湖南卫视芒果TV官方频道  China HunanTV Official Channel,225.0,29864520,观看更多精彩节目：#歌手2025 首播→https://www.youtube.com/watch?v=kkNMOZ5TBWg&t=1826s 下载芒果TV国际App   ...,,,
stage5b2-youtube-prior-human-review-v1,stage5b_youtube_prior_v1_073,11lcftRIEVOPDBHDrH1mm1,Autumn Breeze (feat. Rachel Lim),JIDA | Rachel Lim,Autumn Breeze,223.183,2016,Autumn Breeze (feat. Rachel Lim) JIDA,1,1H_Aj8qRjb8,https://www.youtube.com/watch?v=1H_Aj8qRjb8,Autumn Breeze (feat. Rachel Lim),JIDA - Topic,JIDA - Topic,224.0,4116312,Provided to YouTube by ADA Korea Autumn Breeze (feat. Rachel Lim) · JIDA · Rachel Lim Autumn Breeze ℗ 2012 WALTZSOFA ...,IDEAL,,
stage5b2-youtube-prior-human-review-v1,stage5b_youtube_prior_v1_073,11lcftRIEVOPDBHDrH1mm1,Autumn Breeze (feat. Rachel Lim),JIDA | Rachel Lim,Autumn Breeze,223.183,2016,Autumn Breeze (feat. Rachel Lim) JIDA,2,9au9DwOp1oE,https://www.youtube.com/watch?v=9au9DwOp1oE,【讓回憶綻放在旋律中】JIDA - Autumn Breeze (ft. Rachel Lim) (英繁中文歌詞Lyrics) 🍂 ❄冷門歌曲🎵 💙頻道推薦🌊,YYT STUDIO,YYT STUDIO,227.0,7107,JIDA 韓裔英籍；獨立作詞作曲；所屬公司Waltzsofa Records 此首歌非本人演唱，是朋友#RachelLim 獻唱   ❌無營利； ...,,,
stage5b2-youtube-prior-human-review-v1,stage5b_youtube_prior_v1_073,11lcftRIEVOPDBHDrH1mm1,Autumn Breeze (feat. Rachel Lim),JIDA | Rachel Lim,Autumn Breeze,223.183,2016,Autumn Breeze (feat. Rachel Lim) JIDA,3,mnC670Npdmc,https://www.youtube.com/watch?v=mnC670Npdmc,Autumn Breeze (Feat Rachel Lim) - JIDA,Dennis Kim,Dennis Kim,225.0,25,,,,
stage5b2-youtube-prior-human-review-v1,stage5b_youtube_prior_v1_074,58Q3FZFs1YXPpliWQB5kXB,Right Now,NewJeans,Supernatural,160.413,2024,Right Now NewJeans,1,m6pTbEz4w3o,https://www.youtube.com/watch?v=m6pTbEz4w3o,NewJeans (뉴진스) 'Right Now' Official MV,HYBE LABELS,HYBE LABELS,175.0,28563237,NewJeans (뉴진스) 'Right Now' Official MV Producer: MIN HEE JIN Music Video Director: Youngeum Lee THE POWERPUFF ...,IDEAL,,
stage5b2-youtube-prior-human-review-v1,stage5b_youtube_prior_v1_074,58Q3FZFs1YXPpliWQB5kXB,Right Now,NewJeans,Supernatural,160.413,2024,Right Now NewJeans,2,uNN2lN7M7cA,https://www.youtube.com/watch?v=uNN2lN7M7cA,NewJeans - 'Right Now' [Audio],Junnie☆з,Junnie☆з,161.0,304183,Artist: NewJeans Song: Right Now Album: Supernatural Released on: 21-6-2024.,,,
stage5b2-youtube-prior-human-review-v1,stage5b_youtube_prior_v1_074,58Q3FZFs1YXPpliWQB5kXB,Right Now,NewJeans,Supernatural,160.413,2024,Right Now NewJeans,3,yUbutxfMgJo,https://www.youtube.com/watch?v=yUbutxfMgJo,NewJeans (뉴진스) 'Right Now' Lyrics (Color Coded Lyrics),Jaeguchi,Jaeguchi,158.0,2121780,All Rights Administered by ADOR Collaborate with the ZEPETO Face Creator: MoOh   ...,,,
stage5b2-youtube-prior-human-review-v1,stage5b_youtube_prior_v1_075,1iGNZerzZHm2GLu7k1OS3J,Virtual Angel,ARTMS,<Dall>,173.64,2024,Virtual Angel ARTMS,1,EqUP26j4XWU,https://www.youtube.com/watch?v=EqUP26j4XWU,ARTMS ‘Virtual Angel' Official MV,Official ARTMS,Official ARTMS,191.0,14726005,"'Virtual Angel' Streaming
https://orcd.co/artms

---

Cosmo : the Gate
Where everything of ARTMS begins
· Collect limited ...",IDEAL,,
stage5b2-youtube-prior-human-review-v1,stage5b_youtube_prior_v1_075,1iGNZerzZHm2GLu7k1OS3J,Virtual Angel,ARTMS,<Dall>,173.64,2024,Virtual Angel ARTMS,2,FQKkegop9JY,https://www.youtube.com/watch?v=FQKkegop9JY,ARTMS Virtual Angel Lyrics (Color Coded Lyrics),Chaereve,Chaereve,175.0,201118,All Administrated by MODHAUS ≈ Artist: ARTMS ≈ Song: Virtual Angel ≈ Album: Dall ≈ Released: 2024.05.31 .,,,
stage5b2-youtube-prior-human-review-v1,stage5b_youtube_prior_v1_075,1iGNZerzZHm2GLu7k1OS3J,Virtual Angel,ARTMS,<Dall>,173.64,2024,Virtual Angel ARTMS,3,jElVljfYccU,https://www.youtube.com/watch?v=jElVljfYccU,ARTMS - ‘Virtual Angel’ Dance Practice Mirrored [4K],BLACK CAT,BLACK CAT,173.0,164163,ARTMS 'Virtual Angel' Dance Practice Mirrored 4K #ARTMS #ARTMS_Virtual_Angel #HeeJin ARTMS Virtual Angel Dance ...,,,
stage5b2-youtube-prior-human-review-v1,stage5b_youtube_prior_v1_076,5i9fCna4O2QwlLno7qfZ9V,Love Love Love,VIVIZ,The 2nd Mini Album 'Summer Vibe',203.88,2022,Love Love Love VIVIZ,1,G6M-qNC5B0E,https://www.youtube.com/watch?v=G6M-qNC5B0E,Love Love Love,VIVIZ,VIVIZ,204.0,1840517,"Provided to YouTube by YG PLUS Love Love Love · VIVIZ The 2nd Mini Album 'Summer Vibe' ℗ BIGPLANETMADE, SWING ...",IDEAL,,
stage5b2-youtube-prior-human-review-v1,stage5b_youtube_prior_v1_076,5i9fCna4O2QwlLno7qfZ9V,Love Love Love,VIVIZ,The 2nd Mini Album 'Summer Vibe',203.88,2022,Love Love Love VIVIZ,2,p2RtRDwlwGs,https://www.youtube.com/watch?v=p2RtRDwlwGs,"VIVIZ, Love Love Love (비비지, Love Love Love) [THE SHOW 220712]",THE K-POP,THE K-POP,206.0,1820412,"비비지, Love Love Love #VIVIZ #Love_Love_Love 채널에 가입하여 혜택을 누려보세요.",,,
stage5b2-youtube-prior-human-review-v1,stage5b_youtube_prior_v1_076,5i9fCna4O2QwlLno7qfZ9V,Love Love Love,VIVIZ,The 2nd Mini Album 'Summer Vibe',203.88,2022,Love Love Love VIVIZ,3,2XApISygHKo,https://www.youtube.com/watch?v=2XApISygHKo,VIVIZ (비비지) - ‘Love Love Love’ Concert Clip [2025 VIVIZ WORLD TOUR [NEW LEGACY] in SEOUL],VIVIZ,VIVIZ,209.0,84668,VIVIZ (비비지) - 'Love Love Love' Concert Clip [2025 VIVIZ WORLD TOUR [NEW LEGACY] in SEOUL] VIVIZ Official Youtube ...,,,
stage5b2-youtube-prior-human-review-v1,stage5b_youtube_prior_v1_077,5U7emXCoCl8EOEJUVNbguC,Lxxk 2 U,YENA,ˣ‿ˣ (SMiLEY),182.853,2022,Lxxk 2 U YENA,1,Iwx9t3qTcV4,https://www.youtube.com/watch?v=Iwx9t3qTcV4,YENA(최예나) - 'LxxK 2 U' Official Performance Video,YENA(최예나),YENA(최예나),206.0,1263301,최예나 #예나 #YENA #SMiLEY YENA(최예나) - 'LxxK 2 U' Official Performance Video [YENA(최예나) SNS] Twitter: ...,IDEAL,,
stage5b2-youtube-prior-human-review-v1,stage5b_youtube_prior_v1_077,5U7emXCoCl8EOEJUVNbguC,Lxxk 2 U,YENA,ˣ‿ˣ (SMiLEY),182.853,2022,Lxxk 2 U YENA,2,rquH4qEfRHA,https://www.youtube.com/watch?v=rquH4qEfRHA,YENA (최예나) – Lxxk 2 U Lyrics (Color Coded Han/Rom/Eng),lovelyeonwoo,lovelyeonwoo,183.0,30534,Artist: YENA (최예나) Song: Lxxk 2 U Album: 'ˣ‿ˣ (SMiLEY)' Debut EP HAN/ROM: ColorCodedLyrics (from ...,,,
stage5b2-youtube-prior-human-review-v1,stage5b_youtube_prior_v1_077,5U7emXCoCl8EOEJUVNbguC,Lxxk 2 U,YENA,ˣ‿ˣ (SMiLEY),182.853,2022,Lxxk 2 U YENA,3,8d2AZLlKQo0,https://www.youtube.com/watch?v=8d2AZLlKQo0,YENA(최예나) - Lxxk 2 U | 250925 SEOIL UNIV,YENA(최예나),YENA(최예나),188.0,21140,최예나 #예나 #YENA YENA(최예나) - Lxxk 2 U | 250925 SEOIL UNIV [YENA(최예나) SNS] Twitter: ...,,,
stage5b2-youtube-prior-human-review-v1,stage5b_youtube_prior_v1_078,406IpEtZPvbxApWTGM3twY,HOT,LE SSERAFIM,HOT,143.797,2025,HOT LE SSERAFIM,1,r9AEGPB6qIU,https://www.youtube.com/watch?v=r9AEGPB6qIU,LE SSERAFIM (르세라핌) 'HOT' OFFICIAL MV,HYBE LABELS and LE SSERAFIM,HYBE LABELS and LE SSERAFIM,169.0,81947915,LE SSERAFIM (르세라핌) 'HOT' OFFICIAL MV https://le-sserafim.lnk.to/HOT Visual Creative Team Leader : Yoon Cho Content ...,IDEAL,,
stage5b2-youtube-prior-human-review-v1,stage5b_youtube_prior_v1_078,406IpEtZPvbxApWTGM3twY,HOT,LE SSERAFIM,HOT,143.797,2025,HOT LE SSERAFIM,2,sLMXW_Dij50,https://www.youtube.com/watch?v=sLMXW_Dij50,LE SSERAFIM (르세라핌) 'HOT (English ver.)' OFFICIAL PERFORMANCE FILM,HYBE LABELS,HYBE LABELS,149.0,10119147,LE SSERAFIM (르세라핌) 'HOT (English ver.)' OFFICIAL PERFORMANCE FILM Don't miss out on the release 2025.03.17 ...,,,
stage5b2-youtube-prior-human-review-v1,stage5b_youtube_prior_v1_078,406IpEtZPvbxApWTGM3twY,HOT,LE SSERAFIM,HOT,143.797,2025,HOT LE SSERAFIM,3,2VAKcz9W4WM,https://www.youtube.com/watch?v=2VAKcz9W4WM,LE SSERAFIM(르세라핌) 'HOT' (4K) | STUDIO CHOOM ORIGINAL,STUDIO CHOOM [스튜디오 춤],STUDIO CHOOM [스튜디오 춤],174.0,14958501,[STUDIO CHOOM ORIGINAL] LE SSERAFIM 'HOT' [스튜디오 춤 오리지널] 르세라핌 '핫' 온 마음을 다해 사랑하는 초미녀들이 ...,,,
stage5b2-youtube-prior-human-review-v1,stage5b_youtube_prior_v1_079,1rWLunChIlaWpAhQ1FGHXS,Devour Me,City Girl,Asleep in Soft Ether,62.986,2024,Devour Me City Girl,1,LSEfCN4bbF4,https://www.youtube.com/watch?v=LSEfCN4bbF4,Devour Me,City Girl,City Girl,63.0,14924,Provided to YouTube by DistroKid Devour Me · City Girl Asleep in Soft Ether ℗ City Girl Records Released on: 2024-12-06 ...,IDEAL,,
stage5b2-youtube-prior-human-review-v1,stage5b_youtube_prior_v1_079,1rWLunChIlaWpAhQ1FGHXS,Devour Me,City Girl,Asleep in Soft Ether,62.986,2024,Devour Me City Girl,2,0-NyzwEnjPU,https://www.youtube.com/watch?v=0-NyzwEnjPU,Devour Me (Extended) - City Girl,Astrophagus,Astrophagus,181.0,11,My edit of Devour Me by City Girl It was not long enough lol.,,,
stage5b2-youtube-prior-human-review-v1,stage5b_youtube_prior_v1_079,1rWLunChIlaWpAhQ1FGHXS,Devour Me,City Girl,Asleep in Soft Ether,62.986,2024,Devour Me City Girl,3,E3T6x5Bd42A,https://www.youtube.com/watch?v=E3T6x5Bd42A,Devour - Bout Me [Official Music Video],DEVOUR UP!,DEVOUR UP!,200.0,145255879,"Official video of Devour - Bout Me! ""Bout Me"" now on all streaming platforms! Itunes / Apple Music ...",,,
stage5b2-youtube-prior-human-review-v1,stage5b_youtube_prior_v1_080,5tgLkUlAmTR9FhOzVVfIJS,Silence,Weston Estate,Maggie Valley,133.44,2022,Silence Weston Estate,1,H_pJu3Q-LAE,https://www.youtube.com/watch?v=H_pJu3Q-LAE,Weston Estate - Silence (Official Audio),Weston Estate,Weston Estate,134.0,265217,Listen to Maggie Valley https://westonestate.lnk.to/MaggieValley Follow Weston Estate https://www.instagram.com/westonestate ...,IDEAL,,
stage5b2-youtube-prior-human-review-v1,stage5b_youtube_prior_v1_080,5tgLkUlAmTR9FhOzVVfIJS,Silence,Weston Estate,Maggie Valley,133.44,2022,Silence Weston Estate,2,KAU88npwoMU,https://www.youtube.com/watch?v=KAU88npwoMU,Weston Estate - Silence (Lyrics),RappyTracks.,RappyTracks.,134.0,11077,Purchase/Stream this track: https://westonestate.lnk.to/MaggieValley Song: Silence Artist: Weston Estate Album: Maggie Valley ...,,,
stage5b2-youtube-prior-human-review-v1,stage5b_youtube_prior_v1_080,5tgLkUlAmTR9FhOzVVfIJS,Silence,Weston Estate,Maggie Valley,133.44,2022,Silence Weston Estate,3,JawpKu7QAHY,https://www.youtube.com/watch?v=JawpKu7QAHY,weston estate - silence [slowed & reverb],gabe,gabe,155.0,11578,"listen to the original audio of ""silence"" by: weston estate https://youtu.be/H_pJu3Q-LAE I do not own the rights to this music, ...",,,
stage5b2-youtube-prior-human-review-v1,stage5b_youtube_prior_v1_081,24RdwPy8BYtfd8og6XRhDj,How to draw hand,Mingeon Jang | Milkoi,How to draw hand,181.057,2020,How to draw hand Mingeon Jang,1,okpPbivZJ2k,https://www.youtube.com/watch?v=okpPbivZJ2k,How to draw hand,Mingeon Jang - Topic,Mingeon Jang - Topic,182.0,2580,Provided to YouTube by Elyom How to draw hand · Mingeon Jang · Milkoi How to draw hand ℗ 2020 Elyom Released on: ...,IDEAL,,
stage5b2-youtube-prior-human-review-v1,stage5b_youtube_prior_v1_081,24RdwPy8BYtfd8og6XRhDj,How to draw hand,Mingeon Jang | Milkoi,How to draw hand,181.057,2020,How to draw hand Mingeon Jang,2,M3u4b6Jxej8,https://www.youtube.com/watch?v=M3u4b6Jxej8,speedpaint 1 - oriwa and lawenda,Natcube,Natcube,212.0,41,... side https://youtu.be/7GIWV__qx4M mingeon jang - how to draw hand https://youtu.be/4IS59hM58Bs animal crossing -midnight-,,,
stage5b2-youtube-prior-human-review-v1,stage5b_youtube_prior_v1_081,24RdwPy8BYtfd8og6XRhDj,How to draw hand,Mingeon Jang | Milkoi,How to draw hand,181.057,2020,How to draw hand Mingeon Jang,3,h53OZiOejIg,https://www.youtube.com/watch?v=h53OZiOejIg,Academy of Science recap,Adryan Paez,Adryan Paez,143.0,15,... https://www.twitch.tv/tosheiii Business Inquiries: tosheiigaming@gmail.com Music: How to draw hand - Mingeon Jang ...,,,
stage5b2-youtube-prior-human-review-v1,stage5b_youtube_prior_v1_082,7ysBbGavMbUWMhizwQAVDg,Temple of Time: Remembrance,Paintamelody,"Maplestory Piano Collections, Vol. 2, (Ossyria)",141.27,2021,Temple of Time: Remembrance Paintamelody,1,xG0lq2ABqSo,https://www.youtube.com/watch?v=xG0lq2ABqSo,Temple of Time: Remembrance,Paintamelody - Topic,Paintamelody - Topic,142.0,16237,"Provided to YouTube by DistroKid Temple of Time: Remembrance · Paintamelody Maplestory Piano Collections, Vol. 2, (Ossyria) ...",IDEAL,,
stage5b2-youtube-prior-human-review-v1,stage5b_youtube_prior_v1_082,7ysBbGavMbUWMhizwQAVDg,Temple of Time: Remembrance,Paintamelody,"Maplestory Piano Collections, Vol. 2, (Ossyria)",141.27,2021,Temple of Time: Remembrance Paintamelody,2,3loq0xBsi7o,https://www.youtube.com/watch?v=3loq0xBsi7o,[MapleStory BGM] Temple of Time: Repentance,SlipySlidy,SlipySlidy,161.0,1015761,"For a complete list of music, please visit my channel. For a comprehensive database, visit https://maplestory-music.github.io For ...",,,
stage5b2-youtube-prior-human-review-v1,stage5b_youtube_prior_v1_082,7ysBbGavMbUWMhizwQAVDg,Temple of Time: Remembrance,Paintamelody,"Maplestory Piano Collections, Vol. 2, (Ossyria)",141.27,2021,Temple of Time: Remembrance Paintamelody,3,46rCSlLBSdM,https://www.youtube.com/watch?v=46rCSlLBSdM,🍍Temple of Time - [Maplestory] - Piano Arrangement🥥,PinaCoco,PinaCoco,160.0,69447,Ko-Fi: https://ko-fi.com/realpinacoco Musescore (Sheet): https://musescore.com/user/34701783 ▻ ----NOTE---- ♫ MIDI: ...,,,
stage5b2-youtube-prior-human-review-v1,stage5b_youtube_prior_v1_083,3j7ttprPTsaqGMcpUfZuOA,fool4love,ericdoa,things with wings,128.571,2022,fool4love ericdoa,1,y-IS3daaWPU,https://www.youtube.com/watch?v=y-IS3daaWPU,ericdoa - fool4love (Official Video),ericdoa,ericdoa,136.0,1378574,"Listen to ""fool4love"" out now: https://ericdoa.lnk.to/fool4love Follow ericdoa: https://www.instagram.com/ericdoa/ ...",IDEAL,,
stage5b2-youtube-prior-human-review-v1,stage5b_youtube_prior_v1_083,3j7ttprPTsaqGMcpUfZuOA,fool4love,ericdoa,things with wings,128.571,2022,fool4love ericdoa,2,s4x0cVBR39g,https://www.youtube.com/watch?v=s4x0cVBR39g,ericdoa - fool4love (Official Visualizer),ericdoa,ericdoa,128.0,207803,"Listen to """"fool4love"""" out now: https://ericdoa.lnk.to/fool4love Follow ericdoa: https://www.instagram.com/ericdoa/ ...",,,
stage5b2-youtube-prior-human-review-v1,stage5b_youtube_prior_v1_083,3j7ttprPTsaqGMcpUfZuOA,fool4love,ericdoa,things with wings,128.571,2022,fool4love ericdoa,3,F1aLP-C0kB0,https://www.youtube.com/watch?v=F1aLP-C0kB0,ericdoa - fool4love (lyrics),Biteki びてき,Biteki びてき,129.0,88748,Discord (Join the community): https://discord.gg/j6mm2MX Submit your songs: https://bitekivibes.com/submissions/ Spotify ...,,,
stage5b2-youtube-prior-human-review-v1,stage5b_youtube_prior_v1_084,7wtY0rxyB3jXmTJ9LiTz1h,do i need to love....?,Mingeon Jang | Milkoi,do i need to love....?,208.988,2021,do i need to love....? Mingeon Jang,1,ILp2r6WfRGk,https://www.youtube.com/watch?v=ILp2r6WfRGk,do i need to love....?,Mingeon Jang - Topic,Mingeon Jang - Topic,209.0,578,Provided to YouTube by Study Group do i need to love....? · Mingeon Jang · Milkoi do i need to love....? ℗ 2021 Study Group ...,IDEAL,,
stage5b2-youtube-prior-human-review-v1,stage5b_youtube_prior_v1_084,7wtY0rxyB3jXmTJ9LiTz1h,do i need to love....?,Mingeon Jang | Milkoi,do i need to love....?,208.988,2021,do i need to love....? Mingeon Jang,2,nwJPtbCqsdg,https://www.youtube.com/watch?v=nwJPtbCqsdg,our love was important,Milkoi,Milkoi,46.0,430,Provided to YouTube by cutecore our love was important · Milkoi our love was important ℗ 2025 cutecore Released on: ...,,,
stage5b2-youtube-prior-human-review-v1,stage5b_youtube_prior_v1_084,7wtY0rxyB3jXmTJ9LiTz1h,do i need to love....?,Mingeon Jang | Milkoi,do i need to love....?,208.988,2021,do i need to love....? Mingeon Jang,3,ZFr-oXhp1bg,https://www.youtube.com/watch?v=ZFr-oXhp1bg,breath,Milkoi - Topic,Milkoi - Topic,338.0,38,Provided to YouTube by Study Group breath · P3PPER · Milkoi 잔물결 (Janmulgyeol) ℗ 2026 Study Group Released on: ...,,,
stage5b2-youtube-prior-human-review-v1,stage5b_youtube_prior_v1_085,0ZPnoWsopDUOeneBMMR0cJ,idk,Highvyn | Taylor Shin,idk,233.482,2020,idk Highvyn,1,2las6DbSOvI,https://www.youtube.com/watch?v=2las6DbSOvI,Highvyn - Idk (Ft. Taylor Shin) | TikTok,Minty Network,Minty Network,235.0,1970,Highvyn - Idk (Ft. Taylor Shin) Spotify Playlists: :https://spoti.fi/2Yu8THS :https://spoti.fi/2Yqs2ut Merch ...,ACCEPTABLE,,
stage5b2-youtube-prior-human-review-v1,stage5b_youtube_prior_v1_085,0ZPnoWsopDUOeneBMMR0cJ,idk,Highvyn | Taylor Shin,idk,233.482,2020,idk Highvyn,2,wyOIYOXswcI,https://www.youtube.com/watch?v=wyOIYOXswcI,Highvyn - PRETTY GIRL feat. estée (Official Audio),highvyn,highvyn,164.0,96677,Stream PRETTY GIRL: https://open.spotify.com/album/2zFazeXMjdEeNkVlTfaLca?si=Pi3RJe98S0OcgpMjRwlaqg ...,,,
stage5b2-youtube-prior-human-review-v1,stage5b_youtube_prior_v1_085,0ZPnoWsopDUOeneBMMR0cJ,idk,Highvyn | Taylor Shin,idk,233.482,2020,idk Highvyn,3,X2UINYpMOOw,https://www.youtube.com/watch?v=X2UINYpMOOw,Just a mini playlist of Highvyn | Shurameru.,Shurameru 18,Shurameru 18,1099.0,234691,"Just a mini playlist of Highvyn a singer, producer I just heard and fell in love with his tunes. Here is a small playlist of his songs for ...",,,
stage5b2-youtube-prior-human-review-v1,stage5b_youtube_prior_v1_086,49oOgXKqm6xTavBtekzVHg,ATTITUDE,IVE,IVE EMPATHY,194.733,2025,ATTITUDE IVE,1,38xYeot-ciM,https://www.youtube.com/watch?v=38xYeot-ciM,IVE 아이브 'ATTITUDE' MV,STARSHIP and IVE,STARSHIP and IVE,206.0,68963878,STARSHIP SQUARE (Domestic): https://bit.ly/3HtQ7GF STARSHIP SQUARE (Global): https://bit.ly/3JWPxm0 IVE US EXCLUSIVE ...,IDEAL,,
stage5b2-youtube-prior-human-review-v1,stage5b_youtube_prior_v1_086,49oOgXKqm6xTavBtekzVHg,ATTITUDE,IVE,IVE EMPATHY,194.733,2025,ATTITUDE IVE,2,QvU2nYL-3xQ,https://www.youtube.com/watch?v=QvU2nYL-3xQ,IVE (아이브) 'ATTITUDE' (Color Coded Lyrics),Jaeguchi,Jaeguchi,195.0,3860563,"All Rights Administered by Starship Entertainment. Trust me, you don't want to miss this playlist!   Listen till the end and lose ...",,,
stage5b2-youtube-prior-human-review-v1,stage5b_youtube_prior_v1_086,49oOgXKqm6xTavBtekzVHg,ATTITUDE,IVE,IVE EMPATHY,194.733,2025,ATTITUDE IVE,3,P8ZpsfG2UD4,https://www.youtube.com/watch?v=P8ZpsfG2UD4,IVE - 'ATTITUDE' Dance Practice [MIRRORED],BLACK CAT,BLACK CAT,196.0,1687118,IVE 아이브 'ATTITUDE' Dance Practice Mirrored #IVE #아이브 #アイヴ IVE ATTITUDE Dance IVE ATTITUDE Mirror IVE ...,,,
stage5b2-youtube-prior-human-review-v1,stage5b_youtube_prior_v1_087,3v5o91PrUtf0nmO6j8J7dZ,LEFT RIGHT,XG,SHOOTING STAR,208.065,2023,LEFT RIGHT XG,1,T6YVgEpRU6Q,https://www.youtube.com/watch?v=T6YVgEpRU6Q,XG - LEFT RIGHT (Official Music Video),XG,XG,225.0,88088478,XG 3rd Single  SHOOTING STAR   2023.01.25 Wed DIGITAL/CD BOX https://xgalx.com/xg/discography/ Tracklist: 1. SHOOTING ...,IDEAL,,
stage5b2-youtube-prior-human-review-v1,stage5b_youtube_prior_v1_087,3v5o91PrUtf0nmO6j8J7dZ,LEFT RIGHT,XG,SHOOTING STAR,208.065,2023,LEFT RIGHT XG,2,RB1i1MLYeQ4,https://www.youtube.com/watch?v=RB1i1MLYeQ4,XG - LEFT RIGHT (Dance Practice Fix ver.),XG,XG,226.0,9653202,XG 3rd Single  SHOOTING STAR   2023.01.25 Wed DIGITAL/CD BOX https://xgalx.com/xg/discography/ Tracklist: 1. SHOOTING ...,,,
stage5b2-youtube-prior-human-review-v1,stage5b_youtube_prior_v1_087,3v5o91PrUtf0nmO6j8J7dZ,LEFT RIGHT,XG,SHOOTING STAR,208.065,2023,LEFT RIGHT XG,3,-oj-9QqpQ4s,https://www.youtube.com/watch?v=-oj-9QqpQ4s,XG - LEFT RIGHT (XG SHOOTING STAR LIVE STAGE),XG,XG,231.0,17767577,XG 3rd Single  SHOOTING STAR   2023.01.25 Wed DIGITAL/CD BOX https://xgalx.com/xg/discography/ Tracklist: 1. SHOOTING ...,,,
stage5b2-youtube-prior-human-review-v1,stage5b_youtube_prior_v1_088,1FGXujttO5H6XB25NlG3Yd,fairy,Dvwn,panorama,230.174,2018,fairy Dvwn,1,WAmr4m4fpXo,https://www.youtube.com/watch?v=WAmr4m4fpXo,fairy,Dvwn - Topic,Dvwn - Topic,231.0,1353162,"Provided to YouTube by Mound Media Inc. fairy · Dvwn panorama ℗ authentic, under license to POCLANOS Released on: ...",IDEAL,,
stage5b2-youtube-prior-human-review-v1,stage5b_youtube_prior_v1_088,1FGXujttO5H6XB25NlG3Yd,fairy,Dvwn,panorama,230.174,2018,fairy Dvwn,2,M44zBW_mnjM,https://www.youtube.com/watch?v=M44zBW_mnjM,fairy - dvwn (lyrics),ksn:),ksn:),231.0,16734,"fairy - dvwn (hangul, romanized, and english lyrics) I've been so in love with this song so i thought of making a lyric vid of it ...",,,
stage5b2-youtube-prior-human-review-v1,stage5b_youtube_prior_v1_088,1FGXujttO5H6XB25NlG3Yd,fairy,Dvwn,panorama,230.174,2018,fairy Dvwn,3,AcnBOpVYI1U,https://www.youtube.com/watch?v=AcnBOpVYI1U,DAWN - fairy,danielions music,danielions music,231.0,155514,DAWN - fairy https://www.melon.com/album/detail.htm?albumId=10224292 MV: ...,,,
stage5b2-youtube-prior-human-review-v1,stage5b_youtube_prior_v1_089,3V4kSQvH7rHI9tWTKFnV8m,In the museum garden your voice was soft and warm,City Girl,"I don't know why I feel ok right now, but it's nice",160.0,2025,In the museum garden your voice was soft and warm City Girl,1,JjgbscXwovc,https://www.youtube.com/watch?v=JjgbscXwovc,In the museum garden your voice was soft and warm,City Girl,City Girl,160.0,11696,Provided to YouTube by DistroKid In the museum garden your voice was soft and warm · City Girl · Woodrow Yeakel · Woodrow ...,IDEAL,,
stage5b2-youtube-prior-human-review-v1,stage5b_youtube_prior_v1_089,3V4kSQvH7rHI9tWTKFnV8m,In the museum garden your voice was soft and warm,City Girl,"I don't know why I feel ok right now, but it's nice",160.0,2025,In the museum garden your voice was soft and warm City Girl,2,p0nMDSyOJWI,https://www.youtube.com/watch?v=p0nMDSyOJWI,"City Girl ~ I don't know why I feel ok right now, but it's nice [Full album]",City Girl,City Girl,2152.0,210129,8:13 Maybe dying is like waking up from a long nap 05. 11:55 In the museum garden your voice was soft and warm 06. 14:35 ...,,,
stage5b2-youtube-prior-human-review-v1,stage5b_youtube_prior_v1_089,3V4kSQvH7rHI9tWTKFnV8m,In the museum garden your voice was soft and warm,City Girl,"I don't know why I feel ok right now, but it's nice",160.0,2025,In the museum garden your voice was soft and warm City Girl,3,7SxTyvOixJA,https://www.youtube.com/watch?v=7SxTyvOixJA,The Killers - Here With Me,TheKillersMusic,TheKillersMusic,297.0,40704786,Music video by The Killers performing Here With Me. ©: The Island Def Jam Music Group Subscribe: ...,,,
stage5b2-youtube-prior-human-review-v1,stage5b_youtube_prior_v1_090,7xv9OFeNDXxhRt0pgg4ECV,I Saw Something,Weston Estate,I Saw Something,200.0,2024,I Saw Something Weston Estate,1,me7X8HGstuM,https://www.youtube.com/watch?v=me7X8HGstuM,Weston Estate - I Saw Something,Weston Estate,Weston Estate,201.0,171022,"Stream ""I Saw Something"" by Weston Estate: https://westonestate.lnk.to/isawsomething I'd say we have all this time But your face ...",IDEAL,,
stage5b2-youtube-prior-human-review-v1,stage5b_youtube_prior_v1_090,7xv9OFeNDXxhRt0pgg4ECV,I Saw Something,Weston Estate,I Saw Something,200.0,2024,I Saw Something Weston Estate,2,PhFE7EcXm70,https://www.youtube.com/watch?v=PhFE7EcXm70,Weston Estate - I Saw Something (LIVE FROM THE DOME),Weston Estate,Weston Estate,210.0,16307,"Listen to ""I Saw Something"" by Weston Estate: https://WestonEstate.lnk.to/isawsomething Credits: Producer & Director - Ryan ...",,,
stage5b2-youtube-prior-human-review-v1,stage5b_youtube_prior_v1_090,7xv9OFeNDXxhRt0pgg4ECV,I Saw Something,Weston Estate,I Saw Something,200.0,2024,I Saw Something Weston Estate,3,3MYmG_TFMmM,https://www.youtube.com/watch?v=3MYmG_TFMmM,Weston Estate - I Saw Something,Weston Estate,Weston Estate,201.0,22307,"Music video by Weston Estate performing I Saw Something.(C) 2024 Arista Records, a division of Sony Music Entertainment, ...",,,
stage5b2-youtube-prior-human-review-v1,stage5b_youtube_prior_v1_091,78CpG0pJFe6KC3JjuMeEQu,Halfway There,Jolianne,Halfway There,155.0,2020,Halfway There Jolianne,1,1e1pNthUrto,https://www.youtube.com/watch?v=1e1pNthUrto,Jolianne - Halfway There (Official Lyric Video),Jolianne,Jolianne,161.0,81200,Stream on: https://backl.ink/142656461 Written and performed by Jolianne Produced by Carlisle Tabanera Lyric video by Pepo ...,IDEAL,,
stage5b2-youtube-prior-human-review-v1,stage5b_youtube_prior_v1_091,78CpG0pJFe6KC3JjuMeEQu,Halfway There,Jolianne,Halfway There,155.0,2020,Halfway There Jolianne,2,_yR8cO6mFN4,https://www.youtube.com/watch?v=_yR8cO6mFN4,Halfway There (Live at The Cozy Cove) - Jolianne,Nine Degrees North,Nine Degrees North,217.0,39530,Halfway There (Live at The Cozy Cove) Performed by Jolianne Executive Producer: Nine Degrees North Production Coordinator: ...,,,
stage5b2-youtube-prior-human-review-v1,stage5b_youtube_prior_v1_091,78CpG0pJFe6KC3JjuMeEQu,Halfway There,Jolianne,Halfway There,155.0,2020,Halfway There Jolianne,3,lZ--72ADyks,https://www.youtube.com/watch?v=lZ--72ADyks,Jolianne - Halfway There (Official Audio),XVIBE,XVIBE,156.0,5542,Jolianne - Halfway There Produced by: Carlisle ©XVIBE Music LINK https://backl.ink/142656461 FACEBOOK ...,,,
stage5b2-youtube-prior-human-review-v1,stage5b_youtube_prior_v1_092,2odm919sRfQIhH2na8YSKK,"Black Heart (feat. Leellamarz, BE'O)",TOIL | Leellamarz | BE'O,Between Sat & Sun,235.893,2022,"Black Heart (feat. Leellamarz, BE'O) TOIL",1,wZgsxnYqHps,https://www.youtube.com/watch?v=wZgsxnYqHps,"Black Heart (Feat. Leellamarz, BE′O)",토일,토일,236.0,34995915,"Provided to YouTube by Genie Music Corporation Black Heart (Feat. Leellamarz, BE′O) · TOIL · Leellamarz · BE′O Between ...",IDEAL,,
stage5b2-youtube-prior-human-review-v1,stage5b_youtube_prior_v1_092,2odm919sRfQIhH2na8YSKK,"Black Heart (feat. Leellamarz, BE'O)",TOIL | Leellamarz | BE'O,Between Sat & Sun,235.893,2022,"Black Heart (feat. Leellamarz, BE'O) TOIL",2,4eDaAK6UfBo,https://www.youtube.com/watch?v=4eDaAK6UfBo,"TOIL - 검정색하트 (Feat. leellamarz, BE′O) [Between Sat & Sun]ㅣLyrics/가사",알파,알파,237.0,7584011,"본 영상은 가사 자막 영상입니다, 수익 창출은 되지 않습니다. ▻ 광고 재생시 광고에 대한 수익은 저작권자에게 돌아갑니다 ...",,,
stage5b2-youtube-prior-human-review-v1,stage5b_youtube_prior_v1_092,2odm919sRfQIhH2na8YSKK,"Black Heart (feat. Leellamarz, BE'O)",TOIL | Leellamarz | BE'O,Between Sat & Sun,235.893,2022,"Black Heart (feat. Leellamarz, BE'O) TOIL",3,6AbgjyLLHfI,https://www.youtube.com/watch?v=6AbgjyLLHfI,"Black Heart (Feat. Leellamarz, BE'O) (Without Melody)",Release - Topic,Release - Topic,238.0,272,"Provided to YouTube by Collab Asia Music Black Heart (Feat. Leellamarz, BE'O) (Without Melody) · TOIL 2024 Musicen Karaoke ...",,,
stage5b2-youtube-prior-human-review-v1,stage5b_youtube_prior_v1_093,36ERTzARTob6CG68IcKpNW,all I need is just someone to love,moon tang,25,146.544,2025,all I need is just someone to love moon tang,1,EHQ7OA0EWKc,https://www.youtube.com/watch?v=EHQ7OA0EWKc,all I need is just someone to love,moon tang,moon tang,147.0,94803,Provided to YouTube by WM Hong Kong all I need is just someone to love · moon tang 25 ℗ 2025 Warner Music Hong Kong ...,IDEAL,,
stage5b2-youtube-prior-human-review-v1,stage5b_youtube_prior_v1_093,36ERTzARTob6CG68IcKpNW,all I need is just someone to love,moon tang,25,146.544,2025,all I need is just someone to love moon tang,2,PNSYzivvGz0,https://www.youtube.com/watch?v=PNSYzivvGz0,moon tang - '25' ☽ live session 【二十五圓舞曲 | hair | for you | all I need is ... | dear elissa | 夜闌人靜】,moon tang,moon tang,1217.0,306412,... moon tang - '25' live session 1 - 二十五圓舞曲00:00 2 - hair 04:12 3 - all I need is just someone to love 07:03 4 - for you 09:42 5 ...,,,
stage5b2-youtube-prior-human-review-v1,stage5b_youtube_prior_v1_093,36ERTzARTob6CG68IcKpNW,all I need is just someone to love,moon tang,25,146.544,2025,all I need is just someone to love moon tang,3,8WZj3xH6dUU,https://www.youtube.com/watch?v=8WZj3xH6dUU,All I need is just someone to love-Moon Tang (cover),yungchingleong,yungchingleong,147.0,131,Halo.,,,
stage5b2-youtube-prior-human-review-v1,stage5b_youtube_prior_v1_094,0K4gxQ2u3545b0GAu85ObO,You Don't Want Me Anymore,Snøw | Teqkoi,You Don't Want Me Anymore,165.0,2019,You Don't Want Me Anymore Snøw,1,lHMYQQa0iFM,https://www.youtube.com/watch?v=lHMYQQa0iFM,Snøw & Teqkoi - you don't want me anymore (Lyrics),Aurora Vibes,Aurora Vibes,166.0,13500953,Discover on Spotify https://ffm.to/av-spotify Stream & Download Spotify - https://spoti.fi/3tWYMIS Apple Music ...,IDEAL,,
stage5b2-youtube-prior-human-review-v1,stage5b_youtube_prior_v1_094,0K4gxQ2u3545b0GAu85ObO,You Don't Want Me Anymore,Snøw | Teqkoi,You Don't Want Me Anymore,165.0,2019,You Don't Want Me Anymore Snøw,2,eYvHGXzDWOQ,https://www.youtube.com/watch?v=eYvHGXzDWOQ,Snøw x Teqkoi ~ You Don't Want Me Anymore,Snøw,Snøw,237.0,549514,Hey everyone I know I haven't dropped anything new lately but I promise I'm working on something dope :) like an EP or ...,,,
stage5b2-youtube-prior-human-review-v1,stage5b_youtube_prior_v1_094,0K4gxQ2u3545b0GAu85ObO,You Don't Want Me Anymore,Snøw | Teqkoi,You Don't Want Me Anymore,165.0,2019,You Don't Want Me Anymore Snøw,3,6nI9dISenG8,https://www.youtube.com/watch?v=6nI9dISenG8,Snøw × Teqkoi ~ You Don't Want Me Anymore,Snøw,Snøw,166.0,161383,Teqkoi https://m.soundcloud.com/teqkoi https://www.instagram.com/teqkoi_/ ...,,,
stage5b2-youtube-prior-human-review-v1,stage5b_youtube_prior_v1_095,2JiDPqdtWRYlmdiaB2KhC6,Weekends With You,Rook1e | Alys | Snoozegod,Weekends With You,121.445,2020,Weekends With You Rook1e,1,TEUXrXXNRSI,https://www.youtube.com/watch?v=TEUXrXXNRSI,"🌳💐 rook1e, alys & snoozegod • weekends with you ∣ lyrics。",miukie,miukie,122.0,58514,ʚ listen on spotify / soundcloud : ∷ https://open.spotify.com/track/2JiDPqdtWRYlmdiaB2KhC6?si=j27IdVK6TfipW2jYLbxRmw ...,IDEAL,,
stage5b2-youtube-prior-human-review-v1,stage5b_youtube_prior_v1_095,2JiDPqdtWRYlmdiaB2KhC6,Weekends With You,Rook1e | Alys | Snoozegod,Weekends With You,121.445,2020,Weekends With You Rook1e,2,8_ZT88X64P4,https://www.youtube.com/watch?v=8_ZT88X64P4,Weekends With You,"Rook1e, Alys & Snoozegod - Topic","Rook1e, Alys & Snoozegod - Topic",122.0,9903,Provided to YouTube by DistroKid Weekends With You · Rook1e · Alys · Snoozegod · Snoozegod · Rook1e Weekends With You ...,,,
stage5b2-youtube-prior-human-review-v1,stage5b_youtube_prior_v1_095,2JiDPqdtWRYlmdiaB2KhC6,Weekends With You,Rook1e | Alys | Snoozegod,Weekends With You,121.445,2020,Weekends With You Rook1e,3,hZ5TClWD5RA,https://www.youtube.com/watch?v=hZ5TClWD5RA,Ballout - The Weekend (feat Chief Keef) - Rookie Of The Year,TheTRussell,TheTRussell,176.0,178761,Ballout - The Weekend (feat Chief Keef) - Rookie Of The Year Ballout - The Weekend (feat Chief Keef) - Rookie Of The Year ...,,,
stage5b2-youtube-prior-human-review-v1,stage5b_youtube_prior_v1_096,2ZWlPOoWh0626oTaHrnl2a,Ivy,Frank Ocean,Blonde,249.191,2016,Ivy Frank Ocean,1,AE005nZeF-A,https://www.youtube.com/watch?v=AE005nZeF-A,Frank Ocean - Ivy,Blonded,Blonded,250.0,79683389,"Frank Ocean - Ivy ℗ Boys Don't Cry Released August 20, 2016.",IDEAL,,
stage5b2-youtube-prior-human-review-v1,stage5b_youtube_prior_v1_096,2ZWlPOoWh0626oTaHrnl2a,Ivy,Frank Ocean,Blonde,249.191,2016,Ivy Frank Ocean,2,CKylNfWWeRk,https://www.youtube.com/watch?v=CKylNfWWeRk,Frank Ocean - Ivy,DynamicVibes,DynamicVibes,252.0,1790790,"Frank Ocean - Ivy Lyrics Stream / Download ""Ivy"": » Frank Ocean https://www.instagram.com/blonded Ivy Lyrics [Chorus] I thought ...",,,
stage5b2-youtube-prior-human-review-v1,stage5b_youtube_prior_v1_096,2ZWlPOoWh0626oTaHrnl2a,Ivy,Frank Ocean,Blonde,249.191,2016,Ivy Frank Ocean,3,5NcsFnSzhms,https://www.youtube.com/watch?v=5NcsFnSzhms,Frank Ocean - Ivy (Music Video),ikisaigo,ikisaigo,250.0,439638,Music: Frank Ocean - Ivy Film: Waves - 2019 DISCLAIMER: The image and audio rights used in this video are respectively from its ...,,,
stage5b2-youtube-prior-human-review-v1,stage5b_youtube_prior_v1_097,69EAMK7p73EcCOwyjwi2Wk,LET GO,City Girl | ry,C-GIRL,231.272,2021,LET GO City Girl,1,bQmyFbctGco,https://www.youtube.com/watch?v=bQmyFbctGco,LET GO (feat. ry),City Girl,City Girl,232.0,117557,Provided to YouTube by DistroKid LET GO (feat. ry) · City Girl · ry C-GIRL ℗ City Girl Records Released on: 2021-04-28 ...,IDEAL,,
stage5b2-youtube-prior-human-review-v1,stage5b_youtube_prior_v1_097,69EAMK7p73EcCOwyjwi2Wk,LET GO,City Girl | ry,C-GIRL,231.272,2021,LET GO City Girl,2,oix7GpMPPVQ,https://www.youtube.com/watch?v=oix7GpMPPVQ,[LYRICS ONLY] Hitkidd & Glorilla FNF (Let's Go) (Remix) (feat. Latto & JT),Hitkidd WIDM,Hitkidd WIDM,248.0,3082391,FNF (Let's Go) (Remix) LYRICS ONLY.,,,
stage5b2-youtube-prior-human-review-v1,stage5b_youtube_prior_v1_097,69EAMK7p73EcCOwyjwi2Wk,LET GO,City Girl | ry,C-GIRL,231.272,2021,LET GO City Girl,3,e9-5ixLfYDc,https://www.youtube.com/watch?v=e9-5ixLfYDc,let go (ry x city girl),ry,ry,232.0,1030,i deserve to b verified as an official artist channel . i do . youtube . i deserve it SPOTIFY: https://spoti.fi/2z9NHL6 APPLE MUSIC: ...,,,
stage5b2-youtube-prior-human-review-v1,stage5b_youtube_prior_v1_098,5vuJuBqwzHJgCA1ysRfwxZ,good kid,Kendrick Lamar,"good kid, m.A.A.d city (Deluxe)",214.12,2012,good kid Kendrick Lamar,1,ABdJX_LxWvQ,https://www.youtube.com/watch?v=ABdJX_LxWvQ,good kid,Kendrick Lamar,Kendrick Lamar,215.0,5938700,"Provided to YouTube by Universal Music Group good kid · Kendrick Lamar good kid, m.A.A.d city ℗ 2012 Aftermath/Interscope ...",IDEAL,,
stage5b2-youtube-prior-human-review-v1,stage5b_youtube_prior_v1_098,5vuJuBqwzHJgCA1ysRfwxZ,good kid,Kendrick Lamar,"good kid, m.A.A.d city (Deluxe)",214.12,2012,good kid Kendrick Lamar,2,MKxy8G3i5AU,https://www.youtube.com/watch?v=MKxy8G3i5AU,Kendrick Lamar   Good Kid Lyrics,Mario Nello,Mario Nello,215.0,118494,,,,
stage5b2-youtube-prior-human-review-v1,stage5b_youtube_prior_v1_098,5vuJuBqwzHJgCA1ysRfwxZ,good kid,Kendrick Lamar,"good kid, m.A.A.d city (Deluxe)",214.12,2012,good kid Kendrick Lamar,3,sGd3v4Mex88,https://www.youtube.com/watch?v=sGd3v4Mex88,good kid - Kendrick Lamar (good kid m.A.A.d city Deluxe),Kendrick Lamar Spotlight,Kendrick Lamar Spotlight,215.0,528218,"For Music Promotion, visit https://motionmarketingusa.com/music-promotion/ Instagram - http://bit.ly/KDotSpotlightIG Twitter ...",,,
stage5b2-youtube-prior-human-review-v1,stage5b_youtube_prior_v1_099,2H3xzzEnqplPFBEj3WfKWI,The Night,Lovewave,Escape Everything,316.511,2020,The Night Lovewave,1,zprCVgMKXT0,https://www.youtube.com/watch?v=zprCVgMKXT0,Lovewave - 그 밤 (The Night),Sungkyung,Sungkyung,317.0,4358591,Copyright. Sungkyung Kim.,IDEAL,,
stage5b2-youtube-prior-human-review-v1,stage5b_youtube_prior_v1_099,2H3xzzEnqplPFBEj3WfKWI,The Night,Lovewave,Escape Everything,316.511,2020,The Night Lovewave,2,sREo49jz9Z8,https://www.youtube.com/watch?v=sREo49jz9Z8,THE NIGHT // LOVEWAVE (LYRICS),1-800-LOVE-U,1-800-LOVE-U,317.0,151287,ARTISTS LINKS♥︎ ☆LOVEWAVE☆ SOUNDCLOUD: https://soundcloud.com/acs-one YOUTUBE CHANNEL: ...,,,
stage5b2-youtube-prior-human-review-v1,stage5b_youtube_prior_v1_099,2H3xzzEnqplPFBEj3WfKWI,The Night,Lovewave,Escape Everything,316.511,2020,The Night Lovewave,3,MtMXCtZ4MAg,https://www.youtube.com/watch?v=MtMXCtZ4MAg,Lovewave – The Night (그 밤) (Lyrics) [CC],Aviencloud,Aviencloud,317.0,15116,Aviencloud – Taking you to a better place ✨ Lovewave – The Night (그 밤) [Soulful Chill] Open me to and support the music ...,,,
stage5b2-youtube-prior-human-review-v1,stage5b_youtube_prior_v1_100,2WBL9IOMvkG1D2auywV5Og,DIFFERENT,LE SSERAFIM,DIFFERENT,141.733,2025,DIFFERENT LE SSERAFIM,1,HFZUAXhdnHk,https://www.youtube.com/watch?v=HFZUAXhdnHk,LE SSERAFIM (르세라핌) 'DIFFERENT' OFFICIAL MV,HYBE LABELS and LE SSERAFIM,HYBE LABELS and LE SSERAFIM,143.0,26850104,LE SSERAFIM (르세라핌) 'DIFFERENT' OFFICIAL MV Visual Creative Team Leader : Yoon Cho Content Production : Yurok Jang ...,IDEAL,,
stage5b2-youtube-prior-human-review-v1,stage5b_youtube_prior_v1_100,2WBL9IOMvkG1D2auywV5Og,DIFFERENT,LE SSERAFIM,DIFFERENT,141.733,2025,DIFFERENT LE SSERAFIM,2,HI9bU2j_Vmc,https://www.youtube.com/watch?v=HI9bU2j_Vmc,LE SSERAFIM (르세라핌) 'DIFFERENT' OFFICIAL PERFORMANCE FILM,HYBE LABELS,HYBE LABELS,154.0,10669604,LE SSERAFIM (르세라핌) 'DIFFERENT' OFFICIAL PERFORMANCE FILM Visual Creative Team Leader : Yoon Cho Content ...,,,
stage5b2-youtube-prior-human-review-v1,stage5b_youtube_prior_v1_100,2WBL9IOMvkG1D2auywV5Og,DIFFERENT,LE SSERAFIM,DIFFERENT,141.733,2025,DIFFERENT LE SSERAFIM,3,_NsiNcE9DGA,https://www.youtube.com/watch?v=_NsiNcE9DGA,LE SSERAFIM DIFFERENT Lyrics (Color Coded Lyrics),Chaereve,Chaereve,142.0,563815,All Administrated by Source Music ............................................................................. Artist: LE SSERAFIM Song: DIFFERENT ...,,,
