review_schema_version,benchmark_id,spotify_track_id,expected_title,expected_artists,expected_album,expected_duration_seconds,expected_release_year,search_query,youtube_rank,candidate_video_id,candidate_url,candidate_title,candidate_uploader,candidate_channel,candidate_duration_seconds,candidate_view_count,candidate_description,candidate_review_label,candidate_note,track_note
stage5b4-representative-v3-human-review-v1,stage5b4_representative_v3_001,4Kpt4pk9xgOlIgu9qvUrxC,walk but in a garden (with mxmtoon),LLusion | mxmtoon,walk but in a garden,112.5,2020,walk but in a garden (with mxmtoon) LLusion,1,agRhbblDcw8,https://www.youtube.com/watch?v=agRhbblDcw8,walk but in a garden (feat. mxmtoon),LLusion,LLusion,114.0,866379,"Official audio for ""walk but in a garden"" by LLusion featuring mxmtoon. Artwork: @six_xoxx ...",,,
stage5b4-representative-v3-human-review-v1,stage5b4_representative_v3_001,4Kpt4pk9xgOlIgu9qvUrxC,walk but in a garden (with mxmtoon),LLusion | mxmtoon,walk but in a garden,112.5,2020,walk but in a garden (with mxmtoon) LLusion,2,VNlhs87CsWA,https://www.youtube.com/watch?v=VNlhs87CsWA,walk but in a garden,LLusion,LLusion,114.0,970415,"Provided to YouTube by Universal Music Group walk but in a garden · LLusion walk but in a garden ℗ 2020 Republic Records, ...",,,
stage5b4-representative-v3-human-review-v1,stage5b4_representative_v3_001,4Kpt4pk9xgOlIgu9qvUrxC,walk but in a garden (with mxmtoon),LLusion | mxmtoon,walk but in a garden,112.5,2020,walk but in a garden (with mxmtoon) LLusion,3,5sxrrCf--IM,https://www.youtube.com/watch?v=5sxrrCf--IM,LLusion - walk but in a garden [feat. mxmtoon] (Official Audio),LLusion,LLusion,111.0,8235,setting off the project with the song that started everything. forever grateful for this flawless addition by @mxmtoon All artwork ...,,,
stage5b4-representative-v3-human-review-v1,stage5b4_representative_v3_002,5btJjUxmhPK1cwdw0mnhRD,"Love, Maybe",SECRET NUMBER,"Love, Maybe (A Business Proposal OST Part.5)",185.0,2022,"Love, Maybe SECRET NUMBER",1,ODPOXBihrYE,https://www.youtube.com/watch?v=ODPOXBihrYE,"[MV] SECRET NUMBER(시크릿넘버) _ Love, Maybe(사랑인가 봐) (사내맞선 OST Part.5) (Special Clip Ver.)",1theK (원더케이),1theK (원더케이),188.0,25843466,"[MV] SECRET NUMBER(시크릿넘버) _ Love, Maybe(사랑인가 봐) (A Business Proposal(사내맞선) OST Part.5) (Special Clip Ver.)",,,
stage5b4-representative-v3-human-review-v1,stage5b4_representative_v3_002,5btJjUxmhPK1cwdw0mnhRD,"Love, Maybe",SECRET NUMBER,"Love, Maybe (A Business Proposal OST Part.5)",185.0,2022,"Love, Maybe SECRET NUMBER",2,RoFqTJbX2uw,https://www.youtube.com/watch?v=RoFqTJbX2uw,"SECRET NUMBER Love, Maybe Easy Lyrics (A Business Proposal OST Part. 5)",Lemonade,Lemonade,186.0,11652220,"Secret Number Love, Maybe Easy Lyrics ..................................................................................... No copyright infringement intended.",,,
stage5b4-representative-v3-human-review-v1,stage5b4_representative_v3_002,5btJjUxmhPK1cwdw0mnhRD,"Love, Maybe",SECRET NUMBER,"Love, Maybe (A Business Proposal OST Part.5)",185.0,2022,"Love, Maybe SECRET NUMBER",3,3CZO7LUzoy8,https://www.youtube.com/watch?v=3CZO7LUzoy8,"[MV] SECRET NUMBER(시크릿넘버) _ Love, Maybe(사랑인가 봐)(A Business Proposal(사내맞선) OST Part.5)",1theK (원더케이),1theK (원더케이),185.0,4040484,"[MV] SECRET NUMBER(시크릿넘버) _ Love, Maybe(사랑인가 봐)(A Business Proposal(사내맞선) OST Part.5) K-POP Wonderland ...",,,
stage5b4-representative-v3-human-review-v1,stage5b4_representative_v3_003,1BJPASQDHGsZNmIYSyPGsF,Falling,SRA | IFCHAN,Falling,185.17,2025,Falling SRA,1,LFpQn44dVJk,https://www.youtube.com/watch?v=LFpQn44dVJk,Falling,SRA,SRA,186.0,82724,Provided to YouTube by Epidemic Sound Falling · SRA · IFCHAN Falling ℗ Epidemic Sound Released on: 2025-06-06 Producer: ...,,,
stage5b4-representative-v3-human-review-v1,stage5b4_representative_v3_003,1BJPASQDHGsZNmIYSyPGsF,Falling,SRA | IFCHAN,Falling,185.17,2025,Falling SRA,2,cG3Ca39UNV8,https://www.youtube.com/watch?v=cG3Ca39UNV8,SRA feat. IFCHAN - Falling (Lyrics),Lyric Wave,Lyric Wave,186.0,1347,If you want to use the music in your content Sign Up for a 30-day free trial here https://www.epidemicsound.com/referral/p3cggx ...,,,
stage5b4-representative-v3-human-review-v1,stage5b4_representative_v3_003,1BJPASQDHGsZNmIYSyPGsF,Falling,SRA | IFCHAN,Falling,185.17,2025,Falling SRA,3,0s4v_cs6rcI,https://www.youtube.com/watch?v=0s4v_cs6rcI,SRA feat. IFCHAN - Falling,Music City,Music City,186.0,285,Welcome to Music City - Variety of Music Genre ➡ Subscribe: https://bit.ly/2W8eX8o Turn on the bell for new upload notification ...,,,
stage5b4-representative-v3-human-review-v1,stage5b4_representative_v3_004,34MqDD3411uJQvXsqpZv3D,"Sorry, I Like You",Burbank,"Sorry, I Like You",122.79,2017,"Sorry, I Like You Burbank",1,GgVcgbtHY9k,https://www.youtube.com/watch?v=GgVcgbtHY9k,burbank - sorry i like you,DEBOIN,DEBOIN,124.0,31260545,[KINGDOM HEARTS SOUND EFFECTS INTENSIFIES] burbank: spotify- https://bit.ly/2qgFMJA ...,,,
stage5b4-representative-v3-human-review-v1,stage5b4_representative_v3_004,34MqDD3411uJQvXsqpZv3D,"Sorry, I Like You",Burbank,"Sorry, I Like You",122.79,2017,"Sorry, I Like You Burbank",2,1kc-armnLqE,https://www.youtube.com/watch?v=1kc-armnLqE,burbank - sorry i like you,e s c a p i s m,e s c a p i s m,124.0,298337,sorry i like you... follow my playlist https://ffm.to/lofisleep stream & download https://bit.ly/390oXFQ burbank ...,,,
stage5b4-representative-v3-human-review-v1,stage5b4_representative_v3_004,34MqDD3411uJQvXsqpZv3D,"Sorry, I Like You",Burbank,"Sorry, I Like You",122.79,2017,"Sorry, I Like You Burbank",3,Fak8t93U7oE,https://www.youtube.com/watch?v=Fak8t93U7oE,burbank - sorry i like you (1 hour version),Chilly Lucas,Chilly Lucas,3703.0,16791,oreginal https://youtu.be/GgVcgbtHY9k.,,,
stage5b4-representative-v3-human-review-v1,stage5b4_representative_v3_005,34ppDRbjfCYRKNQiIWpfCw,thinkin' about u,fcj | Sarah Hemi,thinkin' about u,124.641,2020,thinkin' about u fcj,1,ADeSxzrTLbk,https://www.youtube.com/watch?v=ADeSxzrTLbk,Sarah Hemi & Fcj - Thinkin' About U (Official Music Video),Sarah Hemi ヘミ  セーラ,Sarah Hemi ヘミ  セーラ,131.0,7610,The Official Music Video for 'Thinkin' About U' by Sarah Hemi & Fcj Stream now on all platforms! Spotify ...,,,
stage5b4-representative-v3-human-review-v1,stage5b4_representative_v3_005,34ppDRbjfCYRKNQiIWpfCw,thinkin' about u,fcj | Sarah Hemi,thinkin' about u,124.641,2020,thinkin' about u fcj,2,nTj6wlAWFgw,https://www.youtube.com/watch?v=nTj6wlAWFgw,Fcj & Sarah Hemi - thinkin' about u (Official Lyric Video),Sarah Hemi ヘミ  セーラ,Sarah Hemi ヘミ  セーラ,125.0,34741,Stream thinkin' about u by Fcj & Sarah Hemi: https://open.spotify.com/track/34ppDR... Lyrics: we've been talking every day now ...,,,
stage5b4-representative-v3-human-review-v1,stage5b4_representative_v3_005,34ppDRbjfCYRKNQiIWpfCw,thinkin' about u,fcj | Sarah Hemi,thinkin' about u,124.641,2020,thinkin' about u fcj,3,SKOltRWPv3o,https://www.youtube.com/watch?v=SKOltRWPv3o,💭💌 fcj w. sarah hemi • thinkin' about u ∣ lyrics。,miukie,miukie,125.0,60981,ʚ support miukie : ∷ https://patreon.com/miukiemusic ∷ https://koasun.carrd.co/#miukie ʚ listen on spotify / soundcloud ...,,,
stage5b4-representative-v3-human-review-v1,stage5b4_representative_v3_006,557y7PDrfoG7ZiXE82XPxp,Empyrean,City Girl,Time Falls Like Moonlight,208.32,2018,Empyrean City Girl,1,HZfLrZKJyHk,https://www.youtube.com/watch?v=HZfLrZKJyHk,Empyrean,City Girl,City Girl,209.0,53898,Provided to YouTube by Routenote Empyrean · City Girl Time Falls Like Moonlight ℗ City Girl Released on: 2018-04-02 ...,,,
stage5b4-representative-v3-human-review-v1,stage5b4_representative_v3_006,557y7PDrfoG7ZiXE82XPxp,Empyrean,City Girl,Time Falls Like Moonlight,208.32,2018,Empyrean City Girl,2,sUMgXdtcQu4,https://www.youtube.com/watch?v=sUMgXdtcQu4,Empyrean - City Girl - Solo jam - Walter Orlando,Just Another Guitar Guy,Just Another Guitar Guy,71.0,74,"Found this song on the internet and this happened! My EP ""Camelstar"": https://walterorlando.bandcamp.com/tr​​... Let's meet on ...",,,
stage5b4-representative-v3-human-review-v1,stage5b4_representative_v3_006,557y7PDrfoG7ZiXE82XPxp,Empyrean,City Girl,Time Falls Like Moonlight,208.32,2018,Empyrean City Girl,3,oTlSzRoOmh0,https://www.youtube.com/watch?v=oTlSzRoOmh0,City Girl - Just Dreams in the Static Night,Emporium One,Emporium One,188.0,1159,,,,
stage5b4-representative-v3-human-review-v1,stage5b4_representative_v3_007,113xf7t4qNM7038YJvauik,Nervous,The Neighbourhood,Hard To Imagine The Neighbourhood Ever Changing,245.0,2018,Nervous The Neighbourhood,1,XTDH7gSqwiQ,https://www.youtube.com/watch?v=XTDH7gSqwiQ,The Neighbourhood - Nervous (Official Audio),The Neighbourhood,The Neighbourhood,251.0,46358202,"'Wiped Out' 10th Anniversary vinyl! https://TheNeighbourhood.lnk.to/WO10thYD ""Nervous"" by The Neighbourhood Listen to The ...",,,
stage5b4-representative-v3-human-review-v1,stage5b4_representative_v3_007,113xf7t4qNM7038YJvauik,Nervous,The Neighbourhood,Hard To Imagine The Neighbourhood Ever Changing,245.0,2018,Nervous The Neighbourhood,2,KNAU8Ozm1wU,https://www.youtube.com/watch?v=KNAU8Ozm1wU,Nervous - The Neighbourhood Lyrics,Atlas:),Atlas:),252.0,3035005,SURPRISE!!!!1!1! This is a 4k sub special. I spent a lot of time on this cheap editor on my phone and Im actually happy with the ...,,,
stage5b4-representative-v3-human-review-v1,stage5b4_representative_v3_007,113xf7t4qNM7038YJvauik,Nervous,The Neighbourhood,Hard To Imagine The Neighbourhood Ever Changing,245.0,2018,Nervous The Neighbourhood,3,pYWBMZuIHcQ,https://www.youtube.com/watch?v=pYWBMZuIHcQ,The Neighbourhood - Nervous (Lyrics),sugarTap,sugarTap,251.0,175112,The Neighbourhood - Nervous (Lyrics) Stream/Download: https://open.spotify.com/track/113xf7t4qNM7038YJvauik Follow ...,,,
stage5b4-representative-v3-human-review-v1,stage5b4_representative_v3_008,66m2a9UzbcQonTW9vgga2D,Ellipsis,City Girl | tiffi,Chroma Velocity,240.0,2019,Ellipsis City Girl,1,45aZMdSEbeQ,https://www.youtube.com/watch?v=45aZMdSEbeQ,Ellipsis (feat. Tiffi),City Girl,City Girl,240.0,105676,Provided to YouTube by DistroKid Ellipsis (feat. Tiffi) · City Girl · Tiffi Chroma Velocity ℗ City Girl Records Released on: ...,,,
stage5b4-representative-v3-human-review-v1,stage5b4_representative_v3_008,66m2a9UzbcQonTW9vgga2D,Ellipsis,City Girl | tiffi,Chroma Velocity,240.0,2019,Ellipsis City Girl,2,1Xq7ETjBsIM,https://www.youtube.com/watch?v=1Xq7ETjBsIM,City Girl - easy (ft. ry),City Girl,City Girl,169.0,85822,stream on ▻Spotify: https://spoti.fi/32tmhgZ ▻Apple Music: https://apple.co/2RpAmWv art by breadpanini ▻Instagram: ...,,,
stage5b4-representative-v3-human-review-v1,stage5b4_representative_v3_008,66m2a9UzbcQonTW9vgga2D,Ellipsis,City Girl | tiffi,Chroma Velocity,240.0,2019,Ellipsis City Girl,3,61HNs5Sh_gg,https://www.youtube.com/watch?v=61HNs5Sh_gg,city girl | chroma velocity [full album],City Girl,City Girl,2687.0,897085,stream on spotify ▻ https://spoti.fi/30yu9vW buy on bandcamp ▻ https://city-girl.bandcamp.com CD+Sticker+Digital Download: ...,,,
stage5b4-representative-v3-human-review-v1,stage5b4_representative_v3_009,2QB8FwOszur18Ai7t2XnNi,Anything You Want,Reality Club,Anything You Want,236.493,2022,Anything You Want Reality Club,1,FKijnRja8is,https://www.youtube.com/watch?v=FKijnRja8is,Reality Club - Anything You Want (Official Lyric Video),REALITY CLUB,REALITY CLUB,237.0,41611966,Official lyric video of “Anything You Want” performed by Reality Club Edited by Stefany Patricia Phije Music Video Directed by ...,,,
stage5b4-representative-v3-human-review-v1,stage5b4_representative_v3_009,2QB8FwOszur18Ai7t2XnNi,Anything You Want,Reality Club,Anything You Want,236.493,2022,Anything You Want Reality Club,2,g0PITtwIPiY,https://www.youtube.com/watch?v=g0PITtwIPiY,Reality Club - Anything You Want (Official Music Video),REALITY CLUB,REALITY CLUB,277.0,10745612,Official music video of “Anything You Want” performed by Reality Club Directed by Fathia Izzati Director of Photography: Baday ...,,,
stage5b4-representative-v3-human-review-v1,stage5b4_representative_v3_009,2QB8FwOszur18Ai7t2XnNi,Anything You Want,Reality Club,Anything You Want,236.493,2022,Anything You Want Reality Club,3,Vg6VJDEx5tk,https://www.youtube.com/watch?v=Vg6VJDEx5tk,Anything You Want - Reality Club 🇮🇩🇮🇩 (Lirik Lagu Terjemahan) ~ The same song on repeat,DeLirik,DeLirik,251.0,2513536,Lirik lagu dan terjemahan bahasa indonesia. Judul : Anything You Want 🎙️ Penyanyi : Reality Club Jangan lupa untuk ...,,,
stage5b4-representative-v3-human-review-v1,stage5b4_representative_v3_011,6wIZ0Yct9aMra5kHMDk5mG,AhChoo!,bobae,AhChoo!,175.718,2022,AhChoo! bobae,1,HLHsH5f8M3A,https://www.youtube.com/watch?v=HLHsH5f8M3A,bobae - 에취! (AhChoo!) Live Clip,STONE MUSIC,STONE MUSIC,187.0,18270,"bobae - 에취! (AhChoo!) Live Clip bobae ""에취! (AhChoo!)"" 싫어도 피할 수 없는 누군가에게 [Credit] Executive produced by (주) 인 ...",,,
stage5b4-representative-v3-human-review-v1,stage5b4_representative_v3_011,6wIZ0Yct9aMra5kHMDk5mG,AhChoo!,bobae,AhChoo!,175.718,2022,AhChoo! bobae,2,4B1Qa7_LqVU,https://www.youtube.com/watch?v=4B1Qa7_LqVU,bobae - 에취! (AhChoo!) [ 가사해석 / Lyrics / 한글번역 ],[뮤그]Musicgrey뮤직그레이,[뮤그]Musicgrey뮤직그레이,226.0,1154,bobae #에취!,,,
stage5b4-representative-v3-human-review-v1,stage5b4_representative_v3_011,6wIZ0Yct9aMra5kHMDk5mG,AhChoo!,bobae,AhChoo!,175.718,2022,AhChoo! bobae,3,pP2TgU_Hm1c,https://www.youtube.com/watch?v=pP2TgU_Hm1c,[Teaser] bobae - 에취! (AhChoo!)  Live Clip,인플래닛 INPLANET MUSIC,인플래닛 INPLANET MUSIC,24.0,188,c( 'o')っ   bobae 에취! (AhChoo!) 𝟤𝟢𝟤𝟤/𝟢𝟧/𝟢𝟥 𝟣𝟤𝖯𝖬(𝖪𝖲𝖳) bobae Official Instagram ...,,,
stage5b4-representative-v3-human-review-v1,stage5b4_representative_v3_012,102YUQbYmwdBXS7jwamI90,Good Graces,Sabrina Carpenter,Short n' Sweet,185.265,2024,Good Graces Sabrina Carpenter,1,alYCYZvB3yo,https://www.youtube.com/watch?v=alYCYZvB3yo,Sabrina Carpenter - Good Graces (Official Lyric Video),Sabrina Carpenter,Sabrina Carpenter,187.0,25960870,"Listen to Short n' Sweet, out now: https://sabrinacarpenter.lnk.to/ShortNSweet Watch all Short n' Sweet videos her: ...",,,
stage5b4-representative-v3-human-review-v1,stage5b4_representative_v3_012,102YUQbYmwdBXS7jwamI90,Good Graces,Sabrina Carpenter,Short n' Sweet,185.265,2024,Good Graces Sabrina Carpenter,2,3FPEYy9Kc9o,https://www.youtube.com/watch?v=3FPEYy9Kc9o,Good Graces,Sabrina Carpenter,Sabrina Carpenter,186.0,7244376,"Provided to YouTube by Universal Music Group Good Graces · Sabrina Carpenter Short n' Sweet ℗ 2024 Island Records, ...",,,
stage5b4-representative-v3-human-review-v1,stage5b4_representative_v3_012,102YUQbYmwdBXS7jwamI90,Good Graces,Sabrina Carpenter,Short n' Sweet,185.265,2024,Good Graces Sabrina Carpenter,3,6CuOXaP9L9k,https://www.youtube.com/watch?v=6CuOXaP9L9k,Sabrina Carpenter - Good Graces (Music Video),Estu H,Estu H,187.0,37298,sabrina #sabrinacarpenter #carpenter #carpentersongs #carpenters #goodgraces #shortnsweet #fanmusicvideo #fanedit ...,,,
stage5b4-representative-v3-human-review-v1,stage5b4_representative_v3_013,1iIA7sgGFDMh0yuSJIdHS6,everywhere and nowhere,albie,everywhere and nowhere,196.776,2022,everywhere and nowhere albie,1,ZKxUXsroCbg,https://www.youtube.com/watch?v=ZKxUXsroCbg,albie | everywhere and nowhere,albie,albie,210.0,42155,"""Every rejection, every disappointment, has led you here to this moment"" albie: ▻Discord: https://discord.gg/thealbertchang ...",,,
stage5b4-representative-v3-human-review-v1,stage5b4_representative_v3_013,1iIA7sgGFDMh0yuSJIdHS6,everywhere and nowhere,albie,everywhere and nowhere,196.776,2022,everywhere and nowhere albie,2,oXajml_Y42Y,https://www.youtube.com/watch?v=oXajml_Y42Y,albie | what i want,albie,albie,206.0,144200,albie: ▻Spotify: https://sptfy.com/5joj ▻Twitch: https://twitch.tv/thealbertchang ▻Twitter: https://twitter.com/thealbertchang ...,,,
stage5b4-representative-v3-human-review-v1,stage5b4_representative_v3_013,1iIA7sgGFDMh0yuSJIdHS6,everywhere and nowhere,albie,everywhere and nowhere,196.776,2022,everywhere and nowhere albie,3,x6cml1K5B3M,https://www.youtube.com/watch?v=x6cml1K5B3M,Nowhere Then Everywhere (Original),FutureRice23,FutureRice23,252.0,74,"Just a really cool impromptu car trick that I came up with. If it isn't original, just tell me in the comments below and I am taking any ...",,,
stage5b4-representative-v3-human-review-v1,stage5b4_representative_v3_014,5zKSgGvk39cXAEIx490fUH,WII DATE,City Girl | tiffi | Highvyn | siopaolo,C-GIRL,178.064,2021,WII DATE City Girl,1,RnjNRC2Jdvo,https://www.youtube.com/watch?v=RnjNRC2Jdvo,"city girl | wii date (feat. tiffi, highvyn, siopaolo)",City Girl,City Girl,179.0,317241,stream on ▻ Spotify: https://spoti.fi/3pLGUym ▻ Apple Music: https://apple.co/3rb49SO city girl ▻ https://twitter.com/citygirltime ...,,,
stage5b4-representative-v3-human-review-v1,stage5b4_representative_v3_014,5zKSgGvk39cXAEIx490fUH,WII DATE,City Girl | tiffi | Highvyn | siopaolo,C-GIRL,178.064,2021,WII DATE City Girl,2,2Twi3aq3u_U,https://www.youtube.com/watch?v=2Twi3aq3u_U,"WII DATE (feat. tiffi, highvyn & siopaolo)",City Girl,City Girl,179.0,185366,"Provided to YouTube by DistroKid WII DATE (feat. tiffi, highvyn & siopaolo) · City Girl · tiffi · highvyn · siopaolo C-GIRL ℗ City Girl ...",,,
stage5b4-representative-v3-human-review-v1,stage5b4_representative_v3_014,5zKSgGvk39cXAEIx490fUH,WII DATE,City Girl | tiffi | Highvyn | siopaolo,C-GIRL,178.064,2021,WII DATE City Girl,3,CGbRjhx-jgc,https://www.youtube.com/watch?v=CGbRjhx-jgc,"⭐Wii Date by City Girl (feat. Tiffi, Highvyn, Siopaolo) 🚀 an Animated Lyric Video",darandan,darandan,75.0,70,A short lyric video I made for an editing class :)! rly love this song by city girl Youtube: @darandan Instagram: ...,,,
stage5b4-representative-v3-human-review-v1,stage5b4_representative_v3_015,7o9Cx0cQf2eDCrgzzbQNfv,Hold Me,Mishaal Tamer,Hold Me,103.924,2018,Hold Me Mishaal Tamer,1,HxVGcy79-Uc,https://www.youtube.com/watch?v=HxVGcy79-Uc,Hold Me,Mishaal Tamer | مشعل تمر,Mishaal Tamer | مشعل تمر,104.0,23788,Provided to YouTube by DistroKid Hold Me · Mishaal Hold Me ℗ 820223 Records DK Released on: 2018-03-28 Auto-generated ...,,,
stage5b4-representative-v3-human-review-v1,stage5b4_representative_v3_015,7o9Cx0cQf2eDCrgzzbQNfv,Hold Me,Mishaal Tamer,Hold Me,103.924,2018,Hold Me Mishaal Tamer,2,4AYUwgNcfSo,https://www.youtube.com/watch?v=4AYUwgNcfSo,MASN - Hold Me (Lyrics) ft. Mishaal,Urban Paradise,Urban Paradise,220.0,168887,Welcome to Paradise Your Home For The Best Urban Music With Lyrics! MASN - Hold Me (feat. Mishaal) Lyrics / Lyric Video ...,,,
stage5b4-representative-v3-human-review-v1,stage5b4_representative_v3_015,7o9Cx0cQf2eDCrgzzbQNfv,Hold Me,Mishaal Tamer,Hold Me,103.924,2018,Hold Me Mishaal Tamer,3,iEQsUJBuwlI,https://www.youtube.com/watch?v=iEQsUJBuwlI,MASN - Hold Me (feat. Mishaal) [Official Lyric Video],MASN,MASN,219.0,877613,Stream/Download: https://masn.lnk.to/HowToKillARockstarID Follow MASN Here: https://instagram.com/masonrupper ...,,,
stage5b4-representative-v3-human-review-v1,stage5b4_representative_v3_016,1KD8juWhiZFJv0gcSpZVSQ,Start To Shine (feat. Gaeko),Gyubin | Gaeko,Start To Shine (feat. Gaeko),192.013,2023,Start To Shine (feat. Gaeko) Gyubin,1,RNL3BXM8Nn4,https://www.youtube.com/watch?v=RNL3BXM8Nn4,규빈 (Gyubin) - Start To Shine (feat.개코) [Music Video],워너뮤직코리아 (Warner Music Korea),워너뮤직코리아 (Warner Music Korea),203.0,156693,규빈 (Gyubin) - Start To Shine (feat.개코) [Music Video] #규빈 #Gyubin #StartToShine #개코.,,,
stage5b4-representative-v3-human-review-v1,stage5b4_representative_v3_016,1KD8juWhiZFJv0gcSpZVSQ,Start To Shine (feat. Gaeko),Gyubin | Gaeko,Start To Shine (feat. Gaeko),192.013,2023,Start To Shine (feat. Gaeko) Gyubin,2,hcv5E1JSerQ,https://www.youtube.com/watch?v=hcv5E1JSerQ,Gyubin (규빈) Feat. Gaeko (개코) - Start To Shine [가사],Music Time | 뮤직 타임,Music Time | 뮤직 타임,193.0,111833,Gyubin (규빈) Feat. Gaeko (개코) - Start To Shine [가사] _ 아티스트:규빈 앨범 종류:싱글 발매일:2023.11.06 장르:알앤비/소울 ...,,,
stage5b4-representative-v3-human-review-v1,stage5b4_representative_v3_016,1KD8juWhiZFJv0gcSpZVSQ,Start To Shine (feat. Gaeko),Gyubin | Gaeko,Start To Shine (feat. Gaeko),192.013,2023,Start To Shine (feat. Gaeko) Gyubin,3,y8nfIXJJsZA,https://www.youtube.com/watch?v=y8nfIXJJsZA,규빈(Gyubin) – Start To Shine Feat.개코(Gaeko) MV,규빈 Gyubin_Official,규빈 Gyubin_Official,203.0,192738,GYUBIN PRE-DEBUT COLLABORATION PROJECT VOL.2 규빈(Gyubin) - Start To Shine Feat.개코(Gaeko) Official Music Video ...,,,
stage5b4-representative-v3-human-review-v1,stage5b4_representative_v3_017,7t4Z19BqZ23ExgdiOP0nf6,LIKE YOU BETTER,fromis_9,From Our 20's,185.026,2025,LIKE YOU BETTER fromis_9,1,r1QapH1SIAI,https://www.youtube.com/watch?v=r1QapH1SIAI,fromis_9 (프로미스나인) 'LIKE YOU BETTER' MV,fromis_9,fromis_9,208.0,27992294,fromis_9 (프로미스나인) 'LIKE YOU BETTER' MV The 6th Mini Album [From Our 20's] https://lnk.to/from_our_20s_ Official ...,,,
stage5b4-representative-v3-human-review-v1,stage5b4_representative_v3_017,7t4Z19BqZ23ExgdiOP0nf6,LIKE YOU BETTER,fromis_9,From Our 20's,185.026,2025,LIKE YOU BETTER fromis_9,2,4pXfGL4tiTE,https://www.youtube.com/watch?v=4pXfGL4tiTE,[CORRECT] fromis_9 LIKE YOU BETTER Lyrics (Color Coded Lyrics),Chaereve,Chaereve,186.0,242552,All Administrated by ASND Ent. ............................................................................. Artist: fromis_9 Song: LIKE YOU BETTER ...,,,
stage5b4-representative-v3-human-review-v1,stage5b4_representative_v3_017,7t4Z19BqZ23ExgdiOP0nf6,LIKE YOU BETTER,fromis_9,From Our 20's,185.026,2025,LIKE YOU BETTER fromis_9,3,yKubx4arhM4,https://www.youtube.com/watch?v=yKubx4arhM4,[뮤뱅 원테이크 4K] 프로미스나인(fromis_9) 'LIKE YOU BETTER' Bonus Ver. @뮤직뱅크(Music Bank) 250627,KBS Kpop,KBS Kpop,213.0,4269619,fromis_9 #LIKEYOUBETTER #원테이크 #원테이크4K More from #KBSKPOP Twitter: https://twitter.com/StudioK_twt Instagram: ...,,,
stage5b4-representative-v3-human-review-v1,stage5b4_representative_v3_018,0W9zXX7ufvXZ8XsfKAhmIw,Oasis,Mr. Hong | Rosy | Alberto Droguett,Vacation (Vocals),177.692,2019,Oasis Mr. Hong,1,dGZdKxNzH-g,https://www.youtube.com/watch?v=dGZdKxNzH-g,Oasis (feat. Alberto Droguett),mr. hong,mr. hong,178.0,12910,Provided to YouTube by DistroKid Oasis (feat. Alberto Droguett) · Mr. Hong · Alberto Droguett Vacation ℗ Mr. Hong Released on: ...,,,
stage5b4-representative-v3-human-review-v1,stage5b4_representative_v3_018,0W9zXX7ufvXZ8XsfKAhmIw,Oasis,Mr. Hong | Rosy | Alberto Droguett,Vacation (Vocals),177.692,2019,Oasis Mr. Hong,2,NBoKEleEhhA,https://www.youtube.com/watch?v=NBoKEleEhhA,Oasis (feat. Rosy & Alberto Droguett),mr. hong,mr. hong,178.0,11896,Provided to YouTube by DistroKid Oasis (feat. Rosy & Alberto Droguett) · Mr. Hong · Rosy · Alberto Droguett Vacation (Vocals) ...,,,
stage5b4-representative-v3-human-review-v1,stage5b4_representative_v3_018,0W9zXX7ufvXZ8XsfKAhmIw,Oasis,Mr. Hong | Rosy | Alberto Droguett,Vacation (Vocals),177.692,2019,Oasis Mr. Hong,3,Ya71XE3jx8Y,https://www.youtube.com/watch?v=Ya71XE3jx8Y,mr. hong - oasis (feat. rosy and alberto droguett),danielions music,danielions music,178.0,15617,http://danielions.com mr. hong - oasis (feat. rosy and alberto droguett) ...,,,
stage5b4-representative-v3-human-review-v1,stage5b4_representative_v3_019,5qzjaUWNihLEG3dOhRlJ3N,Gossamer Dress,City Girl | Ibrahim,Somnolent Nova,213.698,2019,Gossamer Dress City Girl,1,sFcnjX2yVqQ,https://www.youtube.com/watch?v=sFcnjX2yVqQ,Gossamer Dress (feat. Ibrahim),City Girl,City Girl,214.0,126695,Provided to YouTube by DistroKid Gossamer Dress (feat. Ibrahim) · City Girl · Ibrahim Somnolent Nova ℗ City Girl Records ...,,,
stage5b4-representative-v3-human-review-v1,stage5b4_representative_v3_019,5qzjaUWNihLEG3dOhRlJ3N,Gossamer Dress,City Girl | Ibrahim,Somnolent Nova,213.698,2019,Gossamer Dress City Girl,2,z5CW8rDBz-0,https://www.youtube.com/watch?v=z5CW8rDBz-0,ibrahim - gossamer dress (ft. City Girl),Ambition,Ambition,215.0,45410,ibrahim https://soundcloud.com/ibr https://twitter.com/ibrbeats https://open.spotify.com/artist/38osEo6ebgNhOrlD5Xi4iZ City Girl ...,,,
stage5b4-representative-v3-human-review-v1,stage5b4_representative_v3_019,5qzjaUWNihLEG3dOhRlJ3N,Gossamer Dress,City Girl | Ibrahim,Somnolent Nova,213.698,2019,Gossamer Dress City Girl,3,oEzjlt1_rQc,https://www.youtube.com/watch?v=oEzjlt1_rQc,➥ ibrahim - gossamer dress (ft. City Girl),N3ko,N3ko,220.0,136,ibrahim - gossamer dress (ft. City Girl) ◼◼◼◼◼◼◼◼◼◼◼◼◼◼◼◼◼◼◼◼◼◼◼◼ Genre : #Chill #Relaxing ...,,,
stage5b4-representative-v3-human-review-v1,stage5b4_representative_v3_020,6RyoC29FTgZAr2RV8Dp3Jn,Endless Steps Through the Concrete Woods and into Your Heart,City Girl,Snow Rose,183.187,2017,Endless Steps Through the Concrete Woods and into Your Heart City Girl,1,r1mvO6CwuSI,https://www.youtube.com/watch?v=r1mvO6CwuSI,city girl ~ endless steps through the concrete woods and into your heart,City Girl,City Girl,184.0,41996,art by vickisigh: https://twitter.com/vickisigh/status/1336421869902200832/photo/1 ▻ soundcloud: https://soundcloud.com/citygrl ...,,,
stage5b4-representative-v3-human-review-v1,stage5b4_representative_v3_020,6RyoC29FTgZAr2RV8Dp3Jn,Endless Steps Through the Concrete Woods and into Your Heart,City Girl,Snow Rose,183.187,2017,Endless Steps Through the Concrete Woods and into Your Heart City Girl,2,mcS_aiIejZo,https://www.youtube.com/watch?v=mcS_aiIejZo,City Girl - Endless Steps Through the Concrete Woods and into Your Heart,Emporium One,Emporium One,185.0,18,,,,
stage5b4-representative-v3-human-review-v1,stage5b4_representative_v3_020,6RyoC29FTgZAr2RV8Dp3Jn,Endless Steps Through the Concrete Woods and into Your Heart,City Girl,Snow Rose,183.187,2017,Endless Steps Through the Concrete Woods and into Your Heart City Girl,3,BzJwN1PAQ2U,https://www.youtube.com/watch?v=BzJwN1PAQ2U,City Girl - endless steps through the concrete woods and into your heart,Furemu フレム,Furemu フレム,184.0,590,City Girl Soundcloud: https://soundcloud.com/citygrl Twitter: https://mobile.twitter.com/citygirltime Tumblr: ...,,,
stage5b4-representative-v3-human-review-v1,stage5b4_representative_v3_021,4Z7GDA2zUrmz0EawisL1QG,Dulcet Slumber,City Girl | tiffi,Goddess of the Hollow,244.398,2020,Dulcet Slumber City Girl,1,TVNxamzCotA,https://www.youtube.com/watch?v=TVNxamzCotA,Dulcet Slumber (feat. Tiffi),City Girl,City Girl,245.0,87176,Provided to YouTube by DistroKid Dulcet Slumber (feat. Tiffi) · City Girl · Tiffi Goddess of the Hollow ℗ City Girl Records Released ...,,,
stage5b4-representative-v3-human-review-v1,stage5b4_representative_v3_021,4Z7GDA2zUrmz0EawisL1QG,Dulcet Slumber,City Girl | tiffi,Goddess of the Hollow,244.398,2020,Dulcet Slumber City Girl,2,v88OYmv4EpY,https://www.youtube.com/watch?v=v88OYmv4EpY,City Girl - Dulcet Slumber (feat. Tiffi) [slowed & reverb],purple kitten,purple kitten,306.0,528,"Very chill track I listened to while working and could not find any slowed versions of it. The entire credit goes to City Girl, Tiffi and ...",,,
stage5b4-representative-v3-human-review-v1,stage5b4_representative_v3_021,4Z7GDA2zUrmz0EawisL1QG,Dulcet Slumber,City Girl | tiffi,Goddess of the Hollow,244.398,2020,Dulcet Slumber City Girl,3,uI05wlkoskQ,https://www.youtube.com/watch?v=uI05wlkoskQ,City Girl - Dulcet Slumber {feat. Tiffi} {Slowed} {One Hour},Livi,Livi,3819.0,73,"Welcome! Thank you for viewing and listening to my video! Music isn't by me, I only slowed it down. Enjoy the music and relax ^v^ ...",,,
stage5b4-representative-v3-human-review-v1,stage5b4_representative_v3_022,4AHNi316rl3KI3hKIsdxZe,Restless,BIBI,LISTEN 035 Restless,267.08,2020,Restless BIBI,1,se4Xsgb0qGk,https://www.youtube.com/watch?v=se4Xsgb0qGk,[MV] BIBI(비비) _ Restless(신경쓰여) (LISTEN 035),1theK (원더케이),1theK (원더케이),268.0,2812522,"[MV] BIBI(비비) _ Restless(신경쓰여) (LISTEN 035) K-POP Wonderland, 1theK K-POP의 모든 즐거움을 1theK(원더케이)에서 만나 ...",,,
stage5b4-representative-v3-human-review-v1,stage5b4_representative_v3_022,4AHNi316rl3KI3hKIsdxZe,Restless,BIBI,LISTEN 035 Restless,267.08,2020,Restless BIBI,2,xUiMRfn-YPE,https://www.youtube.com/watch?v=xUiMRfn-YPE,[I'm LIVE] BIBI (비비) & Restless (신경쓰여),I'm LIVE | 아임라이브,I'm LIVE | 아임라이브,259.0,98676,"예측불가, 대체 불가 신예 뮤지션 '비비' Joining us on this week's I'm LIVE is super-talented singer, rapper, and songwriter BIBI!",,,
stage5b4-representative-v3-human-review-v1,stage5b4_representative_v3_022,4AHNi316rl3KI3hKIsdxZe,Restless,BIBI,LISTEN 035 Restless,267.08,2020,Restless BIBI,3,60bTG8hvD_4,https://www.youtube.com/watch?v=60bTG8hvD_4,BIBI - Restless (신경쓰여) [Audio],2A1.Trương Thị Phương Anh,2A1.Trương Thị Phương Anh,268.0,6844,BIBI - Restless [Audio] Lyrics: [Verse 1] Bul kkeojin bangan dwinggulda Jeonhwaneun wae jamman jal jago Hoksi geunyang ...,,,
stage5b4-representative-v3-human-review-v1,stage5b4_representative_v3_023,1kNS8oeX42WP0HWHO9affg,L's Theme,Lofi Fruits Music | Tempura,Pai Sho,135.041,2021,L's Theme Lofi Fruits Music,1,gjf8y_LG_8E,https://www.youtube.com/watch?v=gjf8y_LG_8E,L's Theme [Lofi Fruits Release],Lofi Fruits,Lofi Fruits,136.0,118125,L's Theme [Lofi Fruits Release] The best Lofi Hip Hop & Chill Music playlist: ...,,,
stage5b4-representative-v3-human-review-v1,stage5b4_representative_v3_023,1kNS8oeX42WP0HWHO9affg,L's Theme,Lofi Fruits Music | Tempura,Pai Sho,135.041,2021,L's Theme Lofi Fruits Music,2,EQLJ1I3CFfg,https://www.youtube.com/watch?v=EQLJ1I3CFfg,L's theme lofi (death note),Cadred,Cadred,207.0,25707,My Spotify https://open.spotify.com/artist/0SPgkldLRPF6FRwngmfjpH?si=mofiW58gRiu_CLW15SEysQ ▻ Art ...,,,
stage5b4-representative-v3-human-review-v1,stage5b4_representative_v3_023,1kNS8oeX42WP0HWHO9affg,L's Theme,Lofi Fruits Music | Tempura,Pai Sho,135.041,2021,L's Theme Lofi Fruits Music,3,SMgff2QIwsE,https://www.youtube.com/watch?v=SMgff2QIwsE,L's Theme,Piano Fruits Music - Topic,Piano Fruits Music - Topic,135.0,2385,Provided to YouTube by Strange Fruits L's Theme · Piano Fruits Music · Benjamin Cambridge Ambient Fruits Music Vol.,,,
stage5b4-representative-v3-human-review-v1,stage5b4_representative_v3_024,4A9j01WZ16YMCaovAcHy61,it was like that,FION,it was like that,247.122,2023,it was like that FION,1,sa_yvkixVJY,https://www.youtube.com/watch?v=sa_yvkixVJY,it was like that,FION - Topic,FION - Topic,248.0,2877,Provided to YouTube by DistroKid it was like that · FION · Timothy Choy · Jhonatan Velasquez · Mike Cervantes · Kristy Law it was ...,,,
stage5b4-representative-v3-human-review-v1,stage5b4_representative_v3_024,4A9j01WZ16YMCaovAcHy61,it was like that,FION,it was like that,247.122,2023,it was like that FION,2,ZVkuVOH0MhQ,https://www.youtube.com/watch?v=ZVkuVOH0MhQ,"Fiona Apple reciting the ""When the pawn"" poem in 1997",Jennifer C,Jennifer C,39.0,73413,When the pawn hits the conflicts he thinks like a king What he knows throws the blows when he goes to the fight And he'll win the ...,,,
stage5b4-representative-v3-human-review-v1,stage5b4_representative_v3_024,4A9j01WZ16YMCaovAcHy61,it was like that,FION,it was like that,247.122,2023,it was like that FION,3,7kLQN-YuQgU,https://www.youtube.com/watch?v=7kLQN-YuQgU,stan twitter: fiona is that a ghost behind you,💙Liam Moore💙,💙Liam Moore💙,51.0,191611,,,,
stage5b4-representative-v3-human-review-v1,stage5b4_representative_v3_025,5byXSKd7QOHtVMOiptklBD,i swear i'll never leave again,keshi,THE REAPER,173.716,2018,i swear i'll never leave again keshi,1,AJ75-7IIjRs,https://www.youtube.com/watch?v=AJ75-7IIjRs,i swear i'll never leave again,keshi,keshi,174.0,4868988,Provided to YouTube by Label Engine i swear i'll never leave again · keshi The Reaper ℗ United Common Records Released on: ...,,,
stage5b4-representative-v3-human-review-v1,stage5b4_representative_v3_025,5byXSKd7QOHtVMOiptklBD,i swear i'll never leave again,keshi,THE REAPER,173.716,2018,i swear i'll never leave again keshi,2,f6jbo0Qudrs,https://www.youtube.com/watch?v=f6jbo0Qudrs,keshi - i swear i'll never leave again (Lyrics),TheGoodVibe,TheGoodVibe,173.0,810528,' keshi - i swear i'll never leave again ' ♫ ⤷ https://goo.gl/6Zvfoy Find us on Spotify!: https://lnk.to/allgood-vibe https://lnk.to/3-am ...,,,
stage5b4-representative-v3-human-review-v1,stage5b4_representative_v3_025,5byXSKd7QOHtVMOiptklBD,i swear i'll never leave again,keshi,THE REAPER,173.716,2018,i swear i'll never leave again keshi,3,ZT_uB68BUI4,https://www.youtube.com/watch?v=ZT_uB68BUI4,i swear i'll never leave again,keshi,keshi,174.0,2870233,Provided to YouTube by Record Union i swear i'll never leave again · keshi THE REAPER ℗ 2018 Casey Luong Released on: ...,,,
stage5b4-representative-v3-human-review-v1,stage5b4_representative_v3_026,7cLvLpnhpnQtea3ETMYgV5,Never Go Wrong,Nicky Youre | david hugo,Never Go Wrong,155.962,2022,Never Go Wrong Nicky Youre,1,fLVI_rnOcDQ,https://www.youtube.com/watch?v=fLVI_rnOcDQ,"Nicky Youre, david hugo - Never Go Wrong",Nicky Youre,Nicky Youre,165.0,1128023,Stream “Never” Go Wrong” now: https://ffm.to/nevergowrong A Vision Kid Films Production Performed By: Nicky Youre & David ...,,,
stage5b4-representative-v3-human-review-v1,stage5b4_representative_v3_026,7cLvLpnhpnQtea3ETMYgV5,Never Go Wrong,Nicky Youre | david hugo,Never Go Wrong,155.962,2022,Never Go Wrong Nicky Youre,2,-TCrJnZlV5U,https://www.youtube.com/watch?v=-TCrJnZlV5U,Nicky Youre & David Hugo - Never Go Wrong (Lyrics),SauceOnly,SauceOnly,156.0,299396,stream: https://ffm.to/nevergowrong Nicky Youre & David Hugo - Never Go Wrong (Lyrics) Help us reach 500000 subscribers ...,,,
stage5b4-representative-v3-human-review-v1,stage5b4_representative_v3_026,7cLvLpnhpnQtea3ETMYgV5,Never Go Wrong,Nicky Youre | david hugo,Never Go Wrong,155.962,2022,Never Go Wrong Nicky Youre,3,5ObPqdq0HKY,https://www.youtube.com/watch?v=5ObPqdq0HKY,Nicky Youre & David Hugo - Never Go Wrong,Chill Nation,Chill Nation,155.0,59803,Nicky Youre & David Hugo - Never Go Wrong STREAM NOW: https://trapnation.komi.io Nicky Youre ...,,,
stage5b4-representative-v3-human-review-v1,stage5b4_representative_v3_027,41CgzGD7xlgnJe14R4cqkL,Paris in the Rain,LAUV,I met you when I was 18. (the playlist),204.712,2018,Paris in the Rain LAUV,1,kOCkne-Bku4,https://www.youtube.com/watch?v=kOCkne-Bku4,Lauv - Paris in the Rain [Official Video],Lauv,Lauv,217.0,209018385,"Lauv's debut album, ~how i'm feeling~ is available now: http://lauv.lnk.to/howimfeelingYD I met you when I was 18. is a collection ...",,,
stage5b4-representative-v3-human-review-v1,stage5b4_representative_v3_027,41CgzGD7xlgnJe14R4cqkL,Paris in the Rain,LAUV,I met you when I was 18. (the playlist),204.712,2018,Paris in the Rain LAUV,2,JZELmUooBlY,https://www.youtube.com/watch?v=JZELmUooBlY,Lauv - Paris In The Rain (Lyric Video),Koala Kontrol,Koala Kontrol,206.0,60430220,check out my spotify playlist - http://spoti.fi/293vj6r Follow Lauv's playlist at: http://lauv.lnk.to/imywiw18 • Download ...,,,
stage5b4-representative-v3-human-review-v1,stage5b4_representative_v3_027,41CgzGD7xlgnJe14R4cqkL,Paris in the Rain,LAUV,I met you when I was 18. (the playlist),204.712,2018,Paris in the Rain LAUV,3,a36VS8m9of4,https://www.youtube.com/watch?v=a36VS8m9of4,Lauv - Paris in the Rain (Lyrics),life + lyrics,life + lyrics,205.0,7249,Lauv - Paris in the Rain (Lyrics) Follow: https://www.instagram.com/lauvsongs/ https://www.facebook.com/lauvsongs/ ...,,,
stage5b4-representative-v3-human-review-v1,stage5b4_representative_v3_028,5LPtJAFD8H5nMJrTk6qTWn,SEA,City Girl | tiffi,C-GIRL,194.12,2021,SEA City Girl,1,O8IXen6ylyE,https://www.youtube.com/watch?v=O8IXen6ylyE,city girl | s e a ~ feat. tiffi,City Girl,City Girl,195.0,82695,"Buy on Bandcamp ▷ https://city-girl.bandcamp.com/ Spotify ▷ https://spoti.fi/2z9NHL6 vocals, songwriting - tiffi @tiffimusic ...",,,
stage5b4-representative-v3-human-review-v1,stage5b4_representative_v3_028,5LPtJAFD8H5nMJrTk6qTWn,SEA,City Girl | tiffi,C-GIRL,194.12,2021,SEA City Girl,2,ykTI8Rzf4T4,https://www.youtube.com/watch?v=ykTI8Rzf4T4,SEA (lyric video),tiffi !,tiffi !,193.0,8752,City Girl's socials: ~~~~~~~~~~~~~~~~~~ bandcamp: https://city-girl.bandcamp.com/​ merch: https://citygirlmusic.bigcartel.com/p.,,,
stage5b4-representative-v3-human-review-v1,stage5b4_representative_v3_028,5LPtJAFD8H5nMJrTk6qTWn,SEA,City Girl | tiffi,C-GIRL,194.12,2021,SEA City Girl,3,BM-1j33dR9A,https://www.youtube.com/watch?v=BM-1j33dR9A,"Hatsune Miku: Project DIVA Future Tone - [PV] ""Deep Sea City Underground"" (Romaji/English Subs)",Karin's Channel,Karin's Channel,206.0,225746,"PV for the song ""Deep Sea City Underground"" (深海シティアンダーグラウンド Shinkai City Underground), by TanakaB, sung by ...",,,
stage5b4-representative-v3-human-review-v1,stage5b4_representative_v3_029,7iu08M7YBorwtM1ZfeKP1U,i know,Alys | fcj,i know,165.333,2019,i know Alys,1,FSw_l-RlUi0,https://www.youtube.com/watch?v=FSw_l-RlUi0,i know,Alys,Alys,166.0,9891,Provided to YouTube by DistroKid i know · Alys · fcj · fcj i know ℗ Sneaker Kids Released on: 2019-12-17 Auto-generated by ...,,,
stage5b4-representative-v3-human-review-v1,stage5b4_representative_v3_029,7iu08M7YBorwtM1ZfeKP1U,i know,Alys | fcj,i know,165.333,2019,i know Alys,2,qEhlbbQobe0,https://www.youtube.com/watch?v=qEhlbbQobe0,fcj - i know (w/ alys) (lyrics/cc),puritywaves🌊,puritywaves🌊,166.0,1042,美学 Bigaku The creation of art and beauty. Subscribe now ...,,,
stage5b4-representative-v3-human-review-v1,stage5b4_representative_v3_029,7iu08M7YBorwtM1ZfeKP1U,i know,Alys | fcj,i know,165.333,2019,i know Alys,3,odIAdjMlx74,https://www.youtube.com/watch?v=odIAdjMlx74,fcj i know (ft. alys),Ambition,Ambition,166.0,33433,listen on spotify https://open.spotify.com/track/7iu08M7YBorwtM1ZfeKP1U?si=Bx2UvZuWQ8WfJDrnmiRlmA fcj ...,,,
stage5b4-representative-v3-human-review-v1,stage5b4_representative_v3_030,2SSbQoEqPHu6qAgi3pFobY,Alone (Feat. LeeHi),Coogie | LEEHI,ALONE,179.0,2022,Alone (Feat. LeeHi) Coogie,1,V9G32deO0bk,https://www.youtube.com/watch?v=V9G32deO0bk,쿠기 (Coogie) - Alone (Feat. 이하이 (LeeHi)) Official MV (ENG),AOMGOFFICIAL,AOMGOFFICIAL,181.0,3165458,쿠기 (Coogie) - Alone (Feat. 이하이 (LeeHi)) Official MV (ENG) - STREAM NOW AT: https://aomgofficial.lnk.to/ALONE #쿠기 ...,,,
stage5b4-representative-v3-human-review-v1,stage5b4_representative_v3_030,2SSbQoEqPHu6qAgi3pFobY,Alone (Feat. LeeHi),Coogie | LEEHI,ALONE,179.0,2022,Alone (Feat. LeeHi) Coogie,2,cdFtluvOc_Q,https://www.youtube.com/watch?v=cdFtluvOc_Q,쿠기 (Coogie) - Alone (Feat. 이하이) [ALONE],황윤하,황윤하,180.0,25650,쿠기 싱글 ALONE Track 1 (Prod. By GRAY) Track List 01. Alone (Feat. 이하이) 02. Fallin' 03. Good Night (Remix) (Feat.,,,
stage5b4-representative-v3-human-review-v1,stage5b4_representative_v3_030,2SSbQoEqPHu6qAgi3pFobY,Alone (Feat. LeeHi),Coogie | LEEHI,ALONE,179.0,2022,Alone (Feat. LeeHi) Coogie,3,MMn1gvTTVTU,https://www.youtube.com/watch?v=MMn1gvTTVTU,쿠기 (Coogie) - Alone (Feat. 이하이) / Kpop / Lyrics / 가사,NN Music,NN Music,180.0,1713194,이 영상에 대한 수익은 모두 원작자에게 돌아갑니다. * 영상에 사용된 음원 저작권자의 설정에 따라 광고가 표시될 수 있습니다.,,,
stage5b4-representative-v3-human-review-v1,stage5b4_representative_v3_031,3jZDWsoxRHzzp3DYV8qeXE,You Broke My Heart Again,Teqkoi | Aiko,You Broke My Heart Again,103.4,2018,You Broke My Heart Again Teqkoi,1,rVJaVb0u6Co,https://www.youtube.com/watch?v=rVJaVb0u6Co,Teqkoi - You Broke My Heart Again (Lyrics) ft. Aiko,Aurora Vibes,Aurora Vibes,124.0,32447713,Discover on Spotify https://ffm.to/av-spotify Stream & Download Spotify - https://spoti.fi/3jKsZpU Apple Music ...,,,
stage5b4-representative-v3-human-review-v1,stage5b4_representative_v3_031,3jZDWsoxRHzzp3DYV8qeXE,You Broke My Heart Again,Teqkoi | Aiko,You Broke My Heart Again,103.4,2018,You Broke My Heart Again Teqkoi,2,4KZi9d4ws3o,https://www.youtube.com/watch?v=4KZi9d4ws3o,You Broke My Heart Again,Teqkoi,Teqkoi,104.0,215550,Provided to YouTube by Create Music Group You Broke My Heart Again · Teqkoi You Broke My Heart Again ℗ Teqkoi Released ...,,,
stage5b4-representative-v3-human-review-v1,stage5b4_representative_v3_031,3jZDWsoxRHzzp3DYV8qeXE,You Broke My Heart Again,Teqkoi | Aiko,You Broke My Heart Again,103.4,2018,You Broke My Heart Again Teqkoi,3,TPy0pWILDkw,https://www.youtube.com/watch?v=TPy0pWILDkw,Teqkoi - You Broke My Heart Again (ft. Aiko) 1 HOUR,TBO Lucid,TBO Lucid,3628.0,2470441,One Hour Music - Satisfy your loop needs. Enjoy the video? Subscribe!,,,
stage5b4-representative-v3-human-review-v1,stage5b4_representative_v3_032,2PStV5Xyg5iiH1cniZORMa,你别怕,张妙格,你别怕,207.352,2024,你别怕 张妙格,1,DHVwKv58rrE,https://www.youtube.com/watch?v=DHVwKv58rrE,你别怕,Miaoge Zhang - Topic,Miaoge Zhang - Topic,208.0,4707,Provided to YouTube by EWway Culture Ltd 你别怕· 张妙格你别怕℗ 2024 讯飞音乐Released on: 2024-01-06 Composer: ...,,,
stage5b4-representative-v3-human-review-v1,stage5b4_representative_v3_032,2PStV5Xyg5iiH1cniZORMa,你别怕,张妙格,你别怕,207.352,2024,你别怕 张妙格,2,3BtnPlgbuS0,https://www.youtube.com/watch?v=3BtnPlgbuS0,张妙格 - 你别怕【漆黑的天快亮了 冰冷的雨快停了，爱你的人快到了 你永远值得。】『動態歌詞Lyrics』♫,SLV Music Channel,SLV Music Channel,217.0,877,你别怕#张妙格#動態歌詞#华语流行音乐频道▶︎點擊訂閱收聽更多好聽的歌曲: https://www.youtube.com/@SLVMusicChannel/ ...,,,
stage5b4-representative-v3-human-review-v1,stage5b4_representative_v3_032,2PStV5Xyg5iiH1cniZORMa,你别怕,张妙格,你别怕,207.352,2024,你别怕 张妙格,3,vIJeUegwMSQ,https://www.youtube.com/watch?v=vIJeUegwMSQ,「你别怕」演唱#张妙格 ［好歌听不厌］#歌词 #字幕 #高音质,爱听歌的小猫,爱听歌的小猫,207.0,204,,,,
stage5b4-representative-v3-human-review-v1,stage5b4_representative_v3_033,5f4njgyIwbtswRgyR9dkpz,짝사랑,KozyPop | Dizzy Blue | Flaboi,Seoul Vibes Pt. 10,262.077,2019,짝사랑 KozyPop,1,w3c1K9IqFx4,https://www.youtube.com/watch?v=w3c1K9IqFx4,"KozyPop - 짝사랑 (Song By Dizzy Blue, Flaboi) (Prod.CO$MO_✿)",KozyPop,KozyPop,263.0,83536,Follow KozyPop / 코지팝 https://linktr.ee/kozypop Follow the artists Dizzy Blue - https://soundcloud.com/cobalt_blue0503 ...,,,
stage5b4-representative-v3-human-review-v1,stage5b4_representative_v3_033,5f4njgyIwbtswRgyR9dkpz,짝사랑,KozyPop | Dizzy Blue | Flaboi,Seoul Vibes Pt. 10,262.077,2019,짝사랑 KozyPop,2,xwn-XuUpfNE,https://www.youtube.com/watch?v=xwn-XuUpfNE,"KozyPop - 짝사랑 (Song By Dizzy Blue, Flaboi) (Prod. CO$MO_✿)",LINK6,LINK6,263.0,275,"Track List / 트랙리스트 KozyPop - 짝사랑 (Song By Dizzy Blue, Flaboi) (Prod. CO$MO_✿) ✖ LINK6는 A June & J Beat가 2012년 ...",,,
stage5b4-representative-v3-human-review-v1,stage5b4_representative_v3_033,5f4njgyIwbtswRgyR9dkpz,짝사랑,KozyPop | Dizzy Blue | Flaboi,Seoul Vibes Pt. 10,262.077,2019,짝사랑 KozyPop,3,b0HBW6QKhnw,https://www.youtube.com/watch?v=b0HBW6QKhnw,KozyPop - Fool To Love (Song By RIPLEY) (Prod. Ranez),KozyPop,KozyPop,164.0,119072,Follow KozyPop / 코지팝 https://linktr.ee/kozypop Follow the artists RIPLEY (리플리) - https://soundcloud.com/r-ipley Ranez ...,,,
stage5b4-representative-v3-human-review-v1,stage5b4_representative_v3_034,1ShRHPAiiIrh0arZbSFmx1,Heavy,The Marías,CINEMA,253.213,2021,Heavy The Marías,1,1BCqCgamowo,https://www.youtube.com/watch?v=1BCqCgamowo,The Marías - Heavy (Official Audio),The Marías,The Marías,254.0,30338382,The Marías - Heavy Stream 'CINEMA' here: https://themarias.lnk.to/CINEMA Subscribe to our channel here: ...,,,
stage5b4-representative-v3-human-review-v1,stage5b4_representative_v3_034,1ShRHPAiiIrh0arZbSFmx1,Heavy,The Marías,CINEMA,253.213,2021,Heavy The Marías,2,RR3xmYI_T78,https://www.youtube.com/watch?v=RR3xmYI_T78,The Marías - Heavy (lyrics),air lyrics,air lyrics,254.0,30468,"Subscribe for the greatest hits: https://www.youtube.com/@airlyricz The Marías - Heavy | AIR | Lyrics (LYRICS) [Verse 1] I'm heavy, ...",,,
stage5b4-representative-v3-human-review-v1,stage5b4_representative_v3_034,1ShRHPAiiIrh0arZbSFmx1,Heavy,The Marías,CINEMA,253.213,2021,Heavy The Marías,3,I-yOr19aDcA,https://www.youtube.com/watch?v=I-yOr19aDcA,The Marías - Heavy | Lyrics,Spring Sounds,Spring Sounds,254.0,227067,Subscribe And Watch Today's HOTTEST POP Lyric Videos: https://www.youtube.com/channel/UCfE77LjhWsyNsorvnPGTDUQ ...,,,
stage5b4-representative-v3-human-review-v1,stage5b4_representative_v3_035,0JL7DoEqAUcOntWmBuOSdh,For You,LEEHI | Crush,For You,205.12,2020,For You LEEHI,1,fB3kTcfjybg,https://www.youtube.com/watch?v=fB3kTcfjybg,For You (Feat. Crush),OfficialLEEHI,OfficialLEEHI,206.0,34888925,Provided to YouTube by Genie Music Corporation For You (Feat. Crush) · LeeHi For You ℗ 2020 AOMG Released on: 2020-12-16 ...,,,
stage5b4-representative-v3-human-review-v1,stage5b4_representative_v3_035,0JL7DoEqAUcOntWmBuOSdh,For You,LEEHI | Crush,For You,205.12,2020,For You LEEHI,2,ZFdHh-MWB6Q,https://www.youtube.com/watch?v=ZFdHh-MWB6Q,이하이 (LeeHi) - 'For You (Feat. Crush)' Official Live Video (KOR/CHN),AOMGOFFICIAL,AOMGOFFICIAL,234.0,5672630,이하이 (LeeHi) - 'For You (Feat. Crush)' Official Live Video - https://aomgofficial.lnk.to/ForYou #이하이 #LeeHi #크러쉬 #Crush ...,,,
stage5b4-representative-v3-human-review-v1,stage5b4_representative_v3_035,0JL7DoEqAUcOntWmBuOSdh,For You,LEEHI | Crush,For You,205.12,2020,For You LEEHI,3,b58-KBBo_Tc,https://www.youtube.com/watch?v=b58-KBBo_Tc,Lee Hi For You (Feat. Crush) Lyrics (이하이 For You 가사) [Color Coded Lyrics/Eng],Lemoring,Lemoring,207.0,904473,BY-LEMORING All Rights Administered By AOMG ☆Thank you for watching!☆ ♥ Sorry for any mistakes ♥ ☆ Please Subscribe ...,,,
stage5b4-representative-v3-human-review-v1,stage5b4_representative_v3_036,63mL1DdcSFfxVJ9XGnSRQz,Basics,TWICE,BETWEEN 1&2,176.973,2022,Basics TWICE,1,59Z6bDaIQtY,https://www.youtube.com/watch?v=59Z6bDaIQtY,Basics,TWICE,TWICE,177.0,12286358,Provided to YouTube by JYP Entertainment Corporation Basics · TWICE BETWEEN 1 & 2 ℗ 2022 JYP Entertainment Released ...,,,
stage5b4-representative-v3-human-review-v1,stage5b4_representative_v3_036,63mL1DdcSFfxVJ9XGnSRQz,Basics,TWICE,BETWEEN 1&2,176.973,2022,Basics TWICE,2,ECuo_lWeo1c,https://www.youtube.com/watch?v=ECuo_lWeo1c,TWICE 'Basics' Lyrics (트와이스 Basics 가사) (Color Coded Lyrics),honeymoon,honeymoon,177.0,951492,No intention of copyright infringement. [Do not reload the video as it has copyright!] • Mini Album: BETWEEN 1&2 • Song name: ...,,,
stage5b4-representative-v3-human-review-v1,stage5b4_representative_v3_036,63mL1DdcSFfxVJ9XGnSRQz,Basics,TWICE,BETWEEN 1&2,176.973,2022,Basics TWICE,3,n_2Pw_gnOUc,https://www.youtube.com/watch?v=n_2Pw_gnOUc,TWICE “BASICS” MV,STANTWICE,STANTWICE,176.0,109783,This is fan made enjoy all credits to twice.,,,
stage5b4-representative-v3-human-review-v1,stage5b4_representative_v3_037,0NXjNea8bK1Wm5A5isd4te,At this moment,amin | Dept | NASON,Spring,159.999,2021,At this moment amin,1,b4XXyrKkBT8,https://www.youtube.com/watch?v=b4XXyrKkBT8,"에이민(amin), 뎁트(Dept) - 이쯤에(At this moment)(Feat. 나선(Nason)) Lyric video",Dept 뎁트,Dept 뎁트,161.0,24374,original link - https://www.youtube.com/watch?v=q1VWUDCZyUw 3월 3일 오후 12시에 음원사이트에 정식 발매 됩니다!,,,
stage5b4-representative-v3-human-review-v1,stage5b4_representative_v3_037,0NXjNea8bK1Wm5A5isd4te,At this moment,amin | Dept | NASON,Spring,159.999,2021,At this moment amin,2,T938_cqPlLA,https://www.youtube.com/watch?v=T938_cqPlLA,In My Dreams | Amin Davis feat. Ilyas Mao x Faisal Salah | (Official Nasheed Video) - Vocals Only,Muslimi  and Amin Davis,Muslimi  and Amin Davis,190.0,1009443,"Subscribe for more! https://www.youtube.com/@muslimi?sub_confirmation=1 Muslimi Studios Presents ""In My Dreams"" Written by ...",,,
stage5b4-representative-v3-human-review-v1,stage5b4_representative_v3_037,0NXjNea8bK1Wm5A5isd4te,At this moment,amin | Dept | NASON,Spring,159.999,2021,At this moment amin,3,N_FuwAyog5c,https://www.youtube.com/watch?v=N_FuwAyog5c,This FNAF Free Roam 20/20/20/20 BROKE ME..,Aimin,Aimin,767.0,6978095,The FNAF Free Roam 20/20/20/20 BROKE ME.. Those Nights at Fredbear's: New Destiny: ...,,,
stage5b4-representative-v3-human-review-v1,stage5b4_representative_v3_038,1SwZVVH9BnXtLRLi2cbFhw,Good day,IU,REAL,233.586,2010,Good day IU,1,cRdvzzWIfkA,https://www.youtube.com/watch?v=cRdvzzWIfkA,IU (아이유) - 'Good Day (좋은 날)' Lyrics [Han/Rom/Eng/가사],NIGHTMARE,NIGHTMARE,240.0,2201128,IU - 'Good Day (좋은 날)' Color Coded Lyrics .............................................................................. Hope you like it Uaena!,,,
stage5b4-representative-v3-human-review-v1,stage5b4_representative_v3_038,1SwZVVH9BnXtLRLi2cbFhw,Good day,IU,REAL,233.586,2010,Good day IU,2,jeqdYqsrsA0,https://www.youtube.com/watch?v=jeqdYqsrsA0,IU (아이유) _ Good Day (좋은 날) _ MV,1theK (원더케이),1theK (원더케이),358.0,68235755,Download ] iTunes : http://itunes.apple.com/us/album/real/id409076726 Melon ...,,,
stage5b4-representative-v3-human-review-v1,stage5b4_representative_v3_038,1SwZVVH9BnXtLRLi2cbFhw,Good day,IU,REAL,233.586,2010,Good day IU,3,GQt03lkFQE4,https://www.youtube.com/watch?v=GQt03lkFQE4,"【TVPP】IU - Good Day, 아이유 - 좋은 날 @ Comeback Stage, Show Music core Live",TV-People,TV-People,244.0,5791308,"【TVPP】IU - Good Day, 아이유 - 좋은 날 @ Comeback Stage, Show Music core Live IU # 006 : IU - Good Day at Show Music ...",,,
stage5b4-representative-v3-human-review-v1,stage5b4_representative_v3_039,77Uo6nqkmG5eFLgTuQcZIV,Being in Love with U,Tomppabeats,Harbor,49.548,2016,Being in Love with U Tomppabeats,1,VZhLn1f18kc,https://www.youtube.com/watch?v=VZhLn1f18kc,tomppabeats - Being in Love with U (Extended),tibiacowboy,tibiacowboy,676.0,122735,Art Credit: Ore Monogatari!!,,,
stage5b4-representative-v3-human-review-v1,stage5b4_representative_v3_039,77Uo6nqkmG5eFLgTuQcZIV,Being in Love with U,Tomppabeats,Harbor,49.548,2016,Being in Love with U Tomppabeats,2,NULM5vjPzAI,https://www.youtube.com/watch?v=NULM5vjPzAI,tomppabeats - being in love with u,AnimeVibe,AnimeVibe,50.0,1552727,Chill / Lofi Support the artist! https://soundcloud.com/tomppabeats https://soundcloud.com/tomppabeats/being-in-love-with-u ...,,,
stage5b4-representative-v3-human-review-v1,stage5b4_representative_v3_039,77Uo6nqkmG5eFLgTuQcZIV,Being in Love with U,Tomppabeats,Harbor,49.548,2016,Being in Love with U Tomppabeats,3,mMZ3A7W0aqM,https://www.youtube.com/watch?v=mMZ3A7W0aqM,Being in Love with U,Tomppabeats - Topic,Tomppabeats - Topic,50.0,11856,Provided to YouTube by igroovemusic.com Being in Love with U · Tomppabeats Harbor ℗ Vinyl Digital GmbH Released on: ...,,,
stage5b4-representative-v3-human-review-v1,stage5b4_representative_v3_040,09yxk5cVVFVdc8WTZ1dWsk,Matryoshka,can't be blue,Blue Vinyl,187.0,2024,Matryoshka can't be blue,1,P2LyJp8dbS0,https://www.youtube.com/watch?v=P2LyJp8dbS0,Matryoshka (Official Audio),can't be blue 캔트비블루,can't be blue 캔트비블루,188.0,15004,03. Matryoshka Composed by 이도훈 Lyrics by 이도훈 Arranged by 이도훈 Guitar by 김채현 Bass by 이휘원 Drum by 박준서 Vocal ...,,,
stage5b4-representative-v3-human-review-v1,stage5b4_representative_v3_040,09yxk5cVVFVdc8WTZ1dWsk,Matryoshka,can't be blue,Blue Vinyl,187.0,2024,Matryoshka can't be blue,2,UDQ91yowALE,https://www.youtube.com/watch?v=UDQ91yowALE,can't be blue - matryoshka [lyrics/가사],모꼬지,모꼬지,187.0,1137,can't be blue - matryoshka 아티스트:can't be blue 발매일:2024.08.30.,,,
stage5b4-representative-v3-human-review-v1,stage5b4_representative_v3_040,09yxk5cVVFVdc8WTZ1dWsk,Matryoshka,can't be blue,Blue Vinyl,187.0,2024,Matryoshka can't be blue,3,U9a-eDRofxo,https://www.youtube.com/watch?v=U9a-eDRofxo,【和訳】can’t be blue - Matryoshka,RIABLUESTAR,RIABLUESTAR,188.0,252,作詞：이도훈(イ・ドフン) 作曲：이도훈(イ・ドフン) 編曲：이도훈(イ・ドフン) 【発売日】 2024.08.30 【歌手名】 can't be blue( ...,,,
stage5b4-representative-v3-human-review-v1,stage5b4_representative_v3_041,3wrVGLrwgBQOgGWFUu6D1e,nov,Michelle,nov,110.161,2019,nov Michelle,1,zWt83IjT4-8,https://www.youtube.com/watch?v=zWt83IjT4-8,🌙 michelle • nov ∣ lyrics。,miukie,miukie,111.0,57746,ʚ listen on spotify / soundcloud : ∷ https://open.spotify.com/track/3wrVGLrwgBQOgGWFUu6D1e ...,,,
stage5b4-representative-v3-human-review-v1,stage5b4_representative_v3_041,3wrVGLrwgBQOgGWFUu6D1e,nov,Michelle,nov,110.161,2019,nov Michelle,2,WoBLi5eE-wY,https://www.youtube.com/watch?v=WoBLi5eE-wY,Michelle (Remastered 2009),The Beatles,The Beatles,163.0,50933186,Provided to YouTube by Universal Music Group Michelle (Remastered 2009) · The Beatles Rubber Soul ℗ 2009 Calderstone ...,,,
stage5b4-representative-v3-human-review-v1,stage5b4_representative_v3_041,3wrVGLrwgBQOgGWFUu6D1e,nov,Michelle,nov,110.161,2019,nov Michelle,3,scmvAg_S97k,https://www.youtube.com/watch?v=scmvAg_S97k,My Michelle,Guns N' Roses,Guns N' Roses,220.0,18708358,Provided to YouTube by Universal Music Group My Michelle · Guns N' Roses Appetite For Destruction ℗ 1987 Geffen Records ...,,,
stage5b4-representative-v3-human-review-v1,stage5b4_representative_v3_042,5ITV0zqzjOYfFWpW0xBmRa,Show Me Love,WizTheMc | bees & honey,Show Me Love,176.965,2025,Show Me Love WizTheMc,1,Z3aduh5fxCo,https://www.youtube.com/watch?v=Z3aduh5fxCo,"WizTheMc, bees & honey - Show Me Love (Official Music Video)",WizTheMc,WizTheMc,174.0,104625931,"i know you guys been waiting .. me too. so happy the video is finally video out ❤️ listen to ""Show Me Love"" here: ...",,,
stage5b4-representative-v3-human-review-v1,stage5b4_representative_v3_042,5ITV0zqzjOYfFWpW0xBmRa,Show Me Love,WizTheMc | bees & honey,Show Me Love,176.965,2025,Show Me Love WizTheMc,2,1NqIvsmUR2I,https://www.youtube.com/watch?v=1NqIvsmUR2I,Show Me Love,WizTheMc,WizTheMc,177.0,3930241,Provided to YouTube by Bamboo Artists Show Me Love · WizTheMc · bees & honey Show Me Love ℗ 2025 Bamboo Artists ...,,,
stage5b4-representative-v3-human-review-v1,stage5b4_representative_v3_042,5ITV0zqzjOYfFWpW0xBmRa,Show Me Love,WizTheMc | bees & honey,Show Me Love,176.965,2025,Show Me Love WizTheMc,3,329iFlRszxs,https://www.youtube.com/watch?v=329iFlRszxs,"WizTheMc, bees & honey - Show Me Love (Lyrics)",Golden Network,Golden Network,177.0,18223271,"WizTheMc, bees & honey - Show Me Love Follow the official Golden Network playlist on Spotify: ...",,,
stage5b4-representative-v3-human-review-v1,stage5b4_representative_v3_043,0ODJwDKYb16XOUKvOwCb7E,floor plan,moon tang,WATER COMES OUT OF MY EYES,153.659,2023,floor plan moon tang,1,n7oL_DVN2E8,https://www.youtube.com/watch?v=n7oL_DVN2E8,floor plan,moon tang,moon tang,154.0,39386,Provided to YouTube by WM Hong Kong floor plan · moon tang WATER COMES OUT OF MY EYES ℗ 2023 Warner Music Hong ...,,,
stage5b4-representative-v3-human-review-v1,stage5b4_representative_v3_043,0ODJwDKYb16XOUKvOwCb7E,floor plan,moon tang,WATER COMES OUT OF MY EYES,153.659,2023,floor plan moon tang,2,0YL3vQLt9hQ,https://www.youtube.com/watch?v=0YL3vQLt9hQ,moon tang - floor plan | The Moving Session |,入屋叫人,入屋叫人,177.0,8966,The Moving Session: moon tang - floor plan ▷Follow moon tang YouTube: @moontang929 IG: @moonstyles_ ...,,,
stage5b4-representative-v3-human-review-v1,stage5b4_representative_v3_043,0ODJwDKYb16XOUKvOwCb7E,floor plan,moon tang,WATER COMES OUT OF MY EYES,153.659,2023,floor plan moon tang,3,3EgkXH9hWes,https://www.youtube.com/watch?v=3EgkXH9hWes,moon tang - 趁你旅行時搬走 ☽ live session 【小日子｜Love Song｜回憶半分鐘｜巴黎沒有摩天輪｜多得他】,moon tang,moon tang,1572.0,2004089,follow me: http://instagram.com/moonstyles_ -------- moon tang - 趁你旅行時搬走live session 1 - 小日子（原唱：容祖兒） 00:00 2 ...,,,
stage5b4-representative-v3-human-review-v1,stage5b4_representative_v3_044,35yldEsDkKvcxb9NJ034AI,Easy,City Girl | ry,Easy,168.5,2020,Easy City Girl,1,1Xq7ETjBsIM,https://www.youtube.com/watch?v=1Xq7ETjBsIM,City Girl - easy (ft. ry),City Girl,City Girl,169.0,85822,stream on ▻Spotify: https://spoti.fi/32tmhgZ ▻Apple Music: https://apple.co/2RpAmWv art by breadpanini ▻Instagram: ...,,,
stage5b4-representative-v3-human-review-v1,stage5b4_representative_v3_044,35yldEsDkKvcxb9NJ034AI,Easy,City Girl | ry,Easy,168.5,2020,Easy City Girl,2,-vK4W6uqcJ0,https://www.youtube.com/watch?v=-vK4W6uqcJ0,EASY (feat. ry),City Girl,City Girl,169.0,33987,Provided to YouTube by DistroKid EASY (feat. ry) · City Girl · ry C-GIRL ℗ City Girl Records Released on: 2021-04-28 ...,,,
stage5b4-representative-v3-human-review-v1,stage5b4_representative_v3_044,35yldEsDkKvcxb9NJ034AI,Easy,City Girl | ry,Easy,168.5,2020,Easy City Girl,3,8Gn4PqTmurA,https://www.youtube.com/watch?v=8Gn4PqTmurA,city girl - Easy (feat. Ry) |Lyrics,Vash Black,Vash Black,158.0,757,enjoy guys! #CityGirl #Music #Lofi.,,,
stage5b4-representative-v3-human-review-v1,stage5b4_representative_v3_045,2dBwB667LHQkLhdYlwLUZK,Summertime Sadness,Lana Del Rey,Born To Die - The Paradise Edition,265.427,2012,Summertime Sadness Lana Del Rey,1,TdrL3QxjyVw,https://www.youtube.com/watch?v=TdrL3QxjyVw,Lana Del Rey - Summertime Sadness (Official Music Video),Lana Del Rey,Lana Del Rey,266.0,911628584,Brand new album 'Lust for Life' out now. Listen: https://lana.lnk.to/LFLaID Lana Del Rey - Summertime Sadness (Official Music ...,,,
stage5b4-representative-v3-human-review-v1,stage5b4_representative_v3_045,2dBwB667LHQkLhdYlwLUZK,Summertime Sadness,Lana Del Rey,Born To Die - The Paradise Edition,265.427,2012,Summertime Sadness Lana Del Rey,2,zQO7J483Dng,https://www.youtube.com/watch?v=zQO7J483Dng,Lana Del Rey - Summertime Sadness (Lyrics),Unique Sound,Unique Sound,265.0,118171840,Subscribe and press (  ) to join the Notification Squad and stay updated with new uploads Follow Lana Del Rey: ...,,,
stage5b4-representative-v3-human-review-v1,stage5b4_representative_v3_045,2dBwB667LHQkLhdYlwLUZK,Summertime Sadness,Lana Del Rey,Born To Die - The Paradise Edition,265.427,2012,Summertime Sadness Lana Del Rey,3,qSNxylmTI1A,https://www.youtube.com/watch?v=qSNxylmTI1A,Lana Del Rey   Summertime Sadness Audio,Claudia M,Claudia M,266.0,6532029,,,,
stage5b4-representative-v3-human-review-v1,stage5b4_representative_v3_046,7h6EmYOzXzMjCgMGcxPl5s,All Night,Kelsey Kuan,All Night,185.388,2022,All Night Kelsey Kuan,1,-Wz7MdrR0HA,https://www.youtube.com/watch?v=-Wz7MdrR0HA,Kelsey Kuan - All Night,Kelsey Kuan,Kelsey Kuan,186.0,13144,"thank you for listening! You can find ""All Night"" on these streaming platforms: https://ffm.to/kelseykuan_allnight.OYD thank you to ...",,,
stage5b4-representative-v3-human-review-v1,stage5b4_representative_v3_046,7h6EmYOzXzMjCgMGcxPl5s,All Night,Kelsey Kuan,All Night,185.388,2022,All Night Kelsey Kuan,2,XEosrEfh7ng,https://www.youtube.com/watch?v=XEosrEfh7ng,Kelsey Kuan - All Night (night version) (Lyric Video),Kelsey Kuan,Kelsey Kuan,221.0,1784,Hellooo! Night version of “All Night” is out now! Woohoo!   This is 2/3 songs off my “City Pop” project! Thank you to everyone ...,,,
stage5b4-representative-v3-human-review-v1,stage5b4_representative_v3_046,7h6EmYOzXzMjCgMGcxPl5s,All Night,Kelsey Kuan,All Night,185.388,2022,All Night Kelsey Kuan,3,TXuViw-ep1U,https://www.youtube.com/watch?v=TXuViw-ep1U,Kelsey Kuan - All Night (night version) (Official Music Video),Kelsey Kuan,Kelsey Kuan,227.0,4676,2/3 MVs out from my City Pop project! you can listen to All Night (night version) here: https://bfan.link/all-night-night-version Video ...,,,
stage5b4-representative-v3-human-review-v1,stage5b4_representative_v3_047,0bnGZYKLDf6WRME8G3wb2x,falling asleep together while it rains,Rook1e | softy,Portrait in Love,159.0,2020,falling asleep together while it rains Rook1e,1,bCUq8vF1CvA,https://www.youtube.com/watch?v=bCUq8vF1CvA,falling asleep together while it rains,Rook1e - Topic,Rook1e - Topic,159.0,972,Provided to YouTube by Label Engine falling asleep together while it rains · Rook1e · softy portrait in love ℗ United Common ...,,,
stage5b4-representative-v3-human-review-v1,stage5b4_representative_v3_047,0bnGZYKLDf6WRME8G3wb2x,falling asleep together while it rains,Rook1e | softy,Portrait in Love,159.0,2020,falling asleep together while it rains Rook1e,2,0MZjHEXDO1M,https://www.youtube.com/watch?v=0MZjHEXDO1M,falling asleep together while it rains,Rook1e - Topic,Rook1e - Topic,159.0,4467,Provided to YouTube by Label Engine falling asleep together while it rains · Rook1e · softy Portrait in Love ℗ United Common ...,,,
stage5b4-representative-v3-human-review-v1,stage5b4_representative_v3_047,0bnGZYKLDf6WRME8G3wb2x,falling asleep together while it rains,Rook1e | softy,Portrait in Love,159.0,2020,falling asleep together while it rains Rook1e,3,JFCBZkxrwpc,https://www.youtube.com/watch?v=JFCBZkxrwpc,we'll stay inside when it rains,Rook1e - Topic,Rook1e - Topic,131.0,26781,Provided to YouTube by DistroKid we'll stay inside when it rains · Rook1e · .ihaveaface we'll stay inside when it rains ℗ 702106 ...,,,
stage5b4-representative-v3-human-review-v1,stage5b4_representative_v3_048,0KsbvVzqiG9OmdCmolwcjB,Azure Glow,City Girl,Celestial Angel,200.0,2018,Azure Glow City Girl,1,1oEf4fYwFzU,https://www.youtube.com/watch?v=1oEf4fYwFzU,Azure Glow,City Girl,City Girl,200.0,423808,Provided to YouTube by DistroKid Azure Glow · City Girl Celestial Angel ℗ City Girl Records Released on: 2018-10-08 ...,,,
stage5b4-representative-v3-human-review-v1,stage5b4_representative_v3_048,0KsbvVzqiG9OmdCmolwcjB,Azure Glow,City Girl,Celestial Angel,200.0,2018,Azure Glow City Girl,2,FshnCHfoAZI,https://www.youtube.com/watch?v=FshnCHfoAZI,City Girl - Azure Glow,Emporium One,Emporium One,200.0,430,,,,
stage5b4-representative-v3-human-review-v1,stage5b4_representative_v3_048,0KsbvVzqiG9OmdCmolwcjB,Azure Glow,City Girl,Celestial Angel,200.0,2018,Azure Glow City Girl,3,fCVGvUiXmaY,https://www.youtube.com/watch?v=fCVGvUiXmaY,City Girl   Azure Glow,Emporium One,Emporium One,201.0,1822,,,,
stage5b4-representative-v3-human-review-v1,stage5b4_representative_v3_049,2xCGBWfzTe8l2kvHpgvB6M,prom dress,mxmtoon,the masquerade,197.933,2019,prom dress mxmtoon,1,AeUeLzBO0go,https://www.youtube.com/watch?v=AeUeLzBO0go,mxmtoon - prom dress (official video),mxmtoon,mxmtoon,232.0,53239989,mxmtoon's second album rising is out now! stream or download rising here: http://mxmtoon.ffm.to/rising the masquerade is out ...,,,
stage5b4-representative-v3-human-review-v1,stage5b4_representative_v3_049,2xCGBWfzTe8l2kvHpgvB6M,prom dress,mxmtoon,the masquerade,197.933,2019,prom dress mxmtoon,2,HbIsGtD-Nrc,https://www.youtube.com/watch?v=HbIsGtD-Nrc,mxmtoon - prom dress (lyrics),TikTokHymn,TikTokHymn,198.0,447089,mxmtoon - prom dress (lyrics) stream & download: http://mxmtoon.ffm.to/... Lets Support and Follow mxmtoon: ...,,,
stage5b4-representative-v3-human-review-v1,stage5b4_representative_v3_049,2xCGBWfzTe8l2kvHpgvB6M,prom dress,mxmtoon,the masquerade,197.933,2019,prom dress mxmtoon,3,vDPxVVyZzAY,https://www.youtube.com/watch?v=vDPxVVyZzAY,mxmtoon - prom dress (audio),mxmtoon,mxmtoon,198.0,3753168,mxmtoon's second album rising is out now! stream or download rising here: http://mxmtoon.ffm.to/rising the masquerade is out ...,,,
stage5b4-representative-v3-human-review-v1,stage5b4_representative_v3_050,5pTGBSQIWsArijrq0tCCNz,Just Dreams in the Static Night,City Girl,Time Falls Like Moonlight,187.189,2018,Just Dreams in the Static Night City Girl,1,IT1TMuRW6Jc,https://www.youtube.com/watch?v=IT1TMuRW6Jc,City Girl - Just Dreams in the Static Night,College Music,College Music,188.0,40057,City Girl - Just Dreams in the Static Night Couldn't resist sharing just one more from the album Follow College Music: ○ Spotify ...,,,
stage5b4-representative-v3-human-review-v1,stage5b4_representative_v3_050,5pTGBSQIWsArijrq0tCCNz,Just Dreams in the Static Night,City Girl,Time Falls Like Moonlight,187.189,2018,Just Dreams in the Static Night City Girl,2,yDMS7MVJLzA,https://www.youtube.com/watch?v=yDMS7MVJLzA,Just Dreams in the Static Night,City Girl,City Girl,188.0,75305,Provided to YouTube by Routenote Just Dreams in the Static Night · City Girl Time Falls Like Moonlight ℗ City Girl Released on: ...,,,
stage5b4-representative-v3-human-review-v1,stage5b4_representative_v3_050,5pTGBSQIWsArijrq0tCCNz,Just Dreams in the Static Night,City Girl,Time Falls Like Moonlight,187.189,2018,Just Dreams in the Static Night City Girl,3,oTlSzRoOmh0,https://www.youtube.com/watch?v=oTlSzRoOmh0,City Girl - Just Dreams in the Static Night,Emporium One,Emporium One,188.0,1159,,,,
stage5b4-representative-v3-human-review-v1,stage5b4_representative_v3_051,1IIw5oVR1xE4bzdl4JgGsc,Beam,Payday,It's Just Music,103.846,2020,Beam Payday,1,p-tPf7-jlUw,https://www.youtube.com/watch?v=p-tPf7-jlUw,Payday - Beam Part 2 ft. Jackboy (Official Video),EVERYONE LOVES PAYDAY,EVERYONE LOVES PAYDAY,151.0,238154,Listen to my new EP Trips to Venus !!! https://paydaypayday.ffm.to/tripstovenus Beam Part 2 (SINGLE) Out Now Listen on all ...,,,
stage5b4-representative-v3-human-review-v1,stage5b4_representative_v3_051,1IIw5oVR1xE4bzdl4JgGsc,Beam,Payday,It's Just Music,103.846,2020,Beam Payday,2,ppWUdAxJwm8,https://www.youtube.com/watch?v=ppWUdAxJwm8,Beam,EVERYONE LOVES PAYDAY,EVERYONE LOVES PAYDAY,104.0,47077,Provided to YouTube by The Orchard Enterprises Beam · Payday · PJ Clark · Nick Audino · Lewis Hughes · Vin Goodyer · Jeremy ...,,,
stage5b4-representative-v3-human-review-v1,stage5b4_representative_v3_051,1IIw5oVR1xE4bzdl4JgGsc,Beam,Payday,It's Just Music,103.846,2020,Beam Payday,3,96C54TMhhyU,https://www.youtube.com/watch?v=96C54TMhhyU,Payday - Beam (Parts 1 & 2) Ft. Jackboy (Ultimate Mix),CheesyLemurs,CheesyLemurs,238.0,965,"I really like both parts of Payday's ""Beam"", so I decided to combine them into one audio track with an accompanying music video.",,,
stage5b4-representative-v3-human-review-v1,stage5b4_representative_v3_052,5MvxeZPiiLAuB5gI8k3ynk,Can't Love You Anymore (With OHHYUK),IU | OHHYUK,Palette,195.23,2017,Can't Love You Anymore (With OHHYUK) IU,1,0ldJaGupC1o,https://www.youtube.com/watch?v=0ldJaGupC1o,Can't Love You Anymore (With OHHYUK) (사랑이 잘 (With 오혁)),이지금 [IU Official],이지금 [IU Official],196.0,7108317,Provided to YouTube by Kakao Entertainment Can't Love You Anymore (With OHHYUK) (사랑이 잘 (With 오혁)) · IU · OHHYUK ...,,,
stage5b4-representative-v3-human-review-v1,stage5b4_representative_v3_052,5MvxeZPiiLAuB5gI8k3ynk,Can't Love You Anymore (With OHHYUK),IU | OHHYUK,Palette,195.23,2017,Can't Love You Anymore (With OHHYUK) IU,2,13waMB9vDJQ,https://www.youtube.com/watch?v=13waMB9vDJQ,IU & OhHyuk - 'Can't Love You Anymore' - Color Coded Lyrics Video |Han-Rom-Eng| by makimaki,maki maki,maki maki,198.0,2079211,by - makimaki No copyright infringement intended. |Artist: IU |Song: Can't Love You Anymore |Album: Pallete |Release in ...,,,
stage5b4-representative-v3-human-review-v1,stage5b4_representative_v3_052,5MvxeZPiiLAuB5gI8k3ynk,Can't Love You Anymore (With OHHYUK),IU | OHHYUK,Palette,195.23,2017,Can't Love You Anymore (With OHHYUK) IU,3,8H1D7XUPNFI,https://www.youtube.com/watch?v=8H1D7XUPNFI,[IU CLIP] '사랑이 잘' LIVE with 오혁,이지금 [IU Official],이지금 [IU Official],283.0,7370392,"재미있었다. 영상 : 정다운 노래, 출연 : 아이유, 오혁.",,,
stage5b4-representative-v3-human-review-v1,stage5b4_representative_v3_053,07OLYWQfwfJKJIwO1heCME,I'm In Here,Sia,We Are Born,221.32,2010,I'm In Here Sia,1,Owr4U55WpDs,https://www.youtube.com/watch?v=Owr4U55WpDs,Sia - I'm In Here,Sia,Sia,223.0,3110784,Music video by Sia performing I'm In Here. (C) 2010 Monkey Puzzle under exclusive license to Sony Music Entertainment UK ...,,,
stage5b4-representative-v3-human-review-v1,stage5b4_representative_v3_053,07OLYWQfwfJKJIwO1heCME,I'm In Here,Sia,We Are Born,221.32,2010,I'm In Here Sia,2,h7nhAF6s3gA,https://www.youtube.com/watch?v=h7nhAF6s3gA,Sia - I'm In Here (lyrics),Karmen J,Karmen J,229.0,1166139,"Sia - I'm In Here (lyrics). Audio from album: ""We Are Born"" (2010). SUBSCRIBE: Sia: https://www.youtube.com/channel/UCmKd.",,,
stage5b4-representative-v3-human-review-v1,stage5b4_representative_v3_053,07OLYWQfwfJKJIwO1heCME,I'm In Here,Sia,We Are Born,221.32,2010,I'm In Here Sia,3,8ex7NFDXQoo,https://www.youtube.com/watch?v=8ex7NFDXQoo,Sia - I'm In Here (from We Are Born),Sia,Sia,222.0,6450626,"""I'm In Here"" from the album 'We Are Born.' Follow Sia: Facebook: https://www.facebook.com/siamusic/ Instagram: ...",,,
stage5b4-representative-v3-human-review-v1,stage5b4_representative_v3_054,3jcfP7lHckkE3a8cX2bnpZ,Lush Meadows of Stone,City Girl,Time Falls Like Moonlight,183.287,2018,Lush Meadows of Stone City Girl,1,MVt3k7YDgjA,https://www.youtube.com/watch?v=MVt3k7YDgjA,city girl | lush meadows of stone,City Girl,City Girl,184.0,398996,Spotify ▻ http://spoti.fi/2BXkC3h Apple Music ▻ http://apple.co/2jf7yTe Bandcamp ▻ https://city-girl.bandcamp.com/ ♡ ♡ play my ...,,,
stage5b4-representative-v3-human-review-v1,stage5b4_representative_v3_054,3jcfP7lHckkE3a8cX2bnpZ,Lush Meadows of Stone,City Girl,Time Falls Like Moonlight,183.287,2018,Lush Meadows of Stone City Girl,2,7y35qRnNhG8,https://www.youtube.com/watch?v=7y35qRnNhG8,[ 𝓅𝓁𝒶𝓎𝓁𝒾𝓈𝓉 ] relaxing autumn ~ city girl,City Girl,City Girl,2516.0,109902,"... cold or alone 33:32 the light of an egress 35:30 lush meadows of stone 38:32 azure glow acoustic/electric/bass guitar, ukulele ...",,,
stage5b4-representative-v3-human-review-v1,stage5b4_representative_v3_054,3jcfP7lHckkE3a8cX2bnpZ,Lush Meadows of Stone,City Girl,Time Falls Like Moonlight,183.287,2018,Lush Meadows of Stone City Girl,3,ovKYWCUf9Aw,https://www.youtube.com/watch?v=ovKYWCUf9Aw,quarantine at home. [lofi / jazzhop / chill mix],suulid,suulid,2267.0,523,listen on soundcloud: - https://soundcloud.com/citygrl/time-falls-like-moonlight-full-album tracks list time falls like moonlight [full ...,,,
stage5b4-representative-v3-human-review-v1,stage5b4_representative_v3_055,0ny6sr26ROicSIpAatlVAP,Wish U Well,underscores,U,261.263,2026,Wish U Well underscores,1,5QU0eiBRD_o,https://www.youtube.com/watch?v=5QU0eiBRD_o,underscores — Wish U Well  ‎ (♫),underscores,underscores,262.0,164421,"'Wish U Well' Written and recorded in San Francisco CA, Los Angeles CA, Chicago IL, Minneapolis MN. Artwork by Ochiai Shohei.",,,
stage5b4-representative-v3-human-review-v1,stage5b4_representative_v3_055,0ny6sr26ROicSIpAatlVAP,Wish U Well,underscores,U,261.263,2026,Wish U Well underscores,2,yEbqcsJZjY8,https://www.youtube.com/watch?v=yEbqcsJZjY8,underscores - Wish U Well (Lyrics),OnLyrics United States 🇺🇸,OnLyrics United States 🇺🇸,262.0,3664,underscores - Wish U Well (Lyrics) Listen/Download here: https://open.spotify.com/track/0ny6sr26ROicSIpAatlVAP Lyrics: ...,,,
stage5b4-representative-v3-human-review-v1,stage5b4_representative_v3_055,0ny6sr26ROicSIpAatlVAP,Wish U Well,underscores,U,261.263,2026,Wish U Well underscores,3,mityUWevMVE,https://www.youtube.com/watch?v=mityUWevMVE,underscores - Wish U Well (no intro),TMBK,TMBK,236.0,4704,for anyone who might wanna add this to their playlist without being jumpscared!,,,
stage5b4-representative-v3-human-review-v1,stage5b4_representative_v3_056,2o2R6ghiVJfAqEXnlmOihz,Honeymoon Fades,Sabrina Carpenter,Honeymoon Fades,195.161,2020,Honeymoon Fades Sabrina Carpenter,1,XLUTTA27oFE,https://www.youtube.com/watch?v=XLUTTA27oFE,Sabrina Carpenter - Honeymoon Fades (Audio Only),Sabrina Carpenter,Sabrina Carpenter,200.0,3872988,"Download/stream ""Honeymoon Fades"" here: http://hollywoodrecs.co/HoneymoonFades?iqid=scvevo Subscribe to Sabrina ...",,,
stage5b4-representative-v3-human-review-v1,stage5b4_representative_v3_056,2o2R6ghiVJfAqEXnlmOihz,Honeymoon Fades,Sabrina Carpenter,Honeymoon Fades,195.161,2020,Honeymoon Fades Sabrina Carpenter,2,NcYZUEPWw9g,https://www.youtube.com/watch?v=NcYZUEPWw9g,Sabrina Carpenter - Honeymoon Fades (Lyrics),XeonBeats,XeonBeats,196.0,32124,Making music? Get yourself heard on XeonBeats and feature on the XeonFresh playlist. Send your submissions to ...,,,
stage5b4-representative-v3-human-review-v1,stage5b4_representative_v3_056,2o2R6ghiVJfAqEXnlmOihz,Honeymoon Fades,Sabrina Carpenter,Honeymoon Fades,195.161,2020,Honeymoon Fades Sabrina Carpenter,3,plUCOKGmcDM,https://www.youtube.com/watch?v=plUCOKGmcDM,Sabrina Carpenter - Honeymoon Fades (live at Webster Hall 10/06/22),Bridget,Bridget,188.0,19803,,,,
stage5b4-representative-v3-human-review-v1,stage5b4_representative_v3_057,7B9W7Qsy5M2kyUNjQYIEG8,DM,fromis_9,Midnight Guest,204.293,2022,DM fromis_9,1,4gXmClk8rKI,https://www.youtube.com/watch?v=4gXmClk8rKI,fromis_9 (프로미스나인) 'DM' Official MV,HYBE LABELS,HYBE LABELS,207.0,49895149,[Midnight Guest]는 새벽 탈출을 감행한 프로미스나인이 무료한 밤을 보내고 있는 이들을 깜짝 방문해 설렘을 선사하는 앨범이다.,,,
stage5b4-representative-v3-human-review-v1,stage5b4_representative_v3_057,7B9W7Qsy5M2kyUNjQYIEG8,DM,fromis_9,Midnight Guest,204.293,2022,DM fromis_9,2,1TyYpFW8X9U,https://www.youtube.com/watch?v=1TyYpFW8X9U,fromis_9 (프로미스나인) 'DM' Performance Video,Official fromis_9,Official fromis_9,212.0,8424045,fromis_9 (프로미스나인) 'DM' Performance Video fromis_9 Official Homepage : https://www.pledis.co.kr/html/artist/fromisnine ...,,,
stage5b4-representative-v3-human-review-v1,stage5b4_representative_v3_057,7B9W7Qsy5M2kyUNjQYIEG8,DM,fromis_9,Midnight Guest,204.293,2022,DM fromis_9,3,4Qr0Pae4EN8,https://www.youtube.com/watch?v=4Qr0Pae4EN8,fromis_9 DM Lyrics (프로미스나인 DM 가사) (Color Coded Lyrics),Jaeguchi,Jaeguchi,204.0,3851070,All Rights Administered by Pledis Entertainment • Artist: fromis_9 (프로미스나인) • Song ♫: DM • Album: Midnight Guest ...,,,
stage5b4-representative-v3-human-review-v1,stage5b4_representative_v3_058,79Hh4k3QRJCOpFcyxKzPtR,Don't go,KozyPop | Dizzy Blue,Seoul Vibes Pt. 10,222.206,2019,Don't go KozyPop,1,TDpIQlOzhjw,https://www.youtube.com/watch?v=TDpIQlOzhjw,KozyPop - Don't go (Song By Dizzy Blue) (Prod. TaeB),LINK6,LINK6,223.0,327,Track List / 트랙리스트 KozyPop - Don't go (Song By Dizzy Blue) (Prod. TaeB) ✖ LINK6는 A June & J Beat가 2012년 한국과 ...,,,
stage5b4-representative-v3-human-review-v1,stage5b4_representative_v3_058,79Hh4k3QRJCOpFcyxKzPtR,Don't go,KozyPop | Dizzy Blue,Seoul Vibes Pt. 10,222.206,2019,Don't go KozyPop,2,ODz9AUeY6cE,https://www.youtube.com/watch?v=ODz9AUeY6cE,KozyPop - Don't go (Song By Dizzy Blue) (Prod. TaeB),KozyPop,KozyPop,223.0,23449,Follow KozyPop / 코지팝 https://linktr.ee/kozypop Follow the artists Dizzy Blue - https://soundcloud.com/cobalt_blue0503 ...,,,
stage5b4-representative-v3-human-review-v1,stage5b4_representative_v3_058,79Hh4k3QRJCOpFcyxKzPtR,Don't go,KozyPop | Dizzy Blue,Seoul Vibes Pt. 10,222.206,2019,Don't go KozyPop,3,vFhJqTpzk_s,https://www.youtube.com/watch?v=vFhJqTpzk_s,KozyPop - Don′t go (feat. Dizzy Blue),SEOULVIBES,SEOULVIBES,223.0,1545,KozyPop - Don′t go (Song By Dizzy Blue) (Prod. TaeB) ☕ Follow KozyPop / 코지팝 http://instagram.com/kozypop ...,,,
stage5b4-representative-v3-human-review-v1,stage5b4_representative_v3_059,0Md02V4hwKO5Vu5B7GD8tQ,FOREVER,BABYMONSTER,FOREVER,212.734,2024,FOREVER BABYMONSTER,1,eJCHKjt0MPw,https://www.youtube.com/watch?v=eJCHKjt0MPw,BABYMONSTER - ‘FOREVER’ M/V,BABYMONSTER,BABYMONSTER,234.0,264103701,FOREVER Alright ok ok ok ok Alright ok BABYMONSTER I got no worries on my mind 난 멈추지 않아 So you can say goodbye I'll ...,,,
stage5b4-representative-v3-human-review-v1,stage5b4_representative_v3_059,0Md02V4hwKO5Vu5B7GD8tQ,FOREVER,BABYMONSTER,FOREVER,212.734,2024,FOREVER BABYMONSTER,2,tDt7X6coxvs,https://www.youtube.com/watch?v=tDt7X6coxvs,BABYMONSTER - ‘FOREVER’ DANCE PERFORMANCE VIDEO,BABYMONSTER,BABYMONSTER,220.0,75670340,BABYMONSTER #베이비몬스터 #FOREVER #DancePerformance #YG More about BABYMONSTER @ Official YouTube ...,,,
stage5b4-representative-v3-human-review-v1,stage5b4_representative_v3_059,0Md02V4hwKO5Vu5B7GD8tQ,FOREVER,BABYMONSTER,FOREVER,212.734,2024,FOREVER BABYMONSTER,3,jR6P_8-xp8U,https://www.youtube.com/watch?v=jR6P_8-xp8U,BABYMONSTER 'FOREVER' Lyrics (베이비몬스터 FOREVER 가사) (Color Coded Lyrics),Jaeguchi,Jaeguchi,216.0,15585283,All Rights Administered by YG Entertainment • Artist: BABYMONSTER (베이비몬스터) • Song ♫: FOREVER • Album: FOREVER ...,,,
stage5b4-representative-v3-human-review-v1,stage5b4_representative_v3_060,1musbempyJAw5gfSKZHXP9,Anxiety,Doechii,Anxiety,249.302,2025,Anxiety Doechii,1,riCP9x31Kuk,https://www.youtube.com/watch?v=riCP9x31Kuk,Doechii - Anxiety,Doechii,Doechii,252.0,75888235,"Directed by James Mackel for Adele Drive Production Company: Adele Drive Producers: Anthony “Top Dawg” Tiffith, Anthony ...",,,
stage5b4-representative-v3-human-review-v1,stage5b4_representative_v3_060,1musbempyJAw5gfSKZHXP9,Anxiety,Doechii,Anxiety,249.302,2025,Anxiety Doechii,2,1EF0VOd3WGA,https://www.youtube.com/watch?v=1EF0VOd3WGA,Doechii - Anxiety (Lyrics),Vibe Music,Vibe Music,250.0,94838751,Doechii - Anxiety Stream/Download: (Lyrics): [Chorus] Anxiety Keep on trying me I feel it quietly Tryna silence me My anxiety Can't ...,,,
stage5b4-representative-v3-human-review-v1,stage5b4_representative_v3_060,1musbempyJAw5gfSKZHXP9,Anxiety,Doechii,Anxiety,249.302,2025,Anxiety Doechii,3,acX184y418E,https://www.youtube.com/watch?v=acX184y418E,Doechii - Anxiety (Lyrics),7clouds,7clouds,247.0,6650516,Follow the official 7clouds playlist on Spotify : http://spoti.fi/2SJsUcZ ​   Doechii - Anxiety (Lyrics) ⏬ Download / Stream: ...,,,
stage5b4-representative-v3-human-review-v1,stage5b4_representative_v3_061,2GfbK4daEIsNVG9eHeibhb,Won't You Wait?,City Girl | Rui Ying,Chroma Velocity,224.0,2019,Won't You Wait? City Girl,1,bGVQW1n8kj4,https://www.youtube.com/watch?v=bGVQW1n8kj4,Won't You Wait? (feat. Rui Ying),City Girl,City Girl,224.0,218732,Provided to YouTube by DistroKid Won't You Wait? (feat. Rui Ying) · City Girl · Rui Ying Chroma Velocity ℗ City Girl Records ...,,,
stage5b4-representative-v3-human-review-v1,stage5b4_representative_v3_061,2GfbK4daEIsNVG9eHeibhb,Won't You Wait?,City Girl | Rui Ying,Chroma Velocity,224.0,2019,Won't You Wait? City Girl,2,61HNs5Sh_gg,https://www.youtube.com/watch?v=61HNs5Sh_gg,city girl | chroma velocity [full album],City Girl,City Girl,2687.0,897085,"... Human Related Accident - 34:38 Won't You Wait? (feat. rui ying) - 37:12 Chroma Velocity - 40:57 acoustic/electric/bass guitar, ...",,,
stage5b4-representative-v3-human-review-v1,stage5b4_representative_v3_061,2GfbK4daEIsNVG9eHeibhb,Won't You Wait?,City Girl | Rui Ying,Chroma Velocity,224.0,2019,Won't You Wait? City Girl,3,ikVlUM07hqw,https://www.youtube.com/watch?v=ikVlUM07hqw,Unwind (feat. Tiffi),City Girl,City Girl,332.0,66449,Provided to YouTube by DistroKid Unwind (feat. Tiffi) · City Girl · Tiffi Goddess of the Hollow ℗ City Girl Records Released on: ...,,,
stage5b4-representative-v3-human-review-v1,stage5b4_representative_v3_062,6pwoQ7ABIGDvTQrPT0AueQ,dreamy,Linearwave,dreamy,117.913,2020,dreamy Linearwave,1,D8qNQIsGfR4,https://www.youtube.com/watch?v=D8qNQIsGfR4,dreamy,linearwave,linearwave,118.0,14595,Provided to YouTube by Sleep Tales dreamy · Linearwave dreamy ℗ 2020 Sleep Tales Music Released on: 2020-11-27 ...,,,
stage5b4-representative-v3-human-review-v1,stage5b4_representative_v3_062,6pwoQ7ABIGDvTQrPT0AueQ,dreamy,Linearwave,dreamy,117.913,2020,dreamy Linearwave,2,jsB1b1EjHvw,https://www.youtube.com/watch?v=jsB1b1EjHvw,Dreamy (Slowed) by Linearwave,Mythic Dizzie Music,Mythic Dizzie Music,147.0,650,,,,
stage5b4-representative-v3-human-review-v1,stage5b4_representative_v3_062,6pwoQ7ABIGDvTQrPT0AueQ,dreamy,Linearwave,dreamy,117.913,2020,dreamy Linearwave,3,z6P1dJCuJh4,https://www.youtube.com/watch?v=z6P1dJCuJh4,Daydreaming,linearwave,linearwave,177.0,80,Provided to YouTube by Linearwave Daydreaming · Linearwave Guilty Pleasures ℗ 2019 Linearwave Released on: 2019-11-19 ...,,,
stage5b4-representative-v3-human-review-v1,stage5b4_representative_v3_063,5cFEPGQ9D8NsSJ9AGxqMGu,Not on This Christmas,Kiri T,not so xmas xmas,185.585,2023,Not on This Christmas Kiri T,1,k-KTIQfAUWg,https://www.youtube.com/watch?v=k-KTIQfAUWg,Kiri T - Not On This Christmas (Visualizer),Kiri T,Kiri T,190.0,9558,"Kiri T - Not On This Christmas (Visualizer) Kiri T X moon tang Christmas Album ""not so xmas xmas"" @moontang929 Tracks: 1.",,,
stage5b4-representative-v3-human-review-v1,stage5b4_representative_v3_063,5cFEPGQ9D8NsSJ9AGxqMGu,Not on This Christmas,Kiri T,not so xmas xmas,185.585,2023,Not on This Christmas Kiri T,2,bbLA5kAVu0E,https://www.youtube.com/watch?v=bbLA5kAVu0E,Kiri T - Not on This Christmas 🎅,IndiETrap,IndiETrap,186.0,189,Kiri T / Not on This Christmas •••••••••••••••••••••••••••••••••••••••••••••••••••• Follow https://www.facebook.com/kiritmusic ...,,,
stage5b4-representative-v3-human-review-v1,stage5b4_representative_v3_063,5cFEPGQ9D8NsSJ9AGxqMGu,Not on This Christmas,Kiri T,not so xmas xmas,185.585,2023,Not on This Christmas Kiri T,3,2Kg_oDxdFxQ,https://www.youtube.com/watch?v=2Kg_oDxdFxQ,荃灣南豐紗廠 Kiri T - Not on This Christmas @ 「WeWeave編織生活節」現場音樂體驗 2024.12.8,タカハシ takahashi channel,タカハシ takahashi channel,191.0,21,kirit #荃灣#tsuenwan #南豐紗廠#themills.,,,
stage5b4-representative-v3-human-review-v1,stage5b4_representative_v3_064,3awKiKNIChUkmFcmaY2MNH,Palliative,City Girl | tiffi,Somnolent Nova,188.0,2019,Palliative City Girl,1,FcGRuAyxu8E,https://www.youtube.com/watch?v=FcGRuAyxu8E,Palliative (feat. Tiffi),City Girl,City Girl,188.0,101774,Provided to YouTube by DistroKid Palliative (feat. Tiffi) · City Girl · Tiffi Somnolent Nova ℗ City Girl Records Released on: ...,,,
stage5b4-representative-v3-human-review-v1,stage5b4_representative_v3_064,3awKiKNIChUkmFcmaY2MNH,Palliative,City Girl | tiffi,Somnolent Nova,188.0,2019,Palliative City Girl,2,8ZC9h84Ne60,https://www.youtube.com/watch?v=8ZC9h84Ne60,remedy (tiffi x city girl),tiffi !,tiffi !,174.0,125175,hey ! im back. sorry for the unannounced music hiatus haha. i wasnt feeling good about my music at all so i decided to take a ...,,,
stage5b4-representative-v3-human-review-v1,stage5b4_representative_v3_064,3awKiKNIChUkmFcmaY2MNH,Palliative,City Girl | tiffi,Somnolent Nova,188.0,2019,Palliative City Girl,3,vPH-Z6Psjdg,https://www.youtube.com/watch?v=vPH-Z6Psjdg,Just a Shadow (feat. Tiffi),City Girl,City Girl,233.0,53315,Provided to YouTube by DistroKid Just a Shadow (feat. Tiffi) · City Girl · Tiffi Somnolent Nova ℗ City Girl Records Released on: ...,,,
stage5b4-representative-v3-human-review-v1,stage5b4_representative_v3_065,6Aj3Ff2lIXBZF3KxfQkUH2,high school boy,Regina Song,fangirl,174.462,2024,high school boy Regina Song,1,x7pFy6MU0gE,https://www.youtube.com/watch?v=x7pFy6MU0gE,Regina Song - high school boy (Official Lyric Video),Regina Song,Regina Song,180.0,120680,"high school boy holds such a special place in my heart, and i'm beyond stoked that i'm able to share it with u guys! enjoy the lyric ...",,,
stage5b4-representative-v3-human-review-v1,stage5b4_representative_v3_065,6Aj3Ff2lIXBZF3KxfQkUH2,high school boy,Regina Song,fangirl,174.462,2024,high school boy Regina Song,2,QqgMiP5bZmA,https://www.youtube.com/watch?v=QqgMiP5bZmA,Regina Song - high school boy (Official Live Performance Video),PARKA,PARKA,182.0,62313,"Official live video for Regina Song's 'high school boy', live at Saylah Studios. Listen to 'high school boy' here: Spotify: ...",,,
stage5b4-representative-v3-human-review-v1,stage5b4_representative_v3_065,6Aj3Ff2lIXBZF3KxfQkUH2,high school boy,Regina Song,fangirl,174.462,2024,high school boy Regina Song,3,k07CFD2nY60,https://www.youtube.com/watch?v=k07CFD2nY60,HIGH SCHOOL BOY - REGINA SONG LYRICS,Greeeiin Classical,Greeeiin Classical,181.0,4939,"LYRICS HIGH SCHOOL BOY - REGINA SONG ... I see you dancing 'round your room No one could stop you if they tried to Ooh, ...",,,
stage5b4-representative-v3-human-review-v1,stage5b4_representative_v3_066,2KqYLFNTX2HXzYH4bucBKa,Carpool,Red Velvet,‘The ReVe Festival’ Finale,206.757,2019,Carpool Red Velvet,1,iOjv6c-PMxg,https://www.youtube.com/watch?v=iOjv6c-PMxg,카풀 Carpool,Red Velvet,Red Velvet,207.0,3601918,Provided to YouTube by SM Entertainment 카풀 Carpool · Red Velvet 'The ReVe Festival' Day 2 ℗ SM Entertainment Released ...,,,
stage5b4-representative-v3-human-review-v1,stage5b4_representative_v3_066,2KqYLFNTX2HXzYH4bucBKa,Carpool,Red Velvet,‘The ReVe Festival’ Finale,206.757,2019,Carpool Red Velvet,2,Kfjal7yVs2U,https://www.youtube.com/watch?v=Kfjal7yVs2U,Red Velvet - Carpool (레드벨벳 - 카풀) [Color Coded Lyrics/Han/Rom/Eng/가사],Lemoring,Lemoring,209.0,714421,BY-LEMORING All Rights Administered By SM Entertainment ☆Thank you for watching!☆ ♥ Sorry for any mistakes ♥ ☆ Please ...,,,
stage5b4-representative-v3-human-review-v1,stage5b4_representative_v3_066,2KqYLFNTX2HXzYH4bucBKa,Carpool,Red Velvet,‘The ReVe Festival’ Finale,206.757,2019,Carpool Red Velvet,3,NnUMHN_fTQ0,https://www.youtube.com/watch?v=NnUMHN_fTQ0,[4K60] Carpool by Red Velvet at MIK Festival in London,One for Red Velvet,One for Red Velvet,212.0,14538,Please do not re-upload anywhere else. Thank you.,,,
stage5b4-representative-v3-human-review-v1,stage5b4_representative_v3_067,4xSUHeZOliDd6rQJ41ytLb,这不堪的我,石玺彤,這不堪的我,160.941,2025,这不堪的我 石玺彤,1,LR8vnA4rNp4,https://www.youtube.com/watch?v=LR8vnA4rNp4,这不堪的我,石玺彤 - Topic,石玺彤 - Topic,161.0,24,Provided to YouTube by DistroKid 这不堪的我· 石玺彤向你的孤岛起航℗ 10617581 Records DK Released on: 2025-10-24 ...,,,
stage5b4-representative-v3-human-review-v1,stage5b4_representative_v3_067,4xSUHeZOliDd6rQJ41ytLb,这不堪的我,石玺彤,這不堪的我,160.941,2025,这不堪的我 石玺彤,2,Ec5eWPAdE5Q,https://www.youtube.com/watch?v=Ec5eWPAdE5Q,這不堪的我 - 石玺彤『這不堪又脆弱的我啊怎麼才能學會不害怕 可你卻說我們都一樣築造著浮華的堅強』【高音質/動態歌詞/Pinyin Lyrics】,ADMusicChannel,ADMusicChannel,158.0,161,點擊關注喜歡是給予我們最大的支持。感謝大家♥ https://bit.ly/469fwAm (送RM10) 荣耀赞助：JK8 JK8 亚洲最大娱乐城要玩就 ...,,,
stage5b4-representative-v3-human-review-v1,stage5b4_representative_v3_067,4xSUHeZOliDd6rQJ41ytLb,这不堪的我,石玺彤,這不堪的我,160.941,2025,这不堪的我 石玺彤,3,WnS10bgD0-4,https://www.youtube.com/watch?v=WnS10bgD0-4,石璽彤 - 這不堪的我『這不堪又脆弱的我啊，怎麼才能學會不害怕。』【動態歌詞 | Pinyin Lyrics】【AWALK MUSIC】,AWALK MUSIC CHANNEL,AWALK MUSIC CHANNEL,171.0,1927,石璽彤- 這不堪的我『這不堪又脆弱的我啊，怎麼才能學會不害怕。』 | 新歌不重復| 不間斷播放| 2025 新歌推送| 抖音十大熱門歌曲| ...,,,
stage5b4-representative-v3-human-review-v1,stage5b4_representative_v3_068,5NCjlQf4kuP3HLvFKNiVmp,latte,eymii,latte,290.124,2021,latte eymii,1,Q5gd_FRfD_c,https://www.youtube.com/watch?v=Q5gd_FRfD_c,eymii- latte (official lyric video),eymiiso,eymiiso,291.0,4402,"""latte"" out now on all streaming platforms: spotify: ...",,,
stage5b4-representative-v3-human-review-v1,stage5b4_representative_v3_068,5NCjlQf4kuP3HLvFKNiVmp,latte,eymii,latte,290.124,2021,latte eymii,2,oHhimx0FiPI,https://www.youtube.com/watch?v=oHhimx0FiPI,eymii - latte [teaser],eymiiso,eymiiso,37.0,190,"""latte"" out October 8th, pre-save here: https://distrokid.com/hyperfollow/eymii/latte another single, another teaser for a music video ...",,,
stage5b4-representative-v3-human-review-v1,stage5b4_representative_v3_068,5NCjlQf4kuP3HLvFKNiVmp,latte,eymii,latte,290.124,2021,latte eymii,3,77CK_a03cw0,https://www.youtube.com/watch?v=77CK_a03cw0,eymii - Second Lead [teaser],eymiiso,eymiiso,29.0,639,"""Second Lead"" out April 18th, pre-save here: https://distrokid.com/hyperfollow/eymii/second-lead After months of excitement, ...",,,
stage5b4-representative-v3-human-review-v1,stage5b4_representative_v3_069,5gHMAeiTkGGdotCsaiJeY3,喂,單依純,喂,272.571,2021,喂 單依純,1,4o_tPCquTZM,https://www.youtube.com/watch?v=4o_tPCquTZM,单依纯 最新单曲《喂》正式完整版 CC字幕,单依纯ShanYichun,单依纯ShanYichun,274.0,394652,单依纯最新单曲《喂》正式完整版CC字幕欢迎订阅（订阅后记得打开小铃铛） ...,,,
stage5b4-representative-v3-human-review-v1,stage5b4_representative_v3_069,5gHMAeiTkGGdotCsaiJeY3,喂,單依純,喂,272.571,2021,喂 單依純,2,stVk9Cz06Js,https://www.youtube.com/watch?v=stVk9Cz06Js,"Stage: Shan Yichun - ""Wei"" | Stage Boom EP10 | iQiyi精选",iQIYI 潮综艺 - Get the iQIYI APP,iQIYI 潮综艺 - Get the iQIYI APP,287.0,517864,"【Stage Boom】is trending on iQiyi with multiple subtitles, 1 new episode every Friday at 20:00. Members get early access. Watch ...",,,
stage5b4-representative-v3-human-review-v1,stage5b4_representative_v3_069,5gHMAeiTkGGdotCsaiJeY3,喂,單依純,喂,272.571,2021,喂 單依純,3,oiLLzDl44Co,https://www.youtube.com/watch?v=oiLLzDl44Co,單依純 Shan Yi Chun《喂 Wei》| 官方動態歌詞版MV ｜騰訊音樂發行頻道,腾讯音乐发行,腾讯音乐发行,272.0,3081,欢迎订阅腾讯音乐发行频道：https://reurl.cc/Qb7bOO 歌词： 靈感沒空一張白紙與墨萍水相逢剩了副面容表情有些陌生無法集中 ...,,,
stage5b4-representative-v3-human-review-v1,stage5b4_representative_v3_070,0VdikQbDdOqxdWQyYsLmne,butterflies (feat. TAEHYUN of TOMORROW X TOGETHER & Kim Chaewon of LE SSERAFIM),JVKE | TOMORROW X TOGETHER | LE SSERAFIM | TAEHYUN | KIM CHAEWON,butterflies (feat. TAEHYUN of TOMORROW X TOGETHER & Kim Chaewon of LE SSERAFIM),164.466,2025,butterflies (feat. TAEHYUN of TOMORROW X TOGETHER & Kim Chaewon of LE SSERAFIM) JVKE,1,KD7Px69GCVY,https://www.youtube.com/watch?v=KD7Px69GCVY,"JVKE (feat. TAEHYUN of TXT,  KIM CHAEWON of LE SSERAFIM) – butterflies (animated music video)",JVKE,JVKE,165.0,1831733,"STREAM ""butterflies"": https://lnk.to/JVKEButterflies Creative Director: Ethan Peang https://www.instagram.com/ethan_peang/ ...",,,
stage5b4-representative-v3-human-review-v1,stage5b4_representative_v3_070,0VdikQbDdOqxdWQyYsLmne,butterflies (feat. TAEHYUN of TOMORROW X TOGETHER & Kim Chaewon of LE SSERAFIM),JVKE | TOMORROW X TOGETHER | LE SSERAFIM | TAEHYUN | KIM CHAEWON,butterflies (feat. TAEHYUN of TOMORROW X TOGETHER & Kim Chaewon of LE SSERAFIM),164.466,2025,butterflies (feat. TAEHYUN of TOMORROW X TOGETHER & Kim Chaewon of LE SSERAFIM) JVKE,2,-6kmU2b3EQY,https://www.youtube.com/watch?v=-6kmU2b3EQY,"JVKE (feat. TAEHYUN of TXT,  KIM CHAEWON of LE SSERAFIM) – butterflies (official lyric video)",JVKE,JVKE,165.0,2273348,"STREAM ""butterflies"" out Friday: https://lnk.to/JVKEButterflies Creative Director: Ethan Peang ...",,,
stage5b4-representative-v3-human-review-v1,stage5b4_representative_v3_070,0VdikQbDdOqxdWQyYsLmne,butterflies (feat. TAEHYUN of TOMORROW X TOGETHER & Kim Chaewon of LE SSERAFIM),JVKE | TOMORROW X TOGETHER | LE SSERAFIM | TAEHYUN | KIM CHAEWON,butterflies (feat. TAEHYUN of TOMORROW X TOGETHER & Kim Chaewon of LE SSERAFIM),164.466,2025,butterflies (feat. TAEHYUN of TOMORROW X TOGETHER & Kim Chaewon of LE SSERAFIM) JVKE,3,wMb_TirTWj0,https://www.youtube.com/watch?v=wMb_TirTWj0,JVKE 'butterflies (feat. TAEHYUN [TXT] & Kim Chaewon [LE SSERAFIM])' Lyrics [Color Coded_Eng],ShadowByYoongi,ShadowByYoongi,165.0,305504,All Rights Administered by AWAL / HYBE Labels Artist: JVKE Song: butterflies (feat. TAEHYUN [TXT] & Kim Chaewon [LE ...,,,
stage5b4-representative-v3-human-review-v1,stage5b4_representative_v3_071,51bAYkcnw2WvMo4tps2txV,나비,BIBI,사랑하는 사람들을 위한 지침서,193.429,2019,나비 BIBI,1,I3uzROnFGnA,https://www.youtube.com/watch?v=I3uzROnFGnA,[MV] BIBI(비비) _ NABI(나비),1theK (원더케이),1theK (원더케이),195.0,7961500,"[MV] BIBI(비비) _ NABI(나비)

[공지] 1theK YouTube는 MV를 유통하는 공식 채널로, 1theK에 업로드된 MV 조회수 또한 음악방송 순위 ...",,,
stage5b4-representative-v3-human-review-v1,stage5b4_representative_v3_071,51bAYkcnw2WvMo4tps2txV,나비,BIBI,사랑하는 사람들을 위한 지침서,193.429,2019,나비 BIBI,2,bZVvQnu630M,https://www.youtube.com/watch?v=bZVvQnu630M,BIBI (비비) - NABI (나비) (Color Coded Lyrics Eng/Rom/Han/가사),multi army,multi army,194.0,320280,All Rights Administered by FeelGhoodMusic. No copyright infringement intended. Please watch it on HD for more clearer view.,,,
stage5b4-representative-v3-human-review-v1,stage5b4_representative_v3_071,51bAYkcnw2WvMo4tps2txV,나비,BIBI,사랑하는 사람들을 위한 지침서,193.429,2019,나비 BIBI,3,hAopzWKVdX4,https://www.youtube.com/watch?v=hAopzWKVdX4,[온스테이지2.0] 비비(BIBI) - 나비(NABI),온스테이지ONSTAGE,온스테이지ONSTAGE,231.0,1191614,"[아티스트 정보] ARTIST: 비비(BIBI) TITLE: 나비(NABI) 참여 세션: 신승규(드럼), 유현철(기타), 유현욱(베이스), 김영호(키보드) ...",,,
stage5b4-representative-v3-human-review-v1,stage5b4_representative_v3_072,5Fcvs2SN18DwMhGaumJ78I,black coffee,Elijah Who,Gentle Boy,73.966,2017,black coffee Elijah Who,1,KA4hOdzGd2Y,https://www.youtube.com/watch?v=KA4hOdzGd2Y,black coffee,elijah who,elijah who,74.0,16681,Provided to YouTube by Too Lost black coffee · Elijah Who Gentle Boy ℗ 2021 Elijah Who Released on: 2017-09-29 Main Artist: ...,,,
stage5b4-representative-v3-human-review-v1,stage5b4_representative_v3_072,5Fcvs2SN18DwMhGaumJ78I,black coffee,Elijah Who,Gentle Boy,73.966,2017,black coffee Elijah Who,2,dqpmj0cPwtA,https://www.youtube.com/watch?v=dqpmj0cPwtA,elijah who – black coffee,fuschia_ynx,fuschia_ynx,75.0,57342,,,,
stage5b4-representative-v3-human-review-v1,stage5b4_representative_v3_072,5Fcvs2SN18DwMhGaumJ78I,black coffee,Elijah Who,Gentle Boy,73.966,2017,black coffee Elijah Who,3,tO0U4cFPF-8,https://www.youtube.com/watch?v=tO0U4cFPF-8,black coffee,elijah who,elijah who,74.0,4766,Provided to YouTube by DistroKid black coffee · Elijah Who Gentle Boy ℗ Elijah Who Released on: 2017-09-29 Auto-generated ...,,,
stage5b4-representative-v3-human-review-v1,stage5b4_representative_v3_074,1lvK8Y6Zt4od4CWj82rLhE,feel the same,The Millennial Club,feel the same (sped up),131.866,2023,feel the same The Millennial Club,1,ssNQKALSH00,https://www.youtube.com/watch?v=ssNQKALSH00,feel the same,The Millennial Club,The Millennial Club,132.0,1045642,Provided to YouTube by DistroKid feel the same · The Millennial Club summer nights ℗ The Millennial Club Released on: ...,,,
stage5b4-representative-v3-human-review-v1,stage5b4_representative_v3_074,1lvK8Y6Zt4od4CWj82rLhE,feel the same,The Millennial Club,feel the same (sped up),131.866,2023,feel the same The Millennial Club,2,uUaQKg9NquA,https://www.youtube.com/watch?v=uUaQKg9NquA,[vietsub + lyrics] feel the same - The Millennial Club,fwg,fwg,136.0,194951,Song: feel the same - The Millennial Club Official Audio: ----------------------------------------------------------------------- Translator: fwg ...,,,
stage5b4-representative-v3-human-review-v1,stage5b4_representative_v3_074,1lvK8Y6Zt4od4CWj82rLhE,feel the same,The Millennial Club,feel the same (sped up),131.866,2023,feel the same The Millennial Club,3,sI8aYTpwckk,https://www.youtube.com/watch?v=sI8aYTpwckk,feel the same,The Millennial Club,The Millennial Club,132.0,6317,Provided to YouTube by The Orchard Enterprises feel the same · The Millennial Club · Andres Dylan Owens Heard Well ...,,,
stage5b4-representative-v3-human-review-v1,stage5b4_representative_v3_075,1Zyd6zQnC6XIIzmg3hP7Ot,As If It's Your Last,BLACKPINK,As If It's Your Last,213.264,2017,As If It's Your Last BLACKPINK,1,Amq-qlqbjYA,https://www.youtube.com/watch?v=Amq-qlqbjYA,BLACKPINK - '마지막처럼 (AS IF IT'S YOUR LAST)' M/V,BLACKPINK,BLACKPINK,217.0,1536574046,BLACKPINK - 마지막처럼 (AS IF IT'S YOUR LAST) 너 뭔데 자꾸 생각나 자존심 상해 애가 타 얼굴이 뜨겁고 가슴은 계속 뛰어 내 몸이 ...,,,
stage5b4-representative-v3-human-review-v1,stage5b4_representative_v3_075,1Zyd6zQnC6XIIzmg3hP7Ot,As If It's Your Last,BLACKPINK,As If It's Your Last,213.264,2017,As If It's Your Last BLACKPINK,2,xccLKPh69PI,https://www.youtube.com/watch?v=xccLKPh69PI,BLACKPINK (블랙핑크) - '마지막처럼 (As If It's Your Last)' [Color Coded Lyrics 가사],chiminamour,chiminamour,214.0,3045524,Rights Administrated by YG Entertainment Artist: BLACKPINK Song: 마지막처럼 (As If It's Your Last) Album: As If It's Your Last ...,,,
stage5b4-representative-v3-human-review-v1,stage5b4_representative_v3_075,1Zyd6zQnC6XIIzmg3hP7Ot,As If It's Your Last,BLACKPINK,As If It's Your Last,213.264,2017,As If It's Your Last BLACKPINK,3,hKUJmA9O6iA,https://www.youtube.com/watch?v=hKUJmA9O6iA,BLACKPINK - ‘마지막처럼 (AS IF IT’S YOUR LAST)’ DANCE PRACTICE VIDEO,BLACKPINK,BLACKPINK,218.0,317419381,Download on iTunes @ http://smarturl.it/BLACKPINK_3RD Download on AppleMusic @ http://smarturl.it/3RD_BLACKPINK ...,,,
stage5b4-representative-v3-human-review-v1,stage5b4_representative_v3_076,4Y4Wtw2oKyypYncIbXPXzt,The Light of an Egress,City Girl,Neon Impasse,119.5,2018,The Light of an Egress City Girl,1,80g6157skko,https://www.youtube.com/watch?v=80g6157skko,The Light of an Egress,City Girl,City Girl,120.0,91198,Provided to YouTube by DistroKid The Light of an Egress · City Girl Neon Impasse ℗ City Girl Records Released on: 2018-07-02 ...,,,
stage5b4-representative-v3-human-review-v1,stage5b4_representative_v3_076,4Y4Wtw2oKyypYncIbXPXzt,The Light of an Egress,City Girl,Neon Impasse,119.5,2018,The Light of an Egress City Girl,2,D7zsveDHBuw,https://www.youtube.com/watch?v=D7zsveDHBuw,Serene lofi aesthetic images over Chillhop song 'City Girl light of an Egress',Richard Burn Mayordomo,Richard Burn Mayordomo,119.0,151,music by City Girl Twitter ▻ https://twitter.com/citygirltime Bandcamp ▻ https://city-girl.bandcamp.com/ Spotify ...,,,
stage5b4-representative-v3-human-review-v1,stage5b4_representative_v3_076,4Y4Wtw2oKyypYncIbXPXzt,The Light of an Egress,City Girl,Neon Impasse,119.5,2018,The Light of an Egress City Girl,3,PGjMC7omv4A,https://www.youtube.com/watch?v=PGjMC7omv4A,DrimNightt - The Light Of An Egress (Lofi/Chillhop) #RetoLofi,DrimNightt,DrimNightt,124.0,29,Álbum (A Path Of Relief) para el #RetoLofi de Jaime Full Album: https://youtu.be/vzEgwH2x8dk #Lofi #Chillhop #Beats.,,,
stage5b4-representative-v3-human-review-v1,stage5b4_representative_v3_077,2wIaCbkQtEFszbalEsqpNN,stay (with Lydia Ganada),yuni | Lydia Ganada,stay (with Lydia Ganada),159.692,2023,stay (with Lydia Ganada) yuni,1,ygLJSGxYwL8,https://www.youtube.com/watch?v=ygLJSGxYwL8,stay,Yuni,Yuni,160.0,24967,Provided to YouTube by RUN stay · yuni · Lydia Ganada stay ℗ 2023 yuni under exclusive license to RUN Inc. Released on: ...,,,
stage5b4-representative-v3-human-review-v1,stage5b4_representative_v3_077,2wIaCbkQtEFszbalEsqpNN,stay (with Lydia Ganada),yuni | Lydia Ganada,stay (with Lydia Ganada),159.692,2023,stay (with Lydia Ganada) yuni,2,mh7ZjhaObC8,https://www.youtube.com/watch?v=mh7ZjhaObC8,yuni - stay ft. Lydia Ganada (Lyrics),tiramissu music,tiramissu music,160.0,114,"bringing you all the feels from the best asian artists from the west & beyond ps. if these songs hit deep, tell ur crush “i tiramissu"".",,,
stage5b4-representative-v3-human-review-v1,stage5b4_representative_v3_077,2wIaCbkQtEFszbalEsqpNN,stay (with Lydia Ganada),yuni | Lydia Ganada,stay (with Lydia Ganada),159.692,2023,stay (with Lydia Ganada) yuni,3,XnOgsta3XLw,https://www.youtube.com/watch?v=XnOgsta3XLw,"""더 이상 견딜 수가 없어서 그래"" yuni - stay(feat. Lydia Ganada) [한글자막/가사해석]",YOHIRA,YOHIRA,162.0,1435,이번엔 조금 힘빼서 만들엇슴니다   #yuni #LydiaGanada #stay.,,,
stage5b4-representative-v3-human-review-v1,stage5b4_representative_v3_078,5YiDYURYgkBU51ohzTwHFS,Warm Thoughts,omarr | Slipfunc,Desire,171.362,2019,Warm Thoughts omarr,1,wf2C3bYWWrI,https://www.youtube.com/watch?v=wf2C3bYWWrI,omarr w/ slipfunc - warm thoughts,Dreamwave,Dreamwave,172.0,201579,SUPPORT THE ARTIST: Soundcloud: https://soundcloud.com/momarm -------------------------------------- Artwork: ...,,,
stage5b4-representative-v3-human-review-v1,stage5b4_representative_v3_078,5YiDYURYgkBU51ohzTwHFS,Warm Thoughts,omarr | Slipfunc,Desire,171.362,2019,Warm Thoughts omarr,2,79C-z_JIGPc,https://www.youtube.com/watch?v=79C-z_JIGPc,Warm Thoughts (feat. Slipfunc),Omarr - Topic,Omarr - Topic,172.0,101934,Provided to YouTube by DistroKid Warm Thoughts (feat. Slipfunc) · omarr · Slipfunc Desire ℗ omarr Released on: 2019-01-05 ...,,,
stage5b4-representative-v3-human-review-v1,stage5b4_representative_v3_078,5YiDYURYgkBU51ohzTwHFS,Warm Thoughts,omarr | Slipfunc,Desire,171.362,2019,Warm Thoughts omarr,3,XwcqRzGyBG0,https://www.youtube.com/watch?v=XwcqRzGyBG0,omar - warm thoughts w slipfunc,omarr,omarr,172.0,568,omarr: https://soundcloud.com/momarm​ https://www.instagram.com/omarmirzaa/...​ https://momarm.bandcamp.com/ slipfunc: ...,,,
stage5b4-representative-v3-human-review-v1,stage5b4_representative_v3_079,15c7KZTrsCUxCQcOdUVELc,Galaxy,BOL4,Full Album RED PLANET,213.853,2016,Galaxy BOL4,1,8DeV-Qax6as,https://www.youtube.com/watch?v=8DeV-Qax6as,[Lyrics Video] BOL4(볼빨간사춘기) - Galaxy(우주를 줄게),SUPER SOUND Bugs!,SUPER SOUND Bugs!,215.0,2792673,[Lyrics Video] BOL4(볼빨간사춘기) - Galaxy(우주를 줄게) BOL4's Album [Full Album RED PLANET] Now Available on : ▷Bugs ...,,,
stage5b4-representative-v3-human-review-v1,stage5b4_representative_v3_079,15c7KZTrsCUxCQcOdUVELc,Galaxy,BOL4,Full Album RED PLANET,213.853,2016,Galaxy BOL4,2,VPi34zopc-Y,https://www.youtube.com/watch?v=VPi34zopc-Y,"Bolbbalgan4 (볼빨간 사춘기) - ""Galaxy (우주를 줄게)"" Lyrics (Color Coded Eng/Rom/Han)",Prityo Rivaldo,Prityo Rivaldo,214.0,414930,All Rights Administered by Shofar Music We do not own the MUSIC. All rights reserved to the original owner. SUPER SOUND ...,,,
stage5b4-representative-v3-human-review-v1,stage5b4_representative_v3_079,15c7KZTrsCUxCQcOdUVELc,Galaxy,BOL4,Full Album RED PLANET,213.853,2016,Galaxy BOL4,3,9U8uA702xrE,https://www.youtube.com/watch?v=9U8uA702xrE,[M/V] 우주를 줄게  - 볼빨간사춘기,SUPER SOUND Bugs!,SUPER SOUND Bugs!,217.0,107457645,"[M/V] 우주를 줄게 - 볼빨간사춘기(Bolppalgan Puberty) 슈퍼사운드, 벅스! SUPER SOUND, BUGS! ▷Bugs FB ...",,,
stage5b4-representative-v3-human-review-v1,stage5b4_representative_v3_080,3xyr2xfbSZiZWWGsjLyMFh,Hotel,Claire Rosinkranz,6 Of A Billion,134.781,2021,Hotel Claire Rosinkranz,1,fMd5yadqznk,https://www.youtube.com/watch?v=fMd5yadqznk,Claire Rosinkranz - Hotel (Official Video),Claire Rosinkranz,Claire Rosinkranz,146.0,1972199,"Official music video for ""Hotel"" taken from my ep '6 Of A Billion' out now : https://clairerosinkranz.lnk.to/6ofabillion Follow me!",,,
stage5b4-representative-v3-human-review-v1,stage5b4_representative_v3_080,3xyr2xfbSZiZWWGsjLyMFh,Hotel,Claire Rosinkranz,6 Of A Billion,134.781,2021,Hotel Claire Rosinkranz,2,7pzCcMhhIjg,https://www.youtube.com/watch?v=7pzCcMhhIjg,"Claire Rosinkranz - ""Hotel"" (Official Lyric Video)",Claire Rosinkranz,Claire Rosinkranz,139.0,512802,"""Hotel"" taken from my ep '6 Of A Billion' out now : https://ClaireRosinkranz.lnk.to/6ofabillion Follow me!! Instagram: ...",,,
stage5b4-representative-v3-human-review-v1,stage5b4_representative_v3_080,3xyr2xfbSZiZWWGsjLyMFh,Hotel,Claire Rosinkranz,6 Of A Billion,134.781,2021,Hotel Claire Rosinkranz,3,IRVJqS6Z45M,https://www.youtube.com/watch?v=IRVJqS6Z45M,Claire Rosinkranz - Hotel (Lyrics),LynelleIMM.,LynelleIMM.,140.0,7454,ClaireRosinkranz #Hotel #Lyrics Claire Rosinkranz - Hotel Official Video https://youtu.be/fMd5yadqznk Official Lyric Video ...,,,
stage5b4-representative-v3-human-review-v1,stage5b4_representative_v3_081,2qQpFbqqkLOGySgNK8wBXt,FANCY,TWICE,FANCY YOU,213.88,2019,FANCY TWICE,1,kOHB85vDuow,https://www.youtube.com/watch?v=kOHB85vDuow,"TWICE ""FANCY"" M/V",JYP Entertainment,JYP Entertainment,219.0,701643764,"TWICE ""FANCY"" M/V ""FANCY YOU"" Album Official Purchase(US) Amazon https://tinyurl.com/y43c4c4z BARNES & NOBLE ...",,,
stage5b4-representative-v3-human-review-v1,stage5b4_representative_v3_081,2qQpFbqqkLOGySgNK8wBXt,FANCY,TWICE,FANCY YOU,213.88,2019,FANCY TWICE,2,mIXR-7u2Kas,https://www.youtube.com/watch?v=mIXR-7u2Kas,"TWICE (트와이스) ""FANCY"" (Color Coded Lyrics Eng/Rom/Han/가사)",Jaeguchi,Jaeguchi,217.0,37174476,All Rights Administered by JYP Entertainment • Artist: TWICE (트와이스) • Song: FANCY • Album: 'FANCY YOU' • Released: ...,,,
stage5b4-representative-v3-human-review-v1,stage5b4_representative_v3_081,2qQpFbqqkLOGySgNK8wBXt,FANCY,TWICE,FANCY YOU,213.88,2019,FANCY TWICE,3,iRw4kL1CMI8,https://www.youtube.com/watch?v=iRw4kL1CMI8,"TWICE ""FANCY"" Dance Practice Video",TWICE,TWICE,223.0,69063354,"TWICE ""FANCY"" Dance Practice Video ""FANCY YOU"" Album Official Purchase(US) Amazon https://tinyurl.com/y43c4c4z BARNES ...",,,
stage5b4-representative-v3-human-review-v1,stage5b4_representative_v3_082,4NsmtNge6iuqUTAkzfWk62,idc,Laica,idc,167.352,2024,idc Laica,1,kEGRCrfPIpY,https://www.youtube.com/watch?v=kEGRCrfPIpY,idc,Laica,Laica,168.0,27353,Provided to YouTube by Laica idc · Laica idc ℗ 2024 Laica Released on: 2024-06-28 Main Artist: Laica Producer: supercooper!,,,
stage5b4-representative-v3-human-review-v1,stage5b4_representative_v3_082,4NsmtNge6iuqUTAkzfWk62,idc,Laica,idc,167.352,2024,idc Laica,2,dGBknHxX-N0,https://www.youtube.com/watch?v=dGBknHxX-N0,i'm so fine at being lonely,Laica,Laica,178.0,36466,Provided to YouTube by The Orchard Enterprises i'm so fine at being lonely · Laica · Laica Salas · Cooper Leith i'm so fine at ...,,,
stage5b4-representative-v3-human-review-v1,stage5b4_representative_v3_082,4NsmtNge6iuqUTAkzfWk62,idc,Laica,idc,167.352,2024,idc Laica,3,3fr-8cYJanw,https://www.youtube.com/watch?v=3fr-8cYJanw,idc,PANPAI,PANPAI,236.0,276,description Laica - idc.,,,
stage5b4-representative-v3-human-review-v1,stage5b4_representative_v3_083,2G3l5uYzMqVAgEjcF8XtRj,Hypnotized,Weston Estate,Hypnotized,209.25,2019,Hypnotized Weston Estate,1,6hv6D5un040,https://www.youtube.com/watch?v=6hv6D5un040,Weston Estate - Hypnotized (Lyrics /Lyric Video),Chill Only,Chill Only,210.0,97303,Song submissions with lyrics to: @gornstar1 on instagram Partner Channels: TeamOnly Lyrics: https://goo.gl/Z3ruHN ...,,,
stage5b4-representative-v3-human-review-v1,stage5b4_representative_v3_083,2G3l5uYzMqVAgEjcF8XtRj,Hypnotized,Weston Estate,Hypnotized,209.25,2019,Hypnotized Weston Estate,2,h0jzi2_9Vd8,https://www.youtube.com/watch?v=h0jzi2_9Vd8,Weston Estate - Hypnotized,amowizard,amowizard,206.0,2134,"I was young when I met you from the jump Never scared of being honest, where's the fun? I'm lying to you baby, I would rather run ...",,,
stage5b4-representative-v3-human-review-v1,stage5b4_representative_v3_083,2G3l5uYzMqVAgEjcF8XtRj,Hypnotized,Weston Estate,Hypnotized,209.25,2019,Hypnotized Weston Estate,3,K7KPgHMXreE,https://www.youtube.com/watch?v=K7KPgHMXreE,Weston Estate - Hypnotized,staainless,staainless,206.0,16016,I DO NOT OWN THE AUDIO OR PHOTO IN THIS VIDEO This video was made to try to gain the attention of the song. Although this ...,,,
stage5b4-representative-v3-human-review-v1,stage5b4_representative_v3_084,1ynuDDHKN7P7fmJEljdCLd,Winter blossom,Dept | Ashley Alisha | nobody likes you pat,Spring in Winter,168.87,2021,Winter blossom Dept,1,jXwR4_58uy0,https://www.youtube.com/watch?v=jXwR4_58uy0,"Dept- Winter blossom(Feat. Ashley Alisha, nobody likes you pat) official lyric video",Dept 뎁트,Dept 뎁트,169.0,5909623,"2월 13일 오후6시에 음원 사이트 정식 발매됩니다! Winter blossom 겨울에 시작 되는 사랑, 꽃이 피는것처럼 하나의 사랑이 시작 ...",,,
stage5b4-representative-v3-human-review-v1,stage5b4_representative_v3_084,1ynuDDHKN7P7fmJEljdCLd,Winter blossom,Dept | Ashley Alisha | nobody likes you pat,Spring in Winter,168.87,2021,Winter blossom Dept,2,WSvrp1BZDwY,https://www.youtube.com/watch?v=WSvrp1BZDwY,"Dept- Winter Blossom(Feat. Ashley Alisha, nobody likes you pat)(1 hour Loop)",Dept 뎁트,Dept 뎁트,3715.0,144878,"Winter blossom 겨울에 시작 되는 사랑, 꽃이 피는것처럼 하나의 사랑이 시작됩니다. 예전보다 누군가에게 쉽게 마음을 열기가 쉽지 ...",,,
stage5b4-representative-v3-human-review-v1,stage5b4_representative_v3_084,1ynuDDHKN7P7fmJEljdCLd,Winter blossom,Dept | Ashley Alisha | nobody likes you pat,Spring in Winter,168.87,2021,Winter blossom Dept,3,stajsFpeWWs,https://www.youtube.com/watch?v=stajsFpeWWs,Dept - Winter Blossom (Feat. Ashley Alisha & nobody likes you pat) Official MV,Dept 뎁트,Dept 뎁트,182.0,242610,Director - 이정수 Writer - 전홍준 Camera - 박성근 권기범 장학순 정민주 박수현 Lighting - 정원화 김성준 윤상욱 Art Director - 하연수 ...,,,
stage5b4-representative-v3-human-review-v1,stage5b4_representative_v3_085,6ram0T20BHTnZjFsZkazUp,Karma,Dareharu,Karma,271.136,2020,Karma Dareharu,1,jv543Nk5s18,https://www.youtube.com/watch?v=jv543Nk5s18,Dareharu 『Karma』 MV,dareharu달의하루,dareharu달의하루,279.0,33174782,"Dareharu 『Karma』

Credit;

Animation - RDR(람다람)

Word/Music - ampstyle

Vocal - Chohee(초희)

Solo Guitar - AZ

Additional ...",,,
stage5b4-representative-v3-human-review-v1,stage5b4_representative_v3_085,6ram0T20BHTnZjFsZkazUp,Karma,Dareharu,Karma,271.136,2020,Karma Dareharu,2,RTv9TUoi2Zc,https://www.youtube.com/watch?v=RTv9TUoi2Zc,FMV || 염라/Karma (short ver.),boun,boun,33.0,385671,R.I.P Ampstyle [ 06/09/2020 ] SONG [ Dareharu - Karma ] https://youtu.be/jv543Nk5s18 this is my first time making a fan art ...,,,
stage5b4-representative-v3-human-review-v1,stage5b4_representative_v3_085,6ram0T20BHTnZjFsZkazUp,Karma,Dareharu,Karma,271.136,2020,Karma Dareharu,3,BKxrYqIAJOY,https://www.youtube.com/watch?v=BKxrYqIAJOY,염라(Karma) (Dareharu) ／DAZBEE Cover,DAZBEE official,DAZBEE official,279.0,693492,"This time, I’ve covered “Karma” by Dareharu.
I hope you enjoy this song as well ...",,,
stage5b4-representative-v3-human-review-v1,stage5b4_representative_v3_086,2uzK4GdJ63xhirHwt91FMq,See you,amin | Dept,See you,186.666,2020,See you amin,1,jAEp7cwv0sY,https://www.youtube.com/watch?v=jAEp7cwv0sY,"에이민 (amin), 뎁트 (Dept) - 다음에 봐 (See you) (with Noair, Nason) Lyric Video",STONE MUSIC,STONE MUSIC,187.0,504362,"Available on iTunes, Apple Music : https://apple.co/37sW3hN Listen on Spotify : https://spoti.fi/3kjpOVX 에이민 (amin), 뎁트 (Dept) ...",,,
stage5b4-representative-v3-human-review-v1,stage5b4_representative_v3_086,2uzK4GdJ63xhirHwt91FMq,See you,amin | Dept,See you,186.666,2020,See you amin,2,MopOuB2bXWo,https://www.youtube.com/watch?v=MopOuB2bXWo,"amin, dept - See you (with noair, nason)",danielions music,danielions music,187.0,26586,"New blog → http://danielions.com Click the bell to join the notification squad! amin, dept - See you (with noair, nason) ...",,,
stage5b4-representative-v3-human-review-v1,stage5b4_representative_v3_086,2uzK4GdJ63xhirHwt91FMq,See you,amin | Dept,See you,186.666,2020,See you amin,3,45Y2lOdrlLI,https://www.youtube.com/watch?v=45Y2lOdrlLI,If You,에이민amin,에이민amin,208.0,314670,"Provided to YouTube by Mound Media Inc. If You · amin Stay ℗ amin, under license to POCLANOS Released on: 2019-03-27 ...",,,
stage5b4-representative-v3-human-review-v1,stage5b4_representative_v3_087,2mlGPkAx4kwF8Df0GlScsC,Buttercup,Jack Stauber,Pop Food,208.026,2017,Buttercup Jack Stauber,1,e2qG5uwDCW4,https://www.youtube.com/watch?v=e2qG5uwDCW4,Buttercup,JackStauber,JackStauber,209.0,115994816,Provided to YouTube by DistroKid Buttercup · Jack Stauber · Jack Stauber Pop Food ℗ Plopscotch Records Released on: ...,,,
stage5b4-representative-v3-human-review-v1,stage5b4_representative_v3_087,2mlGPkAx4kwF8Df0GlScsC,Buttercup,Jack Stauber,Pop Food,208.026,2017,Buttercup Jack Stauber,2,eYDI8b5Nn5s,https://www.youtube.com/watch?v=eYDI8b5Nn5s,Jack Stauber - Buttercup | music video,lisuga,lisuga,209.0,282607867,lisuga's tip jar: https://ko-fi.com/lisuga ----- Buy this track here: https://jackstauber.bandcamp.com/track/buttercup ----- Title: ...,,,
stage5b4-representative-v3-human-review-v1,stage5b4_representative_v3_087,2mlGPkAx4kwF8Df0GlScsC,Buttercup,Jack Stauber,Pop Food,208.026,2017,Buttercup Jack Stauber,3,s8q_qUE5eCg,https://www.youtube.com/watch?v=s8q_qUE5eCg,Jack Stauber - Buttercup (Lyrics),Music Heaven,Music Heaven,209.0,51097,jackstauber #buttercup #lyrics Jack Stauber - Buttercup (Lyrics) Don't forget to subscribe and turn on notifications! You can see ...,,,
stage5b4-representative-v3-human-review-v1,stage5b4_representative_v3_088,6CyXEKlsJlGjl5SiCUjuFc,Runaway,Sarcastic Sounds | Beowülf | Mishaal Tamer,Runaway,122.217,2018,Runaway Sarcastic Sounds,1,_MP9hvE9oGA,https://www.youtube.com/watch?v=_MP9hvE9oGA,Sarcastic Sounds x Beowulf - Runaway (ft. Mishaal),Chillhop Music,Chillhop Music,123.0,268394,Stream/Download » http://chillhop.lnk.to/RunawayID An emotional trip into both Sarcastic Sounds & Beowulf universe. Lead by the ...,,,
stage5b4-representative-v3-human-review-v1,stage5b4_representative_v3_088,6CyXEKlsJlGjl5SiCUjuFc,Runaway,Sarcastic Sounds | Beowülf | Mishaal Tamer,Runaway,122.217,2018,Runaway Sarcastic Sounds,2,bxw6sfGHMfI,https://www.youtube.com/watch?v=bxw6sfGHMfI,Runaway,Sarcastic Sounds,Sarcastic Sounds,123.0,74595,Provided to YouTube by IIP-DDS Runaway · Sarcastic Sounds · Beowülf · Mishaal Tamer Runaway ℗ Chillhop Music Released ...,,,
stage5b4-representative-v3-human-review-v1,stage5b4_representative_v3_088,6CyXEKlsJlGjl5SiCUjuFc,Runaway,Sarcastic Sounds | Beowülf | Mishaal Tamer,Runaway,122.217,2018,Runaway Sarcastic Sounds,3,TU0XrNcYfLk,https://www.youtube.com/watch?v=TU0XrNcYfLk,Sarcastic Sounds x Beowulf - Runaway (ft.  Mishaal) (loop),sunset boy,sunset boy,690.0,36743,Follow Sarcastic Sounds https://soundcloud.com/the-sarcastic-ashole https://twitter.com/Sarcastic6ix http://spoti.fi/2GA7FzO ...,,,
stage5b4-representative-v3-human-review-v1,stage5b4_representative_v3_089,63Sgah7EuTJI5FhFW2C0UF,For You,imzoo | Kim Do Young,For You,196.36,2024,For You imzoo,1,n6K5l4ifWqQ,https://www.youtube.com/watch?v=n6K5l4ifWqQ,For You,imzoo - Topic,imzoo - Topic,197.0,624256,Provided to YouTube by Universal Music Group For You · imzoo · Kim Do Young For You ℗ 2024 Passport Seoul Released on: ...,,,
stage5b4-representative-v3-human-review-v1,stage5b4_representative_v3_089,63Sgah7EuTJI5FhFW2C0UF,For You,imzoo | Kim Do Young,For You,196.36,2024,For You imzoo,2,CaZTkcKBMf8,https://www.youtube.com/watch?v=CaZTkcKBMf8,"imzoo (임지우), Kim Do Young (김도영) - 위로 (For You) [가사]",Music Time | 뮤직 타임,Music Time | 뮤직 타임,197.0,200229,"imzoo (임지우), Kim Do Young (김도영) - 위로 (For You) [가사] _ 아티스트:임지우(imzoo) , 김도영 유형:싱글 장르:알앤비/소울 ...",,,
stage5b4-representative-v3-human-review-v1,stage5b4_representative_v3_089,63Sgah7EuTJI5FhFW2C0UF,For You,imzoo | Kim Do Young,For You,196.36,2024,For You imzoo,3,s1g_gwRkZ0U,https://www.youtube.com/watch?v=s1g_gwRkZ0U,임지우 (imzoo) - 위로 (For You) Live at GMF 2024,pacific records,pacific records,221.0,1924,임지우 (imzoo) - 위로 (For You) Live at GMF 2024.,,,
stage5b4-representative-v3-human-review-v1,stage5b4_representative_v3_090,1BAtAtx0VgWgAMROWK9WYf,Accendio,IVE,IVE SWITCH,192.013,2024,Accendio IVE,1,PGLx4V680J8,https://www.youtube.com/watch?v=PGLx4V680J8,IVE 아이브 'Accendio' MV,STARSHIP and IVE,STARSHIP and IVE,224.0,57180972,Listen & Download from: https://ive.lnk.to/IVESWITCH STARSHIP SQUARE (Domestic): https://bit.ly/3HtQ7GF STARSHIP ...,,,
stage5b4-representative-v3-human-review-v1,stage5b4_representative_v3_090,1BAtAtx0VgWgAMROWK9WYf,Accendio,IVE,IVE SWITCH,192.013,2024,Accendio IVE,2,QFNOMOk6cZQ,https://www.youtube.com/watch?v=QFNOMOk6cZQ,02. IVE - Accendio,IVE,IVE,193.0,3421591,STARSHIP SQUARE (Domestic) : https://bit.ly/3HtQ7GF STARSHIP SQUARE (Global) : https://bit.ly/3JWPxm0 IVE US EXCLUSIVE ...,,,
stage5b4-representative-v3-human-review-v1,stage5b4_representative_v3_090,1BAtAtx0VgWgAMROWK9WYf,Accendio,IVE,IVE SWITCH,192.013,2024,Accendio IVE,3,hgw0lcqofwU,https://www.youtube.com/watch?v=hgw0lcqofwU,IVE (아이브) _ Accendio | 1theKILLPO | 원더킬포 | 퍼포먼스 | Performance | 4K | 안유진 가을 레이 장원영 리즈 이서,1theK Originals - 원더케이 오리지널,1theK Originals - 원더케이 오리지널,202.0,9710979,IVE (아이브) _ Accendio | 1theKILLPO | 원더킬포 | 퍼포먼스 | Performance | 4K | 안유진 가을 레이 장원영 리즈 이서 ...,,,
stage5b4-representative-v3-human-review-v1,stage5b4_representative_v3_091,16wzmKIdkLdJSxkro7oEUl,Honeysea,Ivoris,Honeysea,145.515,2018,Honeysea Ivoris,1,oBjwrhvyPCg,https://www.youtube.com/watch?v=oBjwrhvyPCg,Ivoris - Honeysea (Official Video),Ivoris,Ivoris,146.0,129637,Ivoris - Honeysea (Official Music Video) Connect with Ivoris: Instagram: https://www.instagram.com/ivorismusic/ Spotify: ...,,,
stage5b4-representative-v3-human-review-v1,stage5b4_representative_v3_091,16wzmKIdkLdJSxkro7oEUl,Honeysea,Ivoris,Honeysea,145.515,2018,Honeysea Ivoris,2,Ubr6U-pfsaE,https://www.youtube.com/watch?v=Ubr6U-pfsaE,Ivoris - Honeysea,Ivoris,Ivoris,145.0,80353,Connect with Ivoris: Instagram: https://www.instagram.com/ivorismusic/ Spotify: ...,,,
stage5b4-representative-v3-human-review-v1,stage5b4_representative_v3_091,16wzmKIdkLdJSxkro7oEUl,Honeysea,Ivoris,Honeysea,145.515,2018,Honeysea Ivoris,3,Ok-WCFxGGHs,https://www.youtube.com/watch?v=Ok-WCFxGGHs,"Hans. - Honeysea II (ft. Ivoris, swrly, Will Qu) [Official Music Video]",Hans.,Hans.,147.0,51990,Honeysea II available on all streaming platforms. Credits Director: Fernando Hart Producer: Winnie Dumell Editor: Pete Hansen ...,,,
stage5b4-representative-v3-human-review-v1,stage5b4_representative_v3_092,3emCzvUm5FsQnofdNQL73a,Break Free,Ariana Grande | Zedd,My Everything,214.84,2014,Break Free Ariana Grande,1,L8eRzOYhLuw,https://www.youtube.com/watch?v=L8eRzOYhLuw,Ariana Grande - Break Free (Official Video) ft. Zedd,Ariana Grande,Ariana Grande,248.0,1251386315,"Ariana Grande ""My Everything” available for download now http://smarturl.it/ArianaMyEvrythnDlxiT.",,,
stage5b4-representative-v3-human-review-v1,stage5b4_representative_v3_092,3emCzvUm5FsQnofdNQL73a,Break Free,Ariana Grande | Zedd,My Everything,214.84,2014,Break Free Ariana Grande,2,2Ek3WMM7I-0,https://www.youtube.com/watch?v=2Ek3WMM7I-0,Ariana Grande - Break Free feat. Zedd (Audio),Ariana Grande,Ariana Grande,215.0,36633236,Pre-order 'My Everything' on iTunes now and get 'Break Free' instantly: http://smarturl.it/ArianaMyEvrythnDlxiT.,,,
stage5b4-representative-v3-human-review-v1,stage5b4_representative_v3_092,3emCzvUm5FsQnofdNQL73a,Break Free,Ariana Grande | Zedd,My Everything,214.84,2014,Break Free Ariana Grande,3,X57vg66ETyM,https://www.youtube.com/watch?v=X57vg66ETyM,Ariana Grande - Break Free (Lyrics),Popular Music,Popular Music,216.0,14792985,Ariana Grande - Break Free (Lyrics) ft. Zedd Follow Spotify Playlist : https://Popular-Music.lnk.to/Spotify My Everything” available ...,,,
stage5b4-representative-v3-human-review-v1,stage5b4_representative_v3_093,5bN1ltT5BhVMnszmgsqGD5,Perhaps Love (사랑인가요) (Prod.By 박근태),"에릭남 (Eric Nam), CHEEZE (치즈)",Your BGM Vol.1,239.099,2017,"Perhaps Love (사랑인가요) (Prod.By 박근태) 에릭남 (Eric Nam), CHEEZE (치즈)",1,kVKCQZcCi0M,https://www.youtube.com/watch?v=kVKCQZcCi0M,"Eric Nam, CHEEZE (에릭남, 치즈) - PERHAPS LOVE (사랑인가요) (Prod.By 박근태) LYRICS (Color Coded/Han/Rom/Eng/가사)",zeitoya,zeitoya,238.0,6038132,"All Rights Administered by CUBE Entertainment Eric Nam, CHEEZE (에릭남, 치즈) - PERHAPS LOVE (사랑인가요) (Prod.",,,
stage5b4-representative-v3-human-review-v1,stage5b4_representative_v3_093,5bN1ltT5BhVMnszmgsqGD5,Perhaps Love (사랑인가요) (Prod.By 박근태),"에릭남 (Eric Nam), CHEEZE (치즈)",Your BGM Vol.1,239.099,2017,"Perhaps Love (사랑인가요) (Prod.By 박근태) 에릭남 (Eric Nam), CHEEZE (치즈)",2,mSBc3n4OOe8,https://www.youtube.com/watch?v=mSBc3n4OOe8,"[MV] Eric Nam, CHEEZE(에릭남, 치즈) _ Perhaps Love(사랑인가요)(Prod.By 박근태)",1theK (원더케이),1theK (원더케이),105.0,1133429,"[MV] Eric Nam, CHEEZE(에릭남, 치즈) _ Perhaps Love(사랑인가요)(Prod.By 박근태) *English subtitles are now available. (Please ...",,,
stage5b4-representative-v3-human-review-v1,stage5b4_representative_v3_093,5bN1ltT5BhVMnszmgsqGD5,Perhaps Love (사랑인가요) (Prod.By 박근태),"에릭남 (Eric Nam), CHEEZE (치즈)",Your BGM Vol.1,239.099,2017,"Perhaps Love (사랑인가요) (Prod.By 박근태) 에릭남 (Eric Nam), CHEEZE (치즈)",3,sNWQOxRVFAQ,https://www.youtube.com/watch?v=sNWQOxRVFAQ,Perhaps Love (사랑인가요) (Prod.By 박근태),Release - Topic,Release - Topic,240.0,6168851,Provided to YouTube by UMAG Music Perhaps Love (사랑인가요) (Prod.By 박근태) · 에릭남 (Eric Nam) CHEEZE (치즈) Your BGM ...,,,
stage5b4-representative-v3-human-review-v1,stage5b4_representative_v3_094,1Y3LN4zO1Edc2EluIoSPJN,Until I Found You (with Em Beihold) - Em Beihold Version,Stephen Sanchez | Em Beihold,Until I Found You (Em Beihold Version),176.44,2022,Until I Found You (with Em Beihold) - Em Beihold Version Stephen Sanchez,1,kPlSyYtE63M,https://www.youtube.com/watch?v=kPlSyYtE63M,Until I Found You (Em Beihold Version),Stephen Sanchez,Stephen Sanchez,177.0,141693847,Provided to YouTube by Universal Music Group Until I Found You (Em Beihold Version) · Stephen Sanchez · Em Beihold Until I ...,,,
stage5b4-representative-v3-human-review-v1,stage5b4_representative_v3_094,1Y3LN4zO1Edc2EluIoSPJN,Until I Found You (with Em Beihold) - Em Beihold Version,Stephen Sanchez | Em Beihold,Until I Found You (Em Beihold Version),176.44,2022,Until I Found You (with Em Beihold) - Em Beihold Version Stephen Sanchez,2,XequT12zmfg,https://www.youtube.com/watch?v=XequT12zmfg,"Stephen Sanchez, Em Beihold - Until I Found You (Lyrics)",7clouds Rock,7clouds Rock,175.0,3332156,"Follow the official 7clouds playlist on Spotify : http://spoti.fi/2SJsUcZ ​   Stephen Sanchez, Em Beihold - Until I Found You (Lyrics) ...",,,
stage5b4-representative-v3-human-review-v1,stage5b4_representative_v3_094,1Y3LN4zO1Edc2EluIoSPJN,Until I Found You (with Em Beihold) - Em Beihold Version,Stephen Sanchez | Em Beihold,Until I Found You (Em Beihold Version),176.44,2022,Until I Found You (with Em Beihold) - Em Beihold Version Stephen Sanchez,3,GxldQ9eX2wo,https://www.youtube.com/watch?v=GxldQ9eX2wo,Stephen Sanchez - Until I Found You (Official Video),Stephen Sanchez,Stephen Sanchez,176.0,631105437,"""Until I Found You"" by Stephen Sanchez from the debut album Angel Face. Stream/download: ...",,,
stage5b4-representative-v3-human-review-v1,stage5b4_representative_v3_095,1UV8WOGHUM3efanAXMiLCN,"Today, Rainy",Luxid,"Today, Rainy",226.625,2019,"Today, Rainy Luxid",1,ts6Yte8EVQ0,https://www.youtube.com/watch?v=ts6Yte8EVQ0,"Today, Rainy",Hyosang Offstage,Hyosang Offstage,230.0,4724,"It's rainy but the sun is still shinning. You open the window, looking into the rainy day.",,,
stage5b4-representative-v3-human-review-v1,stage5b4_representative_v3_095,1UV8WOGHUM3efanAXMiLCN,"Today, Rainy",Luxid,"Today, Rainy",226.625,2019,"Today, Rainy Luxid",2,EPaQWg1yUMw,https://www.youtube.com/watch?v=EPaQWg1yUMw,8 Hour Lucid Dreaming Sleep Music NOW WITH RAIN,Brainwave Music,Brainwave Music,28801.0,604052,Using a complex pattern of binaural beat and isochronic tone frequencies dedicated to help you achieve good sleep and have ...,,,
stage5b4-representative-v3-human-review-v1,stage5b4_representative_v3_095,1UV8WOGHUM3efanAXMiLCN,"Today, Rainy",Luxid,"Today, Rainy",226.625,2019,"Today, Rainy Luxid",3,mVG8OroxQzw,https://www.youtube.com/watch?v=mVG8OroxQzw,Luxid - After Rain,Hyosang Offstage,Hyosang Offstage,163.0,9559,"From my album ""Cloud"" ill love you forever if you follow me on Instagram https://www.instagram.com/fresh_off_the_plane/ Spotify ...",,,
stage5b4-representative-v3-human-review-v1,stage5b4_representative_v3_096,50cdjSLp5gH2l4y1EpenKf,"10,000ft.",Kiri T,CHILI T,221.21,2021,"10,000ft. Kiri T",1,0kqFCCsdLQk,https://www.youtube.com/watch?v=0kqFCCsdLQk,"Kiri T - 10,000ft. [Official Music Video]",Kiri T,Kiri T,217.0,131743,This song goes out to all those who sometimes feel undeserving of and hard to love. //I'm sorry I make it so hard to love me.,,,
stage5b4-representative-v3-human-review-v1,stage5b4_representative_v3_096,50cdjSLp5gH2l4y1EpenKf,"10,000ft.",Kiri T,CHILI T,221.21,2021,"10,000ft. Kiri T",2,ESYqL2hzmMU,https://www.youtube.com/watch?v=ESYqL2hzmMU,"Kiri T - 10,000ft | 生Sessions",生Sessions,生Sessions,203.0,6167,FOLLOW 生Sessions ➡️ IG: : https://www.instagram.com/shengsessions #shengsessions #kirit #10000ft Kiri T performs her hit ...,,,
stage5b4-representative-v3-human-review-v1,stage5b4_representative_v3_096,50cdjSLp5gH2l4y1EpenKf,"10,000ft.",Kiri T,CHILI T,221.21,2021,"10,000ft. Kiri T",3,RPoNXvSFHE4,https://www.youtube.com/watch?v=RPoNXvSFHE4,Kiri T - 至少做一件離譜的事 You Gotta Screw Up At Least Once [Official Music Video],Kiri T,Kiri T,245.0,13381849,Kiri T - 至少做一件離譜的事You Gotta Screw Up At Least Once [Official Music Video] Kiri T 明知與偏偏《至少做一件離譜的事》 ...,,,
stage5b4-representative-v3-human-review-v1,stage5b4_representative_v3_097,0AHMsDGvM7OFlMfkdDYRfe,Tell Me You Do Too,Nana Ou-Yang,NANA I,189.282,2020,Tell Me You Do Too Nana Ou-Yang,1,vZzj4hRxw5w,https://www.youtube.com/watch?v=vZzj4hRxw5w,歐陽娜娜 《Tell Me You Do Too》 Official Music Video | Nana Ouyang,歐陽娜娜Nana OuYang,歐陽娜娜Nana OuYang,224.0,585794,開始訂閱我的頻道➔ https://goo.gl/aiVwBD Tell Me You Do Too 「炙熱」 什麼是最美的愛？ 可能是不再感到孤單可能是找到目標 ...,,,
stage5b4-representative-v3-human-review-v1,stage5b4_representative_v3_097,0AHMsDGvM7OFlMfkdDYRfe,Tell Me You Do Too,Nana Ou-Yang,NANA I,189.282,2020,Tell Me You Do Too Nana Ou-Yang,2,3F67Ub-IJ64,https://www.youtube.com/watch?v=3F67Ub-IJ64,歐陽娜娜 《Tell Me You Do Too》 Lyrics Video｜Nana Ouyang Original English EP,歐陽娜娜Nana OuYang,歐陽娜娜Nana OuYang,188.0,157049,開始訂閱我的頻道➔ https://goo.gl/aiVwBD Nana Ouyang Original English EP《NANA I》 Love is burning like fireworks. You are ...,,,
stage5b4-representative-v3-human-review-v1,stage5b4_representative_v3_097,0AHMsDGvM7OFlMfkdDYRfe,Tell Me You Do Too,Nana Ou-Yang,NANA I,189.282,2020,Tell Me You Do Too Nana Ou-Yang,3,NtjzYU84J1o,https://www.youtube.com/watch?v=NtjzYU84J1o,欧阳娜娜 - Tell Me You Do Too (Lyrics),Sharon. TT,Sharon. TT,201.0,11563,作曲: 欧阳娜娜Nana Ouyang/Trevor Dering 作词: 欧阳娜娜Nana Ouyang/Trevor Dering 编曲Arranger：Valentin Fritz Your eyes in ...,,,
stage5b4-representative-v3-human-review-v1,stage5b4_representative_v3_098,3CrN5TVD5MDRBKI542Ftbs,Echo of a Rose,City Girl,Celestial Angel,170.4,2018,Echo of a Rose City Girl,1,ZOn8RbDQMuA,https://www.youtube.com/watch?v=ZOn8RbDQMuA,Echo of a Rose,City Girl,City Girl,171.0,201150,Provided to YouTube by DistroKid Echo of a Rose · City Girl Celestial Angel ℗ City Girl Records Released on: 2018-10-08 ...,,,
stage5b4-representative-v3-human-review-v1,stage5b4_representative_v3_098,3CrN5TVD5MDRBKI542Ftbs,Echo of a Rose,City Girl,Celestial Angel,170.4,2018,Echo of a Rose City Girl,2,ikK51Muy-jo,https://www.youtube.com/watch?v=ikK51Muy-jo,Echo of a Rose - City girl's,Mayuri Shi666,Mayuri Shi666,334.0,3906,Full song : https://www.youtube.com/watch?v=a0uotGXcu08 I like it. I make up for entertainment.,,,
stage5b4-representative-v3-human-review-v1,stage5b4_representative_v3_098,3CrN5TVD5MDRBKI542Ftbs,Echo of a Rose,City Girl,Celestial Angel,170.4,2018,Echo of a Rose City Girl,3,A2-wLBv8iVQ,https://www.youtube.com/watch?v=A2-wLBv8iVQ,Echo of roses 🌹 #lofi Godru chill hip hop jazz 🦉,Lofi Godru chill hip hop jazz 🦉,Lofi Godru chill hip hop jazz 🦉,164.0,57,Echo of roses Godru chill hip hop jazz music club Echo of a Rose · City Girl Celestial Angel ℗ Godru chill hip hop jazz music club ...,,,
stage5b4-representative-v3-human-review-v1,stage5b4_representative_v3_099,1vlzSY7AttAiAvSEe1JbVs,crush on you,Elijah Who,Gentle Boy,84.023,2017,crush on you Elijah Who,1,XE167BqaAiw,https://www.youtube.com/watch?v=XE167BqaAiw,elijah who - crush on you,Røzco,Røzco,84.0,181647,More from elijah who: https://soundcloud.com/elijahwho https://elijahwho.bandcamp.com/ https://instagram.com/elijahwho ...,,,
stage5b4-representative-v3-human-review-v1,stage5b4_representative_v3_099,1vlzSY7AttAiAvSEe1JbVs,crush on you,Elijah Who,Gentle Boy,84.023,2017,crush on you Elijah Who,2,2_EHUsa9J6E,https://www.youtube.com/watch?v=2_EHUsa9J6E,crush on you,elijah who,elijah who,85.0,35603,Provided to YouTube by Too Lost crush on you · Elijah Who Gentle Boy ℗ 2021 Elijah Who Released on: 2017-09-29 Main Artist: ...,,,
stage5b4-representative-v3-human-review-v1,stage5b4_representative_v3_099,1vlzSY7AttAiAvSEe1JbVs,crush on you,Elijah Who,Gentle Boy,84.023,2017,crush on you Elijah Who,3,ZxHTaPUpFK0,https://www.youtube.com/watch?v=ZxHTaPUpFK0,crush on you,elijah who,elijah who,84.0,12663,Provided to YouTube by Create Music Group crush on you · Elijah Who crush on you ℗ 2023 Create Music Group Released on: ...,,,
stage5b4-representative-v3-human-review-v1,stage5b4_representative_v3_100,1UaHqU3pJSczM0SijabTtn,Eleven (feat. BIBI),twlv | BIBI,Blueline,196.52,2019,Eleven (feat. BIBI) twlv,1,vCUHOaVW5Ek,https://www.youtube.com/watch?v=vCUHOaVW5Ek,Eleven (feat. BIBI) (Eleven (feat. BIBI)),트웰브 TWLV,트웰브 TWLV,197.0,1153802,Provided to YouTube by Kakao Entertainment Eleven (feat. BIBI) (Eleven (feat. BIBI)) · twlv · BIBI Blueline ℗ 2019 Kakao ...,,,
stage5b4-representative-v3-human-review-v1,stage5b4_representative_v3_100,1UaHqU3pJSczM0SijabTtn,Eleven (feat. BIBI),twlv | BIBI,Blueline,196.52,2019,Eleven (feat. BIBI) twlv,2,1unJDnh5R9w,https://www.youtube.com/watch?v=1unJDnh5R9w,[ENG/HAN LYRICS] TWLV-ELEVEN (Feat. BIBI (비비)),Moon and Sun,Moon and Sun,192.0,11238,All right reserved to respective owner. I don't own the song and the pictures material used in this video. ©All translation done by ...,,,
stage5b4-representative-v3-human-review-v1,stage5b4_representative_v3_100,1UaHqU3pJSczM0SijabTtn,Eleven (feat. BIBI),twlv | BIBI,Blueline,196.52,2019,Eleven (feat. BIBI) twlv,3,IMKBgBlN_kg,https://www.youtube.com/watch?v=IMKBgBlN_kg,I Twlv - Eleven (feat. BIBI) l JUNO PARK l Choreography l Class l PlayTheUrban,playtheurban,playtheurban,265.0,1450,PLAY THE URBAN DANCE ACADEMY Twlv - Eleven (feat. BIBI) Choreo-JUNO PARK TUE Pm850 info ...,,,
