trial_id,query_id,split,source_pair,choice,binary_label_a_wins,included_binary,exclusion_reason,same_artist_candidate_flag,config_sha256,trial_keys_sha256,canonical_labels_sha256,clap_cosine_a,clap_cosine_b,delta_clap,clap_embedding_sha256,mert_cosine_a,mert_cosine_b,delta_mert,mert_embedding_sha256,muq_cosine_a,muq_cosine_b,delta_muq,muq_embedding_sha256
s2b_005b3aac3f7c6e8c07ef3bd2,87190,TRAIN,laion_clap__vs__muq_mulan_large,B,0,True,,False,9c3bf274cbea6bc8bdc891c51d0e04289bfb0dc3712aad151d530ef65f9114c5,375f1533d6c1d02edc0ba14b999f32b81709ffdb4a845bd61b5b4283d8ebfc66,626ce604a265046829ca1ab690e9196af24c08eebf0467874c61aa1d2efc4019,0.71649456024169922,0.84132802486419678,-0.12483346462249756,40dd8ca0bb1883cce1af02081b36364160ce90be20dca0167c69c18f8e26471b,0.96220993995666504,0.96898019313812256,-0.0067702531814575195,54289f762dca1a8371dc8b72249ababba2eb6476c21b15f3da1e18a6fa56f4b4,0.88721883296966553,0.80059278011322021,0.086626052856445312,12cc654e75efc373aca75d10ea73b192c579ea1ec09bbe85f007b74f9dac33ba
s2b_00f3bdc43fe1e2a240aed3e3,120770,TEST,laion_clap__vs__mert_5120,B,0,True,,False,9c3bf274cbea6bc8bdc891c51d0e04289bfb0dc3712aad151d530ef65f9114c5,375f1533d6c1d02edc0ba14b999f32b81709ffdb4a845bd61b5b4283d8ebfc66,626ce604a265046829ca1ab690e9196af24c08eebf0467874c61aa1d2efc4019,0.84391611814498901,0.76952546834945679,0.074390649795532227,40dd8ca0bb1883cce1af02081b36364160ce90be20dca0167c69c18f8e26471b,0.92860949039459229,0.98272699117660522,-0.054117500782012939,54289f762dca1a8371dc8b72249ababba2eb6476c21b15f3da1e18a6fa56f4b4,0.53928613662719727,0.6643984317779541,-0.12511229515075684,12cc654e75efc373aca75d10ea73b192c579ea1ec09bbe85f007b74f9dac33ba
s2b_0176ae545cd8090712b2650d,20364,TEST,laion_clap__vs__muq_mulan_large,Tie,,False,tie,False,9c3bf274cbea6bc8bdc891c51d0e04289bfb0dc3712aad151d530ef65f9114c5,375f1533d6c1d02edc0ba14b999f32b81709ffdb4a845bd61b5b4283d8ebfc66,626ce604a265046829ca1ab690e9196af24c08eebf0467874c61aa1d2efc4019,0.85447388887405396,0.69221597909927368,0.16225790977478027,40dd8ca0bb1883cce1af02081b36364160ce90be20dca0167c69c18f8e26471b,0.91782259941101074,0.91359472274780273,0.0042278766632080078,54289f762dca1a8371dc8b72249ababba2eb6476c21b15f3da1e18a6fa56f4b4,0.62260341644287109,0.90940994024276733,-0.28680652379989624,12cc654e75efc373aca75d10ea73b192c579ea1ec09bbe85f007b74f9dac33ba
s2b_01da24fe37f3266072f0384a,114223,TRAIN,mert_5120__vs__muq_mulan_large,B,0,True,,True,9c3bf274cbea6bc8bdc891c51d0e04289bfb0dc3712aad151d530ef65f9114c5,375f1533d6c1d02edc0ba14b999f32b81709ffdb4a845bd61b5b4283d8ebfc66,626ce604a265046829ca1ab690e9196af24c08eebf0467874c61aa1d2efc4019,0.87787353992462158,0.89951241016387939,-0.021638870239257812,40dd8ca0bb1883cce1af02081b36364160ce90be20dca0167c69c18f8e26471b,0.94413554668426514,0.97044825553894043,-0.026312708854675293,54289f762dca1a8371dc8b72249ababba2eb6476c21b15f3da1e18a6fa56f4b4,0.87364006042480469,0.67236971855163574,0.20127034187316895,12cc654e75efc373aca75d10ea73b192c579ea1ec09bbe85f007b74f9dac33ba
s2b_0261c466352d38c0aefd7c22,107249,TEST,laion_clap__vs__muq_mulan_large,B,0,True,,True,9c3bf274cbea6bc8bdc891c51d0e04289bfb0dc3712aad151d530ef65f9114c5,375f1533d6c1d02edc0ba14b999f32b81709ffdb4a845bd61b5b4283d8ebfc66,626ce604a265046829ca1ab690e9196af24c08eebf0467874c61aa1d2efc4019,0.62195205688476562,0.88669109344482422,-0.26473903656005859,40dd8ca0bb1883cce1af02081b36364160ce90be20dca0167c69c18f8e26471b,0.9484676718711853,0.9836655855178833,-0.035197913646697998,54289f762dca1a8371dc8b72249ababba2eb6476c21b15f3da1e18a6fa56f4b4,0.86458849906921387,0.64777243137359619,0.21681606769561768,12cc654e75efc373aca75d10ea73b192c579ea1ec09bbe85f007b74f9dac33ba
s2b_031e4b4f3683ac39c7524e2c,114223,TRAIN,mert_5120__vs__muq_mulan_large,A,1,True,,True,9c3bf274cbea6bc8bdc891c51d0e04289bfb0dc3712aad151d530ef65f9114c5,375f1533d6c1d02edc0ba14b999f32b81709ffdb4a845bd61b5b4283d8ebfc66,626ce604a265046829ca1ab690e9196af24c08eebf0467874c61aa1d2efc4019,0.89951241016387939,0.79504859447479248,0.10446381568908691,40dd8ca0bb1883cce1af02081b36364160ce90be20dca0167c69c18f8e26471b,0.97044825553894043,0.93652564287185669,0.03392261266708374,54289f762dca1a8371dc8b72249ababba2eb6476c21b15f3da1e18a6fa56f4b4,0.67236971855163574,0.80965590476989746,-0.13728618621826172,12cc654e75efc373aca75d10ea73b192c579ea1ec09bbe85f007b74f9dac33ba
s2b_040fabb99b22a6a3f3bb1aa6,38896,VALIDATION,laion_clap__vs__muq_mulan_large,B,0,True,,True,9c3bf274cbea6bc8bdc891c51d0e04289bfb0dc3712aad151d530ef65f9114c5,375f1533d6c1d02edc0ba14b999f32b81709ffdb4a845bd61b5b4283d8ebfc66,626ce604a265046829ca1ab690e9196af24c08eebf0467874c61aa1d2efc4019,0.79663646221160889,0.86215686798095703,-0.065520405769348145,40dd8ca0bb1883cce1af02081b36364160ce90be20dca0167c69c18f8e26471b,0.90718835592269897,0.95080357789993286,-0.043615221977233887,54289f762dca1a8371dc8b72249ababba2eb6476c21b15f3da1e18a6fa56f4b4,0.96007204055786133,0.84777957201004028,0.11229246854782104,12cc654e75efc373aca75d10ea73b192c579ea1ec09bbe85f007b74f9dac33ba
s2b_04761110c9313a75884dbf11,106277,TEST,mert_5120__vs__muq_mulan_large,Tie,,False,tie,False,9c3bf274cbea6bc8bdc891c51d0e04289bfb0dc3712aad151d530ef65f9114c5,375f1533d6c1d02edc0ba14b999f32b81709ffdb4a845bd61b5b4283d8ebfc66,626ce604a265046829ca1ab690e9196af24c08eebf0467874c61aa1d2efc4019,0.78435719013214111,0.70552897453308105,0.078828215599060059,40dd8ca0bb1883cce1af02081b36364160ce90be20dca0167c69c18f8e26471b,0.95520943403244019,0.97557342052459717,-0.020363986492156982,54289f762dca1a8371dc8b72249ababba2eb6476c21b15f3da1e18a6fa56f4b4,0.90547943115234375,0.70096457004547119,0.20451486110687256,12cc654e75efc373aca75d10ea73b192c579ea1ec09bbe85f007b74f9dac33ba
s2b_05f7ba1ff5a628ba37509847,48442,TEST,laion_clap__vs__muq_mulan_large,A,1,True,,False,9c3bf274cbea6bc8bdc891c51d0e04289bfb0dc3712aad151d530ef65f9114c5,375f1533d6c1d02edc0ba14b999f32b81709ffdb4a845bd61b5b4283d8ebfc66,626ce604a265046829ca1ab690e9196af24c08eebf0467874c61aa1d2efc4019,0.84154820442199707,0.65942800045013428,0.18212020397186279,40dd8ca0bb1883cce1af02081b36364160ce90be20dca0167c69c18f8e26471b,0.9386410117149353,0.92577117681503296,0.012869834899902344,54289f762dca1a8371dc8b72249ababba2eb6476c21b15f3da1e18a6fa56f4b4,0.79619723558425903,0.92339020967483521,-0.12719297409057617,12cc654e75efc373aca75d10ea73b192c579ea1ec09bbe85f007b74f9dac33ba
s2b_065cd8e0210ff61667682e70,115700,TRAIN,laion_clap__vs__muq_mulan_large,B,0,True,,False,9c3bf274cbea6bc8bdc891c51d0e04289bfb0dc3712aad151d530ef65f9114c5,375f1533d6c1d02edc0ba14b999f32b81709ffdb4a845bd61b5b4283d8ebfc66,626ce604a265046829ca1ab690e9196af24c08eebf0467874c61aa1d2efc4019,0.47719854116439819,0.68469935655593872,-0.20750081539154053,40dd8ca0bb1883cce1af02081b36364160ce90be20dca0167c69c18f8e26471b,0.8785783052444458,0.83276796340942383,0.045810341835021973,54289f762dca1a8371dc8b72249ababba2eb6476c21b15f3da1e18a6fa56f4b4,0.94870316982269287,0.85852795839309692,0.090175211429595947,12cc654e75efc373aca75d10ea73b192c579ea1ec09bbe85f007b74f9dac33ba
s2b_0710a4830788975665a5745e,10435,TEST,laion_clap__vs__muq_mulan_large,B,0,True,,False,9c3bf274cbea6bc8bdc891c51d0e04289bfb0dc3712aad151d530ef65f9114c5,375f1533d6c1d02edc0ba14b999f32b81709ffdb4a845bd61b5b4283d8ebfc66,626ce604a265046829ca1ab690e9196af24c08eebf0467874c61aa1d2efc4019,0.83352625370025635,0.7114519476890564,0.12207430601119995,40dd8ca0bb1883cce1af02081b36364160ce90be20dca0167c69c18f8e26471b,0.93002307415008545,0.94286924600601196,-0.012846171855926514,54289f762dca1a8371dc8b72249ababba2eb6476c21b15f3da1e18a6fa56f4b4,0.77064108848571777,0.85421830415725708,-0.083577215671539307,12cc654e75efc373aca75d10ea73b192c579ea1ec09bbe85f007b74f9dac33ba
s2b_0926031d256c19619ffd9e30,124913,TEST,laion_clap__vs__mert_5120,B,0,True,,False,9c3bf274cbea6bc8bdc891c51d0e04289bfb0dc3712aad151d530ef65f9114c5,375f1533d6c1d02edc0ba14b999f32b81709ffdb4a845bd61b5b4283d8ebfc66,626ce604a265046829ca1ab690e9196af24c08eebf0467874c61aa1d2efc4019,0.60603427886962891,0.8692326545715332,-0.2631983757019043,40dd8ca0bb1883cce1af02081b36364160ce90be20dca0167c69c18f8e26471b,0.97809982299804688,0.97779929637908936,0.00030052661895751953,54289f762dca1a8371dc8b72249ababba2eb6476c21b15f3da1e18a6fa56f4b4,0.58726495504379272,0.83983230590820312,-0.2525673508644104,12cc654e75efc373aca75d10ea73b192c579ea1ec09bbe85f007b74f9dac33ba
s2b_0a9b9235adaebb553608a0db,94465,VALIDATION,mert_5120__vs__muq_mulan_large,A,1,True,,False,9c3bf274cbea6bc8bdc891c51d0e04289bfb0dc3712aad151d530ef65f9114c5,375f1533d6c1d02edc0ba14b999f32b81709ffdb4a845bd61b5b4283d8ebfc66,626ce604a265046829ca1ab690e9196af24c08eebf0467874c61aa1d2efc4019,0.80622631311416626,0.44883328676223755,0.35739302635192871,40dd8ca0bb1883cce1af02081b36364160ce90be20dca0167c69c18f8e26471b,0.95513534545898438,0.97663319110870361,-0.021497845649719238,54289f762dca1a8371dc8b72249ababba2eb6476c21b15f3da1e18a6fa56f4b4,0.92439913749694824,0.73908865451812744,0.1853104829788208,12cc654e75efc373aca75d10ea73b192c579ea1ec09bbe85f007b74f9dac33ba
s2b_0b5f22a6cedcd5a5b6067e64,113167,TRAIN,laion_clap__vs__muq_mulan_large,A,1,True,,False,9c3bf274cbea6bc8bdc891c51d0e04289bfb0dc3712aad151d530ef65f9114c5,375f1533d6c1d02edc0ba14b999f32b81709ffdb4a845bd61b5b4283d8ebfc66,626ce604a265046829ca1ab690e9196af24c08eebf0467874c61aa1d2efc4019,0.85602748394012451,0.5968593955039978,0.25916808843612671,40dd8ca0bb1883cce1af02081b36364160ce90be20dca0167c69c18f8e26471b,0.95694190263748169,0.94995135068893433,0.0069905519485473633,54289f762dca1a8371dc8b72249ababba2eb6476c21b15f3da1e18a6fa56f4b4,0.61722898483276367,0.83271002769470215,-0.21548104286193848,12cc654e75efc373aca75d10ea73b192c579ea1ec09bbe85f007b74f9dac33ba
s2b_0b7373f8ede8ab10b1f0667c,64567,TEST,laion_clap__vs__muq_mulan_large,Neither,,False,neither,False,9c3bf274cbea6bc8bdc891c51d0e04289bfb0dc3712aad151d530ef65f9114c5,375f1533d6c1d02edc0ba14b999f32b81709ffdb4a845bd61b5b4283d8ebfc66,626ce604a265046829ca1ab690e9196af24c08eebf0467874c61aa1d2efc4019,0.68392431735992432,0.85688364505767822,-0.17295932769775391,40dd8ca0bb1883cce1af02081b36364160ce90be20dca0167c69c18f8e26471b,0.94195765256881714,0.95899516344070435,-0.017037510871887207,54289f762dca1a8371dc8b72249ababba2eb6476c21b15f3da1e18a6fa56f4b4,0.90970504283905029,0.80272865295410156,0.10697638988494873,12cc654e75efc373aca75d10ea73b192c579ea1ec09bbe85f007b74f9dac33ba
s2b_0d5cf7c7343e2f8289478222,107027,TEST,laion_clap__vs__muq_mulan_large,A,1,True,,False,9c3bf274cbea6bc8bdc891c51d0e04289bfb0dc3712aad151d530ef65f9114c5,375f1533d6c1d02edc0ba14b999f32b81709ffdb4a845bd61b5b4283d8ebfc66,626ce604a265046829ca1ab690e9196af24c08eebf0467874c61aa1d2efc4019,0.84111899137496948,0.76032555103302002,0.080793440341949463,40dd8ca0bb1883cce1af02081b36364160ce90be20dca0167c69c18f8e26471b,0.95905405282974243,0.97157192230224609,-0.012517869472503662,54289f762dca1a8371dc8b72249ababba2eb6476c21b15f3da1e18a6fa56f4b4,0.8810276985168457,0.93374854326248169,-0.052720844745635986,12cc654e75efc373aca75d10ea73b192c579ea1ec09bbe85f007b74f9dac33ba
s2b_0e69cdf9a6fab81a6fd6e556,113167,TRAIN,mert_5120__vs__muq_mulan_large,B,0,True,,False,9c3bf274cbea6bc8bdc891c51d0e04289bfb0dc3712aad151d530ef65f9114c5,375f1533d6c1d02edc0ba14b999f32b81709ffdb4a845bd61b5b4283d8ebfc66,626ce604a265046829ca1ab690e9196af24c08eebf0467874c61aa1d2efc4019,0.5968593955039978,0.831656813621521,-0.23479741811752319,40dd8ca0bb1883cce1af02081b36364160ce90be20dca0167c69c18f8e26471b,0.94995135068893433,0.97386038303375244,-0.023909032344818115,54289f762dca1a8371dc8b72249ababba2eb6476c21b15f3da1e18a6fa56f4b4,0.83271002769470215,0.61757731437683105,0.21513271331787109,12cc654e75efc373aca75d10ea73b192c579ea1ec09bbe85f007b74f9dac33ba
s2b_10c20e38169cd61735dba487,110262,TEST,mert_5120__vs__muq_mulan_large,A,1,True,,False,9c3bf274cbea6bc8bdc891c51d0e04289bfb0dc3712aad151d530ef65f9114c5,375f1533d6c1d02edc0ba14b999f32b81709ffdb4a845bd61b5b4283d8ebfc66,626ce604a265046829ca1ab690e9196af24c08eebf0467874c61aa1d2efc4019,0.66609340906143188,0.52591848373413086,0.14017492532730103,40dd8ca0bb1883cce1af02081b36364160ce90be20dca0167c69c18f8e26471b,0.92209553718566895,0.96845948696136475,-0.046363949775695801,54289f762dca1a8371dc8b72249ababba2eb6476c21b15f3da1e18a6fa56f4b4,0.85264217853546143,0.56167638301849365,0.29096579551696777,12cc654e75efc373aca75d10ea73b192c579ea1ec09bbe85f007b74f9dac33ba
s2b_11e4d7283a2c0a3fb83783d7,64567,TEST,mert_5120__vs__muq_mulan_large,Neither,,False,neither,False,9c3bf274cbea6bc8bdc891c51d0e04289bfb0dc3712aad151d530ef65f9114c5,375f1533d6c1d02edc0ba14b999f32b81709ffdb4a845bd61b5b4283d8ebfc66,626ce604a265046829ca1ab690e9196af24c08eebf0467874c61aa1d2efc4019,0.68392431735992432,0.76981031894683838,-0.085886001586914062,40dd8ca0bb1883cce1af02081b36364160ce90be20dca0167c69c18f8e26471b,0.94195765256881714,0.97365623712539673,-0.03169858455657959,54289f762dca1a8371dc8b72249ababba2eb6476c21b15f3da1e18a6fa56f4b4,0.90970504283905029,0.83565056324005127,0.074054479598999023,12cc654e75efc373aca75d10ea73b192c579ea1ec09bbe85f007b74f9dac33ba
s2b_121effc085d3f97cea831cb5,115700,TRAIN,laion_clap__vs__mert_5120,A,1,True,,False,9c3bf274cbea6bc8bdc891c51d0e04289bfb0dc3712aad151d530ef65f9114c5,375f1533d6c1d02edc0ba14b999f32b81709ffdb4a845bd61b5b4283d8ebfc66,626ce604a265046829ca1ab690e9196af24c08eebf0467874c61aa1d2efc4019,0.68469935655593872,0.60528796911239624,0.07941138744354248,40dd8ca0bb1883cce1af02081b36364160ce90be20dca0167c69c18f8e26471b,0.83276796340942383,0.97858774662017822,-0.14581978321075439,54289f762dca1a8371dc8b72249ababba2eb6476c21b15f3da1e18a6fa56f4b4,0.85852795839309692,0.62580502033233643,0.2327229380607605,12cc654e75efc373aca75d10ea73b192c579ea1ec09bbe85f007b74f9dac33ba
s2b_122db3ac35b6dab85ff6d46b,52393,TEST,laion_clap__vs__mert_5120,Tie,,False,tie,False,9c3bf274cbea6bc8bdc891c51d0e04289bfb0dc3712aad151d530ef65f9114c5,375f1533d6c1d02edc0ba14b999f32b81709ffdb4a845bd61b5b4283d8ebfc66,626ce604a265046829ca1ab690e9196af24c08eebf0467874c61aa1d2efc4019,0.63061648607254028,0.86191189289093018,-0.23129540681838989,40dd8ca0bb1883cce1af02081b36364160ce90be20dca0167c69c18f8e26471b,0.97645938396453857,0.95130419731140137,0.025155186653137207,54289f762dca1a8371dc8b72249ababba2eb6476c21b15f3da1e18a6fa56f4b4,0.61722016334533691,0.42115691304206848,0.19606325030326843,12cc654e75efc373aca75d10ea73b192c579ea1ec09bbe85f007b74f9dac33ba
s2b_1283bf154c9279cffeed09f0,92885,TRAIN,laion_clap__vs__muq_mulan_large,Tie,,False,tie,True,9c3bf274cbea6bc8bdc891c51d0e04289bfb0dc3712aad151d530ef65f9114c5,375f1533d6c1d02edc0ba14b999f32b81709ffdb4a845bd61b5b4283d8ebfc66,626ce604a265046829ca1ab690e9196af24c08eebf0467874c61aa1d2efc4019,0.80788862705230713,0.82054847478866577,-0.012659847736358643,40dd8ca0bb1883cce1af02081b36364160ce90be20dca0167c69c18f8e26471b,0.94558846950531006,0.93105745315551758,0.01453101634979248,54289f762dca1a8371dc8b72249ababba2eb6476c21b15f3da1e18a6fa56f4b4,0.92082452774047852,0.71137475967407227,0.20944976806640625,12cc654e75efc373aca75d10ea73b192c579ea1ec09bbe85f007b74f9dac33ba
s2b_13daea9d79e7a97d0cf19489,114223,TRAIN,laion_clap__vs__muq_mulan_large,A,1,True,,True,9c3bf274cbea6bc8bdc891c51d0e04289bfb0dc3712aad151d530ef65f9114c5,375f1533d6c1d02edc0ba14b999f32b81709ffdb4a845bd61b5b4283d8ebfc66,626ce604a265046829ca1ab690e9196af24c08eebf0467874c61aa1d2efc4019,0.79504859447479248,0.94195318222045898,-0.1469045877456665,40dd8ca0bb1883cce1af02081b36364160ce90be20dca0167c69c18f8e26471b,0.93652564287185669,0.96764528751373291,-0.031119644641876221,54289f762dca1a8371dc8b72249ababba2eb6476c21b15f3da1e18a6fa56f4b4,0.80965590476989746,0.70608508586883545,0.10357081890106201,12cc654e75efc373aca75d10ea73b192c579ea1ec09bbe85f007b74f9dac33ba
s2b_143c2078195504759a13dffb,105408,VALIDATION,laion_clap__vs__muq_mulan_large,Tie,,False,tie,False,9c3bf274cbea6bc8bdc891c51d0e04289bfb0dc3712aad151d530ef65f9114c5,375f1533d6c1d02edc0ba14b999f32b81709ffdb4a845bd61b5b4283d8ebfc66,626ce604a265046829ca1ab690e9196af24c08eebf0467874c61aa1d2efc4019,0.87904751300811768,0.71787786483764648,0.16116964817047119,40dd8ca0bb1883cce1af02081b36364160ce90be20dca0167c69c18f8e26471b,0.95889502763748169,0.95556199550628662,0.0033330321311950684,54289f762dca1a8371dc8b72249ababba2eb6476c21b15f3da1e18a6fa56f4b4,0.90380406379699707,0.93765795230865479,-0.033853888511657715,12cc654e75efc373aca75d10ea73b192c579ea1ec09bbe85f007b74f9dac33ba
s2b_14ca9fc3886afd5514832ca4,107249,TEST,laion_clap__vs__mert_5120,A,1,True,,False,9c3bf274cbea6bc8bdc891c51d0e04289bfb0dc3712aad151d530ef65f9114c5,375f1533d6c1d02edc0ba14b999f32b81709ffdb4a845bd61b5b4283d8ebfc66,626ce604a265046829ca1ab690e9196af24c08eebf0467874c61aa1d2efc4019,0.82242780923843384,0.74639934301376343,0.07602846622467041,40dd8ca0bb1883cce1af02081b36364160ce90be20dca0167c69c18f8e26471b,0.97062140703201294,0.98044860363006592,-0.0098271965980529785,54289f762dca1a8371dc8b72249ababba2eb6476c21b15f3da1e18a6fa56f4b4,0.68822711706161499,0.60938125848770142,0.078845858573913574,12cc654e75efc373aca75d10ea73b192c579ea1ec09bbe85f007b74f9dac33ba
s2b_166b7a2a577b69dd5be10b17,62450,VALIDATION,laion_clap__vs__mert_5120,B,0,True,,True,9c3bf274cbea6bc8bdc891c51d0e04289bfb0dc3712aad151d530ef65f9114c5,375f1533d6c1d02edc0ba14b999f32b81709ffdb4a845bd61b5b4283d8ebfc66,626ce604a265046829ca1ab690e9196af24c08eebf0467874c61aa1d2efc4019,0.41383281350135803,0.85830116271972656,-0.44446834921836853,40dd8ca0bb1883cce1af02081b36364160ce90be20dca0167c69c18f8e26471b,0.96439003944396973,0.93394118547439575,0.030448853969573975,54289f762dca1a8371dc8b72249ababba2eb6476c21b15f3da1e18a6fa56f4b4,0.29908668994903564,0.4953140914440155,-0.19622740149497986,12cc654e75efc373aca75d10ea73b192c579ea1ec09bbe85f007b74f9dac33ba
s2b_16a549d460210c290257f805,107249,TEST,laion_clap__vs__muq_mulan_large,B,0,True,,True,9c3bf274cbea6bc8bdc891c51d0e04289bfb0dc3712aad151d530ef65f9114c5,375f1533d6c1d02edc0ba14b999f32b81709ffdb4a845bd61b5b4283d8ebfc66,626ce604a265046829ca1ab690e9196af24c08eebf0467874c61aa1d2efc4019,0.74226492643356323,0.88669109344482422,-0.14442616701126099,40dd8ca0bb1883cce1af02081b36364160ce90be20dca0167c69c18f8e26471b,0.9472230076789856,0.9836655855178833,-0.036442577838897705,54289f762dca1a8371dc8b72249ababba2eb6476c21b15f3da1e18a6fa56f4b4,0.88969796895980835,0.64777243137359619,0.24192553758621216,12cc654e75efc373aca75d10ea73b192c579ea1ec09bbe85f007b74f9dac33ba
s2b_16c6f61cfae88bbbdafd7af5,120770,TEST,mert_5120__vs__muq_mulan_large,A,1,True,,False,9c3bf274cbea6bc8bdc891c51d0e04289bfb0dc3712aad151d530ef65f9114c5,375f1533d6c1d02edc0ba14b999f32b81709ffdb4a845bd61b5b4283d8ebfc66,626ce604a265046829ca1ab690e9196af24c08eebf0467874c61aa1d2efc4019,0.84306234121322632,0.76952546834945679,0.073536872863769531,40dd8ca0bb1883cce1af02081b36364160ce90be20dca0167c69c18f8e26471b,0.96885466575622559,0.98272699117660522,-0.013872325420379639,54289f762dca1a8371dc8b72249ababba2eb6476c21b15f3da1e18a6fa56f4b4,0.77780091762542725,0.6643984317779541,0.11340248584747314,12cc654e75efc373aca75d10ea73b192c579ea1ec09bbe85f007b74f9dac33ba
s2b_198508b8b6640a12588a5762,52393,TEST,mert_5120__vs__muq_mulan_large,B,0,True,,False,9c3bf274cbea6bc8bdc891c51d0e04289bfb0dc3712aad151d530ef65f9114c5,375f1533d6c1d02edc0ba14b999f32b81709ffdb4a845bd61b5b4283d8ebfc66,626ce604a265046829ca1ab690e9196af24c08eebf0467874c61aa1d2efc4019,0.49598494172096252,0.63061648607254028,-0.13463154435157776,40dd8ca0bb1883cce1af02081b36364160ce90be20dca0167c69c18f8e26471b,0.92712140083312988,0.97645938396453857,-0.049337983131408691,54289f762dca1a8371dc8b72249ababba2eb6476c21b15f3da1e18a6fa56f4b4,0.91354745626449585,0.61722016334533691,0.29632729291915894,12cc654e75efc373aca75d10ea73b192c579ea1ec09bbe85f007b74f9dac33ba
s2b_1a158782cbf4aa98744a9235,87190,TRAIN,mert_5120__vs__muq_mulan_large,A,1,True,,False,9c3bf274cbea6bc8bdc891c51d0e04289bfb0dc3712aad151d530ef65f9114c5,375f1533d6c1d02edc0ba14b999f32b81709ffdb4a845bd61b5b4283d8ebfc66,626ce604a265046829ca1ab690e9196af24c08eebf0467874c61aa1d2efc4019,0.80708962678909302,0.71072846651077271,0.096361160278320312,40dd8ca0bb1883cce1af02081b36364160ce90be20dca0167c69c18f8e26471b,0.98037636280059814,0.94070577621459961,0.039670586585998535,54289f762dca1a8371dc8b72249ababba2eb6476c21b15f3da1e18a6fa56f4b4,0.83707165718078613,0.88626748323440552,-0.049195826053619385,12cc654e75efc373aca75d10ea73b192c579ea1ec09bbe85f007b74f9dac33ba
s2b_1acec3c97c252875d8a5469e,134930,VALIDATION,laion_clap__vs__mert_5120,Tie,,False,tie,True,9c3bf274cbea6bc8bdc891c51d0e04289bfb0dc3712aad151d530ef65f9114c5,375f1533d6c1d02edc0ba14b999f32b81709ffdb4a845bd61b5b4283d8ebfc66,626ce604a265046829ca1ab690e9196af24c08eebf0467874c61aa1d2efc4019,0.87336993217468262,0.93060106039047241,-0.057231128215789795,40dd8ca0bb1883cce1af02081b36364160ce90be20dca0167c69c18f8e26471b,0.9802899956703186,0.97912025451660156,0.001169741153717041,54289f762dca1a8371dc8b72249ababba2eb6476c21b15f3da1e18a6fa56f4b4,0.90557771921157837,0.92617583274841309,-0.020598113536834717,12cc654e75efc373aca75d10ea73b192c579ea1ec09bbe85f007b74f9dac33ba
s2b_1c5a8eddc76f28fc91cc6716,125814,TRAIN,laion_clap__vs__mert_5120,A,1,True,,True,9c3bf274cbea6bc8bdc891c51d0e04289bfb0dc3712aad151d530ef65f9114c5,375f1533d6c1d02edc0ba14b999f32b81709ffdb4a845bd61b5b4283d8ebfc66,626ce604a265046829ca1ab690e9196af24c08eebf0467874c61aa1d2efc4019,0.92227625846862793,0.57237380743026733,0.3499024510383606,40dd8ca0bb1883cce1af02081b36364160ce90be20dca0167c69c18f8e26471b,0.96898484230041504,0.97643780708312988,-0.0074529647827148438,54289f762dca1a8371dc8b72249ababba2eb6476c21b15f3da1e18a6fa56f4b4,0.90135502815246582,0.71109271049499512,0.1902623176574707,12cc654e75efc373aca75d10ea73b192c579ea1ec09bbe85f007b74f9dac33ba
s2b_1f1523336d629d2aa35f745c,48442,TEST,laion_clap__vs__muq_mulan_large,A,1,True,,False,9c3bf274cbea6bc8bdc891c51d0e04289bfb0dc3712aad151d530ef65f9114c5,375f1533d6c1d02edc0ba14b999f32b81709ffdb4a845bd61b5b4283d8ebfc66,626ce604a265046829ca1ab690e9196af24c08eebf0467874c61aa1d2efc4019,0.84154820442199707,0.74462997913360596,0.096918225288391113,40dd8ca0bb1883cce1af02081b36364160ce90be20dca0167c69c18f8e26471b,0.9386410117149353,0.93813061714172363,0.00051039457321166992,54289f762dca1a8371dc8b72249ababba2eb6476c21b15f3da1e18a6fa56f4b4,0.79619723558425903,0.94037151336669922,-0.14417427778244019,12cc654e75efc373aca75d10ea73b192c579ea1ec09bbe85f007b74f9dac33ba
s2b_1f2e03b2c25a9081cd18ba55,42844,TRAIN,laion_clap__vs__mert_5120,A,1,True,,False,9c3bf274cbea6bc8bdc891c51d0e04289bfb0dc3712aad151d530ef65f9114c5,375f1533d6c1d02edc0ba14b999f32b81709ffdb4a845bd61b5b4283d8ebfc66,626ce604a265046829ca1ab690e9196af24c08eebf0467874c61aa1d2efc4019,0.77529704570770264,0.74099218845367432,0.03430485725402832,40dd8ca0bb1883cce1af02081b36364160ce90be20dca0167c69c18f8e26471b,0.96329391002655029,0.97091478109359741,-0.0076208710670471191,54289f762dca1a8371dc8b72249ababba2eb6476c21b15f3da1e18a6fa56f4b4,0.87133324146270752,0.75117850303649902,0.1201547384262085,12cc654e75efc373aca75d10ea73b192c579ea1ec09bbe85f007b74f9dac33ba
s2b_1fcfb90aae9b2cb3a73d1ec4,3921,TRAIN,laion_clap__vs__muq_mulan_large,A,1,True,,False,9c3bf274cbea6bc8bdc891c51d0e04289bfb0dc3712aad151d530ef65f9114c5,375f1533d6c1d02edc0ba14b999f32b81709ffdb4a845bd61b5b4283d8ebfc66,626ce604a265046829ca1ab690e9196af24c08eebf0467874c61aa1d2efc4019,0.79778718948364258,0.65183281898498535,0.14595437049865723,40dd8ca0bb1883cce1af02081b36364160ce90be20dca0167c69c18f8e26471b,0.97275745868682861,0.96485298871994019,0.0079044699668884277,54289f762dca1a8371dc8b72249ababba2eb6476c21b15f3da1e18a6fa56f4b4,0.65693134069442749,0.81536632776260376,-0.15843498706817627,12cc654e75efc373aca75d10ea73b192c579ea1ec09bbe85f007b74f9dac33ba
s2b_20dba19b34f3a7fd5ac52f03,113284,TEST,laion_clap__vs__mert_5120,A,1,True,,False,9c3bf274cbea6bc8bdc891c51d0e04289bfb0dc3712aad151d530ef65f9114c5,375f1533d6c1d02edc0ba14b999f32b81709ffdb4a845bd61b5b4283d8ebfc66,626ce604a265046829ca1ab690e9196af24c08eebf0467874c61aa1d2efc4019,0.82210803031921387,0.86062526702880859,-0.038517236709594727,40dd8ca0bb1883cce1af02081b36364160ce90be20dca0167c69c18f8e26471b,0.98288136720657349,0.97943592071533203,0.0034454464912414551,54289f762dca1a8371dc8b72249ababba2eb6476c21b15f3da1e18a6fa56f4b4,0.86607378721237183,0.86268246173858643,0.0033913254737854004,12cc654e75efc373aca75d10ea73b192c579ea1ec09bbe85f007b74f9dac33ba
s2b_20f7b862fab83a75f99e93d1,115700,TRAIN,laion_clap__vs__mert_5120,B,0,True,,False,9c3bf274cbea6bc8bdc891c51d0e04289bfb0dc3712aad151d530ef65f9114c5,375f1533d6c1d02edc0ba14b999f32b81709ffdb4a845bd61b5b4283d8ebfc66,626ce604a265046829ca1ab690e9196af24c08eebf0467874c61aa1d2efc4019,0.60528796911239624,0.74452531337738037,-0.13923734426498413,40dd8ca0bb1883cce1af02081b36364160ce90be20dca0167c69c18f8e26471b,0.97858774662017822,0.959786057472229,0.018801689147949219,54289f762dca1a8371dc8b72249ababba2eb6476c21b15f3da1e18a6fa56f4b4,0.62580502033233643,0.89339578151702881,-0.26759076118469238,12cc654e75efc373aca75d10ea73b192c579ea1ec09bbe85f007b74f9dac33ba
s2b_2168ecbc52499fd1427ba2e6,125193,VALIDATION,laion_clap__vs__mert_5120,Tie,,False,tie,True,9c3bf274cbea6bc8bdc891c51d0e04289bfb0dc3712aad151d530ef65f9114c5,375f1533d6c1d02edc0ba14b999f32b81709ffdb4a845bd61b5b4283d8ebfc66,626ce604a265046829ca1ab690e9196af24c08eebf0467874c61aa1d2efc4019,0.81746470928192139,0.89195096492767334,-0.074486255645751953,40dd8ca0bb1883cce1af02081b36364160ce90be20dca0167c69c18f8e26471b,0.98004037141799927,0.96212625503540039,0.017914116382598877,54289f762dca1a8371dc8b72249ababba2eb6476c21b15f3da1e18a6fa56f4b4,0.79375350475311279,0.86809897422790527,-0.07434546947479248,12cc654e75efc373aca75d10ea73b192c579ea1ec09bbe85f007b74f9dac33ba
s2b_22bcf2a91318d1509f6fc904,10435,TEST,laion_clap__vs__mert_5120,Neither,,False,neither,False,9c3bf274cbea6bc8bdc891c51d0e04289bfb0dc3712aad151d530ef65f9114c5,375f1533d6c1d02edc0ba14b999f32b81709ffdb4a845bd61b5b4283d8ebfc66,626ce604a265046829ca1ab690e9196af24c08eebf0467874c61aa1d2efc4019,0.83352625370025635,0.46805357933044434,0.36547267436981201,40dd8ca0bb1883cce1af02081b36364160ce90be20dca0167c69c18f8e26471b,0.93002307415008545,0.96913599967956543,-0.03911292552947998,54289f762dca1a8371dc8b72249ababba2eb6476c21b15f3da1e18a6fa56f4b4,0.77064108848571777,0.45506966114044189,0.31557142734527588,12cc654e75efc373aca75d10ea73b192c579ea1ec09bbe85f007b74f9dac33ba
s2b_2311862db9d3e7430eba62b5,92885,TRAIN,laion_clap__vs__muq_mulan_large,Tie,,False,tie,True,9c3bf274cbea6bc8bdc891c51d0e04289bfb0dc3712aad151d530ef65f9114c5,375f1533d6c1d02edc0ba14b999f32b81709ffdb4a845bd61b5b4283d8ebfc66,626ce604a265046829ca1ab690e9196af24c08eebf0467874c61aa1d2efc4019,0.82174450159072876,0.80788862705230713,0.013855874538421631,40dd8ca0bb1883cce1af02081b36364160ce90be20dca0167c69c18f8e26471b,0.91695880889892578,0.94558846950531006,-0.028629660606384277,54289f762dca1a8371dc8b72249ababba2eb6476c21b15f3da1e18a6fa56f4b4,0.7683405876159668,0.92082452774047852,-0.15248394012451172,12cc654e75efc373aca75d10ea73b192c579ea1ec09bbe85f007b74f9dac33ba
s2b_238d38b87154886a6762e72b,86441,TRAIN,laion_clap__vs__muq_mulan_large,Tie,,False,tie,False,9c3bf274cbea6bc8bdc891c51d0e04289bfb0dc3712aad151d530ef65f9114c5,375f1533d6c1d02edc0ba14b999f32b81709ffdb4a845bd61b5b4283d8ebfc66,626ce604a265046829ca1ab690e9196af24c08eebf0467874c61aa1d2efc4019,0.77198112010955811,0.83015710115432739,-0.058175981044769287,40dd8ca0bb1883cce1af02081b36364160ce90be20dca0167c69c18f8e26471b,0.97709619998931885,0.97182935476303101,0.0052668452262878418,54289f762dca1a8371dc8b72249ababba2eb6476c21b15f3da1e18a6fa56f4b4,0.93796581029891968,0.86389696598052979,0.074068844318389893,12cc654e75efc373aca75d10ea73b192c579ea1ec09bbe85f007b74f9dac33ba
s2b_2a60b4ac5ad60564b53a7d4f,68840,TEST,laion_clap__vs__muq_mulan_large,Tie,,False,tie,True,9c3bf274cbea6bc8bdc891c51d0e04289bfb0dc3712aad151d530ef65f9114c5,375f1533d6c1d02edc0ba14b999f32b81709ffdb4a845bd61b5b4283d8ebfc66,626ce604a265046829ca1ab690e9196af24c08eebf0467874c61aa1d2efc4019,0.88651502132415771,0.8483283519744873,0.03818666934967041,40dd8ca0bb1883cce1af02081b36364160ce90be20dca0167c69c18f8e26471b,0.96409934759140015,0.98405754566192627,-0.019958198070526123,54289f762dca1a8371dc8b72249ababba2eb6476c21b15f3da1e18a6fa56f4b4,0.71354472637176514,0.79911553859710693,-0.085570812225341797,12cc654e75efc373aca75d10ea73b192c579ea1ec09bbe85f007b74f9dac33ba
s2b_2e368afbad2aa8b8365c72e3,84095,TRAIN,laion_clap__vs__muq_mulan_large,B,0,True,,False,9c3bf274cbea6bc8bdc891c51d0e04289bfb0dc3712aad151d530ef65f9114c5,375f1533d6c1d02edc0ba14b999f32b81709ffdb4a845bd61b5b4283d8ebfc66,626ce604a265046829ca1ab690e9196af24c08eebf0467874c61aa1d2efc4019,0.62167090177536011,0.86082965135574341,-0.2391587495803833,40dd8ca0bb1883cce1af02081b36364160ce90be20dca0167c69c18f8e26471b,0.94518554210662842,0.95406800508499146,-0.0088824629783630371,54289f762dca1a8371dc8b72249ababba2eb6476c21b15f3da1e18a6fa56f4b4,0.92480683326721191,0.82643038034439087,0.098376452922821045,12cc654e75efc373aca75d10ea73b192c579ea1ec09bbe85f007b74f9dac33ba
s2b_2ef548f468445f34add70275,20364,TEST,laion_clap__vs__mert_5120,B,0,True,,False,9c3bf274cbea6bc8bdc891c51d0e04289bfb0dc3712aad151d530ef65f9114c5,375f1533d6c1d02edc0ba14b999f32b81709ffdb4a845bd61b5b4283d8ebfc66,626ce604a265046829ca1ab690e9196af24c08eebf0467874c61aa1d2efc4019,0.51456677913665771,0.81986081600189209,-0.30529403686523438,40dd8ca0bb1883cce1af02081b36364160ce90be20dca0167c69c18f8e26471b,0.95273417234420776,0.89562696218490601,0.057107210159301758,54289f762dca1a8371dc8b72249ababba2eb6476c21b15f3da1e18a6fa56f4b4,0.60228610038757324,0.90114897489547729,-0.29886287450790405,12cc654e75efc373aca75d10ea73b192c579ea1ec09bbe85f007b74f9dac33ba
s2b_30a37b741712559441f52dfe,32340,TEST,mert_5120__vs__muq_mulan_large,B,0,True,,False,9c3bf274cbea6bc8bdc891c51d0e04289bfb0dc3712aad151d530ef65f9114c5,375f1533d6c1d02edc0ba14b999f32b81709ffdb4a845bd61b5b4283d8ebfc66,626ce604a265046829ca1ab690e9196af24c08eebf0467874c61aa1d2efc4019,0.46436613798141479,0.71173018217086792,-0.24736404418945312,40dd8ca0bb1883cce1af02081b36364160ce90be20dca0167c69c18f8e26471b,0.96277356147766113,0.90339648723602295,0.059377074241638184,54289f762dca1a8371dc8b72249ababba2eb6476c21b15f3da1e18a6fa56f4b4,0.36903303861618042,0.86718529462814331,-0.49815225601196289,12cc654e75efc373aca75d10ea73b192c579ea1ec09bbe85f007b74f9dac33ba
s2b_3199911328fec44b2e8668f6,127359,TRAIN,laion_clap__vs__mert_5120,Tie,,False,tie,False,9c3bf274cbea6bc8bdc891c51d0e04289bfb0dc3712aad151d530ef65f9114c5,375f1533d6c1d02edc0ba14b999f32b81709ffdb4a845bd61b5b4283d8ebfc66,626ce604a265046829ca1ab690e9196af24c08eebf0467874c61aa1d2efc4019,0.87667000293731689,0.76401537656784058,0.11265462636947632,40dd8ca0bb1883cce1af02081b36364160ce90be20dca0167c69c18f8e26471b,0.9707602858543396,0.98092788457870483,-0.010167598724365234,54289f762dca1a8371dc8b72249ababba2eb6476c21b15f3da1e18a6fa56f4b4,0.93631881475448608,0.95315742492675781,-0.016838610172271729,12cc654e75efc373aca75d10ea73b192c579ea1ec09bbe85f007b74f9dac33ba
s2b_333ddbead16fd72fd1089f24,120770,TEST,laion_clap__vs__muq_mulan_large,B,0,True,,False,9c3bf274cbea6bc8bdc891c51d0e04289bfb0dc3712aad151d530ef65f9114c5,375f1533d6c1d02edc0ba14b999f32b81709ffdb4a845bd61b5b4283d8ebfc66,626ce604a265046829ca1ab690e9196af24c08eebf0467874c61aa1d2efc4019,0.84391611814498901,0.84306234121322632,0.00085377693176269531,40dd8ca0bb1883cce1af02081b36364160ce90be20dca0167c69c18f8e26471b,0.92860949039459229,0.96885466575622559,-0.040245175361633301,54289f762dca1a8371dc8b72249ababba2eb6476c21b15f3da1e18a6fa56f4b4,0.53928613662719727,0.77780091762542725,-0.23851478099822998,12cc654e75efc373aca75d10ea73b192c579ea1ec09bbe85f007b74f9dac33ba
s2b_338405eaaca89c9eeb3162df,32340,TEST,laion_clap__vs__mert_5120,A,1,True,,False,9c3bf274cbea6bc8bdc891c51d0e04289bfb0dc3712aad151d530ef65f9114c5,375f1533d6c1d02edc0ba14b999f32b81709ffdb4a845bd61b5b4283d8ebfc66,626ce604a265046829ca1ab690e9196af24c08eebf0467874c61aa1d2efc4019,0.77699220180511475,0.46436613798141479,0.31262606382369995,40dd8ca0bb1883cce1af02081b36364160ce90be20dca0167c69c18f8e26471b,0.91107046604156494,0.96277356147766113,-0.051703095436096191,54289f762dca1a8371dc8b72249ababba2eb6476c21b15f3da1e18a6fa56f4b4,0.42852848768234253,0.36903303861618042,0.059495449066162109,12cc654e75efc373aca75d10ea73b192c579ea1ec09bbe85f007b74f9dac33ba
s2b_350810d63fe97b776ebbd71b,3921,TRAIN,mert_5120__vs__muq_mulan_large,B,0,True,,False,9c3bf274cbea6bc8bdc891c51d0e04289bfb0dc3712aad151d530ef65f9114c5,375f1533d6c1d02edc0ba14b999f32b81709ffdb4a845bd61b5b4283d8ebfc66,626ce604a265046829ca1ab690e9196af24c08eebf0467874c61aa1d2efc4019,0.65183281898498535,0.60888612270355225,0.042946696281433105,40dd8ca0bb1883cce1af02081b36364160ce90be20dca0167c69c18f8e26471b,0.96485298871994019,0.98096084594726562,-0.016107857227325439,54289f762dca1a8371dc8b72249ababba2eb6476c21b15f3da1e18a6fa56f4b4,0.81536632776260376,0.57073855400085449,0.24462777376174927,12cc654e75efc373aca75d10ea73b192c579ea1ec09bbe85f007b74f9dac33ba
s2b_357f41da3aad387224afb5ec,124913,TEST,laion_clap__vs__muq_mulan_large,Tie,,False,tie,False,9c3bf274cbea6bc8bdc891c51d0e04289bfb0dc3712aad151d530ef65f9114c5,375f1533d6c1d02edc0ba14b999f32b81709ffdb4a845bd61b5b4283d8ebfc66,626ce604a265046829ca1ab690e9196af24c08eebf0467874c61aa1d2efc4019,0.82138597965240479,0.8692326545715332,-0.047846674919128418,40dd8ca0bb1883cce1af02081b36364160ce90be20dca0167c69c18f8e26471b,0.9535984992980957,0.97779929637908936,-0.024200797080993652,54289f762dca1a8371dc8b72249ababba2eb6476c21b15f3da1e18a6fa56f4b4,0.91364169120788574,0.83983230590820312,0.073809385299682617,12cc654e75efc373aca75d10ea73b192c579ea1ec09bbe85f007b74f9dac33ba
s2b_3691d82d6d508eb8e518ad1a,52393,TEST,mert_5120__vs__muq_mulan_large,B,0,True,,False,9c3bf274cbea6bc8bdc891c51d0e04289bfb0dc3712aad151d530ef65f9114c5,375f1533d6c1d02edc0ba14b999f32b81709ffdb4a845bd61b5b4283d8ebfc66,626ce604a265046829ca1ab690e9196af24c08eebf0467874c61aa1d2efc4019,0.45580005645751953,0.63061648607254028,-0.17481642961502075,40dd8ca0bb1883cce1af02081b36364160ce90be20dca0167c69c18f8e26471b,0.88752824068069458,0.97645938396453857,-0.088931143283843994,54289f762dca1a8371dc8b72249ababba2eb6476c21b15f3da1e18a6fa56f4b4,0.90557503700256348,0.61722016334533691,0.28835487365722656,12cc654e75efc373aca75d10ea73b192c579ea1ec09bbe85f007b74f9dac33ba
s2b_3789cde06c31a9fce3f6a124,110262,TEST,laion_clap__vs__mert_5120,B,0,True,,False,9c3bf274cbea6bc8bdc891c51d0e04289bfb0dc3712aad151d530ef65f9114c5,375f1533d6c1d02edc0ba14b999f32b81709ffdb4a845bd61b5b4283d8ebfc66,626ce604a265046829ca1ab690e9196af24c08eebf0467874c61aa1d2efc4019,0.66966909170150757,0.781707763671875,-0.11203867197036743,40dd8ca0bb1883cce1af02081b36364160ce90be20dca0167c69c18f8e26471b,0.97094744443893433,0.93919146060943604,0.031755983829498291,54289f762dca1a8371dc8b72249ababba2eb6476c21b15f3da1e18a6fa56f4b4,0.6218077540397644,0.70956665277481079,-0.087758898735046387,12cc654e75efc373aca75d10ea73b192c579ea1ec09bbe85f007b74f9dac33ba
s2b_379a398759ed8afdadff2b65,68840,TEST,laion_clap__vs__mert_5120,Tie,,False,tie,True,9c3bf274cbea6bc8bdc891c51d0e04289bfb0dc3712aad151d530ef65f9114c5,375f1533d6c1d02edc0ba14b999f32b81709ffdb4a845bd61b5b4283d8ebfc66,626ce604a265046829ca1ab690e9196af24c08eebf0467874c61aa1d2efc4019,0.88651502132415771,0.83962172269821167,0.046893298625946045,40dd8ca0bb1883cce1af02081b36364160ce90be20dca0167c69c18f8e26471b,0.96409934759140015,0.99031162261962891,-0.02621227502822876,54289f762dca1a8371dc8b72249ababba2eb6476c21b15f3da1e18a6fa56f4b4,0.71354472637176514,0.8121258020401001,-0.098581075668334961,12cc654e75efc373aca75d10ea73b192c579ea1ec09bbe85f007b74f9dac33ba
s2b_3958015275e803fa181e56ad,134930,VALIDATION,mert_5120__vs__muq_mulan_large,Tie,,False,tie,True,9c3bf274cbea6bc8bdc891c51d0e04289bfb0dc3712aad151d530ef65f9114c5,375f1533d6c1d02edc0ba14b999f32b81709ffdb4a845bd61b5b4283d8ebfc66,626ce604a265046829ca1ab690e9196af24c08eebf0467874c61aa1d2efc4019,0.87336993217468262,0.8736606240272522,-0.00029069185256958008,40dd8ca0bb1883cce1af02081b36364160ce90be20dca0167c69c18f8e26471b,0.9802899956703186,0.96232825517654419,0.017961740493774414,54289f762dca1a8371dc8b72249ababba2eb6476c21b15f3da1e18a6fa56f4b4,0.90557771921157837,0.9452812671661377,-0.039703547954559326,12cc654e75efc373aca75d10ea73b192c579ea1ec09bbe85f007b74f9dac33ba
s2b_3a9597f0df7f0299deee4b18,11790,TRAIN,mert_5120__vs__muq_mulan_large,B,0,True,,False,9c3bf274cbea6bc8bdc891c51d0e04289bfb0dc3712aad151d530ef65f9114c5,375f1533d6c1d02edc0ba14b999f32b81709ffdb4a845bd61b5b4283d8ebfc66,626ce604a265046829ca1ab690e9196af24c08eebf0467874c61aa1d2efc4019,0.71286904811859131,0.62131547927856445,0.091553568840026855,40dd8ca0bb1883cce1af02081b36364160ce90be20dca0167c69c18f8e26471b,0.96977037191390991,0.90059512853622437,0.069175243377685547,54289f762dca1a8371dc8b72249ababba2eb6476c21b15f3da1e18a6fa56f4b4,0.66217184066772461,0.91978025436401367,-0.25760841369628906,12cc654e75efc373aca75d10ea73b192c579ea1ec09bbe85f007b74f9dac33ba
s2b_3d45797a10d7a1b1b5023f6a,68844,TEST,laion_clap__vs__mert_5120,A,1,True,,True,9c3bf274cbea6bc8bdc891c51d0e04289bfb0dc3712aad151d530ef65f9114c5,375f1533d6c1d02edc0ba14b999f32b81709ffdb4a845bd61b5b4283d8ebfc66,626ce604a265046829ca1ab690e9196af24c08eebf0467874c61aa1d2efc4019,0.8236040472984314,0.82407164573669434,-0.00046759843826293945,40dd8ca0bb1883cce1af02081b36364160ce90be20dca0167c69c18f8e26471b,0.98931759595870972,0.92908293008804321,0.060234665870666504,54289f762dca1a8371dc8b72249ababba2eb6476c21b15f3da1e18a6fa56f4b4,0.86371052265167236,0.59737515449523926,0.26633536815643311,12cc654e75efc373aca75d10ea73b192c579ea1ec09bbe85f007b74f9dac33ba
s2b_3fc8983a34bb453a03ca9022,120770,TEST,laion_clap__vs__muq_mulan_large,A,1,True,,False,9c3bf274cbea6bc8bdc891c51d0e04289bfb0dc3712aad151d530ef65f9114c5,375f1533d6c1d02edc0ba14b999f32b81709ffdb4a845bd61b5b4283d8ebfc66,626ce604a265046829ca1ab690e9196af24c08eebf0467874c61aa1d2efc4019,0.84306234121322632,0.86486184597015381,-0.02179950475692749,40dd8ca0bb1883cce1af02081b36364160ce90be20dca0167c69c18f8e26471b,0.96885466575622559,0.96512556076049805,0.0037291049957275391,54289f762dca1a8371dc8b72249ababba2eb6476c21b15f3da1e18a6fa56f4b4,0.77780091762542725,0.6270442008972168,0.15075671672821045,12cc654e75efc373aca75d10ea73b192c579ea1ec09bbe85f007b74f9dac33ba
s2b_400bf6f4de6fc2d8297d0c94,120770,TEST,laion_clap__vs__mert_5120,Tie,,False,tie,False,9c3bf274cbea6bc8bdc891c51d0e04289bfb0dc3712aad151d530ef65f9114c5,375f1533d6c1d02edc0ba14b999f32b81709ffdb4a845bd61b5b4283d8ebfc66,626ce604a265046829ca1ab690e9196af24c08eebf0467874c61aa1d2efc4019,0.86486184597015381,0.76952546834945679,0.095336377620697021,40dd8ca0bb1883cce1af02081b36364160ce90be20dca0167c69c18f8e26471b,0.96512556076049805,0.98272699117660522,-0.017601430416107178,54289f762dca1a8371dc8b72249ababba2eb6476c21b15f3da1e18a6fa56f4b4,0.6270442008972168,0.6643984317779541,-0.037354230880737305,12cc654e75efc373aca75d10ea73b192c579ea1ec09bbe85f007b74f9dac33ba
s2b_42311e13f2478dbb3f7a31ec,3921,TRAIN,mert_5120__vs__muq_mulan_large,A,1,True,,False,9c3bf274cbea6bc8bdc891c51d0e04289bfb0dc3712aad151d530ef65f9114c5,375f1533d6c1d02edc0ba14b999f32b81709ffdb4a845bd61b5b4283d8ebfc66,626ce604a265046829ca1ab690e9196af24c08eebf0467874c61aa1d2efc4019,0.54135864973068237,0.65183281898498535,-0.11047416925430298,40dd8ca0bb1883cce1af02081b36364160ce90be20dca0167c69c18f8e26471b,0.98135685920715332,0.96485298871994019,0.016503870487213135,54289f762dca1a8371dc8b72249ababba2eb6476c21b15f3da1e18a6fa56f4b4,0.59974819421768188,0.81536632776260376,-0.21561813354492188,12cc654e75efc373aca75d10ea73b192c579ea1ec09bbe85f007b74f9dac33ba
s2b_4458cf3a28ea6fee41e9f9d8,127359,TRAIN,mert_5120__vs__muq_mulan_large,A,1,True,,False,9c3bf274cbea6bc8bdc891c51d0e04289bfb0dc3712aad151d530ef65f9114c5,375f1533d6c1d02edc0ba14b999f32b81709ffdb4a845bd61b5b4283d8ebfc66,626ce604a265046829ca1ab690e9196af24c08eebf0467874c61aa1d2efc4019,0.88231134414672852,0.77118396759033203,0.11112737655639648,40dd8ca0bb1883cce1af02081b36364160ce90be20dca0167c69c18f8e26471b,0.98399156332015991,0.9769974946975708,0.0069940686225891113,54289f762dca1a8371dc8b72249ababba2eb6476c21b15f3da1e18a6fa56f4b4,0.92740428447723389,0.96137583255767822,-0.033971548080444336,12cc654e75efc373aca75d10ea73b192c579ea1ec09bbe85f007b74f9dac33ba
s2b_454f2cfea1fdcc05e73dc7e6,106277,TEST,laion_clap__vs__muq_mulan_large,Neither,,False,neither,False,9c3bf274cbea6bc8bdc891c51d0e04289bfb0dc3712aad151d530ef65f9114c5,375f1533d6c1d02edc0ba14b999f32b81709ffdb4a845bd61b5b4283d8ebfc66,626ce604a265046829ca1ab690e9196af24c08eebf0467874c61aa1d2efc4019,0.82306158542633057,0.68169683218002319,0.14136475324630737,40dd8ca0bb1883cce1af02081b36364160ce90be20dca0167c69c18f8e26471b,0.97284281253814697,0.94471925497055054,0.028123557567596436,54289f762dca1a8371dc8b72249ababba2eb6476c21b15f3da1e18a6fa56f4b4,0.61757826805114746,0.90801572799682617,-0.29043745994567871,12cc654e75efc373aca75d10ea73b192c579ea1ec09bbe85f007b74f9dac33ba
s2b_46e1cbd214883ff174b9d30a,20364,TEST,laion_clap__vs__mert_5120,A,1,True,,False,9c3bf274cbea6bc8bdc891c51d0e04289bfb0dc3712aad151d530ef65f9114c5,375f1533d6c1d02edc0ba14b999f32b81709ffdb4a845bd61b5b4283d8ebfc66,626ce604a265046829ca1ab690e9196af24c08eebf0467874c61aa1d2efc4019,0.85447388887405396,0.51456677913665771,0.33990710973739624,40dd8ca0bb1883cce1af02081b36364160ce90be20dca0167c69c18f8e26471b,0.91782259941101074,0.95273417234420776,-0.034911572933197021,54289f762dca1a8371dc8b72249ababba2eb6476c21b15f3da1e18a6fa56f4b4,0.62260341644287109,0.60228610038757324,0.020317316055297852,12cc654e75efc373aca75d10ea73b192c579ea1ec09bbe85f007b74f9dac33ba
s2b_47d58d9e3aca0617e92492a8,107249,TEST,mert_5120__vs__muq_mulan_large,Tie,,False,tie,False,9c3bf274cbea6bc8bdc891c51d0e04289bfb0dc3712aad151d530ef65f9114c5,375f1533d6c1d02edc0ba14b999f32b81709ffdb4a845bd61b5b4283d8ebfc66,626ce604a265046829ca1ab690e9196af24c08eebf0467874c61aa1d2efc4019,0.62195205688476562,0.74639934301376343,-0.1244472861289978,40dd8ca0bb1883cce1af02081b36364160ce90be20dca0167c69c18f8e26471b,0.9484676718711853,0.98044860363006592,-0.031980931758880615,54289f762dca1a8371dc8b72249ababba2eb6476c21b15f3da1e18a6fa56f4b4,0.86458849906921387,0.60938125848770142,0.25520724058151245,12cc654e75efc373aca75d10ea73b192c579ea1ec09bbe85f007b74f9dac33ba
s2b_480371f04a0f1fcd943da1d0,68840,TEST,laion_clap__vs__mert_5120,A,1,True,,True,9c3bf274cbea6bc8bdc891c51d0e04289bfb0dc3712aad151d530ef65f9114c5,375f1533d6c1d02edc0ba14b999f32b81709ffdb4a845bd61b5b4283d8ebfc66,626ce604a265046829ca1ab690e9196af24c08eebf0467874c61aa1d2efc4019,0.91839742660522461,0.83962172269821167,0.078775703907012939,40dd8ca0bb1883cce1af02081b36364160ce90be20dca0167c69c18f8e26471b,0.98552346229553223,0.99031162261962891,-0.0047881603240966797,54289f762dca1a8371dc8b72249ababba2eb6476c21b15f3da1e18a6fa56f4b4,0.74701774120330811,0.8121258020401001,-0.065108060836791992,12cc654e75efc373aca75d10ea73b192c579ea1ec09bbe85f007b74f9dac33ba
s2b_4871e1c6fd7d7c69353e6648,38896,VALIDATION,laion_clap__vs__muq_mulan_large,B,0,True,,True,9c3bf274cbea6bc8bdc891c51d0e04289bfb0dc3712aad151d530ef65f9114c5,375f1533d6c1d02edc0ba14b999f32b81709ffdb4a845bd61b5b4283d8ebfc66,626ce604a265046829ca1ab690e9196af24c08eebf0467874c61aa1d2efc4019,0.86215686798095703,0.85761463642120361,0.004542231559753418,40dd8ca0bb1883cce1af02081b36364160ce90be20dca0167c69c18f8e26471b,0.95080357789993286,0.94301873445510864,0.0077848434448242188,54289f762dca1a8371dc8b72249ababba2eb6476c21b15f3da1e18a6fa56f4b4,0.84777957201004028,0.95957350730895996,-0.11179393529891968,12cc654e75efc373aca75d10ea73b192c579ea1ec09bbe85f007b74f9dac33ba
s2b_487c2e8f736fb747122d86a5,84095,TRAIN,laion_clap__vs__muq_mulan_large,Neither,,False,neither,False,9c3bf274cbea6bc8bdc891c51d0e04289bfb0dc3712aad151d530ef65f9114c5,375f1533d6c1d02edc0ba14b999f32b81709ffdb4a845bd61b5b4283d8ebfc66,626ce604a265046829ca1ab690e9196af24c08eebf0467874c61aa1d2efc4019,0.85823416709899902,0.62167090177536011,0.23656326532363892,40dd8ca0bb1883cce1af02081b36364160ce90be20dca0167c69c18f8e26471b,0.96866261959075928,0.94518554210662842,0.023477077484130859,54289f762dca1a8371dc8b72249ababba2eb6476c21b15f3da1e18a6fa56f4b4,0.62524217367172241,0.92480683326721191,-0.2995646595954895,12cc654e75efc373aca75d10ea73b192c579ea1ec09bbe85f007b74f9dac33ba
s2b_48877ea6472116f0154acb92,125193,VALIDATION,laion_clap__vs__muq_mulan_large,Tie,,False,tie,True,9c3bf274cbea6bc8bdc891c51d0e04289bfb0dc3712aad151d530ef65f9114c5,375f1533d6c1d02edc0ba14b999f32b81709ffdb4a845bd61b5b4283d8ebfc66,626ce604a265046829ca1ab690e9196af24c08eebf0467874c61aa1d2efc4019,0.67562437057495117,0.89195096492767334,-0.21632659435272217,40dd8ca0bb1883cce1af02081b36364160ce90be20dca0167c69c18f8e26471b,0.97841525077819824,0.96212625503540039,0.016288995742797852,54289f762dca1a8371dc8b72249ababba2eb6476c21b15f3da1e18a6fa56f4b4,0.92249035835266113,0.86809897422790527,0.054391384124755859,12cc654e75efc373aca75d10ea73b192c579ea1ec09bbe85f007b74f9dac33ba
s2b_493a345343843e956e9c720d,124913,TEST,mert_5120__vs__muq_mulan_large,A,1,True,,False,9c3bf274cbea6bc8bdc891c51d0e04289bfb0dc3712aad151d530ef65f9114c5,375f1533d6c1d02edc0ba14b999f32b81709ffdb4a845bd61b5b4283d8ebfc66,626ce604a265046829ca1ab690e9196af24c08eebf0467874c61aa1d2efc4019,0.86883878707885742,0.60603427886962891,0.26280450820922852,40dd8ca0bb1883cce1af02081b36364160ce90be20dca0167c69c18f8e26471b,0.96406888961791992,0.97809982299804688,-0.014030933380126953,54289f762dca1a8371dc8b72249ababba2eb6476c21b15f3da1e18a6fa56f4b4,0.91735553741455078,0.58726495504379272,0.33009058237075806,12cc654e75efc373aca75d10ea73b192c579ea1ec09bbe85f007b74f9dac33ba
s2b_49a671f449686a54b4995e9b,62450,VALIDATION,laion_clap__vs__mert_5120,B,0,True,,False,9c3bf274cbea6bc8bdc891c51d0e04289bfb0dc3712aad151d530ef65f9114c5,375f1533d6c1d02edc0ba14b999f32b81709ffdb4a845bd61b5b4283d8ebfc66,626ce604a265046829ca1ab690e9196af24c08eebf0467874c61aa1d2efc4019,0.41383281350135803,0.82569998502731323,-0.4118671715259552,40dd8ca0bb1883cce1af02081b36364160ce90be20dca0167c69c18f8e26471b,0.96439003944396973,0.94161862134933472,0.02277141809463501,54289f762dca1a8371dc8b72249ababba2eb6476c21b15f3da1e18a6fa56f4b4,0.29908668994903564,0.39534193277359009,-0.096255242824554443,12cc654e75efc373aca75d10ea73b192c579ea1ec09bbe85f007b74f9dac33ba
s2b_49f5cd3e0f9c5638aa0fb4b0,115700,TRAIN,mert_5120__vs__muq_mulan_large,B,0,True,,False,9c3bf274cbea6bc8bdc891c51d0e04289bfb0dc3712aad151d530ef65f9114c5,375f1533d6c1d02edc0ba14b999f32b81709ffdb4a845bd61b5b4283d8ebfc66,626ce604a265046829ca1ab690e9196af24c08eebf0467874c61aa1d2efc4019,0.46794781088829041,0.47719854116439819,-0.0092507302761077881,40dd8ca0bb1883cce1af02081b36364160ce90be20dca0167c69c18f8e26471b,0.969981849193573,0.8785783052444458,0.091403543949127197,54289f762dca1a8371dc8b72249ababba2eb6476c21b15f3da1e18a6fa56f4b4,0.57875657081604004,0.94870316982269287,-0.36994659900665283,12cc654e75efc373aca75d10ea73b192c579ea1ec09bbe85f007b74f9dac33ba
s2b_4e07ed3711a6c3a332522041,64567,TEST,laion_clap__vs__muq_mulan_large,Tie,,False,tie,False,9c3bf274cbea6bc8bdc891c51d0e04289bfb0dc3712aad151d530ef65f9114c5,375f1533d6c1d02edc0ba14b999f32b81709ffdb4a845bd61b5b4283d8ebfc66,626ce604a265046829ca1ab690e9196af24c08eebf0467874c61aa1d2efc4019,0.88395917415618896,0.68392431735992432,0.20003485679626465,40dd8ca0bb1883cce1af02081b36364160ce90be20dca0167c69c18f8e26471b,0.95081758499145508,0.94195765256881714,0.0088599324226379395,54289f762dca1a8371dc8b72249ababba2eb6476c21b15f3da1e18a6fa56f4b4,0.86372244358062744,0.90970504283905029,-0.045982599258422852,12cc654e75efc373aca75d10ea73b192c579ea1ec09bbe85f007b74f9dac33ba
s2b_4f2b16285982832b310c6715,134823,TRAIN,mert_5120__vs__muq_mulan_large,Tie,,False,tie,False,9c3bf274cbea6bc8bdc891c51d0e04289bfb0dc3712aad151d530ef65f9114c5,375f1533d6c1d02edc0ba14b999f32b81709ffdb4a845bd61b5b4283d8ebfc66,626ce604a265046829ca1ab690e9196af24c08eebf0467874c61aa1d2efc4019,0.74499768018722534,0.85653448104858398,-0.11153680086135864,40dd8ca0bb1883cce1af02081b36364160ce90be20dca0167c69c18f8e26471b,0.98281395435333252,0.97488319873809814,0.007930755615234375,54289f762dca1a8371dc8b72249ababba2eb6476c21b15f3da1e18a6fa56f4b4,0.80889999866485596,0.92308419942855835,-0.11418420076370239,12cc654e75efc373aca75d10ea73b192c579ea1ec09bbe85f007b74f9dac33ba
s2b_4f69dde42def9688fd2403e0,124913,TEST,laion_clap__vs__mert_5120,Tie,,False,tie,False,9c3bf274cbea6bc8bdc891c51d0e04289bfb0dc3712aad151d530ef65f9114c5,375f1533d6c1d02edc0ba14b999f32b81709ffdb4a845bd61b5b4283d8ebfc66,626ce604a265046829ca1ab690e9196af24c08eebf0467874c61aa1d2efc4019,0.8692326545715332,0.7792898416519165,0.089942812919616699,40dd8ca0bb1883cce1af02081b36364160ce90be20dca0167c69c18f8e26471b,0.97779929637908936,0.97969460487365723,-0.0018953084945678711,54289f762dca1a8371dc8b72249ababba2eb6476c21b15f3da1e18a6fa56f4b4,0.83983230590820312,0.82979995012283325,0.010032355785369873,12cc654e75efc373aca75d10ea73b192c579ea1ec09bbe85f007b74f9dac33ba
s2b_4f81369278b5573bdf6107ef,3921,TRAIN,laion_clap__vs__mert_5120,A,1,True,,False,9c3bf274cbea6bc8bdc891c51d0e04289bfb0dc3712aad151d530ef65f9114c5,375f1533d6c1d02edc0ba14b999f32b81709ffdb4a845bd61b5b4283d8ebfc66,626ce604a265046829ca1ab690e9196af24c08eebf0467874c61aa1d2efc4019,0.54135864973068237,0.81373298168182373,-0.27237433195114136,40dd8ca0bb1883cce1af02081b36364160ce90be20dca0167c69c18f8e26471b,0.98135685920715332,0.97073769569396973,0.010619163513183594,54289f762dca1a8371dc8b72249ababba2eb6476c21b15f3da1e18a6fa56f4b4,0.59974819421768188,0.65771025419235229,-0.05796205997467041,12cc654e75efc373aca75d10ea73b192c579ea1ec09bbe85f007b74f9dac33ba
s2b_4fd02e77fe051e8f446ed67b,68840,TEST,mert_5120__vs__muq_mulan_large,Tie,,False,tie,True,9c3bf274cbea6bc8bdc891c51d0e04289bfb0dc3712aad151d530ef65f9114c5,375f1533d6c1d02edc0ba14b999f32b81709ffdb4a845bd61b5b4283d8ebfc66,626ce604a265046829ca1ab690e9196af24c08eebf0467874c61aa1d2efc4019,0.65563321113586426,0.88651502132415771,-0.23088181018829346,40dd8ca0bb1883cce1af02081b36364160ce90be20dca0167c69c18f8e26471b,0.96443986892700195,0.96409934759140015,0.00034052133560180664,54289f762dca1a8371dc8b72249ababba2eb6476c21b15f3da1e18a6fa56f4b4,0.47238743305206299,0.71354472637176514,-0.24115729331970215,12cc654e75efc373aca75d10ea73b192c579ea1ec09bbe85f007b74f9dac33ba
s2b_50663802fa3c68912fddbcac,62450,VALIDATION,laion_clap__vs__muq_mulan_large,B,0,True,,True,9c3bf274cbea6bc8bdc891c51d0e04289bfb0dc3712aad151d530ef65f9114c5,375f1533d6c1d02edc0ba14b999f32b81709ffdb4a845bd61b5b4283d8ebfc66,626ce604a265046829ca1ab690e9196af24c08eebf0467874c61aa1d2efc4019,0.50473517179489136,0.85830116271972656,-0.35356599092483521,40dd8ca0bb1883cce1af02081b36364160ce90be20dca0167c69c18f8e26471b,0.90446734428405762,0.93394118547439575,-0.029473841190338135,54289f762dca1a8371dc8b72249ababba2eb6476c21b15f3da1e18a6fa56f4b4,0.72724032402038574,0.4953140914440155,0.23192623257637024,12cc654e75efc373aca75d10ea73b192c579ea1ec09bbe85f007b74f9dac33ba
s2b_506922e2a5a16f7f0e0989ed,20364,TEST,laion_clap__vs__muq_mulan_large,Tie,,False,tie,False,9c3bf274cbea6bc8bdc891c51d0e04289bfb0dc3712aad151d530ef65f9114c5,375f1533d6c1d02edc0ba14b999f32b81709ffdb4a845bd61b5b4283d8ebfc66,626ce604a265046829ca1ab690e9196af24c08eebf0467874c61aa1d2efc4019,0.62551522254943848,0.85447388887405396,-0.22895866632461548,40dd8ca0bb1883cce1af02081b36364160ce90be20dca0167c69c18f8e26471b,0.8837926983833313,0.91782259941101074,-0.034029901027679443,54289f762dca1a8371dc8b72249ababba2eb6476c21b15f3da1e18a6fa56f4b4,0.91886609792709351,0.62260341644287109,0.29626268148422241,12cc654e75efc373aca75d10ea73b192c579ea1ec09bbe85f007b74f9dac33ba
s2b_50a94d64f95b2e20686330b1,125193,VALIDATION,laion_clap__vs__muq_mulan_large,A,1,True,,True,9c3bf274cbea6bc8bdc891c51d0e04289bfb0dc3712aad151d530ef65f9114c5,375f1533d6c1d02edc0ba14b999f32b81709ffdb4a845bd61b5b4283d8ebfc66,626ce604a265046829ca1ab690e9196af24c08eebf0467874c61aa1d2efc4019,0.86220365762710571,0.89195096492767334,-0.029747307300567627,40dd8ca0bb1883cce1af02081b36364160ce90be20dca0167c69c18f8e26471b,0.97840762138366699,0.96212625503540039,0.016281366348266602,54289f762dca1a8371dc8b72249ababba2eb6476c21b15f3da1e18a6fa56f4b4,0.93226528167724609,0.86809897422790527,0.06416630744934082,12cc654e75efc373aca75d10ea73b192c579ea1ec09bbe85f007b74f9dac33ba
s2b_5159375ca7df39761dbc28aa,41605,TRAIN,laion_clap__vs__mert_5120,A,1,True,,False,9c3bf274cbea6bc8bdc891c51d0e04289bfb0dc3712aad151d530ef65f9114c5,375f1533d6c1d02edc0ba14b999f32b81709ffdb4a845bd61b5b4283d8ebfc66,626ce604a265046829ca1ab690e9196af24c08eebf0467874c61aa1d2efc4019,0.71719479560852051,0.45174336433410645,0.26545143127441406,40dd8ca0bb1883cce1af02081b36364160ce90be20dca0167c69c18f8e26471b,0.91090899705886841,0.96370935440063477,-0.052800357341766357,54289f762dca1a8371dc8b72249ababba2eb6476c21b15f3da1e18a6fa56f4b4,0.90500146150588989,0.72444057464599609,0.1805608868598938,12cc654e75efc373aca75d10ea73b192c579ea1ec09bbe85f007b74f9dac33ba
s2b_52c9a61be74e8a13fd87f14e,94465,VALIDATION,mert_5120__vs__muq_mulan_large,Neither,,False,neither,True,9c3bf274cbea6bc8bdc891c51d0e04289bfb0dc3712aad151d530ef65f9114c5,375f1533d6c1d02edc0ba14b999f32b81709ffdb4a845bd61b5b4283d8ebfc66,626ce604a265046829ca1ab690e9196af24c08eebf0467874c61aa1d2efc4019,0.44883328676223755,0.75918805599212646,-0.31035476922988892,40dd8ca0bb1883cce1af02081b36364160ce90be20dca0167c69c18f8e26471b,0.97663319110870361,0.95364844799041748,0.022984743118286133,54289f762dca1a8371dc8b72249ababba2eb6476c21b15f3da1e18a6fa56f4b4,0.73908865451812744,0.92716789245605469,-0.18807923793792725,12cc654e75efc373aca75d10ea73b192c579ea1ec09bbe85f007b74f9dac33ba
s2b_53013c357988890de611b8e7,68844,TEST,laion_clap__vs__mert_5120,Tie,,False,tie,True,9c3bf274cbea6bc8bdc891c51d0e04289bfb0dc3712aad151d530ef65f9114c5,375f1533d6c1d02edc0ba14b999f32b81709ffdb4a845bd61b5b4283d8ebfc66,626ce604a265046829ca1ab690e9196af24c08eebf0467874c61aa1d2efc4019,0.82407164573669434,0.74962723255157471,0.074444413185119629,40dd8ca0bb1883cce1af02081b36364160ce90be20dca0167c69c18f8e26471b,0.92908293008804321,0.97299718856811523,-0.043914258480072021,54289f762dca1a8371dc8b72249ababba2eb6476c21b15f3da1e18a6fa56f4b4,0.59737515449523926,0.85202872753143311,-0.25465357303619385,12cc654e75efc373aca75d10ea73b192c579ea1ec09bbe85f007b74f9dac33ba
s2b_5403c8e70620eab9197ec0d7,94465,VALIDATION,laion_clap__vs__muq_mulan_large,A,1,True,,True,9c3bf274cbea6bc8bdc891c51d0e04289bfb0dc3712aad151d530ef65f9114c5,375f1533d6c1d02edc0ba14b999f32b81709ffdb4a845bd61b5b4283d8ebfc66,626ce604a265046829ca1ab690e9196af24c08eebf0467874c61aa1d2efc4019,0.90059351921081543,0.75918805599212646,0.14140546321868896,40dd8ca0bb1883cce1af02081b36364160ce90be20dca0167c69c18f8e26471b,0.96585714817047119,0.95364844799041748,0.012208700180053711,54289f762dca1a8371dc8b72249ababba2eb6476c21b15f3da1e18a6fa56f4b4,0.85631781816482544,0.92716789245605469,-0.070850074291229248,12cc654e75efc373aca75d10ea73b192c579ea1ec09bbe85f007b74f9dac33ba
s2b_543bfe67c0cb696fa24e2431,10435,TEST,mert_5120__vs__muq_mulan_large,Neither,,False,neither,False,9c3bf274cbea6bc8bdc891c51d0e04289bfb0dc3712aad151d530ef65f9114c5,375f1533d6c1d02edc0ba14b999f32b81709ffdb4a845bd61b5b4283d8ebfc66,626ce604a265046829ca1ab690e9196af24c08eebf0467874c61aa1d2efc4019,0.46805357933044434,0.58286845684051514,-0.1148148775100708,40dd8ca0bb1883cce1af02081b36364160ce90be20dca0167c69c18f8e26471b,0.96913599967956543,0.93477731943130493,0.034358680248260498,54289f762dca1a8371dc8b72249ababba2eb6476c21b15f3da1e18a6fa56f4b4,0.45506966114044189,0.85289347171783447,-0.39782381057739258,12cc654e75efc373aca75d10ea73b192c579ea1ec09bbe85f007b74f9dac33ba
s2b_55965a936e2e300558741bfc,124913,TEST,mert_5120__vs__muq_mulan_large,Tie,,False,tie,False,9c3bf274cbea6bc8bdc891c51d0e04289bfb0dc3712aad151d530ef65f9114c5,375f1533d6c1d02edc0ba14b999f32b81709ffdb4a845bd61b5b4283d8ebfc66,626ce604a265046829ca1ab690e9196af24c08eebf0467874c61aa1d2efc4019,0.7792898416519165,0.86883878707885742,-0.089548945426940918,40dd8ca0bb1883cce1af02081b36364160ce90be20dca0167c69c18f8e26471b,0.97969460487365723,0.96406888961791992,0.015625715255737305,54289f762dca1a8371dc8b72249ababba2eb6476c21b15f3da1e18a6fa56f4b4,0.82979995012283325,0.91735553741455078,-0.087555587291717529,12cc654e75efc373aca75d10ea73b192c579ea1ec09bbe85f007b74f9dac33ba
s2b_57edc12e110d36cbfd3c26a8,48442,TEST,mert_5120__vs__muq_mulan_large,Tie,,False,tie,False,9c3bf274cbea6bc8bdc891c51d0e04289bfb0dc3712aad151d530ef65f9114c5,375f1533d6c1d02edc0ba14b999f32b81709ffdb4a845bd61b5b4283d8ebfc66,626ce604a265046829ca1ab690e9196af24c08eebf0467874c61aa1d2efc4019,0.72985458374023438,0.74462997913360596,-0.014775395393371582,40dd8ca0bb1883cce1af02081b36364160ce90be20dca0167c69c18f8e26471b,0.98103177547454834,0.93813061714172363,0.042901158332824707,54289f762dca1a8371dc8b72249ababba2eb6476c21b15f3da1e18a6fa56f4b4,0.79389607906341553,0.94037151336669922,-0.14647543430328369,12cc654e75efc373aca75d10ea73b192c579ea1ec09bbe85f007b74f9dac33ba
s2b_5897ad1e3c7683d29fd3e60b,87190,TRAIN,laion_clap__vs__mert_5120,Tie,,False,tie,False,9c3bf274cbea6bc8bdc891c51d0e04289bfb0dc3712aad151d530ef65f9114c5,375f1533d6c1d02edc0ba14b999f32b81709ffdb4a845bd61b5b4283d8ebfc66,626ce604a265046829ca1ab690e9196af24c08eebf0467874c61aa1d2efc4019,0.84132802486419678,0.76252102851867676,0.07880699634552002,40dd8ca0bb1883cce1af02081b36364160ce90be20dca0167c69c18f8e26471b,0.96898019313812256,0.97996604442596436,-0.010985851287841797,54289f762dca1a8371dc8b72249ababba2eb6476c21b15f3da1e18a6fa56f4b4,0.80059278011322021,0.75452888011932373,0.046063899993896484,12cc654e75efc373aca75d10ea73b192c579ea1ec09bbe85f007b74f9dac33ba
s2b_5a44870d32779d2fc2254204,52393,TEST,laion_clap__vs__mert_5120,B,0,True,,False,9c3bf274cbea6bc8bdc891c51d0e04289bfb0dc3712aad151d530ef65f9114c5,375f1533d6c1d02edc0ba14b999f32b81709ffdb4a845bd61b5b4283d8ebfc66,626ce604a265046829ca1ab690e9196af24c08eebf0467874c61aa1d2efc4019,0.83985114097595215,0.63061648607254028,0.20923465490341187,40dd8ca0bb1883cce1af02081b36364160ce90be20dca0167c69c18f8e26471b,0.9504508376121521,0.97645938396453857,-0.026008546352386475,54289f762dca1a8371dc8b72249ababba2eb6476c21b15f3da1e18a6fa56f4b4,0.58118987083435059,0.61722016334533691,-0.036030292510986328,12cc654e75efc373aca75d10ea73b192c579ea1ec09bbe85f007b74f9dac33ba
s2b_5a8855ce7fbc3d35218024da,68844,TEST,laion_clap__vs__muq_mulan_large,B,0,True,,False,9c3bf274cbea6bc8bdc891c51d0e04289bfb0dc3712aad151d530ef65f9114c5,375f1533d6c1d02edc0ba14b999f32b81709ffdb4a845bd61b5b4283d8ebfc66,626ce604a265046829ca1ab690e9196af24c08eebf0467874c61aa1d2efc4019,0.80619591474533081,0.82407164573669434,-0.017875730991363525,40dd8ca0bb1883cce1af02081b36364160ce90be20dca0167c69c18f8e26471b,0.94319349527359009,0.92908293008804321,0.014110565185546875,54289f762dca1a8371dc8b72249ababba2eb6476c21b15f3da1e18a6fa56f4b4,0.91492348909378052,0.59737515449523926,0.31754833459854126,12cc654e75efc373aca75d10ea73b192c579ea1ec09bbe85f007b74f9dac33ba
s2b_5b4e5396a455575beb8098e1,92885,TRAIN,mert_5120__vs__muq_mulan_large,Tie,,False,tie,True,9c3bf274cbea6bc8bdc891c51d0e04289bfb0dc3712aad151d530ef65f9114c5,375f1533d6c1d02edc0ba14b999f32b81709ffdb4a845bd61b5b4283d8ebfc66,626ce604a265046829ca1ab690e9196af24c08eebf0467874c61aa1d2efc4019,0.79125618934631348,0.80788862705230713,-0.016632437705993652,40dd8ca0bb1883cce1af02081b36364160ce90be20dca0167c69c18f8e26471b,0.96961945295333862,0.94558846950531006,0.024030983448028564,54289f762dca1a8371dc8b72249ababba2eb6476c21b15f3da1e18a6fa56f4b4,0.68037533760070801,0.92082452774047852,-0.24044919013977051,12cc654e75efc373aca75d10ea73b192c579ea1ec09bbe85f007b74f9dac33ba
s2b_5c36a6a7d584ff2d7ce88742,75317,TRAIN,laion_clap__vs__mert_5120,B,0,True,,False,9c3bf274cbea6bc8bdc891c51d0e04289bfb0dc3712aad151d530ef65f9114c5,375f1533d6c1d02edc0ba14b999f32b81709ffdb4a845bd61b5b4283d8ebfc66,626ce604a265046829ca1ab690e9196af24c08eebf0467874c61aa1d2efc4019,0.51842081546783447,0.8069690465927124,-0.28854823112487793,40dd8ca0bb1883cce1af02081b36364160ce90be20dca0167c69c18f8e26471b,0.96631860733032227,0.94531357288360596,0.021005034446716309,54289f762dca1a8371dc8b72249ababba2eb6476c21b15f3da1e18a6fa56f4b4,0.69313549995422363,0.69760608673095703,-0.0044705867767333984,12cc654e75efc373aca75d10ea73b192c579ea1ec09bbe85f007b74f9dac33ba
s2b_5d4b1d3f8b0d6385141815e2,11790,TRAIN,mert_5120__vs__muq_mulan_large,B,0,True,,False,9c3bf274cbea6bc8bdc891c51d0e04289bfb0dc3712aad151d530ef65f9114c5,375f1533d6c1d02edc0ba14b999f32b81709ffdb4a845bd61b5b4283d8ebfc66,626ce604a265046829ca1ab690e9196af24c08eebf0467874c61aa1d2efc4019,0.71286904811859131,0.76123654842376709,-0.048367500305175781,40dd8ca0bb1883cce1af02081b36364160ce90be20dca0167c69c18f8e26471b,0.96977037191390991,0.91413772106170654,0.055632650852203369,54289f762dca1a8371dc8b72249ababba2eb6476c21b15f3da1e18a6fa56f4b4,0.66217184066772461,0.92210114002227783,-0.25992929935455322,12cc654e75efc373aca75d10ea73b192c579ea1ec09bbe85f007b74f9dac33ba
s2b_5d6460eeb306f111e9b7f1e1,64567,TEST,mert_5120__vs__muq_mulan_large,A,1,True,,False,9c3bf274cbea6bc8bdc891c51d0e04289bfb0dc3712aad151d530ef65f9114c5,375f1533d6c1d02edc0ba14b999f32b81709ffdb4a845bd61b5b4283d8ebfc66,626ce604a265046829ca1ab690e9196af24c08eebf0467874c61aa1d2efc4019,0.68392431735992432,0.49177983403205872,0.1921444833278656,40dd8ca0bb1883cce1af02081b36364160ce90be20dca0167c69c18f8e26471b,0.94195765256881714,0.97320443391799927,-0.031246781349182129,54289f762dca1a8371dc8b72249ababba2eb6476c21b15f3da1e18a6fa56f4b4,0.90970504283905029,0.47316116094589233,0.43654388189315796,12cc654e75efc373aca75d10ea73b192c579ea1ec09bbe85f007b74f9dac33ba
s2b_5e823418e473d5db6699a2de,115700,TRAIN,laion_clap__vs__muq_mulan_large,A,1,True,,False,9c3bf274cbea6bc8bdc891c51d0e04289bfb0dc3712aad151d530ef65f9114c5,375f1533d6c1d02edc0ba14b999f32b81709ffdb4a845bd61b5b4283d8ebfc66,626ce604a265046829ca1ab690e9196af24c08eebf0467874c61aa1d2efc4019,0.74452531337738037,0.47719854116439819,0.26732677221298218,40dd8ca0bb1883cce1af02081b36364160ce90be20dca0167c69c18f8e26471b,0.959786057472229,0.8785783052444458,0.081207752227783203,54289f762dca1a8371dc8b72249ababba2eb6476c21b15f3da1e18a6fa56f4b4,0.89339578151702881,0.94870316982269287,-0.055307388305664062,12cc654e75efc373aca75d10ea73b192c579ea1ec09bbe85f007b74f9dac33ba
s2b_5ea352656de204c4931658e6,131410,TEST,laion_clap__vs__muq_mulan_large,A,1,True,,False,9c3bf274cbea6bc8bdc891c51d0e04289bfb0dc3712aad151d530ef65f9114c5,375f1533d6c1d02edc0ba14b999f32b81709ffdb4a845bd61b5b4283d8ebfc66,626ce604a265046829ca1ab690e9196af24c08eebf0467874c61aa1d2efc4019,0.49650862812995911,0.80044114589691162,-0.30393251776695251,40dd8ca0bb1883cce1af02081b36364160ce90be20dca0167c69c18f8e26471b,0.89361131191253662,0.87377458810806274,0.019836723804473877,54289f762dca1a8371dc8b72249ababba2eb6476c21b15f3da1e18a6fa56f4b4,0.92618060111999512,0.83674699068069458,0.089433610439300537,12cc654e75efc373aca75d10ea73b192c579ea1ec09bbe85f007b74f9dac33ba
s2b_5ee4ddeada91eea2cc36942c,113284,TEST,laion_clap__vs__muq_mulan_large,Neither,,False,neither,False,9c3bf274cbea6bc8bdc891c51d0e04289bfb0dc3712aad151d530ef65f9114c5,375f1533d6c1d02edc0ba14b999f32b81709ffdb4a845bd61b5b4283d8ebfc66,626ce604a265046829ca1ab690e9196af24c08eebf0467874c61aa1d2efc4019,0.79389697313308716,0.86062526702880859,-0.066728293895721436,40dd8ca0bb1883cce1af02081b36364160ce90be20dca0167c69c18f8e26471b,0.96408665180206299,0.97943592071533203,-0.015349268913269043,54289f762dca1a8371dc8b72249ababba2eb6476c21b15f3da1e18a6fa56f4b4,0.93720847368240356,0.86268246173858643,0.074526011943817139,12cc654e75efc373aca75d10ea73b192c579ea1ec09bbe85f007b74f9dac33ba
s2b_5f58ca9cf614840bbe68502c,134930,VALIDATION,laion_clap__vs__muq_mulan_large,Neither,,False,neither,True,9c3bf274cbea6bc8bdc891c51d0e04289bfb0dc3712aad151d530ef65f9114c5,375f1533d6c1d02edc0ba14b999f32b81709ffdb4a845bd61b5b4283d8ebfc66,626ce604a265046829ca1ab690e9196af24c08eebf0467874c61aa1d2efc4019,0.91169428825378418,0.8736606240272522,0.038033664226531982,40dd8ca0bb1883cce1af02081b36364160ce90be20dca0167c69c18f8e26471b,0.96964126825332642,0.96232825517654419,0.0073130130767822266,54289f762dca1a8371dc8b72249ababba2eb6476c21b15f3da1e18a6fa56f4b4,0.86723077297210693,0.9452812671661377,-0.078050494194030762,12cc654e75efc373aca75d10ea73b192c579ea1ec09bbe85f007b74f9dac33ba
s2b_5ffe4fd98f734ec2fa17d544,143098,VALIDATION,mert_5120__vs__muq_mulan_large,A,1,True,,True,9c3bf274cbea6bc8bdc891c51d0e04289bfb0dc3712aad151d530ef65f9114c5,375f1533d6c1d02edc0ba14b999f32b81709ffdb4a845bd61b5b4283d8ebfc66,626ce604a265046829ca1ab690e9196af24c08eebf0467874c61aa1d2efc4019,0.86579936742782593,0.75961852073669434,0.10618084669113159,40dd8ca0bb1883cce1af02081b36364160ce90be20dca0167c69c18f8e26471b,0.98553872108459473,0.97364658117294312,0.011892139911651611,54289f762dca1a8371dc8b72249ababba2eb6476c21b15f3da1e18a6fa56f4b4,0.87810993194580078,0.96306693553924561,-0.084957003593444824,12cc654e75efc373aca75d10ea73b192c579ea1ec09bbe85f007b74f9dac33ba
s2b_60e30f48e8ed20b7676b6789,131410,TEST,mert_5120__vs__muq_mulan_large,A,1,True,,False,9c3bf274cbea6bc8bdc891c51d0e04289bfb0dc3712aad151d530ef65f9114c5,375f1533d6c1d02edc0ba14b999f32b81709ffdb4a845bd61b5b4283d8ebfc66,626ce604a265046829ca1ab690e9196af24c08eebf0467874c61aa1d2efc4019,0.67020976543426514,0.53389328718185425,0.13631647825241089,40dd8ca0bb1883cce1af02081b36364160ce90be20dca0167c69c18f8e26471b,0.89184999465942383,0.95407480001449585,-0.062224805355072021,54289f762dca1a8371dc8b72249ababba2eb6476c21b15f3da1e18a6fa56f4b4,0.93056440353393555,0.23220857977867126,0.69835582375526428,12cc654e75efc373aca75d10ea73b192c579ea1ec09bbe85f007b74f9dac33ba
s2b_6120c24e46a4870799adef51,86441,TRAIN,mert_5120__vs__muq_mulan_large,A,1,True,,False,9c3bf274cbea6bc8bdc891c51d0e04289bfb0dc3712aad151d530ef65f9114c5,375f1533d6c1d02edc0ba14b999f32b81709ffdb4a845bd61b5b4283d8ebfc66,626ce604a265046829ca1ab690e9196af24c08eebf0467874c61aa1d2efc4019,0.77198112010955811,0.67033731937408447,0.10164380073547363,40dd8ca0bb1883cce1af02081b36364160ce90be20dca0167c69c18f8e26471b,0.97709619998931885,0.98322594165802002,-0.0061297416687011719,54289f762dca1a8371dc8b72249ababba2eb6476c21b15f3da1e18a6fa56f4b4,0.93796581029891968,0.68215852975845337,0.25580728054046631,12cc654e75efc373aca75d10ea73b192c579ea1ec09bbe85f007b74f9dac33ba
s2b_61b876a37d5be9d72d227593,86441,TRAIN,mert_5120__vs__muq_mulan_large,A,1,True,,False,9c3bf274cbea6bc8bdc891c51d0e04289bfb0dc3712aad151d530ef65f9114c5,375f1533d6c1d02edc0ba14b999f32b81709ffdb4a845bd61b5b4283d8ebfc66,626ce604a265046829ca1ab690e9196af24c08eebf0467874c61aa1d2efc4019,0.6444249153137207,0.67033731937408447,-0.02591240406036377,40dd8ca0bb1883cce1af02081b36364160ce90be20dca0167c69c18f8e26471b,0.9639204740524292,0.98322594165802002,-0.01930546760559082,54289f762dca1a8371dc8b72249ababba2eb6476c21b15f3da1e18a6fa56f4b4,0.93106722831726074,0.68215852975845337,0.24890869855880737,12cc654e75efc373aca75d10ea73b192c579ea1ec09bbe85f007b74f9dac33ba
s2b_63126af2681268860b842f76,113284,TEST,mert_5120__vs__muq_mulan_large,Neither,,False,neither,False,9c3bf274cbea6bc8bdc891c51d0e04289bfb0dc3712aad151d530ef65f9114c5,375f1533d6c1d02edc0ba14b999f32b81709ffdb4a845bd61b5b4283d8ebfc66,626ce604a265046829ca1ab690e9196af24c08eebf0467874c61aa1d2efc4019,0.79389697313308716,0.82210803031921387,-0.028211057186126709,40dd8ca0bb1883cce1af02081b36364160ce90be20dca0167c69c18f8e26471b,0.96408665180206299,0.98288136720657349,-0.018794715404510498,54289f762dca1a8371dc8b72249ababba2eb6476c21b15f3da1e18a6fa56f4b4,0.93720847368240356,0.86607378721237183,0.071134686470031738,12cc654e75efc373aca75d10ea73b192c579ea1ec09bbe85f007b74f9dac33ba
s2b_63cdc53052207679925ea6d9,134823,TRAIN,laion_clap__vs__mert_5120,A,1,True,,False,9c3bf274cbea6bc8bdc891c51d0e04289bfb0dc3712aad151d530ef65f9114c5,375f1533d6c1d02edc0ba14b999f32b81709ffdb4a845bd61b5b4283d8ebfc66,626ce604a265046829ca1ab690e9196af24c08eebf0467874c61aa1d2efc4019,0.74499768018722534,0.91128915548324585,-0.16629147529602051,40dd8ca0bb1883cce1af02081b36364160ce90be20dca0167c69c18f8e26471b,0.98281395435333252,0.95166289806365967,0.031151056289672852,54289f762dca1a8371dc8b72249ababba2eb6476c21b15f3da1e18a6fa56f4b4,0.80889999866485596,0.90923190116882324,-0.10033190250396729,12cc654e75efc373aca75d10ea73b192c579ea1ec09bbe85f007b74f9dac33ba
s2b_661e60dec2349784edf91a0f,42844,TRAIN,laion_clap__vs__muq_mulan_large,A,1,True,,False,9c3bf274cbea6bc8bdc891c51d0e04289bfb0dc3712aad151d530ef65f9114c5,375f1533d6c1d02edc0ba14b999f32b81709ffdb4a845bd61b5b4283d8ebfc66,626ce604a265046829ca1ab690e9196af24c08eebf0467874c61aa1d2efc4019,0.69603699445724487,0.77529704570770264,-0.079260051250457764,40dd8ca0bb1883cce1af02081b36364160ce90be20dca0167c69c18f8e26471b,0.93825626373291016,0.96329391002655029,-0.025037646293640137,54289f762dca1a8371dc8b72249ababba2eb6476c21b15f3da1e18a6fa56f4b4,0.93153774738311768,0.87133324146270752,0.060204505920410156,12cc654e75efc373aca75d10ea73b192c579ea1ec09bbe85f007b74f9dac33ba
s2b_6a9c96fe65c180c9301ceba5,131410,TEST,laion_clap__vs__mert_5120,B,0,True,,False,9c3bf274cbea6bc8bdc891c51d0e04289bfb0dc3712aad151d530ef65f9114c5,375f1533d6c1d02edc0ba14b999f32b81709ffdb4a845bd61b5b4283d8ebfc66,626ce604a265046829ca1ab690e9196af24c08eebf0467874c61aa1d2efc4019,0.6831737756729126,0.80044114589691162,-0.11726737022399902,40dd8ca0bb1883cce1af02081b36364160ce90be20dca0167c69c18f8e26471b,0.95504248142242432,0.87377458810806274,0.081267893314361572,54289f762dca1a8371dc8b72249ababba2eb6476c21b15f3da1e18a6fa56f4b4,0.70904457569122314,0.83674699068069458,-0.12770241498947144,12cc654e75efc373aca75d10ea73b192c579ea1ec09bbe85f007b74f9dac33ba
s2b_6b4dbf80a0a47bd4a2ddfef5,92885,TRAIN,laion_clap__vs__mert_5120,A,1,True,,False,9c3bf274cbea6bc8bdc891c51d0e04289bfb0dc3712aad151d530ef65f9114c5,375f1533d6c1d02edc0ba14b999f32b81709ffdb4a845bd61b5b4283d8ebfc66,626ce604a265046829ca1ab690e9196af24c08eebf0467874c61aa1d2efc4019,0.79125618934631348,0.82174450159072876,-0.030488312244415283,40dd8ca0bb1883cce1af02081b36364160ce90be20dca0167c69c18f8e26471b,0.96961945295333862,0.91695880889892578,0.052660644054412842,54289f762dca1a8371dc8b72249ababba2eb6476c21b15f3da1e18a6fa56f4b4,0.68037533760070801,0.7683405876159668,-0.087965250015258789,12cc654e75efc373aca75d10ea73b192c579ea1ec09bbe85f007b74f9dac33ba
s2b_6bb1f3d968654528bc7f7f57,131410,TEST,laion_clap__vs__mert_5120,B,0,True,,False,9c3bf274cbea6bc8bdc891c51d0e04289bfb0dc3712aad151d530ef65f9114c5,375f1533d6c1d02edc0ba14b999f32b81709ffdb4a845bd61b5b4283d8ebfc66,626ce604a265046829ca1ab690e9196af24c08eebf0467874c61aa1d2efc4019,0.53389328718185425,0.80044114589691162,-0.26654785871505737,40dd8ca0bb1883cce1af02081b36364160ce90be20dca0167c69c18f8e26471b,0.95407480001449585,0.87377458810806274,0.080300211906433105,54289f762dca1a8371dc8b72249ababba2eb6476c21b15f3da1e18a6fa56f4b4,0.23220857977867126,0.83674699068069458,-0.60453841090202332,12cc654e75efc373aca75d10ea73b192c579ea1ec09bbe85f007b74f9dac33ba
s2b_6bbf981ad6957e05ecf53b39,131410,TEST,laion_clap__vs__muq_mulan_large,Tie,,False,tie,False,9c3bf274cbea6bc8bdc891c51d0e04289bfb0dc3712aad151d530ef65f9114c5,375f1533d6c1d02edc0ba14b999f32b81709ffdb4a845bd61b5b4283d8ebfc66,626ce604a265046829ca1ab690e9196af24c08eebf0467874c61aa1d2efc4019,0.67020976543426514,0.80044114589691162,-0.13023138046264648,40dd8ca0bb1883cce1af02081b36364160ce90be20dca0167c69c18f8e26471b,0.89184999465942383,0.87377458810806274,0.018075406551361084,54289f762dca1a8371dc8b72249ababba2eb6476c21b15f3da1e18a6fa56f4b4,0.93056440353393555,0.83674699068069458,0.093817412853240967,12cc654e75efc373aca75d10ea73b192c579ea1ec09bbe85f007b74f9dac33ba
s2b_6d2952b9961a1a69a78c7bd8,92885,TRAIN,laion_clap__vs__mert_5120,A,1,True,,False,9c3bf274cbea6bc8bdc891c51d0e04289bfb0dc3712aad151d530ef65f9114c5,375f1533d6c1d02edc0ba14b999f32b81709ffdb4a845bd61b5b4283d8ebfc66,626ce604a265046829ca1ab690e9196af24c08eebf0467874c61aa1d2efc4019,0.82174450159072876,0.35026097297668457,0.47148352861404419,40dd8ca0bb1883cce1af02081b36364160ce90be20dca0167c69c18f8e26471b,0.91695880889892578,0.96902608871459961,-0.052067279815673828,54289f762dca1a8371dc8b72249ababba2eb6476c21b15f3da1e18a6fa56f4b4,0.7683405876159668,0.60763376951217651,0.16070681810379028,12cc654e75efc373aca75d10ea73b192c579ea1ec09bbe85f007b74f9dac33ba
s2b_6eacbd748f8378dd12c22f9a,68844,TEST,laion_clap__vs__muq_mulan_large,B,0,True,,False,9c3bf274cbea6bc8bdc891c51d0e04289bfb0dc3712aad151d530ef65f9114c5,375f1533d6c1d02edc0ba14b999f32b81709ffdb4a845bd61b5b4283d8ebfc66,626ce604a265046829ca1ab690e9196af24c08eebf0467874c61aa1d2efc4019,0.56685042381286621,0.82407164573669434,-0.25722122192382812,40dd8ca0bb1883cce1af02081b36364160ce90be20dca0167c69c18f8e26471b,0.92450737953186035,0.92908293008804321,-0.0045755505561828613,54289f762dca1a8371dc8b72249ababba2eb6476c21b15f3da1e18a6fa56f4b4,0.87200331687927246,0.59737515449523926,0.2746281623840332,12cc654e75efc373aca75d10ea73b192c579ea1ec09bbe85f007b74f9dac33ba
s2b_6ecc6fbcdc0959f277eda9ad,75317,TRAIN,laion_clap__vs__muq_mulan_large,A,1,True,,False,9c3bf274cbea6bc8bdc891c51d0e04289bfb0dc3712aad151d530ef65f9114c5,375f1533d6c1d02edc0ba14b999f32b81709ffdb4a845bd61b5b4283d8ebfc66,626ce604a265046829ca1ab690e9196af24c08eebf0467874c61aa1d2efc4019,0.8069690465927124,0.56416040658950806,0.24280864000320435,40dd8ca0bb1883cce1af02081b36364160ce90be20dca0167c69c18f8e26471b,0.94531357288360596,0.92193382978439331,0.023379743099212646,54289f762dca1a8371dc8b72249ababba2eb6476c21b15f3da1e18a6fa56f4b4,0.69760608673095703,0.93209993839263916,-0.23449385166168213,12cc654e75efc373aca75d10ea73b192c579ea1ec09bbe85f007b74f9dac33ba
s2b_717a5edae83fa19ca3f207d0,64567,TEST,laion_clap__vs__mert_5120,A,1,True,,False,9c3bf274cbea6bc8bdc891c51d0e04289bfb0dc3712aad151d530ef65f9114c5,375f1533d6c1d02edc0ba14b999f32b81709ffdb4a845bd61b5b4283d8ebfc66,626ce604a265046829ca1ab690e9196af24c08eebf0467874c61aa1d2efc4019,0.88395917415618896,0.49177983403205872,0.39217934012413025,40dd8ca0bb1883cce1af02081b36364160ce90be20dca0167c69c18f8e26471b,0.95081758499145508,0.97320443391799927,-0.022386848926544189,54289f762dca1a8371dc8b72249ababba2eb6476c21b15f3da1e18a6fa56f4b4,0.86372244358062744,0.47316116094589233,0.39056128263473511,12cc654e75efc373aca75d10ea73b192c579ea1ec09bbe85f007b74f9dac33ba
s2b_71bc2d52911add1fd672d4bb,143098,VALIDATION,laion_clap__vs__mert_5120,Tie,,False,tie,False,9c3bf274cbea6bc8bdc891c51d0e04289bfb0dc3712aad151d530ef65f9114c5,375f1533d6c1d02edc0ba14b999f32b81709ffdb4a845bd61b5b4283d8ebfc66,626ce604a265046829ca1ab690e9196af24c08eebf0467874c61aa1d2efc4019,0.85196959972381592,0.88564050197601318,-0.033670902252197266,40dd8ca0bb1883cce1af02081b36364160ce90be20dca0167c69c18f8e26471b,0.98218905925750732,0.9700620174407959,0.012127041816711426,54289f762dca1a8371dc8b72249ababba2eb6476c21b15f3da1e18a6fa56f4b4,0.9147796630859375,0.75662559270858765,0.15815407037734985,12cc654e75efc373aca75d10ea73b192c579ea1ec09bbe85f007b74f9dac33ba
s2b_7259b55a730f0e4a9bae5b9a,10435,TEST,laion_clap__vs__muq_mulan_large,B,0,True,,False,9c3bf274cbea6bc8bdc891c51d0e04289bfb0dc3712aad151d530ef65f9114c5,375f1533d6c1d02edc0ba14b999f32b81709ffdb4a845bd61b5b4283d8ebfc66,626ce604a265046829ca1ab690e9196af24c08eebf0467874c61aa1d2efc4019,0.7114519476890564,0.79310405254364014,-0.08165210485458374,40dd8ca0bb1883cce1af02081b36364160ce90be20dca0167c69c18f8e26471b,0.94286924600601196,0.93063664436340332,0.012232601642608643,54289f762dca1a8371dc8b72249ababba2eb6476c21b15f3da1e18a6fa56f4b4,0.85421830415725708,0.59167391061782837,0.26254439353942871,12cc654e75efc373aca75d10ea73b192c579ea1ec09bbe85f007b74f9dac33ba
s2b_72935fb5c9ec2f6e013c367f,86441,TRAIN,laion_clap__vs__muq_mulan_large,Tie,,False,tie,False,9c3bf274cbea6bc8bdc891c51d0e04289bfb0dc3712aad151d530ef65f9114c5,375f1533d6c1d02edc0ba14b999f32b81709ffdb4a845bd61b5b4283d8ebfc66,626ce604a265046829ca1ab690e9196af24c08eebf0467874c61aa1d2efc4019,0.6444249153137207,0.83015710115432739,-0.18573218584060669,40dd8ca0bb1883cce1af02081b36364160ce90be20dca0167c69c18f8e26471b,0.9639204740524292,0.97182935476303101,-0.0079088807106018066,54289f762dca1a8371dc8b72249ababba2eb6476c21b15f3da1e18a6fa56f4b4,0.93106722831726074,0.86389696598052979,0.067170262336730957,12cc654e75efc373aca75d10ea73b192c579ea1ec09bbe85f007b74f9dac33ba
s2b_7353f10c636ef7679010bf98,134823,TRAIN,laion_clap__vs__muq_mulan_large,Tie,,False,tie,False,9c3bf274cbea6bc8bdc891c51d0e04289bfb0dc3712aad151d530ef65f9114c5,375f1533d6c1d02edc0ba14b999f32b81709ffdb4a845bd61b5b4283d8ebfc66,626ce604a265046829ca1ab690e9196af24c08eebf0467874c61aa1d2efc4019,0.85653448104858398,0.91561901569366455,-0.059084534645080566,40dd8ca0bb1883cce1af02081b36364160ce90be20dca0167c69c18f8e26471b,0.97488319873809814,0.95059973001480103,0.024283468723297119,54289f762dca1a8371dc8b72249ababba2eb6476c21b15f3da1e18a6fa56f4b4,0.92308419942855835,0.73034226894378662,0.19274193048477173,12cc654e75efc373aca75d10ea73b192c579ea1ec09bbe85f007b74f9dac33ba
s2b_798c7b1d96fc5402d0022680,62450,VALIDATION,laion_clap__vs__muq_mulan_large,A,1,True,,False,9c3bf274cbea6bc8bdc891c51d0e04289bfb0dc3712aad151d530ef65f9114c5,375f1533d6c1d02edc0ba14b999f32b81709ffdb4a845bd61b5b4283d8ebfc66,626ce604a265046829ca1ab690e9196af24c08eebf0467874c61aa1d2efc4019,0.82569998502731323,0.50473517179489136,0.32096481323242188,40dd8ca0bb1883cce1af02081b36364160ce90be20dca0167c69c18f8e26471b,0.94161862134933472,0.90446734428405762,0.0371512770652771,54289f762dca1a8371dc8b72249ababba2eb6476c21b15f3da1e18a6fa56f4b4,0.39534193277359009,0.72724032402038574,-0.33189839124679565,12cc654e75efc373aca75d10ea73b192c579ea1ec09bbe85f007b74f9dac33ba
s2b_7aacf93ca0668f0feadc7ea4,149712,VALIDATION,laion_clap__vs__mert_5120,B,0,True,,False,9c3bf274cbea6bc8bdc891c51d0e04289bfb0dc3712aad151d530ef65f9114c5,375f1533d6c1d02edc0ba14b999f32b81709ffdb4a845bd61b5b4283d8ebfc66,626ce604a265046829ca1ab690e9196af24c08eebf0467874c61aa1d2efc4019,0.56380093097686768,0.82793158292770386,-0.26413065195083618,40dd8ca0bb1883cce1af02081b36364160ce90be20dca0167c69c18f8e26471b,0.97400569915771484,0.95175433158874512,0.022251367568969727,54289f762dca1a8371dc8b72249ababba2eb6476c21b15f3da1e18a6fa56f4b4,0.17187216877937317,0.51249843835830688,-0.34062626957893372,12cc654e75efc373aca75d10ea73b192c579ea1ec09bbe85f007b74f9dac33ba
s2b_7b4444b74c0938e5496d93ed,84095,TRAIN,mert_5120__vs__muq_mulan_large,B,0,True,,False,9c3bf274cbea6bc8bdc891c51d0e04289bfb0dc3712aad151d530ef65f9114c5,375f1533d6c1d02edc0ba14b999f32b81709ffdb4a845bd61b5b4283d8ebfc66,626ce604a265046829ca1ab690e9196af24c08eebf0467874c61aa1d2efc4019,0.62167090177536011,0.70620959997177124,-0.084538698196411133,40dd8ca0bb1883cce1af02081b36364160ce90be20dca0167c69c18f8e26471b,0.94518554210662842,0.98152875900268555,-0.036343216896057129,54289f762dca1a8371dc8b72249ababba2eb6476c21b15f3da1e18a6fa56f4b4,0.92480683326721191,0.67667758464813232,0.24812924861907959,12cc654e75efc373aca75d10ea73b192c579ea1ec09bbe85f007b74f9dac33ba
s2b_7b7efe3cfa6e19a54d8ba0c3,68840,TEST,mert_5120__vs__muq_mulan_large,Tie,,False,tie,False,9c3bf274cbea6bc8bdc891c51d0e04289bfb0dc3712aad151d530ef65f9114c5,375f1533d6c1d02edc0ba14b999f32b81709ffdb4a845bd61b5b4283d8ebfc66,626ce604a265046829ca1ab690e9196af24c08eebf0467874c61aa1d2efc4019,0.65563321113586426,0.79671972990036011,-0.14108651876449585,40dd8ca0bb1883cce1af02081b36364160ce90be20dca0167c69c18f8e26471b,0.96443986892700195,0.95364397764205933,0.010795891284942627,54289f762dca1a8371dc8b72249ababba2eb6476c21b15f3da1e18a6fa56f4b4,0.47238743305206299,0.70607459545135498,-0.23368716239929199,12cc654e75efc373aca75d10ea73b192c579ea1ec09bbe85f007b74f9dac33ba
s2b_7da8feaf0272f3c1fa6475bb,75317,TRAIN,laion_clap__vs__muq_mulan_large,B,0,True,,False,9c3bf274cbea6bc8bdc891c51d0e04289bfb0dc3712aad151d530ef65f9114c5,375f1533d6c1d02edc0ba14b999f32b81709ffdb4a845bd61b5b4283d8ebfc66,626ce604a265046829ca1ab690e9196af24c08eebf0467874c61aa1d2efc4019,0.8069690465927124,0.67519724369049072,0.13177180290222168,40dd8ca0bb1883cce1af02081b36364160ce90be20dca0167c69c18f8e26471b,0.94531357288360596,0.95187568664550781,-0.0065621137619018555,54289f762dca1a8371dc8b72249ababba2eb6476c21b15f3da1e18a6fa56f4b4,0.69760608673095703,0.90999710559844971,-0.21239101886749268,12cc654e75efc373aca75d10ea73b192c579ea1ec09bbe85f007b74f9dac33ba
s2b_809d0abdf3837c2f3f6a0389,11790,TRAIN,laion_clap__vs__mert_5120,A,1,True,,False,9c3bf274cbea6bc8bdc891c51d0e04289bfb0dc3712aad151d530ef65f9114c5,375f1533d6c1d02edc0ba14b999f32b81709ffdb4a845bd61b5b4283d8ebfc66,626ce604a265046829ca1ab690e9196af24c08eebf0467874c61aa1d2efc4019,0.79452276229858398,0.56203508377075195,0.23248767852783203,40dd8ca0bb1883cce1af02081b36364160ce90be20dca0167c69c18f8e26471b,0.90657722949981689,0.9667816162109375,-0.060204386711120605,54289f762dca1a8371dc8b72249ababba2eb6476c21b15f3da1e18a6fa56f4b4,0.87497127056121826,0.74175119400024414,0.13322007656097412,12cc654e75efc373aca75d10ea73b192c579ea1ec09bbe85f007b74f9dac33ba
s2b_80d23a199dc4cbd5e2ce18c3,107027,TEST,mert_5120__vs__muq_mulan_large,B,0,True,,False,9c3bf274cbea6bc8bdc891c51d0e04289bfb0dc3712aad151d530ef65f9114c5,375f1533d6c1d02edc0ba14b999f32b81709ffdb4a845bd61b5b4283d8ebfc66,626ce604a265046829ca1ab690e9196af24c08eebf0467874c61aa1d2efc4019,0.68626487255096436,0.76032555103302002,-0.074060678482055664,40dd8ca0bb1883cce1af02081b36364160ce90be20dca0167c69c18f8e26471b,0.9820629358291626,0.97157192230224609,0.010491013526916504,54289f762dca1a8371dc8b72249ababba2eb6476c21b15f3da1e18a6fa56f4b4,0.72708863019943237,0.93374854326248169,-0.20665991306304932,12cc654e75efc373aca75d10ea73b192c579ea1ec09bbe85f007b74f9dac33ba
s2b_8679fa309cf0447fd55e1976,43586,TRAIN,mert_5120__vs__muq_mulan_large,Tie,,False,tie,False,9c3bf274cbea6bc8bdc891c51d0e04289bfb0dc3712aad151d530ef65f9114c5,375f1533d6c1d02edc0ba14b999f32b81709ffdb4a845bd61b5b4283d8ebfc66,626ce604a265046829ca1ab690e9196af24c08eebf0467874c61aa1d2efc4019,0.8099663257598877,0.82084786891937256,-0.010881543159484863,40dd8ca0bb1883cce1af02081b36364160ce90be20dca0167c69c18f8e26471b,0.98033416271209717,0.96598315238952637,0.014351010322570801,54289f762dca1a8371dc8b72249ababba2eb6476c21b15f3da1e18a6fa56f4b4,0.65331947803497314,0.87538337707519531,-0.22206389904022217,12cc654e75efc373aca75d10ea73b192c579ea1ec09bbe85f007b74f9dac33ba
s2b_876008cc557f384cbb8527cf,143098,VALIDATION,mert_5120__vs__muq_mulan_large,B,0,True,,True,9c3bf274cbea6bc8bdc891c51d0e04289bfb0dc3712aad151d530ef65f9114c5,375f1533d6c1d02edc0ba14b999f32b81709ffdb4a845bd61b5b4283d8ebfc66,626ce604a265046829ca1ab690e9196af24c08eebf0467874c61aa1d2efc4019,0.86579936742782593,0.74937939643859863,0.11641997098922729,40dd8ca0bb1883cce1af02081b36364160ce90be20dca0167c69c18f8e26471b,0.98553872108459473,0.97190368175506592,0.013635039329528809,54289f762dca1a8371dc8b72249ababba2eb6476c21b15f3da1e18a6fa56f4b4,0.87810993194580078,0.95149850845336914,-0.073388576507568359,12cc654e75efc373aca75d10ea73b192c579ea1ec09bbe85f007b74f9dac33ba
s2b_876714a8f4f760e9514160a1,143098,VALIDATION,laion_clap__vs__mert_5120,B,0,True,,True,9c3bf274cbea6bc8bdc891c51d0e04289bfb0dc3712aad151d530ef65f9114c5,375f1533d6c1d02edc0ba14b999f32b81709ffdb4a845bd61b5b4283d8ebfc66,626ce604a265046829ca1ab690e9196af24c08eebf0467874c61aa1d2efc4019,0.86579936742782593,0.88564050197601318,-0.019841134548187256,40dd8ca0bb1883cce1af02081b36364160ce90be20dca0167c69c18f8e26471b,0.98553872108459473,0.9700620174407959,0.015476703643798828,54289f762dca1a8371dc8b72249ababba2eb6476c21b15f3da1e18a6fa56f4b4,0.87810993194580078,0.75662559270858765,0.12148433923721313,12cc654e75efc373aca75d10ea73b192c579ea1ec09bbe85f007b74f9dac33ba
s2b_87a0075f4b9fdb212922f703,114223,TRAIN,laion_clap__vs__mert_5120,B,0,True,,True,9c3bf274cbea6bc8bdc891c51d0e04289bfb0dc3712aad151d530ef65f9114c5,375f1533d6c1d02edc0ba14b999f32b81709ffdb4a845bd61b5b4283d8ebfc66,626ce604a265046829ca1ab690e9196af24c08eebf0467874c61aa1d2efc4019,0.91442179679870605,0.89951241016387939,0.01490938663482666,40dd8ca0bb1883cce1af02081b36364160ce90be20dca0167c69c18f8e26471b,0.9660952091217041,0.97044825553894043,-0.0043530464172363281,54289f762dca1a8371dc8b72249ababba2eb6476c21b15f3da1e18a6fa56f4b4,0.72273242473602295,0.67236971855163574,0.050362706184387207,12cc654e75efc373aca75d10ea73b192c579ea1ec09bbe85f007b74f9dac33ba
s2b_8837f20a769aab0224eca7af,110262,TEST,mert_5120__vs__muq_mulan_large,Tie,,False,tie,False,9c3bf274cbea6bc8bdc891c51d0e04289bfb0dc3712aad151d530ef65f9114c5,375f1533d6c1d02edc0ba14b999f32b81709ffdb4a845bd61b5b4283d8ebfc66,626ce604a265046829ca1ab690e9196af24c08eebf0467874c61aa1d2efc4019,0.66609340906143188,0.66966909170150757,-0.0035756826400756836,40dd8ca0bb1883cce1af02081b36364160ce90be20dca0167c69c18f8e26471b,0.92209553718566895,0.97094744443893433,-0.048851907253265381,54289f762dca1a8371dc8b72249ababba2eb6476c21b15f3da1e18a6fa56f4b4,0.85264217853546143,0.6218077540397644,0.23083442449569702,12cc654e75efc373aca75d10ea73b192c579ea1ec09bbe85f007b74f9dac33ba
s2b_889cf261cb931d7fd370abd2,149712,VALIDATION,mert_5120__vs__muq_mulan_large,Neither,,False,neither,False,9c3bf274cbea6bc8bdc891c51d0e04289bfb0dc3712aad151d530ef65f9114c5,375f1533d6c1d02edc0ba14b999f32b81709ffdb4a845bd61b5b4283d8ebfc66,626ce604a265046829ca1ab690e9196af24c08eebf0467874c61aa1d2efc4019,0.56380093097686768,0.47093936800956726,0.092861562967300415,40dd8ca0bb1883cce1af02081b36364160ce90be20dca0167c69c18f8e26471b,0.97400569915771484,0.93902474641799927,0.034980952739715576,54289f762dca1a8371dc8b72249ababba2eb6476c21b15f3da1e18a6fa56f4b4,0.17187216877937317,0.77111417055130005,-0.59924200177192688,12cc654e75efc373aca75d10ea73b192c579ea1ec09bbe85f007b74f9dac33ba
s2b_88cd7af731bdf13477aa8ff7,107249,TEST,laion_clap__vs__mert_5120,A,1,True,,False,9c3bf274cbea6bc8bdc891c51d0e04289bfb0dc3712aad151d530ef65f9114c5,375f1533d6c1d02edc0ba14b999f32b81709ffdb4a845bd61b5b4283d8ebfc66,626ce604a265046829ca1ab690e9196af24c08eebf0467874c61aa1d2efc4019,0.82242780923843384,0.66935145854949951,0.15307635068893433,40dd8ca0bb1883cce1af02081b36364160ce90be20dca0167c69c18f8e26471b,0.97062140703201294,0.98011022806167603,-0.0094888210296630859,54289f762dca1a8371dc8b72249ababba2eb6476c21b15f3da1e18a6fa56f4b4,0.68822711706161499,0.6015850305557251,0.086642086505889893,12cc654e75efc373aca75d10ea73b192c579ea1ec09bbe85f007b74f9dac33ba
s2b_88e39975834e928cc0f6109b,125814,TRAIN,laion_clap__vs__muq_mulan_large,Tie,,False,tie,True,9c3bf274cbea6bc8bdc891c51d0e04289bfb0dc3712aad151d530ef65f9114c5,375f1533d6c1d02edc0ba14b999f32b81709ffdb4a845bd61b5b4283d8ebfc66,626ce604a265046829ca1ab690e9196af24c08eebf0467874c61aa1d2efc4019,0.92227625846862793,0.88717687129974365,0.035099387168884277,40dd8ca0bb1883cce1af02081b36364160ce90be20dca0167c69c18f8e26471b,0.96898484230041504,0.97371691465377808,-0.0047320723533630371,54289f762dca1a8371dc8b72249ababba2eb6476c21b15f3da1e18a6fa56f4b4,0.90135502815246582,0.92004978656768799,-0.018694758415222168,12cc654e75efc373aca75d10ea73b192c579ea1ec09bbe85f007b74f9dac33ba
s2b_88edab509225f26f8ea64389,20364,TEST,mert_5120__vs__muq_mulan_large,B,0,True,,False,9c3bf274cbea6bc8bdc891c51d0e04289bfb0dc3712aad151d530ef65f9114c5,375f1533d6c1d02edc0ba14b999f32b81709ffdb4a845bd61b5b4283d8ebfc66,626ce604a265046829ca1ab690e9196af24c08eebf0467874c61aa1d2efc4019,0.51456677913665771,0.62551522254943848,-0.11094844341278076,40dd8ca0bb1883cce1af02081b36364160ce90be20dca0167c69c18f8e26471b,0.95273417234420776,0.8837926983833313,0.068941473960876465,54289f762dca1a8371dc8b72249ababba2eb6476c21b15f3da1e18a6fa56f4b4,0.60228610038757324,0.91886609792709351,-0.31657999753952026,12cc654e75efc373aca75d10ea73b192c579ea1ec09bbe85f007b74f9dac33ba
s2b_8938b1dd98eff323ec5179e5,125193,VALIDATION,mert_5120__vs__muq_mulan_large,A,1,True,,True,9c3bf274cbea6bc8bdc891c51d0e04289bfb0dc3712aad151d530ef65f9114c5,375f1533d6c1d02edc0ba14b999f32b81709ffdb4a845bd61b5b4283d8ebfc66,626ce604a265046829ca1ab690e9196af24c08eebf0467874c61aa1d2efc4019,0.86220365762710571,0.81746470928192139,0.044738948345184326,40dd8ca0bb1883cce1af02081b36364160ce90be20dca0167c69c18f8e26471b,0.97840762138366699,0.98004037141799927,-0.0016327500343322754,54289f762dca1a8371dc8b72249ababba2eb6476c21b15f3da1e18a6fa56f4b4,0.93226528167724609,0.79375350475311279,0.1385117769241333,12cc654e75efc373aca75d10ea73b192c579ea1ec09bbe85f007b74f9dac33ba
s2b_8a27b0064b156d85f455eb35,62450,VALIDATION,mert_5120__vs__muq_mulan_large,Neither,,False,neither,False,9c3bf274cbea6bc8bdc891c51d0e04289bfb0dc3712aad151d530ef65f9114c5,375f1533d6c1d02edc0ba14b999f32b81709ffdb4a845bd61b5b4283d8ebfc66,626ce604a265046829ca1ab690e9196af24c08eebf0467874c61aa1d2efc4019,0.51841282844543457,0.41383281350135803,0.10458001494407654,40dd8ca0bb1883cce1af02081b36364160ce90be20dca0167c69c18f8e26471b,0.89919865131378174,0.96439003944396973,-0.065191388130187988,54289f762dca1a8371dc8b72249ababba2eb6476c21b15f3da1e18a6fa56f4b4,0.6897435188293457,0.29908668994903564,0.39065682888031006,12cc654e75efc373aca75d10ea73b192c579ea1ec09bbe85f007b74f9dac33ba
s2b_8d45ed6049ff21650a51ba50,107027,TEST,laion_clap__vs__muq_mulan_large,Tie,,False,tie,False,9c3bf274cbea6bc8bdc891c51d0e04289bfb0dc3712aad151d530ef65f9114c5,375f1533d6c1d02edc0ba14b999f32b81709ffdb4a845bd61b5b4283d8ebfc66,626ce604a265046829ca1ab690e9196af24c08eebf0467874c61aa1d2efc4019,0.84111899137496948,0.63964414596557617,0.20147484540939331,40dd8ca0bb1883cce1af02081b36364160ce90be20dca0167c69c18f8e26471b,0.95905405282974243,0.96385294198989868,-0.00479888916015625,54289f762dca1a8371dc8b72249ababba2eb6476c21b15f3da1e18a6fa56f4b4,0.8810276985168457,0.9235224723815918,-0.042494773864746094,12cc654e75efc373aca75d10ea73b192c579ea1ec09bbe85f007b74f9dac33ba
s2b_8da19b5ff2dd3a13f415dea5,11790,TRAIN,laion_clap__vs__muq_mulan_large,B,0,True,,False,9c3bf274cbea6bc8bdc891c51d0e04289bfb0dc3712aad151d530ef65f9114c5,375f1533d6c1d02edc0ba14b999f32b81709ffdb4a845bd61b5b4283d8ebfc66,626ce604a265046829ca1ab690e9196af24c08eebf0467874c61aa1d2efc4019,0.76123654842376709,0.79452276229858398,-0.033286213874816895,40dd8ca0bb1883cce1af02081b36364160ce90be20dca0167c69c18f8e26471b,0.91413772106170654,0.90657722949981689,0.0075604915618896484,54289f762dca1a8371dc8b72249ababba2eb6476c21b15f3da1e18a6fa56f4b4,0.92210114002227783,0.87497127056121826,0.04712986946105957,12cc654e75efc373aca75d10ea73b192c579ea1ec09bbe85f007b74f9dac33ba
s2b_8e44cca24a1744fdce6ad7a2,113284,TEST,laion_clap__vs__muq_mulan_large,Tie,,False,tie,False,9c3bf274cbea6bc8bdc891c51d0e04289bfb0dc3712aad151d530ef65f9114c5,375f1533d6c1d02edc0ba14b999f32b81709ffdb4a845bd61b5b4283d8ebfc66,626ce604a265046829ca1ab690e9196af24c08eebf0467874c61aa1d2efc4019,0.85780173540115356,0.79389697313308716,0.063904762268066406,40dd8ca0bb1883cce1af02081b36364160ce90be20dca0167c69c18f8e26471b,0.96537786722183228,0.96408665180206299,0.0012912154197692871,54289f762dca1a8371dc8b72249ababba2eb6476c21b15f3da1e18a6fa56f4b4,0.76998800039291382,0.93720847368240356,-0.16722047328948975,12cc654e75efc373aca75d10ea73b192c579ea1ec09bbe85f007b74f9dac33ba
s2b_8e9f209ab85e30b95a9e23cd,32340,TEST,mert_5120__vs__muq_mulan_large,B,0,True,,False,9c3bf274cbea6bc8bdc891c51d0e04289bfb0dc3712aad151d530ef65f9114c5,375f1533d6c1d02edc0ba14b999f32b81709ffdb4a845bd61b5b4283d8ebfc66,626ce604a265046829ca1ab690e9196af24c08eebf0467874c61aa1d2efc4019,0.46436613798141479,0.6906924843788147,-0.2263263463973999,40dd8ca0bb1883cce1af02081b36364160ce90be20dca0167c69c18f8e26471b,0.96277356147766113,0.93029463291168213,0.032478928565979004,54289f762dca1a8371dc8b72249ababba2eb6476c21b15f3da1e18a6fa56f4b4,0.36903303861618042,0.8089834451675415,-0.43995040655136108,12cc654e75efc373aca75d10ea73b192c579ea1ec09bbe85f007b74f9dac33ba
s2b_8fc435d94f0931ca0e700889,43586,TRAIN,laion_clap__vs__muq_mulan_large,Tie,,False,tie,True,9c3bf274cbea6bc8bdc891c51d0e04289bfb0dc3712aad151d530ef65f9114c5,375f1533d6c1d02edc0ba14b999f32b81709ffdb4a845bd61b5b4283d8ebfc66,626ce604a265046829ca1ab690e9196af24c08eebf0467874c61aa1d2efc4019,0.8995739221572876,0.82084786891937256,0.078726053237915039,40dd8ca0bb1883cce1af02081b36364160ce90be20dca0167c69c18f8e26471b,0.97731244564056396,0.96598315238952637,0.011329293251037598,54289f762dca1a8371dc8b72249ababba2eb6476c21b15f3da1e18a6fa56f4b4,0.86823564767837524,0.87538337707519531,-0.0071477293968200684,12cc654e75efc373aca75d10ea73b192c579ea1ec09bbe85f007b74f9dac33ba
s2b_922d4c28311b8f5737759d11,105408,VALIDATION,laion_clap__vs__mert_5120,Tie,,False,tie,True,9c3bf274cbea6bc8bdc891c51d0e04289bfb0dc3712aad151d530ef65f9114c5,375f1533d6c1d02edc0ba14b999f32b81709ffdb4a845bd61b5b4283d8ebfc66,626ce604a265046829ca1ab690e9196af24c08eebf0467874c61aa1d2efc4019,0.87904751300811768,0.82909733057022095,0.049950182437896729,40dd8ca0bb1883cce1af02081b36364160ce90be20dca0167c69c18f8e26471b,0.95889502763748169,0.97423630952835083,-0.015341281890869141,54289f762dca1a8371dc8b72249ababba2eb6476c21b15f3da1e18a6fa56f4b4,0.90380406379699707,0.91503775119781494,-0.011233687400817871,12cc654e75efc373aca75d10ea73b192c579ea1ec09bbe85f007b74f9dac33ba
s2b_9259ac50ab74ae802a979140,41605,TRAIN,mert_5120__vs__muq_mulan_large,Neither,,False,neither,False,9c3bf274cbea6bc8bdc891c51d0e04289bfb0dc3712aad151d530ef65f9114c5,375f1533d6c1d02edc0ba14b999f32b81709ffdb4a845bd61b5b4283d8ebfc66,626ce604a265046829ca1ab690e9196af24c08eebf0467874c61aa1d2efc4019,0.18031483888626099,0.45174336433410645,-0.27142852544784546,40dd8ca0bb1883cce1af02081b36364160ce90be20dca0167c69c18f8e26471b,0.90639275312423706,0.96370935440063477,-0.057316601276397705,54289f762dca1a8371dc8b72249ababba2eb6476c21b15f3da1e18a6fa56f4b4,0.93590807914733887,0.72444057464599609,0.21146750450134277,12cc654e75efc373aca75d10ea73b192c579ea1ec09bbe85f007b74f9dac33ba
s2b_936bb1ba2a652581aa2aad08,107249,TEST,mert_5120__vs__muq_mulan_large,B,0,True,,False,9c3bf274cbea6bc8bdc891c51d0e04289bfb0dc3712aad151d530ef65f9114c5,375f1533d6c1d02edc0ba14b999f32b81709ffdb4a845bd61b5b4283d8ebfc66,626ce604a265046829ca1ab690e9196af24c08eebf0467874c61aa1d2efc4019,0.74639934301376343,0.74226492643356323,0.0041344165802001953,40dd8ca0bb1883cce1af02081b36364160ce90be20dca0167c69c18f8e26471b,0.98044860363006592,0.9472230076789856,0.033225595951080322,54289f762dca1a8371dc8b72249ababba2eb6476c21b15f3da1e18a6fa56f4b4,0.60938125848770142,0.88969796895980835,-0.28031671047210693,12cc654e75efc373aca75d10ea73b192c579ea1ec09bbe85f007b74f9dac33ba
s2b_9594e182eeb7fbe7d5d35b5b,3921,TRAIN,laion_clap__vs__mert_5120,A,1,True,,False,9c3bf274cbea6bc8bdc891c51d0e04289bfb0dc3712aad151d530ef65f9114c5,375f1533d6c1d02edc0ba14b999f32b81709ffdb4a845bd61b5b4283d8ebfc66,626ce604a265046829ca1ab690e9196af24c08eebf0467874c61aa1d2efc4019,0.79778718948364258,0.54135864973068237,0.25642853975296021,40dd8ca0bb1883cce1af02081b36364160ce90be20dca0167c69c18f8e26471b,0.97275745868682861,0.98135685920715332,-0.008599400520324707,54289f762dca1a8371dc8b72249ababba2eb6476c21b15f3da1e18a6fa56f4b4,0.65693134069442749,0.59974819421768188,0.057183146476745605,12cc654e75efc373aca75d10ea73b192c579ea1ec09bbe85f007b74f9dac33ba
s2b_9697216e862302b6deb68193,115700,TRAIN,mert_5120__vs__muq_mulan_large,Neither,,False,neither,False,9c3bf274cbea6bc8bdc891c51d0e04289bfb0dc3712aad151d530ef65f9114c5,375f1533d6c1d02edc0ba14b999f32b81709ffdb4a845bd61b5b4283d8ebfc66,626ce604a265046829ca1ab690e9196af24c08eebf0467874c61aa1d2efc4019,0.60528796911239624,0.47719854116439819,0.12808942794799805,40dd8ca0bb1883cce1af02081b36364160ce90be20dca0167c69c18f8e26471b,0.97858774662017822,0.8785783052444458,0.10000944137573242,54289f762dca1a8371dc8b72249ababba2eb6476c21b15f3da1e18a6fa56f4b4,0.62580502033233643,0.94870316982269287,-0.32289814949035645,12cc654e75efc373aca75d10ea73b192c579ea1ec09bbe85f007b74f9dac33ba
s2b_9707d2ae6cb447efebec05cd,134930,VALIDATION,mert_5120__vs__muq_mulan_large,Tie,,False,tie,True,9c3bf274cbea6bc8bdc891c51d0e04289bfb0dc3712aad151d530ef65f9114c5,375f1533d6c1d02edc0ba14b999f32b81709ffdb4a845bd61b5b4283d8ebfc66,626ce604a265046829ca1ab690e9196af24c08eebf0467874c61aa1d2efc4019,0.8834872841835022,0.87336993217468262,0.01011735200881958,40dd8ca0bb1883cce1af02081b36364160ce90be20dca0167c69c18f8e26471b,0.97096264362335205,0.9802899956703186,-0.0093273520469665527,54289f762dca1a8371dc8b72249ababba2eb6476c21b15f3da1e18a6fa56f4b4,0.92631840705871582,0.90557771921157837,0.020740687847137451,12cc654e75efc373aca75d10ea73b192c579ea1ec09bbe85f007b74f9dac33ba
s2b_98165a35d17b222e3b705dd2,114223,TRAIN,laion_clap__vs__mert_5120,A,1,True,,True,9c3bf274cbea6bc8bdc891c51d0e04289bfb0dc3712aad151d530ef65f9114c5,375f1533d6c1d02edc0ba14b999f32b81709ffdb4a845bd61b5b4283d8ebfc66,626ce604a265046829ca1ab690e9196af24c08eebf0467874c61aa1d2efc4019,0.89951241016387939,0.94195318222045898,-0.04244077205657959,40dd8ca0bb1883cce1af02081b36364160ce90be20dca0167c69c18f8e26471b,0.97044825553894043,0.96764528751373291,0.0028029680252075195,54289f762dca1a8371dc8b72249ababba2eb6476c21b15f3da1e18a6fa56f4b4,0.67236971855163574,0.70608508586883545,-0.033715367317199707,12cc654e75efc373aca75d10ea73b192c579ea1ec09bbe85f007b74f9dac33ba
s2b_9a49579d95e8ae38d4173c85,68840,TEST,laion_clap__vs__muq_mulan_large,Tie,,False,tie,True,9c3bf274cbea6bc8bdc891c51d0e04289bfb0dc3712aad151d530ef65f9114c5,375f1533d6c1d02edc0ba14b999f32b81709ffdb4a845bd61b5b4283d8ebfc66,626ce604a265046829ca1ab690e9196af24c08eebf0467874c61aa1d2efc4019,0.91839742660522461,0.8483283519744873,0.070069074630737305,40dd8ca0bb1883cce1af02081b36364160ce90be20dca0167c69c18f8e26471b,0.98552346229553223,0.98405754566192627,0.001465916633605957,54289f762dca1a8371dc8b72249ababba2eb6476c21b15f3da1e18a6fa56f4b4,0.74701774120330811,0.79911553859710693,-0.052097797393798828,12cc654e75efc373aca75d10ea73b192c579ea1ec09bbe85f007b74f9dac33ba
s2b_9accf11177fafb80e60784fd,113167,TRAIN,laion_clap__vs__mert_5120,Tie,,False,tie,False,9c3bf274cbea6bc8bdc891c51d0e04289bfb0dc3712aad151d530ef65f9114c5,375f1533d6c1d02edc0ba14b999f32b81709ffdb4a845bd61b5b4283d8ebfc66,626ce604a265046829ca1ab690e9196af24c08eebf0467874c61aa1d2efc4019,0.831656813621521,0.85602748394012451,-0.024370670318603516,40dd8ca0bb1883cce1af02081b36364160ce90be20dca0167c69c18f8e26471b,0.97386038303375244,0.95694190263748169,0.016918480396270752,54289f762dca1a8371dc8b72249ababba2eb6476c21b15f3da1e18a6fa56f4b4,0.61757731437683105,0.61722898483276367,0.00034832954406738281,12cc654e75efc373aca75d10ea73b192c579ea1ec09bbe85f007b74f9dac33ba
s2b_9ce611cea9c1286aceabeb7c,131410,TEST,mert_5120__vs__muq_mulan_large,A,1,True,,False,9c3bf274cbea6bc8bdc891c51d0e04289bfb0dc3712aad151d530ef65f9114c5,375f1533d6c1d02edc0ba14b999f32b81709ffdb4a845bd61b5b4283d8ebfc66,626ce604a265046829ca1ab690e9196af24c08eebf0467874c61aa1d2efc4019,0.67020976543426514,0.6831737756729126,-0.012964010238647461,40dd8ca0bb1883cce1af02081b36364160ce90be20dca0167c69c18f8e26471b,0.89184999465942383,0.95504248142242432,-0.063192486763000488,54289f762dca1a8371dc8b72249ababba2eb6476c21b15f3da1e18a6fa56f4b4,0.93056440353393555,0.70904457569122314,0.2215198278427124,12cc654e75efc373aca75d10ea73b192c579ea1ec09bbe85f007b74f9dac33ba
s2b_a0a2eeba2fd29378d6af1311,120770,TEST,mert_5120__vs__muq_mulan_large,A,1,True,,False,9c3bf274cbea6bc8bdc891c51d0e04289bfb0dc3712aad151d530ef65f9114c5,375f1533d6c1d02edc0ba14b999f32b81709ffdb4a845bd61b5b4283d8ebfc66,626ce604a265046829ca1ab690e9196af24c08eebf0467874c61aa1d2efc4019,0.82560944557189941,0.76952546834945679,0.056083977222442627,40dd8ca0bb1883cce1af02081b36364160ce90be20dca0167c69c18f8e26471b,0.95079731941223145,0.98272699117660522,-0.031929671764373779,54289f762dca1a8371dc8b72249ababba2eb6476c21b15f3da1e18a6fa56f4b4,0.77057802677154541,0.6643984317779541,0.10617959499359131,12cc654e75efc373aca75d10ea73b192c579ea1ec09bbe85f007b74f9dac33ba
s2b_a1391f11e2541875976a8aa0,38896,VALIDATION,laion_clap__vs__mert_5120,A,1,True,,True,9c3bf274cbea6bc8bdc891c51d0e04289bfb0dc3712aad151d530ef65f9114c5,375f1533d6c1d02edc0ba14b999f32b81709ffdb4a845bd61b5b4283d8ebfc66,626ce604a265046829ca1ab690e9196af24c08eebf0467874c61aa1d2efc4019,0.80491423606872559,0.85761463642120361,-0.052700400352478027,40dd8ca0bb1883cce1af02081b36364160ce90be20dca0167c69c18f8e26471b,0.97246116399765015,0.94301873445510864,0.029442429542541504,54289f762dca1a8371dc8b72249ababba2eb6476c21b15f3da1e18a6fa56f4b4,0.84045398235321045,0.95957350730895996,-0.11911952495574951,12cc654e75efc373aca75d10ea73b192c579ea1ec09bbe85f007b74f9dac33ba
s2b_a154b6eeb425d6b47f20efb8,125814,TRAIN,mert_5120__vs__muq_mulan_large,B,0,True,,True,9c3bf274cbea6bc8bdc891c51d0e04289bfb0dc3712aad151d530ef65f9114c5,375f1533d6c1d02edc0ba14b999f32b81709ffdb4a845bd61b5b4283d8ebfc66,626ce604a265046829ca1ab690e9196af24c08eebf0467874c61aa1d2efc4019,0.84324938058853149,0.88717687129974365,-0.043927490711212158,40dd8ca0bb1883cce1af02081b36364160ce90be20dca0167c69c18f8e26471b,0.98295998573303223,0.97371691465377808,0.0092430710792541504,54289f762dca1a8371dc8b72249ababba2eb6476c21b15f3da1e18a6fa56f4b4,0.79754239320755005,0.92004978656768799,-0.12250739336013794,12cc654e75efc373aca75d10ea73b192c579ea1ec09bbe85f007b74f9dac33ba
s2b_a157c7f34fca2e0a5643ba06,105408,VALIDATION,mert_5120__vs__muq_mulan_large,A,1,True,,False,9c3bf274cbea6bc8bdc891c51d0e04289bfb0dc3712aad151d530ef65f9114c5,375f1533d6c1d02edc0ba14b999f32b81709ffdb4a845bd61b5b4283d8ebfc66,626ce604a265046829ca1ab690e9196af24c08eebf0467874c61aa1d2efc4019,0.71787786483764648,0.75416231155395508,-0.036284446716308594,40dd8ca0bb1883cce1af02081b36364160ce90be20dca0167c69c18f8e26471b,0.95556199550628662,0.97453212738037109,-0.018970131874084473,54289f762dca1a8371dc8b72249ababba2eb6476c21b15f3da1e18a6fa56f4b4,0.93765795230865479,0.78245353698730469,0.1552044153213501,12cc654e75efc373aca75d10ea73b192c579ea1ec09bbe85f007b74f9dac33ba
s2b_a20edab94e9a2d967a66bb7c,43586,TRAIN,laion_clap__vs__mert_5120,Tie,,False,tie,True,9c3bf274cbea6bc8bdc891c51d0e04289bfb0dc3712aad151d530ef65f9114c5,375f1533d6c1d02edc0ba14b999f32b81709ffdb4a845bd61b5b4283d8ebfc66,626ce604a265046829ca1ab690e9196af24c08eebf0467874c61aa1d2efc4019,0.8995739221572876,0.8099663257598877,0.089607596397399902,40dd8ca0bb1883cce1af02081b36364160ce90be20dca0167c69c18f8e26471b,0.97731244564056396,0.98033416271209717,-0.0030217170715332031,54289f762dca1a8371dc8b72249ababba2eb6476c21b15f3da1e18a6fa56f4b4,0.86823564767837524,0.65331947803497314,0.2149161696434021,12cc654e75efc373aca75d10ea73b192c579ea1ec09bbe85f007b74f9dac33ba
s2b_a29c58e1925f3c4ffdad9c0e,107027,TEST,mert_5120__vs__muq_mulan_large,Tie,,False,tie,False,9c3bf274cbea6bc8bdc891c51d0e04289bfb0dc3712aad151d530ef65f9114c5,375f1533d6c1d02edc0ba14b999f32b81709ffdb4a845bd61b5b4283d8ebfc66,626ce604a265046829ca1ab690e9196af24c08eebf0467874c61aa1d2efc4019,0.76032555103302002,0.45195665955543518,0.30836889147758484,40dd8ca0bb1883cce1af02081b36364160ce90be20dca0167c69c18f8e26471b,0.97157192230224609,0.98171472549438477,-0.010142803192138672,54289f762dca1a8371dc8b72249ababba2eb6476c21b15f3da1e18a6fa56f4b4,0.93374854326248169,0.54065567255020142,0.39309287071228027,12cc654e75efc373aca75d10ea73b192c579ea1ec09bbe85f007b74f9dac33ba
s2b_a2a3ded8503e579320427419,52393,TEST,laion_clap__vs__muq_mulan_large,B,0,True,,False,9c3bf274cbea6bc8bdc891c51d0e04289bfb0dc3712aad151d530ef65f9114c5,375f1533d6c1d02edc0ba14b999f32b81709ffdb4a845bd61b5b4283d8ebfc66,626ce604a265046829ca1ab690e9196af24c08eebf0467874c61aa1d2efc4019,0.49598494172096252,0.86191189289093018,-0.36592695116996765,40dd8ca0bb1883cce1af02081b36364160ce90be20dca0167c69c18f8e26471b,0.92712140083312988,0.95130419731140137,-0.024182796478271484,54289f762dca1a8371dc8b72249ababba2eb6476c21b15f3da1e18a6fa56f4b4,0.91354745626449585,0.42115691304206848,0.49239054322242737,12cc654e75efc373aca75d10ea73b192c579ea1ec09bbe85f007b74f9dac33ba
s2b_a31d06108a2be67924de174b,3921,TRAIN,laion_clap__vs__muq_mulan_large,B,0,True,,False,9c3bf274cbea6bc8bdc891c51d0e04289bfb0dc3712aad151d530ef65f9114c5,375f1533d6c1d02edc0ba14b999f32b81709ffdb4a845bd61b5b4283d8ebfc66,626ce604a265046829ca1ab690e9196af24c08eebf0467874c61aa1d2efc4019,0.81373298168182373,0.65183281898498535,0.16190016269683838,40dd8ca0bb1883cce1af02081b36364160ce90be20dca0167c69c18f8e26471b,0.97073769569396973,0.96485298871994019,0.005884706974029541,54289f762dca1a8371dc8b72249ababba2eb6476c21b15f3da1e18a6fa56f4b4,0.65771025419235229,0.81536632776260376,-0.15765607357025146,12cc654e75efc373aca75d10ea73b192c579ea1ec09bbe85f007b74f9dac33ba
s2b_a6411ebbad91c768e5abe6a3,110262,TEST,laion_clap__vs__muq_mulan_large,B,0,True,,True,9c3bf274cbea6bc8bdc891c51d0e04289bfb0dc3712aad151d530ef65f9114c5,375f1533d6c1d02edc0ba14b999f32b81709ffdb4a845bd61b5b4283d8ebfc66,626ce604a265046829ca1ab690e9196af24c08eebf0467874c61aa1d2efc4019,0.82166802883148193,0.68883544206619263,0.13283258676528931,40dd8ca0bb1883cce1af02081b36364160ce90be20dca0167c69c18f8e26471b,0.96143233776092529,0.95190608501434326,0.0095262527465820312,54289f762dca1a8371dc8b72249ababba2eb6476c21b15f3da1e18a6fa56f4b4,0.6728438138961792,0.80730056762695312,-0.13445675373077393,12cc654e75efc373aca75d10ea73b192c579ea1ec09bbe85f007b74f9dac33ba
s2b_a66748012a5430d452684822,113284,TEST,mert_5120__vs__muq_mulan_large,A,1,True,,False,9c3bf274cbea6bc8bdc891c51d0e04289bfb0dc3712aad151d530ef65f9114c5,375f1533d6c1d02edc0ba14b999f32b81709ffdb4a845bd61b5b4283d8ebfc66,626ce604a265046829ca1ab690e9196af24c08eebf0467874c61aa1d2efc4019,0.79389697313308716,0.66819137334823608,0.12570559978485107,40dd8ca0bb1883cce1af02081b36364160ce90be20dca0167c69c18f8e26471b,0.96408665180206299,0.97986042499542236,-0.015773773193359375,54289f762dca1a8371dc8b72249ababba2eb6476c21b15f3da1e18a6fa56f4b4,0.93720847368240356,0.84435880184173584,0.092849671840667725,12cc654e75efc373aca75d10ea73b192c579ea1ec09bbe85f007b74f9dac33ba
s2b_a680d500576d7bddce9df1d5,48442,TEST,laion_clap__vs__mert_5120,Tie,,False,tie,False,9c3bf274cbea6bc8bdc891c51d0e04289bfb0dc3712aad151d530ef65f9114c5,375f1533d6c1d02edc0ba14b999f32b81709ffdb4a845bd61b5b4283d8ebfc66,626ce604a265046829ca1ab690e9196af24c08eebf0467874c61aa1d2efc4019,0.84154820442199707,0.72985458374023438,0.1116936206817627,40dd8ca0bb1883cce1af02081b36364160ce90be20dca0167c69c18f8e26471b,0.9386410117149353,0.98103177547454834,-0.042390763759613037,54289f762dca1a8371dc8b72249ababba2eb6476c21b15f3da1e18a6fa56f4b4,0.79619723558425903,0.79389607906341553,0.0023011565208435059,12cc654e75efc373aca75d10ea73b192c579ea1ec09bbe85f007b74f9dac33ba
s2b_a83da4902c1a787da1a2cf18,94465,VALIDATION,laion_clap__vs__mert_5120,B,0,True,,False,9c3bf274cbea6bc8bdc891c51d0e04289bfb0dc3712aad151d530ef65f9114c5,375f1533d6c1d02edc0ba14b999f32b81709ffdb4a845bd61b5b4283d8ebfc66,626ce604a265046829ca1ab690e9196af24c08eebf0467874c61aa1d2efc4019,0.44883328676223755,0.90154337882995605,-0.45271009206771851,40dd8ca0bb1883cce1af02081b36364160ce90be20dca0167c69c18f8e26471b,0.97663319110870361,0.95423233509063721,0.022400856018066406,54289f762dca1a8371dc8b72249ababba2eb6476c21b15f3da1e18a6fa56f4b4,0.73908865451812744,0.85269320011138916,-0.11360454559326172,12cc654e75efc373aca75d10ea73b192c579ea1ec09bbe85f007b74f9dac33ba
s2b_aa7c28f0b980e94ef6ebbe6b,84095,TRAIN,laion_clap__vs__mert_5120,A,1,True,,False,9c3bf274cbea6bc8bdc891c51d0e04289bfb0dc3712aad151d530ef65f9114c5,375f1533d6c1d02edc0ba14b999f32b81709ffdb4a845bd61b5b4283d8ebfc66,626ce604a265046829ca1ab690e9196af24c08eebf0467874c61aa1d2efc4019,0.70620959997177124,0.86082965135574341,-0.15462005138397217,40dd8ca0bb1883cce1af02081b36364160ce90be20dca0167c69c18f8e26471b,0.98152875900268555,0.95406800508499146,0.027460753917694092,54289f762dca1a8371dc8b72249ababba2eb6476c21b15f3da1e18a6fa56f4b4,0.67667758464813232,0.82643038034439087,-0.14975279569625854,12cc654e75efc373aca75d10ea73b192c579ea1ec09bbe85f007b74f9dac33ba
s2b_abec375934ebd0875b720fab,42844,TRAIN,laion_clap__vs__muq_mulan_large,B,0,True,,False,9c3bf274cbea6bc8bdc891c51d0e04289bfb0dc3712aad151d530ef65f9114c5,375f1533d6c1d02edc0ba14b999f32b81709ffdb4a845bd61b5b4283d8ebfc66,626ce604a265046829ca1ab690e9196af24c08eebf0467874c61aa1d2efc4019,0.5835186243057251,0.77529704570770264,-0.19177842140197754,40dd8ca0bb1883cce1af02081b36364160ce90be20dca0167c69c18f8e26471b,0.94086307287216187,0.96329391002655029,-0.022430837154388428,54289f762dca1a8371dc8b72249ababba2eb6476c21b15f3da1e18a6fa56f4b4,0.93104338645935059,0.87133324146270752,0.059710144996643066,12cc654e75efc373aca75d10ea73b192c579ea1ec09bbe85f007b74f9dac33ba
s2b_abfa4cd6f98489b561387a9d,127359,TRAIN,laion_clap__vs__mert_5120,B,0,True,,False,9c3bf274cbea6bc8bdc891c51d0e04289bfb0dc3712aad151d530ef65f9114c5,375f1533d6c1d02edc0ba14b999f32b81709ffdb4a845bd61b5b4283d8ebfc66,626ce604a265046829ca1ab690e9196af24c08eebf0467874c61aa1d2efc4019,0.7405809760093689,0.87667000293731689,-0.136089026927948,40dd8ca0bb1883cce1af02081b36364160ce90be20dca0167c69c18f8e26471b,0.97982072830200195,0.9707602858543396,0.0090604424476623535,54289f762dca1a8371dc8b72249ababba2eb6476c21b15f3da1e18a6fa56f4b4,0.92389732599258423,0.93631881475448608,-0.012421488761901855,12cc654e75efc373aca75d10ea73b192c579ea1ec09bbe85f007b74f9dac33ba
s2b_ac40d86264a8b267e9d4f39e,42844,TRAIN,mert_5120__vs__muq_mulan_large,A,1,True,,False,9c3bf274cbea6bc8bdc891c51d0e04289bfb0dc3712aad151d530ef65f9114c5,375f1533d6c1d02edc0ba14b999f32b81709ffdb4a845bd61b5b4283d8ebfc66,626ce604a265046829ca1ab690e9196af24c08eebf0467874c61aa1d2efc4019,0.69603699445724487,0.74099218845367432,-0.044955193996429443,40dd8ca0bb1883cce1af02081b36364160ce90be20dca0167c69c18f8e26471b,0.93825626373291016,0.97091478109359741,-0.032658517360687256,54289f762dca1a8371dc8b72249ababba2eb6476c21b15f3da1e18a6fa56f4b4,0.93153774738311768,0.75117850303649902,0.18035924434661865,12cc654e75efc373aca75d10ea73b192c579ea1ec09bbe85f007b74f9dac33ba
s2b_ad1b24aed2137f475243ecc4,105408,VALIDATION,laion_clap__vs__mert_5120,B,0,True,,False,9c3bf274cbea6bc8bdc891c51d0e04289bfb0dc3712aad151d530ef65f9114c5,375f1533d6c1d02edc0ba14b999f32b81709ffdb4a845bd61b5b4283d8ebfc66,626ce604a265046829ca1ab690e9196af24c08eebf0467874c61aa1d2efc4019,0.75416231155395508,0.87904751300811768,-0.1248852014541626,40dd8ca0bb1883cce1af02081b36364160ce90be20dca0167c69c18f8e26471b,0.97453212738037109,0.95889502763748169,0.015637099742889404,54289f762dca1a8371dc8b72249ababba2eb6476c21b15f3da1e18a6fa56f4b4,0.78245353698730469,0.90380406379699707,-0.12135052680969238,12cc654e75efc373aca75d10ea73b192c579ea1ec09bbe85f007b74f9dac33ba
s2b_ad635bd3484e19ee057024b2,105408,VALIDATION,mert_5120__vs__muq_mulan_large,A,1,True,,True,9c3bf274cbea6bc8bdc891c51d0e04289bfb0dc3712aad151d530ef65f9114c5,375f1533d6c1d02edc0ba14b999f32b81709ffdb4a845bd61b5b4283d8ebfc66,626ce604a265046829ca1ab690e9196af24c08eebf0467874c61aa1d2efc4019,0.7672499418258667,0.75416231155395508,0.013087630271911621,40dd8ca0bb1883cce1af02081b36364160ce90be20dca0167c69c18f8e26471b,0.97058600187301636,0.97453212738037109,-0.0039461255073547363,54289f762dca1a8371dc8b72249ababba2eb6476c21b15f3da1e18a6fa56f4b4,0.91862714290618896,0.78245353698730469,0.13617360591888428,12cc654e75efc373aca75d10ea73b192c579ea1ec09bbe85f007b74f9dac33ba
s2b_add99fd176431afb5a55ce08,106277,TEST,laion_clap__vs__mert_5120,A,1,True,,False,9c3bf274cbea6bc8bdc891c51d0e04289bfb0dc3712aad151d530ef65f9114c5,375f1533d6c1d02edc0ba14b999f32b81709ffdb4a845bd61b5b4283d8ebfc66,626ce604a265046829ca1ab690e9196af24c08eebf0467874c61aa1d2efc4019,0.70552897453308105,0.82306158542633057,-0.11753261089324951,40dd8ca0bb1883cce1af02081b36364160ce90be20dca0167c69c18f8e26471b,0.97557342052459717,0.97284281253814697,0.0027306079864501953,54289f762dca1a8371dc8b72249ababba2eb6476c21b15f3da1e18a6fa56f4b4,0.70096457004547119,0.61757826805114746,0.08338630199432373,12cc654e75efc373aca75d10ea73b192c579ea1ec09bbe85f007b74f9dac33ba
s2b_ae8d5e47490e63db46b6c7ab,106277,TEST,laion_clap__vs__muq_mulan_large,Neither,,False,neither,False,9c3bf274cbea6bc8bdc891c51d0e04289bfb0dc3712aad151d530ef65f9114c5,375f1533d6c1d02edc0ba14b999f32b81709ffdb4a845bd61b5b4283d8ebfc66,626ce604a265046829ca1ab690e9196af24c08eebf0467874c61aa1d2efc4019,0.68169683218002319,0.8302767276763916,-0.14857989549636841,40dd8ca0bb1883cce1af02081b36364160ce90be20dca0167c69c18f8e26471b,0.94471925497055054,0.96740591526031494,-0.022686660289764404,54289f762dca1a8371dc8b72249ababba2eb6476c21b15f3da1e18a6fa56f4b4,0.90801572799682617,0.72488665580749512,0.18312907218933105,12cc654e75efc373aca75d10ea73b192c579ea1ec09bbe85f007b74f9dac33ba
s2b_aeb34fc8a53aade4dd6b2ddd,113167,TRAIN,laion_clap__vs__mert_5120,B,0,True,,False,9c3bf274cbea6bc8bdc891c51d0e04289bfb0dc3712aad151d530ef65f9114c5,375f1533d6c1d02edc0ba14b999f32b81709ffdb4a845bd61b5b4283d8ebfc66,626ce604a265046829ca1ab690e9196af24c08eebf0467874c61aa1d2efc4019,0.64523947238922119,0.85602748394012451,-0.21078801155090332,40dd8ca0bb1883cce1af02081b36364160ce90be20dca0167c69c18f8e26471b,0.97326534986495972,0.95694190263748169,0.016323447227478027,54289f762dca1a8371dc8b72249ababba2eb6476c21b15f3da1e18a6fa56f4b4,0.82707381248474121,0.61722898483276367,0.20984482765197754,12cc654e75efc373aca75d10ea73b192c579ea1ec09bbe85f007b74f9dac33ba
s2b_b051b711d14dee714cb8fd13,149712,VALIDATION,laion_clap__vs__muq_mulan_large,B,0,True,,False,9c3bf274cbea6bc8bdc891c51d0e04289bfb0dc3712aad151d530ef65f9114c5,375f1533d6c1d02edc0ba14b999f32b81709ffdb4a845bd61b5b4283d8ebfc66,626ce604a265046829ca1ab690e9196af24c08eebf0467874c61aa1d2efc4019,0.47093936800956726,0.81542336940765381,-0.34448400139808655,40dd8ca0bb1883cce1af02081b36364160ce90be20dca0167c69c18f8e26471b,0.93902474641799927,0.95601135492324829,-0.016986608505249023,54289f762dca1a8371dc8b72249ababba2eb6476c21b15f3da1e18a6fa56f4b4,0.77111417055130005,0.4578012228012085,0.31331294775009155,12cc654e75efc373aca75d10ea73b192c579ea1ec09bbe85f007b74f9dac33ba
s2b_b1abe27ccd9f8959d2fcbffc,75317,TRAIN,laion_clap__vs__mert_5120,B,0,True,,False,9c3bf274cbea6bc8bdc891c51d0e04289bfb0dc3712aad151d530ef65f9114c5,375f1533d6c1d02edc0ba14b999f32b81709ffdb4a845bd61b5b4283d8ebfc66,626ce604a265046829ca1ab690e9196af24c08eebf0467874c61aa1d2efc4019,0.51842081546783447,0.80576139688491821,-0.28734058141708374,40dd8ca0bb1883cce1af02081b36364160ce90be20dca0167c69c18f8e26471b,0.96631860733032227,0.92374986410140991,0.042568743228912354,54289f762dca1a8371dc8b72249ababba2eb6476c21b15f3da1e18a6fa56f4b4,0.69313549995422363,0.84583568572998047,-0.15270018577575684,12cc654e75efc373aca75d10ea73b192c579ea1ec09bbe85f007b74f9dac33ba
s2b_b38a4584db2e084b0bf0db2e,20364,TEST,mert_5120__vs__muq_mulan_large,B,0,True,,False,9c3bf274cbea6bc8bdc891c51d0e04289bfb0dc3712aad151d530ef65f9114c5,375f1533d6c1d02edc0ba14b999f32b81709ffdb4a845bd61b5b4283d8ebfc66,626ce604a265046829ca1ab690e9196af24c08eebf0467874c61aa1d2efc4019,0.4542197585105896,0.62551522254943848,-0.17129546403884888,40dd8ca0bb1883cce1af02081b36364160ce90be20dca0167c69c18f8e26471b,0.94713830947875977,0.8837926983833313,0.063345611095428467,54289f762dca1a8371dc8b72249ababba2eb6476c21b15f3da1e18a6fa56f4b4,0.37231385707855225,0.91886609792709351,-0.54655224084854126,12cc654e75efc373aca75d10ea73b192c579ea1ec09bbe85f007b74f9dac33ba
s2b_b42dda3519daf2fdfb4b7723,41605,TRAIN,laion_clap__vs__muq_mulan_large,A,1,True,,False,9c3bf274cbea6bc8bdc891c51d0e04289bfb0dc3712aad151d530ef65f9114c5,375f1533d6c1d02edc0ba14b999f32b81709ffdb4a845bd61b5b4283d8ebfc66,626ce604a265046829ca1ab690e9196af24c08eebf0467874c61aa1d2efc4019,0.60218733549118042,0.73069870471954346,-0.12851136922836304,40dd8ca0bb1883cce1af02081b36364160ce90be20dca0167c69c18f8e26471b,0.9241863489151001,0.92352485656738281,0.00066149234771728516,54289f762dca1a8371dc8b72249ababba2eb6476c21b15f3da1e18a6fa56f4b4,0.94100147485733032,0.81600236892700195,0.12499910593032837,12cc654e75efc373aca75d10ea73b192c579ea1ec09bbe85f007b74f9dac33ba
s2b_b6fb16c729ba5cb96f7cebfa,38896,VALIDATION,laion_clap__vs__mert_5120,B,0,True,,True,9c3bf274cbea6bc8bdc891c51d0e04289bfb0dc3712aad151d530ef65f9114c5,375f1533d6c1d02edc0ba14b999f32b81709ffdb4a845bd61b5b4283d8ebfc66,626ce604a265046829ca1ab690e9196af24c08eebf0467874c61aa1d2efc4019,0.86215686798095703,0.80491423606872559,0.057242631912231445,40dd8ca0bb1883cce1af02081b36364160ce90be20dca0167c69c18f8e26471b,0.95080357789993286,0.97246116399765015,-0.021657586097717285,54289f762dca1a8371dc8b72249ababba2eb6476c21b15f3da1e18a6fa56f4b4,0.84777957201004028,0.84045398235321045,0.007325589656829834,12cc654e75efc373aca75d10ea73b192c579ea1ec09bbe85f007b74f9dac33ba
s2b_ba0121de5f25c7a86d2a5a5c,134823,TRAIN,laion_clap__vs__mert_5120,Tie,,False,tie,False,9c3bf274cbea6bc8bdc891c51d0e04289bfb0dc3712aad151d530ef65f9114c5,375f1533d6c1d02edc0ba14b999f32b81709ffdb4a845bd61b5b4283d8ebfc66,626ce604a265046829ca1ab690e9196af24c08eebf0467874c61aa1d2efc4019,0.91561901569366455,0.74499768018722534,0.17062133550643921,40dd8ca0bb1883cce1af02081b36364160ce90be20dca0167c69c18f8e26471b,0.95059973001480103,0.98281395435333252,-0.032214224338531494,54289f762dca1a8371dc8b72249ababba2eb6476c21b15f3da1e18a6fa56f4b4,0.73034226894378662,0.80889999866485596,-0.078557729721069336,12cc654e75efc373aca75d10ea73b192c579ea1ec09bbe85f007b74f9dac33ba
s2b_ba43a66e71840ed8916ec971,43586,TRAIN,laion_clap__vs__mert_5120,Tie,,False,tie,True,9c3bf274cbea6bc8bdc891c51d0e04289bfb0dc3712aad151d530ef65f9114c5,375f1533d6c1d02edc0ba14b999f32b81709ffdb4a845bd61b5b4283d8ebfc66,626ce604a265046829ca1ab690e9196af24c08eebf0467874c61aa1d2efc4019,0.70615863800048828,0.8995739221572876,-0.19341528415679932,40dd8ca0bb1883cce1af02081b36364160ce90be20dca0167c69c18f8e26471b,0.97769230604171753,0.97731244564056396,0.00037986040115356445,54289f762dca1a8371dc8b72249ababba2eb6476c21b15f3da1e18a6fa56f4b4,0.75483512878417969,0.86823564767837524,-0.11340051889419556,12cc654e75efc373aca75d10ea73b192c579ea1ec09bbe85f007b74f9dac33ba
s2b_bb70d043252bf254295ed0ed,84095,TRAIN,laion_clap__vs__mert_5120,B,0,True,,False,9c3bf274cbea6bc8bdc891c51d0e04289bfb0dc3712aad151d530ef65f9114c5,375f1533d6c1d02edc0ba14b999f32b81709ffdb4a845bd61b5b4283d8ebfc66,626ce604a265046829ca1ab690e9196af24c08eebf0467874c61aa1d2efc4019,0.86082965135574341,0.79743534326553345,0.063394308090209961,40dd8ca0bb1883cce1af02081b36364160ce90be20dca0167c69c18f8e26471b,0.95406800508499146,0.98192977905273438,-0.02786177396774292,54289f762dca1a8371dc8b72249ababba2eb6476c21b15f3da1e18a6fa56f4b4,0.82643038034439087,0.8869403600692749,-0.060509979724884033,12cc654e75efc373aca75d10ea73b192c579ea1ec09bbe85f007b74f9dac33ba
s2b_c23e00152b7624ebd8337c41,125814,TRAIN,laion_clap__vs__muq_mulan_large,A,1,True,,True,9c3bf274cbea6bc8bdc891c51d0e04289bfb0dc3712aad151d530ef65f9114c5,375f1533d6c1d02edc0ba14b999f32b81709ffdb4a845bd61b5b4283d8ebfc66,626ce604a265046829ca1ab690e9196af24c08eebf0467874c61aa1d2efc4019,0.92227625846862793,0.73842811584472656,0.18384814262390137,40dd8ca0bb1883cce1af02081b36364160ce90be20dca0167c69c18f8e26471b,0.96898484230041504,0.95657247304916382,0.012412369251251221,54289f762dca1a8371dc8b72249ababba2eb6476c21b15f3da1e18a6fa56f4b4,0.90135502815246582,0.91313302516937256,-0.011777997016906738,12cc654e75efc373aca75d10ea73b192c579ea1ec09bbe85f007b74f9dac33ba
s2b_c25ccd886fff97bad0bdf6b2,11790,TRAIN,laion_clap__vs__mert_5120,B,0,True,,False,9c3bf274cbea6bc8bdc891c51d0e04289bfb0dc3712aad151d530ef65f9114c5,375f1533d6c1d02edc0ba14b999f32b81709ffdb4a845bd61b5b4283d8ebfc66,626ce604a265046829ca1ab690e9196af24c08eebf0467874c61aa1d2efc4019,0.71286904811859131,0.79452276229858398,-0.081653714179992676,40dd8ca0bb1883cce1af02081b36364160ce90be20dca0167c69c18f8e26471b,0.96977037191390991,0.90657722949981689,0.063193142414093018,54289f762dca1a8371dc8b72249ababba2eb6476c21b15f3da1e18a6fa56f4b4,0.66217184066772461,0.87497127056121826,-0.21279942989349365,12cc654e75efc373aca75d10ea73b192c579ea1ec09bbe85f007b74f9dac33ba
s2b_c2e3200efe90bfed82dc379a,125193,VALIDATION,mert_5120__vs__muq_mulan_large,A,1,True,,False,9c3bf274cbea6bc8bdc891c51d0e04289bfb0dc3712aad151d530ef65f9114c5,375f1533d6c1d02edc0ba14b999f32b81709ffdb4a845bd61b5b4283d8ebfc66,626ce604a265046829ca1ab690e9196af24c08eebf0467874c61aa1d2efc4019,0.81746470928192139,0.67562437057495117,0.14184033870697021,40dd8ca0bb1883cce1af02081b36364160ce90be20dca0167c69c18f8e26471b,0.98004037141799927,0.97841525077819824,0.0016251206398010254,54289f762dca1a8371dc8b72249ababba2eb6476c21b15f3da1e18a6fa56f4b4,0.79375350475311279,0.92249035835266113,-0.12873685359954834,12cc654e75efc373aca75d10ea73b192c579ea1ec09bbe85f007b74f9dac33ba
s2b_c49522b83069607bca127588,134930,VALIDATION,laion_clap__vs__muq_mulan_large,Tie,,False,tie,True,9c3bf274cbea6bc8bdc891c51d0e04289bfb0dc3712aad151d530ef65f9114c5,375f1533d6c1d02edc0ba14b999f32b81709ffdb4a845bd61b5b4283d8ebfc66,626ce604a265046829ca1ab690e9196af24c08eebf0467874c61aa1d2efc4019,0.8736606240272522,0.93060106039047241,-0.056940436363220215,40dd8ca0bb1883cce1af02081b36364160ce90be20dca0167c69c18f8e26471b,0.96232825517654419,0.97912025451660156,-0.016791999340057373,54289f762dca1a8371dc8b72249ababba2eb6476c21b15f3da1e18a6fa56f4b4,0.9452812671661377,0.92617583274841309,0.019105434417724609,12cc654e75efc373aca75d10ea73b192c579ea1ec09bbe85f007b74f9dac33ba
s2b_c5bbd3f06c3b00cda5d89132,149712,VALIDATION,mert_5120__vs__muq_mulan_large,A,1,True,,False,9c3bf274cbea6bc8bdc891c51d0e04289bfb0dc3712aad151d530ef65f9114c5,375f1533d6c1d02edc0ba14b999f32b81709ffdb4a845bd61b5b4283d8ebfc66,626ce604a265046829ca1ab690e9196af24c08eebf0467874c61aa1d2efc4019,0.56380093097686768,0.55930101871490479,0.0044999122619628906,40dd8ca0bb1883cce1af02081b36364160ce90be20dca0167c69c18f8e26471b,0.97400569915771484,0.95006090402603149,0.02394479513168335,54289f762dca1a8371dc8b72249ababba2eb6476c21b15f3da1e18a6fa56f4b4,0.17187216877937317,0.74605143070220947,-0.5741792619228363,12cc654e75efc373aca75d10ea73b192c579ea1ec09bbe85f007b74f9dac33ba
s2b_c678e6ab5b9e8987a5f9a274,64567,TEST,laion_clap__vs__mert_5120,A,1,True,,False,9c3bf274cbea6bc8bdc891c51d0e04289bfb0dc3712aad151d530ef65f9114c5,375f1533d6c1d02edc0ba14b999f32b81709ffdb4a845bd61b5b4283d8ebfc66,626ce604a265046829ca1ab690e9196af24c08eebf0467874c61aa1d2efc4019,0.88395917415618896,0.76981031894683838,0.11414885520935059,40dd8ca0bb1883cce1af02081b36364160ce90be20dca0167c69c18f8e26471b,0.95081758499145508,0.97365623712539673,-0.02283865213394165,54289f762dca1a8371dc8b72249ababba2eb6476c21b15f3da1e18a6fa56f4b4,0.86372244358062744,0.83565056324005127,0.028071880340576172,12cc654e75efc373aca75d10ea73b192c579ea1ec09bbe85f007b74f9dac33ba
s2b_c6eec90a5913839296b642cf,149712,VALIDATION,laion_clap__vs__muq_mulan_large,B,0,True,,False,9c3bf274cbea6bc8bdc891c51d0e04289bfb0dc3712aad151d530ef65f9114c5,375f1533d6c1d02edc0ba14b999f32b81709ffdb4a845bd61b5b4283d8ebfc66,626ce604a265046829ca1ab690e9196af24c08eebf0467874c61aa1d2efc4019,0.82793158292770386,0.47093936800956726,0.3569922149181366,40dd8ca0bb1883cce1af02081b36364160ce90be20dca0167c69c18f8e26471b,0.95175433158874512,0.93902474641799927,0.01272958517074585,54289f762dca1a8371dc8b72249ababba2eb6476c21b15f3da1e18a6fa56f4b4,0.51249843835830688,0.77111417055130005,-0.25861573219299316,12cc654e75efc373aca75d10ea73b192c579ea1ec09bbe85f007b74f9dac33ba
s2b_c96db2e905b5f7c46163f5b4,106277,TEST,mert_5120__vs__muq_mulan_large,A,1,True,,False,9c3bf274cbea6bc8bdc891c51d0e04289bfb0dc3712aad151d530ef65f9114c5,375f1533d6c1d02edc0ba14b999f32b81709ffdb4a845bd61b5b4283d8ebfc66,626ce604a265046829ca1ab690e9196af24c08eebf0467874c61aa1d2efc4019,0.70552897453308105,0.68169683218002319,0.023832142353057861,40dd8ca0bb1883cce1af02081b36364160ce90be20dca0167c69c18f8e26471b,0.97557342052459717,0.94471925497055054,0.030854165554046631,54289f762dca1a8371dc8b72249ababba2eb6476c21b15f3da1e18a6fa56f4b4,0.70096457004547119,0.90801572799682617,-0.20705115795135498,12cc654e75efc373aca75d10ea73b192c579ea1ec09bbe85f007b74f9dac33ba
s2b_c9dce7785c3326c933ffa27c,10435,TEST,mert_5120__vs__muq_mulan_large,A,1,True,,False,9c3bf274cbea6bc8bdc891c51d0e04289bfb0dc3712aad151d530ef65f9114c5,375f1533d6c1d02edc0ba14b999f32b81709ffdb4a845bd61b5b4283d8ebfc66,626ce604a265046829ca1ab690e9196af24c08eebf0467874c61aa1d2efc4019,0.7114519476890564,0.46805357933044434,0.24339836835861206,40dd8ca0bb1883cce1af02081b36364160ce90be20dca0167c69c18f8e26471b,0.94286924600601196,0.96913599967956543,-0.026266753673553467,54289f762dca1a8371dc8b72249ababba2eb6476c21b15f3da1e18a6fa56f4b4,0.85421830415725708,0.45506966114044189,0.39914864301681519,12cc654e75efc373aca75d10ea73b192c579ea1ec09bbe85f007b74f9dac33ba
s2b_c9de017df9d6ff1bcfaf0677,125814,TRAIN,laion_clap__vs__mert_5120,A,1,True,,True,9c3bf274cbea6bc8bdc891c51d0e04289bfb0dc3712aad151d530ef65f9114c5,375f1533d6c1d02edc0ba14b999f32b81709ffdb4a845bd61b5b4283d8ebfc66,626ce604a265046829ca1ab690e9196af24c08eebf0467874c61aa1d2efc4019,0.92227625846862793,0.84324938058853149,0.079026877880096436,40dd8ca0bb1883cce1af02081b36364160ce90be20dca0167c69c18f8e26471b,0.96898484230041504,0.98295998573303223,-0.013975143432617188,54289f762dca1a8371dc8b72249ababba2eb6476c21b15f3da1e18a6fa56f4b4,0.90135502815246582,0.79754239320755005,0.10381263494491577,12cc654e75efc373aca75d10ea73b192c579ea1ec09bbe85f007b74f9dac33ba
s2b_ccb45cfc629f36a7fe4d6bee,62450,VALIDATION,mert_5120__vs__muq_mulan_large,B,0,True,,False,9c3bf274cbea6bc8bdc891c51d0e04289bfb0dc3712aad151d530ef65f9114c5,375f1533d6c1d02edc0ba14b999f32b81709ffdb4a845bd61b5b4283d8ebfc66,626ce604a265046829ca1ab690e9196af24c08eebf0467874c61aa1d2efc4019,0.41383281350135803,0.50473517179489136,-0.090902358293533325,40dd8ca0bb1883cce1af02081b36364160ce90be20dca0167c69c18f8e26471b,0.96439003944396973,0.90446734428405762,0.059922695159912109,54289f762dca1a8371dc8b72249ababba2eb6476c21b15f3da1e18a6fa56f4b4,0.29908668994903564,0.72724032402038574,-0.4281536340713501,12cc654e75efc373aca75d10ea73b192c579ea1ec09bbe85f007b74f9dac33ba
s2b_cd9348d79cb5ecd70024e779,114223,TRAIN,laion_clap__vs__muq_mulan_large,B,0,True,,True,9c3bf274cbea6bc8bdc891c51d0e04289bfb0dc3712aad151d530ef65f9114c5,375f1533d6c1d02edc0ba14b999f32b81709ffdb4a845bd61b5b4283d8ebfc66,626ce604a265046829ca1ab690e9196af24c08eebf0467874c61aa1d2efc4019,0.87787353992462158,0.94195318222045898,-0.064079642295837402,40dd8ca0bb1883cce1af02081b36364160ce90be20dca0167c69c18f8e26471b,0.94413554668426514,0.96764528751373291,-0.023509740829467773,54289f762dca1a8371dc8b72249ababba2eb6476c21b15f3da1e18a6fa56f4b4,0.87364006042480469,0.70608508586883545,0.16755497455596924,12cc654e75efc373aca75d10ea73b192c579ea1ec09bbe85f007b74f9dac33ba
s2b_cef8a47f5e20328a843a7838,113284,TEST,laion_clap__vs__mert_5120,A,1,True,,False,9c3bf274cbea6bc8bdc891c51d0e04289bfb0dc3712aad151d530ef65f9114c5,375f1533d6c1d02edc0ba14b999f32b81709ffdb4a845bd61b5b4283d8ebfc66,626ce604a265046829ca1ab690e9196af24c08eebf0467874c61aa1d2efc4019,0.82210803031921387,0.85780173540115356,-0.035693705081939697,40dd8ca0bb1883cce1af02081b36364160ce90be20dca0167c69c18f8e26471b,0.98288136720657349,0.96537786722183228,0.017503499984741211,54289f762dca1a8371dc8b72249ababba2eb6476c21b15f3da1e18a6fa56f4b4,0.86607378721237183,0.76998800039291382,0.096085786819458008,12cc654e75efc373aca75d10ea73b192c579ea1ec09bbe85f007b74f9dac33ba
s2b_cf6e6acc52d55ab1c52b076b,113167,TRAIN,laion_clap__vs__muq_mulan_large,B,0,True,,False,9c3bf274cbea6bc8bdc891c51d0e04289bfb0dc3712aad151d530ef65f9114c5,375f1533d6c1d02edc0ba14b999f32b81709ffdb4a845bd61b5b4283d8ebfc66,626ce604a265046829ca1ab690e9196af24c08eebf0467874c61aa1d2efc4019,0.5968593955039978,0.84529685974121094,-0.24843746423721313,40dd8ca0bb1883cce1af02081b36364160ce90be20dca0167c69c18f8e26471b,0.94995135068893433,0.95241421461105347,-0.0024628639221191406,54289f762dca1a8371dc8b72249ababba2eb6476c21b15f3da1e18a6fa56f4b4,0.83271002769470215,0.65936160087585449,0.17334842681884766,12cc654e75efc373aca75d10ea73b192c579ea1ec09bbe85f007b74f9dac33ba
s2b_cffbe4c2aa0e242a6e1668bb,134823,TRAIN,mert_5120__vs__muq_mulan_large,Tie,,False,tie,False,9c3bf274cbea6bc8bdc891c51d0e04289bfb0dc3712aad151d530ef65f9114c5,375f1533d6c1d02edc0ba14b999f32b81709ffdb4a845bd61b5b4283d8ebfc66,626ce604a265046829ca1ab690e9196af24c08eebf0467874c61aa1d2efc4019,0.88129007816314697,0.74499768018722534,0.13629239797592163,40dd8ca0bb1883cce1af02081b36364160ce90be20dca0167c69c18f8e26471b,0.96335983276367188,0.98281395435333252,-0.019454121589660645,54289f762dca1a8371dc8b72249ababba2eb6476c21b15f3da1e18a6fa56f4b4,0.9192841649055481,0.80889999866485596,0.11038416624069214,12cc654e75efc373aca75d10ea73b192c579ea1ec09bbe85f007b74f9dac33ba
s2b_d0678bf47d1a0f9d90efe0a8,143098,VALIDATION,laion_clap__vs__muq_mulan_large,Tie,,False,tie,False,9c3bf274cbea6bc8bdc891c51d0e04289bfb0dc3712aad151d530ef65f9114c5,375f1533d6c1d02edc0ba14b999f32b81709ffdb4a845bd61b5b4283d8ebfc66,626ce604a265046829ca1ab690e9196af24c08eebf0467874c61aa1d2efc4019,0.74937939643859863,0.88564050197601318,-0.13626110553741455,40dd8ca0bb1883cce1af02081b36364160ce90be20dca0167c69c18f8e26471b,0.97190368175506592,0.9700620174407959,0.0018416643142700195,54289f762dca1a8371dc8b72249ababba2eb6476c21b15f3da1e18a6fa56f4b4,0.95149850845336914,0.75662559270858765,0.19487291574478149,12cc654e75efc373aca75d10ea73b192c579ea1ec09bbe85f007b74f9dac33ba
s2b_d2045d5bb083561af1be47cd,42844,TRAIN,mert_5120__vs__muq_mulan_large,A,1,True,,False,9c3bf274cbea6bc8bdc891c51d0e04289bfb0dc3712aad151d530ef65f9114c5,375f1533d6c1d02edc0ba14b999f32b81709ffdb4a845bd61b5b4283d8ebfc66,626ce604a265046829ca1ab690e9196af24c08eebf0467874c61aa1d2efc4019,0.69603699445724487,0.5493462085723877,0.14669078588485718,40dd8ca0bb1883cce1af02081b36364160ce90be20dca0167c69c18f8e26471b,0.93825626373291016,0.96974712610244751,-0.031490862369537354,54289f762dca1a8371dc8b72249ababba2eb6476c21b15f3da1e18a6fa56f4b4,0.93153774738311768,0.48742151260375977,0.44411623477935791,12cc654e75efc373aca75d10ea73b192c579ea1ec09bbe85f007b74f9dac33ba
s2b_d2a7e2b99f8ada82198ee6ea,127359,TRAIN,mert_5120__vs__muq_mulan_large,Tie,,False,tie,False,9c3bf274cbea6bc8bdc891c51d0e04289bfb0dc3712aad151d530ef65f9114c5,375f1533d6c1d02edc0ba14b999f32b81709ffdb4a845bd61b5b4283d8ebfc66,626ce604a265046829ca1ab690e9196af24c08eebf0467874c61aa1d2efc4019,0.76401537656784058,0.86104953289031982,-0.097034156322479248,40dd8ca0bb1883cce1af02081b36364160ce90be20dca0167c69c18f8e26471b,0.98092788457870483,0.97846108675003052,0.0024667978286743164,54289f762dca1a8371dc8b72249ababba2eb6476c21b15f3da1e18a6fa56f4b4,0.95315742492675781,0.97027623653411865,-0.01711881160736084,12cc654e75efc373aca75d10ea73b192c579ea1ec09bbe85f007b74f9dac33ba
s2b_d3921ae3dd595c720398e05d,43586,TRAIN,mert_5120__vs__muq_mulan_large,Tie,,False,tie,True,9c3bf274cbea6bc8bdc891c51d0e04289bfb0dc3712aad151d530ef65f9114c5,375f1533d6c1d02edc0ba14b999f32b81709ffdb4a845bd61b5b4283d8ebfc66,626ce604a265046829ca1ab690e9196af24c08eebf0467874c61aa1d2efc4019,0.8099663257598877,0.84956789016723633,-0.039601564407348633,40dd8ca0bb1883cce1af02081b36364160ce90be20dca0167c69c18f8e26471b,0.98033416271209717,0.97555059194564819,0.0047835707664489746,54289f762dca1a8371dc8b72249ababba2eb6476c21b15f3da1e18a6fa56f4b4,0.65331947803497314,0.9232180118560791,-0.26989853382110596,12cc654e75efc373aca75d10ea73b192c579ea1ec09bbe85f007b74f9dac33ba
s2b_d461af19d47b11c7bf53d86d,48442,TEST,laion_clap__vs__mert_5120,A,1,True,,False,9c3bf274cbea6bc8bdc891c51d0e04289bfb0dc3712aad151d530ef65f9114c5,375f1533d6c1d02edc0ba14b999f32b81709ffdb4a845bd61b5b4283d8ebfc66,626ce604a265046829ca1ab690e9196af24c08eebf0467874c61aa1d2efc4019,0.84154820442199707,0.59138834476470947,0.2501598596572876,40dd8ca0bb1883cce1af02081b36364160ce90be20dca0167c69c18f8e26471b,0.9386410117149353,0.97782140970230103,-0.039180397987365723,54289f762dca1a8371dc8b72249ababba2eb6476c21b15f3da1e18a6fa56f4b4,0.79619723558425903,0.59329766035079956,0.20289957523345947,12cc654e75efc373aca75d10ea73b192c579ea1ec09bbe85f007b74f9dac33ba
s2b_d665810c987729fdf04a66c1,125814,TRAIN,mert_5120__vs__muq_mulan_large,B,0,True,,True,9c3bf274cbea6bc8bdc891c51d0e04289bfb0dc3712aad151d530ef65f9114c5,375f1533d6c1d02edc0ba14b999f32b81709ffdb4a845bd61b5b4283d8ebfc66,626ce604a265046829ca1ab690e9196af24c08eebf0467874c61aa1d2efc4019,0.57237380743026733,0.88717687129974365,-0.31480306386947632,40dd8ca0bb1883cce1af02081b36364160ce90be20dca0167c69c18f8e26471b,0.97643780708312988,0.97371691465377808,0.0027208924293518066,54289f762dca1a8371dc8b72249ababba2eb6476c21b15f3da1e18a6fa56f4b4,0.71109271049499512,0.92004978656768799,-0.20895707607269287,12cc654e75efc373aca75d10ea73b192c579ea1ec09bbe85f007b74f9dac33ba
s2b_d6eedfbd3de57320f2668934,87190,TRAIN,laion_clap__vs__mert_5120,Tie,,False,tie,False,9c3bf274cbea6bc8bdc891c51d0e04289bfb0dc3712aad151d530ef65f9114c5,375f1533d6c1d02edc0ba14b999f32b81709ffdb4a845bd61b5b4283d8ebfc66,626ce604a265046829ca1ab690e9196af24c08eebf0467874c61aa1d2efc4019,0.80708962678909302,0.84132802486419678,-0.03423839807510376,40dd8ca0bb1883cce1af02081b36364160ce90be20dca0167c69c18f8e26471b,0.98037636280059814,0.96898019313812256,0.011396169662475586,54289f762dca1a8371dc8b72249ababba2eb6476c21b15f3da1e18a6fa56f4b4,0.83707165718078613,0.80059278011322021,0.036478877067565918,12cc654e75efc373aca75d10ea73b192c579ea1ec09bbe85f007b74f9dac33ba
s2b_d73624bbd956e3696d923e0d,43586,TRAIN,laion_clap__vs__muq_mulan_large,Tie,,False,tie,True,9c3bf274cbea6bc8bdc891c51d0e04289bfb0dc3712aad151d530ef65f9114c5,375f1533d6c1d02edc0ba14b999f32b81709ffdb4a845bd61b5b4283d8ebfc66,626ce604a265046829ca1ab690e9196af24c08eebf0467874c61aa1d2efc4019,0.8995739221572876,0.84956789016723633,0.05000603199005127,40dd8ca0bb1883cce1af02081b36364160ce90be20dca0167c69c18f8e26471b,0.97731244564056396,0.97555059194564819,0.0017618536949157715,54289f762dca1a8371dc8b72249ababba2eb6476c21b15f3da1e18a6fa56f4b4,0.86823564767837524,0.9232180118560791,-0.054982364177703857,12cc654e75efc373aca75d10ea73b192c579ea1ec09bbe85f007b74f9dac33ba
s2b_d7f6db43e9a4c1fdb75b5721,38896,VALIDATION,mert_5120__vs__muq_mulan_large,B,0,True,,True,9c3bf274cbea6bc8bdc891c51d0e04289bfb0dc3712aad151d530ef65f9114c5,375f1533d6c1d02edc0ba14b999f32b81709ffdb4a845bd61b5b4283d8ebfc66,626ce604a265046829ca1ab690e9196af24c08eebf0467874c61aa1d2efc4019,0.79663646221160889,0.75238382816314697,0.044252634048461914,40dd8ca0bb1883cce1af02081b36364160ce90be20dca0167c69c18f8e26471b,0.90718835592269897,0.96782344579696655,-0.060635089874267578,54289f762dca1a8371dc8b72249ababba2eb6476c21b15f3da1e18a6fa56f4b4,0.96007204055786133,0.8632509708404541,0.096821069717407227,12cc654e75efc373aca75d10ea73b192c579ea1ec09bbe85f007b74f9dac33ba
s2b_d827fd0f2c8b958b25ae9998,38896,VALIDATION,mert_5120__vs__muq_mulan_large,A,1,True,,True,9c3bf274cbea6bc8bdc891c51d0e04289bfb0dc3712aad151d530ef65f9114c5,375f1533d6c1d02edc0ba14b999f32b81709ffdb4a845bd61b5b4283d8ebfc66,626ce604a265046829ca1ab690e9196af24c08eebf0467874c61aa1d2efc4019,0.80491423606872559,0.79663646221160889,0.0082777738571166992,40dd8ca0bb1883cce1af02081b36364160ce90be20dca0167c69c18f8e26471b,0.97246116399765015,0.90718835592269897,0.065272808074951172,54289f762dca1a8371dc8b72249ababba2eb6476c21b15f3da1e18a6fa56f4b4,0.84045398235321045,0.96007204055786133,-0.11961805820465088,12cc654e75efc373aca75d10ea73b192c579ea1ec09bbe85f007b74f9dac33ba
s2b_d85b4bc41867b2cf5b268732,86441,TRAIN,laion_clap__vs__mert_5120,Tie,,False,tie,False,9c3bf274cbea6bc8bdc891c51d0e04289bfb0dc3712aad151d530ef65f9114c5,375f1533d6c1d02edc0ba14b999f32b81709ffdb4a845bd61b5b4283d8ebfc66,626ce604a265046829ca1ab690e9196af24c08eebf0467874c61aa1d2efc4019,0.81422793865203857,0.67033731937408447,0.1438906192779541,40dd8ca0bb1883cce1af02081b36364160ce90be20dca0167c69c18f8e26471b,0.97080516815185547,0.98322594165802002,-0.012420773506164551,54289f762dca1a8371dc8b72249ababba2eb6476c21b15f3da1e18a6fa56f4b4,0.86045300960540771,0.68215852975845337,0.17829447984695435,12cc654e75efc373aca75d10ea73b192c579ea1ec09bbe85f007b74f9dac33ba
s2b_d98bf5d11ca984a294af1eeb,42844,TRAIN,laion_clap__vs__mert_5120,Tie,,False,tie,False,9c3bf274cbea6bc8bdc891c51d0e04289bfb0dc3712aad151d530ef65f9114c5,375f1533d6c1d02edc0ba14b999f32b81709ffdb4a845bd61b5b4283d8ebfc66,626ce604a265046829ca1ab690e9196af24c08eebf0467874c61aa1d2efc4019,0.5493462085723877,0.77529704570770264,-0.22595083713531494,40dd8ca0bb1883cce1af02081b36364160ce90be20dca0167c69c18f8e26471b,0.96974712610244751,0.96329391002655029,0.0064532160758972168,54289f762dca1a8371dc8b72249ababba2eb6476c21b15f3da1e18a6fa56f4b4,0.48742151260375977,0.87133324146270752,-0.38391172885894775,12cc654e75efc373aca75d10ea73b192c579ea1ec09bbe85f007b74f9dac33ba
s2b_da87af4069b68c19a350e05f,87190,TRAIN,mert_5120__vs__muq_mulan_large,A,1,True,,False,9c3bf274cbea6bc8bdc891c51d0e04289bfb0dc3712aad151d530ef65f9114c5,375f1533d6c1d02edc0ba14b999f32b81709ffdb4a845bd61b5b4283d8ebfc66,626ce604a265046829ca1ab690e9196af24c08eebf0467874c61aa1d2efc4019,0.80708962678909302,0.71649456024169922,0.090595066547393799,40dd8ca0bb1883cce1af02081b36364160ce90be20dca0167c69c18f8e26471b,0.98037636280059814,0.96220993995666504,0.018166422843933105,54289f762dca1a8371dc8b72249ababba2eb6476c21b15f3da1e18a6fa56f4b4,0.83707165718078613,0.88721883296966553,-0.050147175788879395,12cc654e75efc373aca75d10ea73b192c579ea1ec09bbe85f007b74f9dac33ba
s2b_db0cc315c3c0fff6c13a567f,110262,TEST,laion_clap__vs__mert_5120,Tie,,False,tie,False,9c3bf274cbea6bc8bdc891c51d0e04289bfb0dc3712aad151d530ef65f9114c5,375f1533d6c1d02edc0ba14b999f32b81709ffdb4a845bd61b5b4283d8ebfc66,626ce604a265046829ca1ab690e9196af24c08eebf0467874c61aa1d2efc4019,0.66966909170150757,0.82166802883148193,-0.15199893712997437,40dd8ca0bb1883cce1af02081b36364160ce90be20dca0167c69c18f8e26471b,0.97094744443893433,0.96143233776092529,0.0095151066780090332,54289f762dca1a8371dc8b72249ababba2eb6476c21b15f3da1e18a6fa56f4b4,0.6218077540397644,0.6728438138961792,-0.051036059856414795,12cc654e75efc373aca75d10ea73b192c579ea1ec09bbe85f007b74f9dac33ba
s2b_ddfedc4937838f08ecf3846c,41605,TRAIN,laion_clap__vs__muq_mulan_large,A,1,True,,False,9c3bf274cbea6bc8bdc891c51d0e04289bfb0dc3712aad151d530ef65f9114c5,375f1533d6c1d02edc0ba14b999f32b81709ffdb4a845bd61b5b4283d8ebfc66,626ce604a265046829ca1ab690e9196af24c08eebf0467874c61aa1d2efc4019,0.73069870471954346,0.18031483888626099,0.55038386583328247,40dd8ca0bb1883cce1af02081b36364160ce90be20dca0167c69c18f8e26471b,0.92352485656738281,0.90639275312423706,0.017132103443145752,54289f762dca1a8371dc8b72249ababba2eb6476c21b15f3da1e18a6fa56f4b4,0.81600236892700195,0.93590807914733887,-0.11990571022033691,12cc654e75efc373aca75d10ea73b192c579ea1ec09bbe85f007b74f9dac33ba
s2b_dee7a61d182f6337f074c31b,106277,TEST,laion_clap__vs__mert_5120,Tie,,False,tie,False,9c3bf274cbea6bc8bdc891c51d0e04289bfb0dc3712aad151d530ef65f9114c5,375f1533d6c1d02edc0ba14b999f32b81709ffdb4a845bd61b5b4283d8ebfc66,626ce604a265046829ca1ab690e9196af24c08eebf0467874c61aa1d2efc4019,0.8302767276763916,0.70552897453308105,0.12474775314331055,40dd8ca0bb1883cce1af02081b36364160ce90be20dca0167c69c18f8e26471b,0.96740591526031494,0.97557342052459717,-0.0081675052642822266,54289f762dca1a8371dc8b72249ababba2eb6476c21b15f3da1e18a6fa56f4b4,0.72488665580749512,0.70096457004547119,0.023922085762023926,12cc654e75efc373aca75d10ea73b192c579ea1ec09bbe85f007b74f9dac33ba
s2b_df71384933cee93b33d8934f,68844,TEST,mert_5120__vs__muq_mulan_large,A,1,True,,True,9c3bf274cbea6bc8bdc891c51d0e04289bfb0dc3712aad151d530ef65f9114c5,375f1533d6c1d02edc0ba14b999f32b81709ffdb4a845bd61b5b4283d8ebfc66,626ce604a265046829ca1ab690e9196af24c08eebf0467874c61aa1d2efc4019,0.8236040472984314,0.56685042381286621,0.25675362348556519,40dd8ca0bb1883cce1af02081b36364160ce90be20dca0167c69c18f8e26471b,0.98931759595870972,0.92450737953186035,0.064810216426849365,54289f762dca1a8371dc8b72249ababba2eb6476c21b15f3da1e18a6fa56f4b4,0.86371052265167236,0.87200331687927246,-0.0082927942276000977,12cc654e75efc373aca75d10ea73b192c579ea1ec09bbe85f007b74f9dac33ba
s2b_e03d8a07ad7f341943b2a1d0,84095,TRAIN,mert_5120__vs__muq_mulan_large,A,1,True,,False,9c3bf274cbea6bc8bdc891c51d0e04289bfb0dc3712aad151d530ef65f9114c5,375f1533d6c1d02edc0ba14b999f32b81709ffdb4a845bd61b5b4283d8ebfc66,626ce604a265046829ca1ab690e9196af24c08eebf0467874c61aa1d2efc4019,0.79743534326553345,0.62167090177536011,0.17576444149017334,40dd8ca0bb1883cce1af02081b36364160ce90be20dca0167c69c18f8e26471b,0.98192977905273438,0.94518554210662842,0.036744236946105957,54289f762dca1a8371dc8b72249ababba2eb6476c21b15f3da1e18a6fa56f4b4,0.8869403600692749,0.92480683326721191,-0.037866473197937012,12cc654e75efc373aca75d10ea73b192c579ea1ec09bbe85f007b74f9dac33ba
s2b_e1a2d821c8652b0966ebe6c6,110262,TEST,laion_clap__vs__muq_mulan_large,A,1,True,,False,9c3bf274cbea6bc8bdc891c51d0e04289bfb0dc3712aad151d530ef65f9114c5,375f1533d6c1d02edc0ba14b999f32b81709ffdb4a845bd61b5b4283d8ebfc66,626ce604a265046829ca1ab690e9196af24c08eebf0467874c61aa1d2efc4019,0.82166802883148193,0.66609340906143188,0.15557461977005005,40dd8ca0bb1883cce1af02081b36364160ce90be20dca0167c69c18f8e26471b,0.96143233776092529,0.92209553718566895,0.039336800575256348,54289f762dca1a8371dc8b72249ababba2eb6476c21b15f3da1e18a6fa56f4b4,0.6728438138961792,0.85264217853546143,-0.17979836463928223,12cc654e75efc373aca75d10ea73b192c579ea1ec09bbe85f007b74f9dac33ba
s2b_e2c54f5defc2e4d6260bcd8a,52393,TEST,laion_clap__vs__muq_mulan_large,A,1,True,,False,9c3bf274cbea6bc8bdc891c51d0e04289bfb0dc3712aad151d530ef65f9114c5,375f1533d6c1d02edc0ba14b999f32b81709ffdb4a845bd61b5b4283d8ebfc66,626ce604a265046829ca1ab690e9196af24c08eebf0467874c61aa1d2efc4019,0.86191189289093018,0.45580005645751953,0.40611183643341064,40dd8ca0bb1883cce1af02081b36364160ce90be20dca0167c69c18f8e26471b,0.95130419731140137,0.88752824068069458,0.063775956630706787,54289f762dca1a8371dc8b72249ababba2eb6476c21b15f3da1e18a6fa56f4b4,0.42115691304206848,0.90557503700256348,-0.484418123960495,12cc654e75efc373aca75d10ea73b192c579ea1ec09bbe85f007b74f9dac33ba
s2b_e31d22422386a0312c1f34ff,94465,VALIDATION,laion_clap__vs__mert_5120,B,0,True,,True,9c3bf274cbea6bc8bdc891c51d0e04289bfb0dc3712aad151d530ef65f9114c5,375f1533d6c1d02edc0ba14b999f32b81709ffdb4a845bd61b5b4283d8ebfc66,626ce604a265046829ca1ab690e9196af24c08eebf0467874c61aa1d2efc4019,0.44883328676223755,0.90059351921081543,-0.45176023244857788,40dd8ca0bb1883cce1af02081b36364160ce90be20dca0167c69c18f8e26471b,0.97663319110870361,0.96585714817047119,0.010776042938232422,54289f762dca1a8371dc8b72249ababba2eb6476c21b15f3da1e18a6fa56f4b4,0.73908865451812744,0.85631781816482544,-0.117229163646698,12cc654e75efc373aca75d10ea73b192c579ea1ec09bbe85f007b74f9dac33ba
s2b_e4f56bc33f90599bd6259a4c,134930,VALIDATION,laion_clap__vs__mert_5120,Tie,,False,tie,True,9c3bf274cbea6bc8bdc891c51d0e04289bfb0dc3712aad151d530ef65f9114c5,375f1533d6c1d02edc0ba14b999f32b81709ffdb4a845bd61b5b4283d8ebfc66,626ce604a265046829ca1ab690e9196af24c08eebf0467874c61aa1d2efc4019,0.91169428825378418,0.87336993217468262,0.038324356079101562,40dd8ca0bb1883cce1af02081b36364160ce90be20dca0167c69c18f8e26471b,0.96964126825332642,0.9802899956703186,-0.010648727416992188,54289f762dca1a8371dc8b72249ababba2eb6476c21b15f3da1e18a6fa56f4b4,0.86723077297210693,0.90557771921157837,-0.038346946239471436,12cc654e75efc373aca75d10ea73b192c579ea1ec09bbe85f007b74f9dac33ba
s2b_e535accd899744a70901f8f9,86441,TRAIN,laion_clap__vs__mert_5120,B,0,True,,False,9c3bf274cbea6bc8bdc891c51d0e04289bfb0dc3712aad151d530ef65f9114c5,375f1533d6c1d02edc0ba14b999f32b81709ffdb4a845bd61b5b4283d8ebfc66,626ce604a265046829ca1ab690e9196af24c08eebf0467874c61aa1d2efc4019,0.67033731937408447,0.83015710115432739,-0.15981978178024292,40dd8ca0bb1883cce1af02081b36364160ce90be20dca0167c69c18f8e26471b,0.98322594165802002,0.97182935476303101,0.011396586894989014,54289f762dca1a8371dc8b72249ababba2eb6476c21b15f3da1e18a6fa56f4b4,0.68215852975845337,0.86389696598052979,-0.18173843622207642,12cc654e75efc373aca75d10ea73b192c579ea1ec09bbe85f007b74f9dac33ba
s2b_e6ba7a0fa7332528b79f8d9d,32340,TEST,laion_clap__vs__mert_5120,Neither,,False,neither,False,9c3bf274cbea6bc8bdc891c51d0e04289bfb0dc3712aad151d530ef65f9114c5,375f1533d6c1d02edc0ba14b999f32b81709ffdb4a845bd61b5b4283d8ebfc66,626ce604a265046829ca1ab690e9196af24c08eebf0467874c61aa1d2efc4019,0.79757118225097656,0.46436613798141479,0.33320504426956177,40dd8ca0bb1883cce1af02081b36364160ce90be20dca0167c69c18f8e26471b,0.93664920330047607,0.96277356147766113,-0.026124358177185059,54289f762dca1a8371dc8b72249ababba2eb6476c21b15f3da1e18a6fa56f4b4,0.62345743179321289,0.36903303861618042,0.25442439317703247,12cc654e75efc373aca75d10ea73b192c579ea1ec09bbe85f007b74f9dac33ba
s2b_e6c69206ff2aefe3944df70a,125193,VALIDATION,laion_clap__vs__mert_5120,A,1,True,,True,9c3bf274cbea6bc8bdc891c51d0e04289bfb0dc3712aad151d530ef65f9114c5,375f1533d6c1d02edc0ba14b999f32b81709ffdb4a845bd61b5b4283d8ebfc66,626ce604a265046829ca1ab690e9196af24c08eebf0467874c61aa1d2efc4019,0.89195096492767334,0.78970777988433838,0.10224318504333496,40dd8ca0bb1883cce1af02081b36364160ce90be20dca0167c69c18f8e26471b,0.96212625503540039,0.97958385944366455,-0.01745760440826416,54289f762dca1a8371dc8b72249ababba2eb6476c21b15f3da1e18a6fa56f4b4,0.86809897422790527,0.83868080377578735,0.02941817045211792,12cc654e75efc373aca75d10ea73b192c579ea1ec09bbe85f007b74f9dac33ba
s2b_e6fa2d1d32fc7240768eca7a,10435,TEST,laion_clap__vs__mert_5120,A,1,True,,False,9c3bf274cbea6bc8bdc891c51d0e04289bfb0dc3712aad151d530ef65f9114c5,375f1533d6c1d02edc0ba14b999f32b81709ffdb4a845bd61b5b4283d8ebfc66,626ce604a265046829ca1ab690e9196af24c08eebf0467874c61aa1d2efc4019,0.79310405254364014,0.46805357933044434,0.3250504732131958,40dd8ca0bb1883cce1af02081b36364160ce90be20dca0167c69c18f8e26471b,0.93063664436340332,0.96913599967956543,-0.038499355316162109,54289f762dca1a8371dc8b72249ababba2eb6476c21b15f3da1e18a6fa56f4b4,0.59167391061782837,0.45506966114044189,0.13660424947738647,12cc654e75efc373aca75d10ea73b192c579ea1ec09bbe85f007b74f9dac33ba
s2b_ec1a056d94b2b658a58c1bac,143098,VALIDATION,laion_clap__vs__muq_mulan_large,Tie,,False,tie,False,9c3bf274cbea6bc8bdc891c51d0e04289bfb0dc3712aad151d530ef65f9114c5,375f1533d6c1d02edc0ba14b999f32b81709ffdb4a845bd61b5b4283d8ebfc66,626ce604a265046829ca1ab690e9196af24c08eebf0467874c61aa1d2efc4019,0.88564050197601318,0.75961852073669434,0.12602198123931885,40dd8ca0bb1883cce1af02081b36364160ce90be20dca0167c69c18f8e26471b,0.9700620174407959,0.97364658117294312,-0.0035845637321472168,54289f762dca1a8371dc8b72249ababba2eb6476c21b15f3da1e18a6fa56f4b4,0.75662559270858765,0.96306693553924561,-0.20644134283065796,12cc654e75efc373aca75d10ea73b192c579ea1ec09bbe85f007b74f9dac33ba
s2b_ec8b3bd2cb379f35e8a844e6,32340,TEST,laion_clap__vs__muq_mulan_large,B,0,True,,False,9c3bf274cbea6bc8bdc891c51d0e04289bfb0dc3712aad151d530ef65f9114c5,375f1533d6c1d02edc0ba14b999f32b81709ffdb4a845bd61b5b4283d8ebfc66,626ce604a265046829ca1ab690e9196af24c08eebf0467874c61aa1d2efc4019,0.71173018217086792,0.77699220180511475,-0.065262019634246826,40dd8ca0bb1883cce1af02081b36364160ce90be20dca0167c69c18f8e26471b,0.90339648723602295,0.91107046604156494,-0.0076739788055419922,54289f762dca1a8371dc8b72249ababba2eb6476c21b15f3da1e18a6fa56f4b4,0.86718529462814331,0.42852848768234253,0.43865680694580078,12cc654e75efc373aca75d10ea73b192c579ea1ec09bbe85f007b74f9dac33ba
s2b_eca3fda18150374d252c4920,87190,TRAIN,laion_clap__vs__muq_mulan_large,A,1,True,,False,9c3bf274cbea6bc8bdc891c51d0e04289bfb0dc3712aad151d530ef65f9114c5,375f1533d6c1d02edc0ba14b999f32b81709ffdb4a845bd61b5b4283d8ebfc66,626ce604a265046829ca1ab690e9196af24c08eebf0467874c61aa1d2efc4019,0.84132802486419678,0.71072846651077271,0.13059955835342407,40dd8ca0bb1883cce1af02081b36364160ce90be20dca0167c69c18f8e26471b,0.96898019313812256,0.94070577621459961,0.028274416923522949,54289f762dca1a8371dc8b72249ababba2eb6476c21b15f3da1e18a6fa56f4b4,0.80059278011322021,0.88626748323440552,-0.085674703121185303,12cc654e75efc373aca75d10ea73b192c579ea1ec09bbe85f007b74f9dac33ba
s2b_eebab5b9699984f6f0be4672,68844,TEST,mert_5120__vs__muq_mulan_large,Tie,,False,tie,True,9c3bf274cbea6bc8bdc891c51d0e04289bfb0dc3712aad151d530ef65f9114c5,375f1533d6c1d02edc0ba14b999f32b81709ffdb4a845bd61b5b4283d8ebfc66,626ce604a265046829ca1ab690e9196af24c08eebf0467874c61aa1d2efc4019,0.80619591474533081,0.8236040472984314,-0.017408132553100586,40dd8ca0bb1883cce1af02081b36364160ce90be20dca0167c69c18f8e26471b,0.94319349527359009,0.98931759595870972,-0.046124100685119629,54289f762dca1a8371dc8b72249ababba2eb6476c21b15f3da1e18a6fa56f4b4,0.91492348909378052,0.86371052265167236,0.051212966442108154,12cc654e75efc373aca75d10ea73b192c579ea1ec09bbe85f007b74f9dac33ba
s2b_f0da95beedc77627ccd94b51,75317,TRAIN,mert_5120__vs__muq_mulan_large,Neither,,False,neither,False,9c3bf274cbea6bc8bdc891c51d0e04289bfb0dc3712aad151d530ef65f9114c5,375f1533d6c1d02edc0ba14b999f32b81709ffdb4a845bd61b5b4283d8ebfc66,626ce604a265046829ca1ab690e9196af24c08eebf0467874c61aa1d2efc4019,0.42971682548522949,0.56416040658950806,-0.13444358110427856,40dd8ca0bb1883cce1af02081b36364160ce90be20dca0167c69c18f8e26471b,0.96629214286804199,0.92193382978439331,0.044358313083648682,54289f762dca1a8371dc8b72249ababba2eb6476c21b15f3da1e18a6fa56f4b4,0.36072778701782227,0.93209993839263916,-0.57137215137481689,12cc654e75efc373aca75d10ea73b192c579ea1ec09bbe85f007b74f9dac33ba
s2b_f21cf4def276166a66a08553,113167,TRAIN,mert_5120__vs__muq_mulan_large,A,1,True,,False,9c3bf274cbea6bc8bdc891c51d0e04289bfb0dc3712aad151d530ef65f9114c5,375f1533d6c1d02edc0ba14b999f32b81709ffdb4a845bd61b5b4283d8ebfc66,626ce604a265046829ca1ab690e9196af24c08eebf0467874c61aa1d2efc4019,0.64523947238922119,0.5968593955039978,0.048380076885223389,40dd8ca0bb1883cce1af02081b36364160ce90be20dca0167c69c18f8e26471b,0.97326534986495972,0.94995135068893433,0.023313999176025391,54289f762dca1a8371dc8b72249ababba2eb6476c21b15f3da1e18a6fa56f4b4,0.82707381248474121,0.83271002769470215,-0.0056362152099609375,12cc654e75efc373aca75d10ea73b192c579ea1ec09bbe85f007b74f9dac33ba
s2b_f24cd189c9e0307e8e99dfcb,94465,VALIDATION,laion_clap__vs__muq_mulan_large,A,1,True,,True,9c3bf274cbea6bc8bdc891c51d0e04289bfb0dc3712aad151d530ef65f9114c5,375f1533d6c1d02edc0ba14b999f32b81709ffdb4a845bd61b5b4283d8ebfc66,626ce604a265046829ca1ab690e9196af24c08eebf0467874c61aa1d2efc4019,0.90154337882995605,0.75918805599212646,0.14235532283782959,40dd8ca0bb1883cce1af02081b36364160ce90be20dca0167c69c18f8e26471b,0.95423233509063721,0.95364844799041748,0.00058388710021972656,54289f762dca1a8371dc8b72249ababba2eb6476c21b15f3da1e18a6fa56f4b4,0.85269320011138916,0.92716789245605469,-0.074474692344665527,12cc654e75efc373aca75d10ea73b192c579ea1ec09bbe85f007b74f9dac33ba
s2b_f35829e97c3a1271e40cc67b,75317,TRAIN,mert_5120__vs__muq_mulan_large,Neither,,False,neither,False,9c3bf274cbea6bc8bdc891c51d0e04289bfb0dc3712aad151d530ef65f9114c5,375f1533d6c1d02edc0ba14b999f32b81709ffdb4a845bd61b5b4283d8ebfc66,626ce604a265046829ca1ab690e9196af24c08eebf0467874c61aa1d2efc4019,0.56416040658950806,0.51842081546783447,0.045739591121673584,40dd8ca0bb1883cce1af02081b36364160ce90be20dca0167c69c18f8e26471b,0.92193382978439331,0.96631860733032227,-0.044384777545928955,54289f762dca1a8371dc8b72249ababba2eb6476c21b15f3da1e18a6fa56f4b4,0.93209993839263916,0.69313549995422363,0.23896443843841553,12cc654e75efc373aca75d10ea73b192c579ea1ec09bbe85f007b74f9dac33ba
s2b_f4cae326a8d3bdea96597b14,134823,TRAIN,laion_clap__vs__muq_mulan_large,A,1,True,,False,9c3bf274cbea6bc8bdc891c51d0e04289bfb0dc3712aad151d530ef65f9114c5,375f1533d6c1d02edc0ba14b999f32b81709ffdb4a845bd61b5b4283d8ebfc66,626ce604a265046829ca1ab690e9196af24c08eebf0467874c61aa1d2efc4019,0.88129007816314697,0.91561901569366455,-0.034328937530517578,40dd8ca0bb1883cce1af02081b36364160ce90be20dca0167c69c18f8e26471b,0.96335983276367188,0.95059973001480103,0.01276010274887085,54289f762dca1a8371dc8b72249ababba2eb6476c21b15f3da1e18a6fa56f4b4,0.9192841649055481,0.73034226894378662,0.18894189596176147,12cc654e75efc373aca75d10ea73b192c579ea1ec09bbe85f007b74f9dac33ba
s2b_f5c65d68f0ed5cbeb42f7ad4,48442,TEST,mert_5120__vs__muq_mulan_large,B,0,True,,False,9c3bf274cbea6bc8bdc891c51d0e04289bfb0dc3712aad151d530ef65f9114c5,375f1533d6c1d02edc0ba14b999f32b81709ffdb4a845bd61b5b4283d8ebfc66,626ce604a265046829ca1ab690e9196af24c08eebf0467874c61aa1d2efc4019,0.59138834476470947,0.74462997913360596,-0.15324163436889648,40dd8ca0bb1883cce1af02081b36364160ce90be20dca0167c69c18f8e26471b,0.97782140970230103,0.93813061714172363,0.039690792560577393,54289f762dca1a8371dc8b72249ababba2eb6476c21b15f3da1e18a6fa56f4b4,0.59329766035079956,0.94037151336669922,-0.34707385301589966,12cc654e75efc373aca75d10ea73b192c579ea1ec09bbe85f007b74f9dac33ba
s2b_f5f79a51a8f0c1cf6a8a3cd3,149712,VALIDATION,laion_clap__vs__mert_5120,B,0,True,,False,9c3bf274cbea6bc8bdc891c51d0e04289bfb0dc3712aad151d530ef65f9114c5,375f1533d6c1d02edc0ba14b999f32b81709ffdb4a845bd61b5b4283d8ebfc66,626ce604a265046829ca1ab690e9196af24c08eebf0467874c61aa1d2efc4019,0.82793158292770386,0.56697607040405273,0.26095551252365112,40dd8ca0bb1883cce1af02081b36364160ce90be20dca0167c69c18f8e26471b,0.95175433158874512,0.97273415327072144,-0.020979821681976318,54289f762dca1a8371dc8b72249ababba2eb6476c21b15f3da1e18a6fa56f4b4,0.51249843835830688,0.44033581018447876,0.072162628173828125,12cc654e75efc373aca75d10ea73b192c579ea1ec09bbe85f007b74f9dac33ba
s2b_f6c8bab27f2646870037a7e8,41605,TRAIN,mert_5120__vs__muq_mulan_large,B,0,True,,False,9c3bf274cbea6bc8bdc891c51d0e04289bfb0dc3712aad151d530ef65f9114c5,375f1533d6c1d02edc0ba14b999f32b81709ffdb4a845bd61b5b4283d8ebfc66,626ce604a265046829ca1ab690e9196af24c08eebf0467874c61aa1d2efc4019,0.45174336433410645,0.60218733549118042,-0.15044397115707397,40dd8ca0bb1883cce1af02081b36364160ce90be20dca0167c69c18f8e26471b,0.96370935440063477,0.9241863489151001,0.039523005485534668,54289f762dca1a8371dc8b72249ababba2eb6476c21b15f3da1e18a6fa56f4b4,0.72444057464599609,0.94100147485733032,-0.21656090021133423,12cc654e75efc373aca75d10ea73b192c579ea1ec09bbe85f007b74f9dac33ba
s2b_f85fd3dd263cef72efa6b319,127359,TRAIN,laion_clap__vs__muq_mulan_large,Tie,,False,tie,False,9c3bf274cbea6bc8bdc891c51d0e04289bfb0dc3712aad151d530ef65f9114c5,375f1533d6c1d02edc0ba14b999f32b81709ffdb4a845bd61b5b4283d8ebfc66,626ce604a265046829ca1ab690e9196af24c08eebf0467874c61aa1d2efc4019,0.88231134414672852,0.86104953289031982,0.021261811256408691,40dd8ca0bb1883cce1af02081b36364160ce90be20dca0167c69c18f8e26471b,0.98399156332015991,0.97846108675003052,0.0055304765701293945,54289f762dca1a8371dc8b72249ababba2eb6476c21b15f3da1e18a6fa56f4b4,0.92740428447723389,0.97027623653411865,-0.042871952056884766,12cc654e75efc373aca75d10ea73b192c579ea1ec09bbe85f007b74f9dac33ba
s2b_f939186aba5baae8d1c38925,92885,TRAIN,mert_5120__vs__muq_mulan_large,B,0,True,,True,9c3bf274cbea6bc8bdc891c51d0e04289bfb0dc3712aad151d530ef65f9114c5,375f1533d6c1d02edc0ba14b999f32b81709ffdb4a845bd61b5b4283d8ebfc66,626ce604a265046829ca1ab690e9196af24c08eebf0467874c61aa1d2efc4019,0.35026097297668457,0.80788862705230713,-0.45762765407562256,40dd8ca0bb1883cce1af02081b36364160ce90be20dca0167c69c18f8e26471b,0.96902608871459961,0.94558846950531006,0.023437619209289551,54289f762dca1a8371dc8b72249ababba2eb6476c21b15f3da1e18a6fa56f4b4,0.60763376951217651,0.92082452774047852,-0.313190758228302,12cc654e75efc373aca75d10ea73b192c579ea1ec09bbe85f007b74f9dac33ba
s2b_f97f3b3dd6ad29d622066079,124913,TEST,laion_clap__vs__muq_mulan_large,A,1,True,,False,9c3bf274cbea6bc8bdc891c51d0e04289bfb0dc3712aad151d530ef65f9114c5,375f1533d6c1d02edc0ba14b999f32b81709ffdb4a845bd61b5b4283d8ebfc66,626ce604a265046829ca1ab690e9196af24c08eebf0467874c61aa1d2efc4019,0.8692326545715332,0.86883878707885742,0.00039386749267578125,40dd8ca0bb1883cce1af02081b36364160ce90be20dca0167c69c18f8e26471b,0.97779929637908936,0.96406888961791992,0.013730406761169434,54289f762dca1a8371dc8b72249ababba2eb6476c21b15f3da1e18a6fa56f4b4,0.83983230590820312,0.91735553741455078,-0.077523231506347656,12cc654e75efc373aca75d10ea73b192c579ea1ec09bbe85f007b74f9dac33ba
s2b_f9cc0b8ba97fbb02c406670f,107027,TEST,laion_clap__vs__mert_5120,Tie,,False,tie,False,9c3bf274cbea6bc8bdc891c51d0e04289bfb0dc3712aad151d530ef65f9114c5,375f1533d6c1d02edc0ba14b999f32b81709ffdb4a845bd61b5b4283d8ebfc66,626ce604a265046829ca1ab690e9196af24c08eebf0467874c61aa1d2efc4019,0.45195665955543518,0.84111899137496948,-0.3891623318195343,40dd8ca0bb1883cce1af02081b36364160ce90be20dca0167c69c18f8e26471b,0.98171472549438477,0.95905405282974243,0.022660672664642334,54289f762dca1a8371dc8b72249ababba2eb6476c21b15f3da1e18a6fa56f4b4,0.54065567255020142,0.8810276985168457,-0.34037202596664429,12cc654e75efc373aca75d10ea73b192c579ea1ec09bbe85f007b74f9dac33ba
s2b_fb15ffc52051fa625789807a,11790,TRAIN,laion_clap__vs__muq_mulan_large,B,0,True,,False,9c3bf274cbea6bc8bdc891c51d0e04289bfb0dc3712aad151d530ef65f9114c5,375f1533d6c1d02edc0ba14b999f32b81709ffdb4a845bd61b5b4283d8ebfc66,626ce604a265046829ca1ab690e9196af24c08eebf0467874c61aa1d2efc4019,0.78577429056167603,0.76123654842376709,0.024537742137908936,40dd8ca0bb1883cce1af02081b36364160ce90be20dca0167c69c18f8e26471b,0.93969464302062988,0.91413772106170654,0.02555692195892334,54289f762dca1a8371dc8b72249ababba2eb6476c21b15f3da1e18a6fa56f4b4,0.44659176468849182,0.92210114002227783,-0.47550937533378601,12cc654e75efc373aca75d10ea73b192c579ea1ec09bbe85f007b74f9dac33ba
s2b_fc938b11deb9d022b8359a2b,105408,VALIDATION,laion_clap__vs__muq_mulan_large,Tie,,False,tie,True,9c3bf274cbea6bc8bdc891c51d0e04289bfb0dc3712aad151d530ef65f9114c5,375f1533d6c1d02edc0ba14b999f32b81709ffdb4a845bd61b5b4283d8ebfc66,626ce604a265046829ca1ab690e9196af24c08eebf0467874c61aa1d2efc4019,0.82909733057022095,0.71787786483764648,0.11121946573257446,40dd8ca0bb1883cce1af02081b36364160ce90be20dca0167c69c18f8e26471b,0.97423630952835083,0.95556199550628662,0.018674314022064209,54289f762dca1a8371dc8b72249ababba2eb6476c21b15f3da1e18a6fa56f4b4,0.91503775119781494,0.93765795230865479,-0.022620201110839844,12cc654e75efc373aca75d10ea73b192c579ea1ec09bbe85f007b74f9dac33ba
s2b_fcef2d8eb71763db90da232a,41605,TRAIN,laion_clap__vs__mert_5120,B,0,True,,False,9c3bf274cbea6bc8bdc891c51d0e04289bfb0dc3712aad151d530ef65f9114c5,375f1533d6c1d02edc0ba14b999f32b81709ffdb4a845bd61b5b4283d8ebfc66,626ce604a265046829ca1ab690e9196af24c08eebf0467874c61aa1d2efc4019,0.45174336433410645,0.73069870471954346,-0.27895534038543701,40dd8ca0bb1883cce1af02081b36364160ce90be20dca0167c69c18f8e26471b,0.96370935440063477,0.92352485656738281,0.040184497833251953,54289f762dca1a8371dc8b72249ababba2eb6476c21b15f3da1e18a6fa56f4b4,0.72444057464599609,0.81600236892700195,-0.091561794281005859,12cc654e75efc373aca75d10ea73b192c579ea1ec09bbe85f007b74f9dac33ba
s2b_fdece5c2f6352bfdec9b7981,32340,TEST,laion_clap__vs__muq_mulan_large,Neither,,False,neither,False,9c3bf274cbea6bc8bdc891c51d0e04289bfb0dc3712aad151d530ef65f9114c5,375f1533d6c1d02edc0ba14b999f32b81709ffdb4a845bd61b5b4283d8ebfc66,626ce604a265046829ca1ab690e9196af24c08eebf0467874c61aa1d2efc4019,0.79757118225097656,0.71173018217086792,0.085841000080108643,40dd8ca0bb1883cce1af02081b36364160ce90be20dca0167c69c18f8e26471b,0.93664920330047607,0.90339648723602295,0.033252716064453125,54289f762dca1a8371dc8b72249ababba2eb6476c21b15f3da1e18a6fa56f4b4,0.62345743179321289,0.86718529462814331,-0.24372786283493042,12cc654e75efc373aca75d10ea73b192c579ea1ec09bbe85f007b74f9dac33ba
s2b_fed0ad6e7e5c506141cf787c,107027,TEST,laion_clap__vs__mert_5120,B,0,True,,False,9c3bf274cbea6bc8bdc891c51d0e04289bfb0dc3712aad151d530ef65f9114c5,375f1533d6c1d02edc0ba14b999f32b81709ffdb4a845bd61b5b4283d8ebfc66,626ce604a265046829ca1ab690e9196af24c08eebf0467874c61aa1d2efc4019,0.84111899137496948,0.68626487255096436,0.15485411882400513,40dd8ca0bb1883cce1af02081b36364160ce90be20dca0167c69c18f8e26471b,0.95905405282974243,0.9820629358291626,-0.023008882999420166,54289f762dca1a8371dc8b72249ababba2eb6476c21b15f3da1e18a6fa56f4b4,0.8810276985168457,0.72708863019943237,0.15393906831741333,12cc654e75efc373aca75d10ea73b192c579ea1ec09bbe85f007b74f9dac33ba
s2b_ff66aa961ee09beec88fb9ba,127359,TRAIN,laion_clap__vs__muq_mulan_large,A,1,True,,True,9c3bf274cbea6bc8bdc891c51d0e04289bfb0dc3712aad151d530ef65f9114c5,375f1533d6c1d02edc0ba14b999f32b81709ffdb4a845bd61b5b4283d8ebfc66,626ce604a265046829ca1ab690e9196af24c08eebf0467874c61aa1d2efc4019,0.93301284313201904,0.86104953289031982,0.071963310241699219,40dd8ca0bb1883cce1af02081b36364160ce90be20dca0167c69c18f8e26471b,0.98844563961029053,0.97846108675003052,0.0099845528602600098,54289f762dca1a8371dc8b72249ababba2eb6476c21b15f3da1e18a6fa56f4b4,0.97007942199707031,0.97027623653411865,-0.00019681453704833984,12cc654e75efc373aca75d10ea73b192c579ea1ec09bbe85f007b74f9dac33ba
