review_schema_version,benchmark_id,spotify_track_id,expected_title,expected_artists,expected_album,expected_duration_seconds,expected_release_year,discovery_mode,query_variant_index,query_artist,search_query,youtube_rank,candidate_video_id,candidate_url,candidate_title,candidate_uploader,candidate_channel,candidate_duration_seconds,candidate_view_count,candidate_description,candidate_review_label,candidate_note,track_note
stage5b5-representative-v4-human-review-v1,stage5b5_representative_v4_001,12xARyH7lVwQyeyBJd80Mz,Snow White Petals and Lights,City Girl,Loveless Shadows,187.5,2017,PRIMARY_MULTI_ARTIST,0,,Snow White Petals and Lights City Girl,1,gntTO_iobU8,https://www.youtube.com/watch?v=gntTO_iobU8,Snow White Petals and Lights,City Girl,City Girl,188.0,35783,Provided to YouTube by TuneCore Snow White Petals and Lights · City Girl Loveless Shadows ℗ 2017 City Girl Released on: ...,IDEAL,"Exact song identity with official, artist, label, distributor, or Topic evidence.",
stage5b5-representative-v4-human-review-v1,stage5b5_representative_v4_001,12xARyH7lVwQyeyBJd80Mz,Snow White Petals and Lights,City Girl,Loveless Shadows,187.5,2017,PRIMARY_MULTI_ARTIST,0,,Snow White Petals and Lights City Girl,2,AgDBat46bI8,https://www.youtube.com/watch?v=AgDBat46bI8,City Girl - Snow White Petals And Lights {Slowed} {One Hour},Livi,Livi,3739.0,18,"Welcome! Thank you for viewing and listening to my video! Music isn't by me, I only slowed it down. Enjoy the music and relax ^v^ ...",,,
stage5b5-representative-v4-human-review-v1,stage5b5_representative_v4_001,12xARyH7lVwQyeyBJd80Mz,Snow White Petals and Lights,City Girl,Loveless Shadows,187.5,2017,PRIMARY_MULTI_ARTIST,0,,Snow White Petals and Lights City Girl,3,GW6ow7O4Tyg,https://www.youtube.com/watch?v=GW6ow7O4Tyg,city girl | loveless shadows [full album] 🖤,City Girl,City Girl,1463.0,923797,... city girl - exploring old alleys filled with wires and weathered concrete 12:15 city girl - snow white petals and lights 15:23 city girl ...,,,
stage5b5-representative-v4-human-review-v1,stage5b5_representative_v4_002,5VkiEgvft4mVFaUlE8PHpC,ghost of you,FION,ghost of you,260.613,2021,PRIMARY_MULTI_ARTIST,0,,ghost of you FION,1,X3heTIz9MQU,https://www.youtube.com/watch?v=X3heTIz9MQU,ghost of you,FION - Topic,FION - Topic,261.0,42341,Provided to YouTube by DistroKid ghost of you · FION ghost of you ℗ Fion Lam Released on: 2021-05-28 Auto-generated by ...,IDEAL,"Exact song identity with official, artist, label, distributor, or Topic evidence.",
stage5b5-representative-v4-human-review-v1,stage5b5_representative_v4_002,5VkiEgvft4mVFaUlE8PHpC,ghost of you,FION,ghost of you,260.613,2021,PRIMARY_MULTI_ARTIST,0,,ghost of you FION,2,7kLQN-YuQgU,https://www.youtube.com/watch?v=7kLQN-YuQgU,stan twitter: fiona is that a ghost behind you,💙Liam Moore💙,💙Liam Moore💙,51.0,191750,,,,
stage5b5-representative-v4-human-review-v1,stage5b5_representative_v4_002,5VkiEgvft4mVFaUlE8PHpC,ghost of you,FION,ghost of you,260.613,2021,PRIMARY_MULTI_ARTIST,0,,ghost of you FION,3,S2ADd-N_seI,https://www.youtube.com/watch?v=S2ADd-N_seI,Fiona is that a ghost behind you ?!,Domi,Domi,57.0,1119,,,,
stage5b5-representative-v4-human-review-v1,stage5b5_representative_v4_003,2VFBhyKZGetj8nGORSfhcv,laundry,88rising | yy,laundry,149.885,2025,PRIMARY_MULTI_ARTIST,0,,laundry 88rising yy,1,W0wREoegLVo,https://www.youtube.com/watch?v=W0wREoegLVo,"88rising, yy - laundry",88rising,88rising,150.0,67057,"laundry by 88rising, yy OUT NOW http://88rising.lnk.to/laundry Follow yy https://www.instagram.com/soilyoil Subscribe to 88rising ...",IDEAL,"Exact song identity with official, artist, label, distributor, or Topic evidence.",
stage5b5-representative-v4-human-review-v1,stage5b5_representative_v4_003,2VFBhyKZGetj8nGORSfhcv,laundry,88rising | yy,laundry,149.885,2025,PRIMARY_MULTI_ARTIST,0,,laundry 88rising yy,2,jp1D3AfyrqY,https://www.youtube.com/watch?v=jp1D3AfyrqY,"laundry by yy - Head In The Clouds 2025 (June 1, 2025)",lexsunsh1ne,lexsunsh1ne,138.0,1577,The rest of the setlist: https://youtube.com/playlist?list=PL3KCizm2UdzF6yf010rUlgeNCQern0f2Q&si=PeeYvFByYUyWbtSL.,,,
stage5b5-representative-v4-human-review-v1,stage5b5_representative_v4_003,2VFBhyKZGetj8nGORSfhcv,laundry,88rising | yy,laundry,149.885,2025,PRIMARY_MULTI_ARTIST,0,,laundry 88rising yy,3,M21WvbG8q6U,https://www.youtube.com/watch?v=M21WvbG8q6U,yy - laundry 和訳　lyric,skr,skr,150.0,115,https://youtu.be/W0wREoegLVo.,,,
stage5b5-representative-v4-human-review-v1,stage5b5_representative_v4_004,0wFU2pYHZi45Ws1VD6aSJX,jellyous,ILLIT,bomb,163.243,2025,PRIMARY_MULTI_ARTIST,0,,jellyous ILLIT,1,GkG60kISnfc,https://www.youtube.com/watch?v=GkG60kISnfc,ILLIT (아일릿) 'jellyous’ Official MV,HYBE LABELS,HYBE LABELS,189.0,83885539,ILLIT (아일릿) 'jellyous' Official MV Creative Director: Serian Heu Production : HAT TRICK c BELIFT LAB Inc. All Rights Reserved ...,IDEAL,"Exact song identity with official, artist, label, distributor, or Topic evidence.",
stage5b5-representative-v4-human-review-v1,stage5b5_representative_v4_004,0wFU2pYHZi45Ws1VD6aSJX,jellyous,ILLIT,bomb,163.243,2025,PRIMARY_MULTI_ARTIST,0,,jellyous ILLIT,2,E5joqiTD0ws,https://www.youtube.com/watch?v=E5joqiTD0ws,ILLIT (아일릿) ‘jellyous’ Dance Practice,ILLIT,ILLIT,172.0,18259840,ILLIT #아일릿 #ILLIT_bomb #jellyous #젤리어스 Connect with ILLIT ILLIT Weverse: https://www.weverse.io/illit Official YouTube: ...,UNCERTAIN,Official dance-practice presentation; metadata does not establish canonical recording equivalence.,
stage5b5-representative-v4-human-review-v1,stage5b5_representative_v4_004,0wFU2pYHZi45Ws1VD6aSJX,jellyous,ILLIT,bomb,163.243,2025,PRIMARY_MULTI_ARTIST,0,,jellyous ILLIT,3,ICtMfn4TD9g,https://www.youtube.com/watch?v=ICtMfn4TD9g,ILLIT - jellyous (Lyrics),7clouds K-pop,7clouds K-pop,164.0,760986,Follow the official 7clouds playlist on Spotify: http://spoti.fi/2SJsUcZ ​   ILLIT - jellyous (Lyrics) ⏬ Download / Stream: ...,,,
stage5b5-representative-v4-human-review-v1,stage5b5_representative_v4_005,2pEqYc2mW69zcXkt3eV4c4,Looking at stock photos of tropical islands on my computer,City Girl,"I don't know why I feel ok right now, but it's nice",135.0,2025,PRIMARY_MULTI_ARTIST,0,,Looking at stock photos of tropical islands on my computer City Girl,1,83O958Gb1B4,https://www.youtube.com/watch?v=83O958Gb1B4,Looking at stock photos of tropical islands on my computer,City Girl,City Girl,135.0,11339,Provided to YouTube by DistroKid Looking at stock photos of tropical islands on my computer · City Girl · Woodrow Yeakel ...,IDEAL,"Exact song identity with official, artist, label, distributor, or Topic evidence.",
stage5b5-representative-v4-human-review-v1,stage5b5_representative_v4_005,2pEqYc2mW69zcXkt3eV4c4,Looking at stock photos of tropical islands on my computer,City Girl,"I don't know why I feel ok right now, but it's nice",135.0,2025,PRIMARY_MULTI_ARTIST,0,,Looking at stock photos of tropical islands on my computer City Girl,2,p0nMDSyOJWI,https://www.youtube.com/watch?v=p0nMDSyOJWI,"City Girl ~ I don't know why I feel ok right now, but it's nice [Full album]",City Girl,City Girl,2152.0,210402,22:42 Looking at stock photos of tropical islands on my computer 10. 24:57 The kangaroo plushie on my desk makes me want to ...,,,
stage5b5-representative-v4-human-review-v1,stage5b5_representative_v4_005,2pEqYc2mW69zcXkt3eV4c4,Looking at stock photos of tropical islands on my computer,City Girl,"I don't know why I feel ok right now, but it's nice",135.0,2025,PRIMARY_MULTI_ARTIST,0,,Looking at stock photos of tropical islands on my computer City Girl,3,ih6izucm5HE,https://www.youtube.com/watch?v=ih6izucm5HE,Newborn Girl Holding Mommys Hand - (people) Stock Footage | Mega Pack +40 items,After Effects Templates,After Effects Templates,823.0,16,Download now: Newborn Girl Holding Mommys Hand - (people) http://q.gs/ETlGb Download now: Flight Over Desert - (nature) ...,,,
stage5b5-representative-v4-human-review-v1,stage5b5_representative_v4_006,4vjNZzId9jEI0VZHAE6xzH,Palette,City Girl,Neon Impasse,208.941,2018,PRIMARY_MULTI_ARTIST,0,,Palette City Girl,1,JqgPhgOqWo8,https://www.youtube.com/watch?v=JqgPhgOqWo8,Palette,City Girl,City Girl,209.0,861243,Provided to YouTube by DistroKid Palette · City Girl Neon Impasse ℗ City Girl Records Released on: 2018-07-02 Auto-generated ...,IDEAL,"Exact song identity with official, artist, label, distributor, or Topic evidence.",
stage5b5-representative-v4-human-review-v1,stage5b5_representative_v4_006,4vjNZzId9jEI0VZHAE6xzH,Palette,City Girl,Neon Impasse,208.941,2018,PRIMARY_MULTI_ARTIST,0,,Palette City Girl,2,X_JXXVbiB00,https://www.youtube.com/watch?v=X_JXXVbiB00,city girl - ji-eun's sunset,paletteism,paletteism,169.0,1280,Support city girl: Soundcloud: https://soundcloud.com/citygrl Spotify: https://spoti.fi/2z9NHL6 Instagram: ...,,,
stage5b5-representative-v4-human-review-v1,stage5b5_representative_v4_006,4vjNZzId9jEI0VZHAE6xzH,Palette,City Girl,Neon Impasse,208.941,2018,PRIMARY_MULTI_ARTIST,0,,Palette City Girl,3,dBzCK8pu0EA,https://www.youtube.com/watch?v=dBzCK8pu0EA,lofi for a cute date with the plain doll | city girl,City Girl,City Girl,2755.0,21562,art: 'the doll' by vickisigh ➤ https://vickisigh.bigcartel.com/product/the-doll ⭐ music: city girl ➤ https://city-girl.carrd.co/ ⭐ spotify ...,,,
stage5b5-representative-v4-human-review-v1,stage5b5_representative_v4_007,2oRNyf4qlAzGz6LljMcDJp,cliche,2hollis,whiplash / cliche,179.215,2023,PRIMARY_MULTI_ARTIST,0,,cliche 2hollis,1,46JG3ZpRaRc,https://www.youtube.com/watch?v=46JG3ZpRaRc,2hollis - cliche (official audio),2hollis,2hollis,180.0,663015,prod + mix + master : 2hollis written by 2hollis stream whiplash / cliche: https://ffm.to/whiplash_cliche instagram: ...,IDEAL,"Exact song identity with official, artist, label, distributor, or Topic evidence.",
stage5b5-representative-v4-human-review-v1,stage5b5_representative_v4_007,2oRNyf4qlAzGz6LljMcDJp,cliche,2hollis,whiplash / cliche,179.215,2023,PRIMARY_MULTI_ARTIST,0,,cliche 2hollis,2,KbJVIlv352k,https://www.youtube.com/watch?v=KbJVIlv352k,2hollis - cliche (lyrics),secre swallow†ail,secre swallow†ail,180.0,30744,prod by 2hollis.,,,
stage5b5-representative-v4-human-review-v1,stage5b5_representative_v4_007,2oRNyf4qlAzGz6LljMcDJp,cliche,2hollis,whiplash / cliche,179.215,2023,PRIMARY_MULTI_ARTIST,0,,cliche 2hollis,3,EZn43ts94o8,https://www.youtube.com/watch?v=EZn43ts94o8,cliche - 2hollis | music video,coffeeoak,coffeeoak,191.0,3339,cliche - 2hollis | music video directed by stuart askin edited/vx by stuart askin starring owen parreno & ishtar jaoudy this is not my ...,,,
stage5b5-representative-v4-human-review-v1,stage5b5_representative_v4_008,6nC77RGFVFjeN1CmXO6VF1,Dreamt of You,.Uzu | Slipfunc,Dreamt of You,300.0,2020,PRIMARY_MULTI_ARTIST,0,,Dreamt of You .Uzu Slipfunc,1,uTiZvtOyDho,https://www.youtube.com/watch?v=uTiZvtOyDho,Dreamt of You (feat. Slipfunc),.Uzu - Topic,.Uzu - Topic,300.0,41288,Provided to YouTube by DistroKid Dreamt of You (feat. Slipfunc) · .Uzu · Slipfunc · slipfunc Dreamt of You (feat. Slipfunc) ...,IDEAL,"Exact song identity with official, artist, label, distributor, or Topic evidence.",
stage5b5-representative-v4-human-review-v1,stage5b5_representative_v4_008,6nC77RGFVFjeN1CmXO6VF1,Dreamt of You,.Uzu | Slipfunc,Dreamt of You,300.0,2020,PRIMARY_MULTI_ARTIST,0,,Dreamt of You .Uzu Slipfunc,2,Mu3aEEvmxZQ,https://www.youtube.com/watch?v=Mu3aEEvmxZQ,Uzu - dreamt of you (w/ slipfunc),puritywaves🌊,puritywaves🌊,301.0,2039,美学 Bigaku The creation of art and beauty. Subscribe now ...,,,
stage5b5-representative-v4-human-review-v1,stage5b5_representative_v4_008,6nC77RGFVFjeN1CmXO6VF1,Dreamt of You,.Uzu | Slipfunc,Dreamt of You,300.0,2020,PRIMARY_MULTI_ARTIST,0,,Dreamt of You .Uzu Slipfunc,3,lgqCK2HJwUg,https://www.youtube.com/watch?v=lgqCK2HJwUg,.uzu - dreamt of you (w/ slipfunc),paletteism,paletteism,301.0,7892,Support .uzu: Soundcloud: https://soundcloud.com/tsuki_uzu Spotify: https://spoti.fi/2uJzfJw Instagram: ...,,,
stage5b5-representative-v4-human-review-v1,stage5b5_representative_v4_009,1OyakDSOcvuZjvESJxri3w,i love u,moon tang,WATER COMES OUT OF MY EYES,214.003,2023,PRIMARY_MULTI_ARTIST,0,,i love u moon tang,1,aDlKWA3rIF0,https://www.youtube.com/watch?v=aDlKWA3rIF0,moon tang - i love u (official video),moon tang,moon tang,226.0,182277,Listen to 'i love u' here: https://moontang.lnk.to/iloveu/ Follow moon tang: https://www.instagram.com/moonstyles_/ ______ Lyrics: ...,IDEAL,"Exact song identity with official, artist, label, distributor, or Topic evidence.",
stage5b5-representative-v4-human-review-v1,stage5b5_representative_v4_009,1OyakDSOcvuZjvESJxri3w,i love u,moon tang,WATER COMES OUT OF MY EYES,214.003,2023,PRIMARY_MULTI_ARTIST,0,,i love u moon tang,2,5mQZn9nwuD8,https://www.youtube.com/watch?v=5mQZn9nwuD8,2025-05-02 moon tang - i love u @ moon tang '25' live 2025,Tomtom,Tomtom,222.0,66,moon tang - i love u @ moon tang '25' live 2025.,,,
stage5b5-representative-v4-human-review-v1,stage5b5_representative_v4_009,1OyakDSOcvuZjvESJxri3w,i love u,moon tang,WATER COMES OUT OF MY EYES,214.003,2023,PRIMARY_MULTI_ARTIST,0,,i love u moon tang,3,Fw4m0jQsoug,https://www.youtube.com/watch?v=Fw4m0jQsoug,moon tang - i hate u (official video),moon tang,moon tang,180.0,444678,nobody hates you like I do” is prolly one of the most infp thing to say ( _ᵒ̴̶̷̣̥̀ )!! hugs to everyone who feels the same ...,,,
stage5b5-representative-v4-human-review-v1,stage5b5_representative_v4_010,3eh51r6rFWAlGQRlHx9QnQ,Push Ups,Drake,Push Ups,232.774,2024,PRIMARY_MULTI_ARTIST,0,,Push Ups Drake,1,HKH9p19PRLA,https://www.youtube.com/watch?v=HKH9p19PRLA,Push Ups,Drake,Drake,233.0,36842509,"Provided to YouTube by Universal Music Group Push Ups · Drake Push Ups ℗ 2024 OVO, under exclusive license to Republic ...",IDEAL,"Exact song identity with official, artist, label, distributor, or Topic evidence.",
stage5b5-representative-v4-human-review-v1,stage5b5_representative_v4_010,3eh51r6rFWAlGQRlHx9QnQ,Push Ups,Drake,Push Ups,232.774,2024,PRIMARY_MULTI_ARTIST,0,,Push Ups Drake,2,DMvaSqDnHl8,https://www.youtube.com/watch?v=DMvaSqDnHl8,"Drake - Push Ups (Lyrics) ""drop and gimme 50""",BagOnly,BagOnly,234.0,5260735,"Drake - Push Ups (Lyrics) ""drop and gimme 50"" drop and gimme fifty Subscribe and turn on notifications to stay updated with ...",,,
stage5b5-representative-v4-human-review-v1,stage5b5_representative_v4_010,3eh51r6rFWAlGQRlHx9QnQ,Push Ups,Drake,Push Ups,232.774,2024,PRIMARY_MULTI_ARTIST,0,,Push Ups Drake,3,pmTcwP9vZg4,https://www.youtube.com/watch?v=pmTcwP9vZg4,DRAKE - PUSH UPS  | REACTION MASHUP,REACTORS GOIN' CRAZY | RGC,REACTORS GOIN' CRAZY | RGC,267.0,1309550,To Support The Channel - https://ko-fi.com/rgc101 E-mail - reactorsgoingcrazy@gmail.com https://x.com/RGC_REACTIONS Drop ...,,,
stage5b5-representative-v4-human-review-v1,stage5b5_representative_v4_011,6YbtOHm9f3vkpsbYMoCdAr,Find You,Tahoma,Values,177.23,2018,PRIMARY_MULTI_ARTIST,0,,Find You Tahoma,1,OQgLNPI84aM,https://www.youtube.com/watch?v=OQgLNPI84aM,Tahoma - Find You,MrSuicideSheep,MrSuicideSheep,178.0,631457,Tahoma - Find You ⬙ FAVOURITES ON SPOTIFY ⬙ ⇥ http://mrsuicidesheep.com/favourites Find You! Download...,ACCEPTABLE,Correct song and credited artist(s); alternate presentation or third-party upload remains usable.,
stage5b5-representative-v4-human-review-v1,stage5b5_representative_v4_011,6YbtOHm9f3vkpsbYMoCdAr,Find You,Tahoma,Values,177.23,2018,PRIMARY_MULTI_ARTIST,0,,Find You Tahoma,2,rtQKWA0zJfA,https://www.youtube.com/watch?v=rtQKWA0zJfA,Tahoma - Find You,College Music,College Music,178.0,39102,"Tahoma - Find You Anyone recognise this one!? Super happy to finally share the first track off Tahoma's latest EP, Values - Out ...",,,
stage5b5-representative-v4-human-review-v1,stage5b5_representative_v4_011,6YbtOHm9f3vkpsbYMoCdAr,Find You,Tahoma,Values,177.23,2018,PRIMARY_MULTI_ARTIST,0,,Find You Tahoma,3,vokZBD6UYlw,https://www.youtube.com/watch?v=vokZBD6UYlw,Tahoma - Find You,Nemuri 眠り,Nemuri 眠り,178.0,2256,Yugen Vibes 幽玄 ✨ ✨ Find you by tahoma ✨ Track Name - find you ✨ Artist Name - tahoma ✨ Follow tahoma ...,,,
stage5b5-representative-v4-human-review-v1,stage5b5_representative_v4_012,6GCKIBI34mgIgR5vzmws5U,close 2 me,fcj | Ok2222 | MICO,close 2 me,117.0,2025,PRIMARY_MULTI_ARTIST,0,,close 2 me fcj Ok2222 MICO,1,ZLMQ3vikyQ8,https://www.youtube.com/watch?v=ZLMQ3vikyQ8,fcj - close 2 me (w/ ok2222 & MICO),fcj,fcj,119.0,27041,leave me alone lady!!! spotify: https://open.spotify.com/track/6GCKIBI34mgIgR5vzmws5U?si=44fcbdcfc0ff48f0 support / download: ...,IDEAL,"Exact song identity with official, artist, label, distributor, or Topic evidence.",
stage5b5-representative-v4-human-review-v1,stage5b5_representative_v4_012,6GCKIBI34mgIgR5vzmws5U,close 2 me,fcj | Ok2222 | MICO,close 2 me,117.0,2025,PRIMARY_MULTI_ARTIST,0,,close 2 me fcj Ok2222 MICO,2,igDQ1wSy91g,https://www.youtube.com/watch?v=igDQ1wSy91g,close 2 me (feat. MICO),fcj,fcj,117.0,56940,Provided to YouTube by DistroKid close 2 me (feat. MICO) · fcj · Ok2222 · MICO · Francis Pacleb close 2 me (feat. MICO) ℗ fcj ...,,,
stage5b5-representative-v4-human-review-v1,stage5b5_representative_v4_012,6GCKIBI34mgIgR5vzmws5U,close 2 me,fcj | Ok2222 | MICO,close 2 me,117.0,2025,PRIMARY_MULTI_ARTIST,0,,close 2 me fcj Ok2222 MICO,3,7MZ1VBgoUI8,https://www.youtube.com/watch?v=7MZ1VBgoUI8,fcj - stay (w/ MICO & ok2222),fcj,fcj,125.0,15765,u ever sadge :( spotify: https://open.spotify.com/track/1rzkFihF7G1h0ThZwrRGEa?si=By56EF1aTDafd3X7dLs7bA support ...,,,
stage5b5-representative-v4-human-review-v1,stage5b5_representative_v4_013,02WDt2eCNOU2mt0DF5w678,Heavy (with Lil Uzi Vert),Nigo | Lil Uzi Vert,Heavy,200.425,2022,PRIMARY_MULTI_ARTIST,0,,Heavy (with Lil Uzi Vert) Nigo Lil Uzi Vert,1,Vx-SmmbzEAQ,https://www.youtube.com/watch?v=Vx-SmmbzEAQ,Nigo & Lil Uzi Vert - Heavy (Official Music Video),Nigo,Nigo,234.0,8165241,"Official music video for ""Heavy"", available everywhere now: https://Nigo.lnk.to/IKnowNigo Lyrics: I don't think they ready And I ...",IDEAL,"Exact song identity with official, artist, label, distributor, or Topic evidence.",
stage5b5-representative-v4-human-review-v1,stage5b5_representative_v4_013,02WDt2eCNOU2mt0DF5w678,Heavy (with Lil Uzi Vert),Nigo | Lil Uzi Vert,Heavy,200.425,2022,PRIMARY_MULTI_ARTIST,0,,Heavy (with Lil Uzi Vert) Nigo Lil Uzi Vert,2,lTg9rPV6B-0,https://www.youtube.com/watch?v=lTg9rPV6B-0,Nigo & Lil Uzi Vert - Heavy (Official Lyric Video),Nigo,Nigo,201.0,1262050,"Official lyric video for ""Heavy"", available everywhere now: https://Nigo.lnk.to/Heavy Lyrics: I don't think they ready And I know she ...",ACCEPTABLE,Official lyric video for the exact song and credited artists with matching track duration.,
stage5b5-representative-v4-human-review-v1,stage5b5_representative_v4_013,02WDt2eCNOU2mt0DF5w678,Heavy (with Lil Uzi Vert),Nigo | Lil Uzi Vert,Heavy,200.425,2022,PRIMARY_MULTI_ARTIST,0,,Heavy (with Lil Uzi Vert) Nigo Lil Uzi Vert,3,QnJpJIkquas,https://www.youtube.com/watch?v=QnJpJIkquas,Nigo & Lil Uzi Vert - Heavy (Lyrics),Rap City,Rap City,201.0,72239,Nigo & Lil Uzi Vert - Heavy (Lyrics) Subscribe here: http://bit.ly/rapcitysub Follow us on Spotify: https://spoti.fi/2Oj93y1 Stream: ...,,,
stage5b5-representative-v4-human-review-v1,stage5b5_representative_v4_014,0IJA9KP6rT55jrP1YpTdhx,Out Of Love (feat. Internet Money),Lil Tecca | Internet Money,Virgo World,153.626,2020,PRIMARY_MULTI_ARTIST,0,,Out Of Love (feat. Internet Money) Lil Tecca Internet Money,1,OIf8cwZ6hzE,https://www.youtube.com/watch?v=OIf8cwZ6hzE,Lil Tecca - Out Of Love (Lyrics) Feat. Internet Money,Rap Paradise,Rap Paradise,154.0,51267,Welcome to Paradise Your Home For The Best Rap Music With Lyrics! “Lil Tecca - Out Of Love Feat. Internet Money” Lyrics ...,ACCEPTABLE,Correct song and credited artist(s); alternate presentation or third-party upload remains usable.,
stage5b5-representative-v4-human-review-v1,stage5b5_representative_v4_014,0IJA9KP6rT55jrP1YpTdhx,Out Of Love (feat. Internet Money),Lil Tecca | Internet Money,Virgo World,153.626,2020,PRIMARY_MULTI_ARTIST,0,,Out Of Love (feat. Internet Money) Lil Tecca Internet Money,2,quiiXDfYyyM,https://www.youtube.com/watch?v=quiiXDfYyyM,Lil Tecca - Out of Love (Official Music Video),Lil Tecca,Lil Tecca,177.0,35211864,https://LilTecca.lnk.to/OOL Prod. Nick Mira x Taz Taylor x Repko x TheSkyBeats & Saint Luca Directed by: Omar Jones ...,,,
stage5b5-representative-v4-human-review-v1,stage5b5_representative_v4_014,0IJA9KP6rT55jrP1YpTdhx,Out Of Love (feat. Internet Money),Lil Tecca | Internet Money,Virgo World,153.626,2020,PRIMARY_MULTI_ARTIST,0,,Out Of Love (feat. Internet Money) Lil Tecca Internet Money,3,SFmnEhHNswU,https://www.youtube.com/watch?v=SFmnEhHNswU,Lil Tecca - Out Of Love (Official Audio),Lil Tecca,Lil Tecca,154.0,6119485,Prod. Nick Mira x Taz Taylor x Repko x TheSkyBeats & Saint Luca OUT EVERYWHERE: https://LilTecca.lnk.to/OOL Text me: +1 ...,,,
stage5b5-representative-v4-human-review-v1,stage5b5_representative_v4_015,2bBs57DtsccMV25XpUuBaq,glhf<3,MICO,Internet hometown hero (+DLC),176.326,2025,PRIMARY_MULTI_ARTIST,0,,glhf<3 MICO,1,ZNwY4kP0ycM,https://www.youtube.com/watch?v=ZNwY4kP0ycM,MICO – glhfᐸ3 [official video],MICO,MICO,182.0,864196,Stream / download 'glhfᐸ3' here: https://stem.ffm.to/glhf See me on tour: https://micotoronto.com/tour Video directed by Adit Dixit ...,IDEAL,"Exact song identity with official, artist, label, distributor, or Topic evidence.",
stage5b5-representative-v4-human-review-v1,stage5b5_representative_v4_015,2bBs57DtsccMV25XpUuBaq,glhf<3,MICO,Internet hometown hero (+DLC),176.326,2025,PRIMARY_MULTI_ARTIST,0,,glhf<3 MICO,2,kWqpX4ri9YI,https://www.youtube.com/watch?v=kWqpX4ri9YI,MICO - glhfᐸ3 [official lyric video],MICO,MICO,177.0,333224,Stream / download 'Internet hometown hero' here: https://stem.ffm.to/internethometownhero See me on tour: ...,,,
stage5b5-representative-v4-human-review-v1,stage5b5_representative_v4_015,2bBs57DtsccMV25XpUuBaq,glhf<3,MICO,Internet hometown hero (+DLC),176.326,2025,PRIMARY_MULTI_ARTIST,0,,glhf<3 MICO,3,JfFmIsDQP_U,https://www.youtube.com/watch?v=JfFmIsDQP_U,MICO - glhf (Lyrics / AMV),静的 Static,静的 Static,177.0,64268,"Listen to the ""Sad Mood"" Playlist ♥ https://ffm.link/moodsad.OYD MICO https://open.spotify.com/artist/0wajW5BBnk40YAhJdTkrrG ...",,,
stage5b5-representative-v4-human-review-v1,stage5b5_representative_v4_016,0DXxOuWz6zaIn7h4LfPmgJ,Fantasy,chicken97,ETERNITY,273.506,2020,PRIMARY_MULTI_ARTIST,0,,Fantasy chicken97,1,bAQpVphG3ko,https://www.youtube.com/watch?v=bAQpVphG3ko,msftz(미스피츠) '환상(Fantasy)' Official Live Video,chicken97,chicken97,266.0,66506,"msftz(미스피츠) '환상(Fantasy)' Official Live Video You can find msftz's [환상(Fantasy)] on Apple Music, Spotify, AMAZON and ...",ACCEPTABLE,Correct song and credited artist(s); alternate presentation or third-party upload remains usable.,
stage5b5-representative-v4-human-review-v1,stage5b5_representative_v4_016,0DXxOuWz6zaIn7h4LfPmgJ,Fantasy,chicken97,ETERNITY,273.506,2020,PRIMARY_MULTI_ARTIST,0,,Fantasy chicken97,2,1nGI8g77I6U,https://www.youtube.com/watch?v=1nGI8g77I6U,220129 chicken97 - 환상,조조,조조,274.0,1710,,ACCEPTABLE,Correct chicken97 song and Korean title with matching duration in a live/fan presentation.,
stage5b5-representative-v4-human-review-v1,stage5b5_representative_v4_016,0DXxOuWz6zaIn7h4LfPmgJ,Fantasy,chicken97,ETERNITY,273.506,2020,PRIMARY_MULTI_ARTIST,0,,Fantasy chicken97,3,31S6_XYUT0Y,https://www.youtube.com/watch?v=31S6_XYUT0Y,msftz(미스피츠) '2080' Official MV,chicken97,chicken97,221.0,149808,"msftz(미스피츠) '2080' Official MV You can find msftz debut single [ETERNITY] on iTunes, Spotify, AMAZON and other ...",,,
stage5b5-representative-v4-human-review-v1,stage5b5_representative_v4_017,3Ubi9wmq741iwTtMjYM1kP,Push (Feat. REI (IVE)),JOOHONEY | REI (IVE),Push (Feat. REI (IVE)),178.0,2025,PRIMARY_MULTI_ARTIST,0,,Push (Feat. REI (IVE)) JOOHONEY REI (IVE),1,eDSb9J1DJKc,https://www.youtube.com/watch?v=eDSb9J1DJKc,JOOHONEY 주헌 'Push (Feat. 레이 (IVE))' MV,STARSHIP and MONSTA X,STARSHIP and MONSTA X,206.0,1300622,JOOHONEY THE 2ND MINI ALBUM 光 (INSANITY) 26.01.05 (MON) 6PM (KST) ▷More information ...,IDEAL,"Exact song identity with official, artist, label, distributor, or Topic evidence.",
stage5b5-representative-v4-human-review-v1,stage5b5_representative_v4_017,3Ubi9wmq741iwTtMjYM1kP,Push (Feat. REI (IVE)),JOOHONEY | REI (IVE),Push (Feat. REI (IVE)),178.0,2025,PRIMARY_MULTI_ARTIST,0,,Push (Feat. REI (IVE)) JOOHONEY REI (IVE),2,rS1OYPBk9k0,https://www.youtube.com/watch?v=rS1OYPBk9k0,JOOHONEY 'Push (Feat. REI (IVE))' Recording with REI,MONSTA X,MONSTA X,801.0,71120,"▶More information
MONSTA X Official Community : http://berriz.in/monstax
MONSTA X X (Twitter) : http://www.twitter.com ...",,,
stage5b5-representative-v4-human-review-v1,stage5b5_representative_v4_017,3Ubi9wmq741iwTtMjYM1kP,Push (Feat. REI (IVE)),JOOHONEY | REI (IVE),Push (Feat. REI (IVE)),178.0,2025,PRIMARY_MULTI_ARTIST,0,,Push (Feat. REI (IVE)) JOOHONEY REI (IVE),3,Ddi4oIdad9Y,https://www.youtube.com/watch?v=Ddi4oIdad9Y,Just a Cute Little Moment | JOOHONEY 주헌 'Push (Feat. 레이 (IVE))',MONSTA X,MONSTA X,187.0,94804,More information MONSTA X Official Community : http://berriz.in/monstax MONSTA X X (Twitter) ...,UNCERTAIN,Title is a differently presented official-channel clip and metadata is insufficient to confirm the complete requested recording.,
stage5b5-representative-v4-human-review-v1,stage5b5_representative_v4_018,2LqU1NUxxOq3JZQjIeqJfK,Dancing in the Scintillation,Ibrahim,Dancing in the Scintillation,282.697,2017,PRIMARY_MULTI_ARTIST,0,,Dancing in the Scintillation Ibrahim,1,-DxdgA0-Chk,https://www.youtube.com/watch?v=-DxdgA0-Chk,Dancing in the Scintillation,ibrahim,ibrahim,283.0,420434,Provided to YouTube by DistroKid Dancing in the Scintillation · Ibrahim Dancing in the Scintillation ℗ Off The Jump Released on: ...,IDEAL,"Exact song identity with official, artist, label, distributor, or Topic evidence.",
stage5b5-representative-v4-human-review-v1,stage5b5_representative_v4_018,2LqU1NUxxOq3JZQjIeqJfK,Dancing in the Scintillation,Ibrahim,Dancing in the Scintillation,282.697,2017,PRIMARY_MULTI_ARTIST,0,,Dancing in the Scintillation Ibrahim,2,QyIl9tFyQUA,https://www.youtube.com/watch?v=QyIl9tFyQUA,Ibrahim - Dancing In The Scintillation,LofVHS,LofVHS,283.0,47,Ibrahim - Dancing In The Scintillation Listen to Ibrahim - Dancing In The Scintillation by Koodia on #SoundCloud ...,,,
stage5b5-representative-v4-human-review-v1,stage5b5_representative_v4_018,2LqU1NUxxOq3JZQjIeqJfK,Dancing in the Scintillation,Ibrahim,Dancing in the Scintillation,282.697,2017,PRIMARY_MULTI_ARTIST,0,,Dancing in the Scintillation Ibrahim,3,hS5ugUMyEXw,https://www.youtube.com/watch?v=hS5ugUMyEXw,Ibrahim - Dancing in the Scintillation,DanalEntertainment,DanalEntertainment,283.0,4768,매일 새로운 음악을 만나고 싶다면 다날엔터 구독( ღ'ᴗ'ღ ) https://www.youtube.com/channel/UCpmctTnUfbeoycGhieZQAmw/ ...,,,
stage5b5-representative-v4-human-review-v1,stage5b5_representative_v4_019,4lpvCG7eNzHAXwvMxWUNjz,No Blueberries,DPR IAN | DPR LIVE | CL,Moodswings In This Order,185.106,2021,PRIMARY_MULTI_ARTIST,0,,No Blueberries DPR IAN DPR LIVE CL,1,E-8pyVBvCPQ,https://www.youtube.com/watch?v=E-8pyVBvCPQ,"DPR IAN - No Blueberries (ft. DPR LIVE, CL) OFFICIAL M/V",Dream Perfect Regime,Dream Perfect Regime,287.0,21770762,"DPR IAN - No Blueberries (ft. DPR LIVE, CL) OFFICIAL M/V - [Single] _ DPR IAN Instagram: http://instagram.com/DPRIAN Twitter: ...",IDEAL,"Exact song identity with official, artist, label, distributor, or Topic evidence.",
stage5b5-representative-v4-human-review-v1,stage5b5_representative_v4_019,4lpvCG7eNzHAXwvMxWUNjz,No Blueberries,DPR IAN | DPR LIVE | CL,Moodswings In This Order,185.106,2021,PRIMARY_MULTI_ARTIST,0,,No Blueberries DPR IAN DPR LIVE CL,2,S2NPBuAHke4,https://www.youtube.com/watch?v=S2NPBuAHke4,"DPR IAN - No Blueberries (ft. DPR LIVE, CL) (Color Coded Lyrics Eng/Rom/Han/가사)",diamondxox,diamondxox,186.0,1345125,Request A Song (노래 요청)!: https://forms.gle/BrYFSBTaLaVoys4Q9 NO COPYRIGHT INFRINGEMENT INTENDED All Music ...,,,
stage5b5-representative-v4-human-review-v1,stage5b5_representative_v4_019,4lpvCG7eNzHAXwvMxWUNjz,No Blueberries,DPR IAN | DPR LIVE | CL,Moodswings In This Order,185.106,2021,PRIMARY_MULTI_ARTIST,0,,No Blueberries DPR IAN DPR LIVE CL,3,BsuAOzVSIAg,https://www.youtube.com/watch?v=BsuAOzVSIAg,"No Blueberries - DPR IAN (feat. CL, DPR LIVE) at HITC Los Angeles 2021",filmbucket,filmbucket,184.0,922688,"No Blueberries - DPR IAN (feat. CL, DPR LIVE) Live at HITC Los Angeles 2021 071121 #HITC #HeadInTheClouds.",,,
stage5b5-representative-v4-human-review-v1,stage5b5_representative_v4_020,7zFXmv6vqI4qOt4yGf3jYZ,Get You (feat. Kali Uchis),Daniel Caesar | Kali Uchis,Freudian,278.179,2017,PRIMARY_MULTI_ARTIST,0,,Get You (feat. Kali Uchis) Daniel Caesar Kali Uchis,1,uQFVqltOXRg,https://www.youtube.com/watch?v=uQFVqltOXRg,Daniel Caesar - Get You ft. Kali Uchis [Official Video],Daniel Caesar,Daniel Caesar,271.0,361010102,"""Get You"" ft. Kali Uchis is available now everywhere! Apple Music: http://smarturl.it/GetYou iTunes: http://smarturl.it/iTGetYou ...",IDEAL,"Exact song identity with official, artist, label, distributor, or Topic evidence.",
stage5b5-representative-v4-human-review-v1,stage5b5_representative_v4_020,7zFXmv6vqI4qOt4yGf3jYZ,Get You (feat. Kali Uchis),Daniel Caesar | Kali Uchis,Freudian,278.179,2017,PRIMARY_MULTI_ARTIST,0,,Get You (feat. Kali Uchis) Daniel Caesar Kali Uchis,2,xyUQKDE57Ag,https://www.youtube.com/watch?v=xyUQKDE57Ag,Get You (feat. Kali Uchis),Daniel Caesar,Daniel Caesar,279.0,50802622,Provided to YouTube by HV Recordings Get You (feat. Kali Uchis) · Daniel Caesar · Kali Uchis Get You - Single ℗ 2016 Daniel ...,,,
stage5b5-representative-v4-human-review-v1,stage5b5_representative_v4_020,7zFXmv6vqI4qOt4yGf3jYZ,Get You (feat. Kali Uchis),Daniel Caesar | Kali Uchis,Freudian,278.179,2017,PRIMARY_MULTI_ARTIST,0,,Get You (feat. Kali Uchis) Daniel Caesar Kali Uchis,3,QGlC-9OELAo,https://www.youtube.com/watch?v=QGlC-9OELAo,Daniel Caesar - Get You (Lyrics) ft. Kali Uchis,Luxury Tones,Luxury Tones,277.0,32488820,Daniel Caesar - Get You (Lyrics) ft. Kali Uchis ⏬ Download / Stream: ...,,,
stage5b5-representative-v4-human-review-v1,stage5b5_representative_v4_021,2q4F5KlvlNyddxZQOKSFwp,boy for the weekend,marc indigo,boy for the weekend,115.257,2023,PRIMARY_MULTI_ARTIST,0,,boy for the weekend marc indigo,1,bOufHKMsuug,https://www.youtube.com/watch?v=bOufHKMsuug,marc indigo - boy for the weekend (official lyric video),marc indigo,marc indigo,116.0,3680345,"""follow the moon"" the album out now: https://ffm.to/followthemoon animation by Neanderthal: ...",IDEAL,"Exact song identity with official, artist, label, distributor, or Topic evidence.",
stage5b5-representative-v4-human-review-v1,stage5b5_representative_v4_021,2q4F5KlvlNyddxZQOKSFwp,boy for the weekend,marc indigo,boy for the weekend,115.257,2023,PRIMARY_MULTI_ARTIST,0,,boy for the weekend marc indigo,2,Vzzv74j_QX8,https://www.youtube.com/watch?v=Vzzv74j_QX8,Marc Indigo – Boy For The Weekend (Lyrics) [CC],Aviencloud,Aviencloud,116.0,608439,Aviencloud – Taking you to a better place ✨ Marc Indigo – Boy For The Weekend (Lyrics) [Indigo Soul] Open me to and ...,,,
stage5b5-representative-v4-human-review-v1,stage5b5_representative_v4_021,2q4F5KlvlNyddxZQOKSFwp,boy for the weekend,marc indigo,boy for the weekend,115.257,2023,PRIMARY_MULTI_ARTIST,0,,boy for the weekend marc indigo,3,7eRhQkRK9Gc,https://www.youtube.com/watch?v=7eRhQkRK9Gc,주말만이라도 네 남자가 되고 싶어 𝐁𝐨𝐲 𝐟𝐨𝐫 𝐭𝐡𝐞 𝐖𝐞𝐞𝐤𝐞𝐧𝐝 - 𝐌𝐚𝐫𝐜 𝐈𝐧𝐝𝐢𝐠𝐨,김땡구,김땡구,116.0,3103461,boyfortheweekend #가사해석 #팝송 #인스타 #릴스 #틱톡 #어탐 #어드벤쳐타임 #미애니 #가사.,,,
stage5b5-representative-v4-human-review-v1,stage5b5_representative_v4_022,7FpUGKMaiBj1AmWgufABjJ,To Be Honest I Just Want to Eat Noodles with You,City Girl,Snow Rose,234.0,2017,PRIMARY_MULTI_ARTIST,0,,To Be Honest I Just Want to Eat Noodles with You City Girl,1,DaCf0qLwFT0,https://www.youtube.com/watch?v=DaCf0qLwFT0,To Be Honest I Just Want to Eat Noodles with You,City Girl,City Girl,234.0,47518,Provided to YouTube by TuneCore To Be Honest I Just Want to Eat Noodles with You · City Girl Snow Rose ℗ 2017 City Girl ...,IDEAL,"Exact song identity with official, artist, label, distributor, or Topic evidence.",
stage5b5-representative-v4-human-review-v1,stage5b5_representative_v4_022,7FpUGKMaiBj1AmWgufABjJ,To Be Honest I Just Want to Eat Noodles with You,City Girl,Snow Rose,234.0,2017,PRIMARY_MULTI_ARTIST,0,,To Be Honest I Just Want to Eat Noodles with You City Girl,2,11hLYMchNik,https://www.youtube.com/watch?v=11hLYMchNik,City Girl - To Be Honest I Just Want To Eat Noodles With You [HD],Mindful Music,Mindful Music,235.0,3474,One of my personal favorites off of the 'Snow Rose' album! A lovely electronic/lofi album. ＦＯＬＬＯＷ ♔ City Girl ...,,,
stage5b5-representative-v4-human-review-v1,stage5b5_representative_v4_022,7FpUGKMaiBj1AmWgufABjJ,To Be Honest I Just Want to Eat Noodles with You,City Girl,Snow Rose,234.0,2017,PRIMARY_MULTI_ARTIST,0,,To Be Honest I Just Want to Eat Noodles with You City Girl,3,CJptAW4AuRg,https://www.youtube.com/watch?v=CJptAW4AuRg,City Girl — to be honest i just want to eat noodles with you,Mumbo Chumbo,Mumbo Chumbo,231.0,21760,Support the creator of the music used: https://soundcloud.com/citygrl Copyright Disclaimer: Under Section 107 of the Copyright Act ...,,,
stage5b5-representative-v4-human-review-v1,stage5b5_representative_v4_023,2zN19Caz8do2yNNqMmaZC8,Blind (Feat. Rachel Lim),JIDA | Rachel Lim,FADE AWAY,198.133,2017,PRIMARY_MULTI_ARTIST,0,,Blind (Feat. Rachel Lim) JIDA Rachel Lim,1,kU0M2634UxI,https://www.youtube.com/watch?v=kU0M2634UxI,지다 JIDA - Blind (feat. Rachel Lim) Official M/V,GENIE MUSIC,GENIE MUSIC,203.0,141822,[Important] Please support your favorite artists on GENIE MUSIC YouTube channel too! ☆Music Videos on GENIE MUSIC YT ...,IDEAL,"Exact song identity with official, artist, label, distributor, or Topic evidence.",
stage5b5-representative-v4-human-review-v1,stage5b5_representative_v4_023,2zN19Caz8do2yNNqMmaZC8,Blind (Feat. Rachel Lim),JIDA | Rachel Lim,FADE AWAY,198.133,2017,PRIMARY_MULTI_ARTIST,0,,Blind (Feat. Rachel Lim) JIDA Rachel Lim,2,MQ9_tHE-rk4,https://www.youtube.com/watch?v=MQ9_tHE-rk4,"JIDA ""Blind"" (Feat. Rachel Lim)  [Official Audio]",WALTZSOFA RECORDS,WALTZSOFA RECORDS,199.0,128070,허밍어반스테레오가 발굴한 세번째 왈츠소파 아티스트 '지다'. 홀로 깨어있는 이 새벽을 밝힐 몽환 사운드 – FADE AWAY 작년 가을 ...,,,
stage5b5-representative-v4-human-review-v1,stage5b5_representative_v4_023,2zN19Caz8do2yNNqMmaZC8,Blind (Feat. Rachel Lim),JIDA | Rachel Lim,FADE AWAY,198.133,2017,PRIMARY_MULTI_ARTIST,0,,Blind (Feat. Rachel Lim) JIDA Rachel Lim,3,qc4D1uuqYm8,https://www.youtube.com/watch?v=qc4D1uuqYm8,"JIDA(지다) ""Blind"" (Feat. Rachel Lim)  M/V",WALTZSOFA RECORDS,WALTZSOFA RECORDS,203.0,71612,허밍어반스테레오가 발굴한 세번째 왈츠소파 아티스트 '지다'. 홀로 깨어있는 이 새벽을 밝힐 몽환 사운드 – FADE AWAY 작년 가을 ...,,,
stage5b5-representative-v4-human-review-v1,stage5b5_representative_v4_024,4ecdsGz3Hg6TKPwQ0ZOdJz,FaSHioN,CORTIS,COLOR OUTSIDE THE LINES,174.653,2025,PRIMARY_MULTI_ARTIST,0,,FaSHioN CORTIS,1,42wfEs7oIP8,https://www.youtube.com/watch?v=42wfEs7oIP8,CORTIS (코르티스) 'FaSHioN' Official MV,HYBE LABELS and CORTIS,HYBE LABELS and CORTIS,180.0,99823525,CORTIS (코르티스) 'FaSHioN' Official MV The 1st EP 'COLOR OUTSIDE THE LINES' Out Now!,IDEAL,"Exact song identity with official, artist, label, distributor, or Topic evidence.",
stage5b5-representative-v4-human-review-v1,stage5b5_representative_v4_024,4ecdsGz3Hg6TKPwQ0ZOdJz,FaSHioN,CORTIS,COLOR OUTSIDE THE LINES,174.653,2025,PRIMARY_MULTI_ARTIST,0,,FaSHioN CORTIS,2,u5IhtyOsEzE,https://www.youtube.com/watch?v=u5IhtyOsEzE,CORTIS (코르티스) ‘FaSHioN' Dance Practice (Fix ver.),CORTIS,CORTIS,265.0,11493644,Connect with CORTIS: https://www.tiktok.com/@cortis_bighit http://instagram.com/cortis https://weverse.io/cortis ...,,,
stage5b5-representative-v4-human-review-v1,stage5b5_representative_v4_024,4ecdsGz3Hg6TKPwQ0ZOdJz,FaSHioN,CORTIS,COLOR OUTSIDE THE LINES,174.653,2025,PRIMARY_MULTI_ARTIST,0,,FaSHioN CORTIS,3,WVkftpFjIDg,https://www.youtube.com/watch?v=WVkftpFjIDg,CORTIS (코르티스) 'FaSHioN' Conceptual Performance Film,HYBE LABELS and CORTIS,HYBE LABELS and CORTIS,179.0,8500186,CORTIS (코르티스) 'FaSHioN' Conceptual Performance Film The 1st EP 'COLOR OUTSIDE THE LINES' Out Now!,,,
stage5b5-representative-v4-human-review-v1,stage5b5_representative_v4_025,4BHTnUF9Wl5lVSrw9ZLVJb,A Car Going Nowhere,ESAE,A Car Going Nowhere,227.604,2018,PRIMARY_MULTI_ARTIST,0,,A Car Going Nowhere ESAE,1,vqvqAKuJ-HI,https://www.youtube.com/watch?v=vqvqAKuJ-HI,ESAE - a car going nowhere (Official Music Video) (2018),ESAE,ESAE,247.0,33574,"Where to buy/download/stream: https://song.link/i/1444808738 Dear Viewer/Listener, This song is about growing up. It's about ...",IDEAL,"Exact song identity with official, artist, label, distributor, or Topic evidence.",
stage5b5-representative-v4-human-review-v1,stage5b5_representative_v4_025,4BHTnUF9Wl5lVSrw9ZLVJb,A Car Going Nowhere,ESAE,A Car Going Nowhere,227.604,2018,PRIMARY_MULTI_ARTIST,0,,A Car Going Nowhere ESAE,2,vijI2IAO1sQ,https://www.youtube.com/watch?v=vijI2IAO1sQ,a car going nowhere  ESAE | english lyrics,karlslyrics,karlslyrics,230.0,3483,"Just made this video for fun. All the music credits are from ESAE, check out here official video ...",,,
stage5b5-representative-v4-human-review-v1,stage5b5_representative_v4_025,4BHTnUF9Wl5lVSrw9ZLVJb,A Car Going Nowhere,ESAE,A Car Going Nowhere,227.604,2018,PRIMARY_MULTI_ARTIST,0,,A Car Going Nowhere ESAE,3,mdGIHXTZgIc,https://www.youtube.com/watch?v=mdGIHXTZgIc,a car going nowhere | ESAE (audio),East of Eden,East of Eden,225.0,495,I do not own this. This is an original song by ESAE. Enjoy.,,,
stage5b5-representative-v4-human-review-v1,stage5b5_representative_v4_026,19BDozGmxYGxF1NcUlENmm,Château Fountain,City Girl,Snow Rose,176.727,2017,PRIMARY_MULTI_ARTIST,0,,Château Fountain City Girl,1,p19YtFiJJzI,https://www.youtube.com/watch?v=p19YtFiJJzI,city girl | château fountain,City Girl,City Girl,177.0,46873,Spotify ▻ http://spoti.fi/2BXkC3h Apple Music ▻ http://apple.co/2jf7yTe ♡♡♡ listen to more city girl: ▻ soundcloud: ...,IDEAL,"Exact song identity with official, artist, label, distributor, or Topic evidence.",
stage5b5-representative-v4-human-review-v1,stage5b5_representative_v4_026,19BDozGmxYGxF1NcUlENmm,Château Fountain,City Girl,Snow Rose,176.727,2017,PRIMARY_MULTI_ARTIST,0,,Château Fountain City Girl,2,obUTo-83Sf4,https://www.youtube.com/watch?v=obUTo-83Sf4,City Girl - Château Fountain,Shinobi Thoughts,Shinobi Thoughts,180.0,673,god i love atonement -City Girl #Lofi #Beats #Chill #ShinobiThoughts #Anime Support ~ https://soundcloud.com/citygrl ...,,,
stage5b5-representative-v4-human-review-v1,stage5b5_representative_v4_026,19BDozGmxYGxF1NcUlENmm,Château Fountain,City Girl,Snow Rose,176.727,2017,PRIMARY_MULTI_ARTIST,0,,Château Fountain City Girl,3,iFcspM05Tvw,https://www.youtube.com/watch?v=iFcspM05Tvw,City Girl - château fountain,EquinoxVibe,EquinoxVibe,180.0,16372,Support City Girl: https://soundcloud.com/citygrl https://city-girl.bandcamp.com/ https://twitter.com/citygirltime ...,,,
stage5b5-representative-v4-human-review-v1,stage5b5_representative_v4_027,0vUGAtm3Qe9aMHyADWFEyS,热恋情节,吴子健REmi | Kiya,热恋情节,198.501,2022,PRIMARY_MULTI_ARTIST,0,,热恋情节 吴子健REmi Kiya,1,w0R8LldQ_W0,https://www.youtube.com/watch?v=w0R8LldQ_W0,热恋情节,吴子健REmi - Topic,吴子健REmi - Topic,199.0,2182284,Provided to YouTube by EWway Culture Ltd 热恋情节· 吴子健Remi · Kiya 热恋情节℗ 讯飞音乐Released on: 2022-08-18 ...,IDEAL,"Exact song identity with official, artist, label, distributor, or Topic evidence.",
stage5b5-representative-v4-human-review-v1,stage5b5_representative_v4_027,0vUGAtm3Qe9aMHyADWFEyS,热恋情节,吴子健REmi | Kiya,热恋情节,198.501,2022,PRIMARY_MULTI_ARTIST,0,,热恋情节 吴子健REmi Kiya,2,1GSGWvDRoF8,https://www.youtube.com/watch?v=1GSGWvDRoF8,熱戀情節 - 吳子健REmi/kiya『妳的微笑像夏日的汽水，不知不覺腦海裏回味，心動牽著我 搖搖欲墜』【動態歌詞】,Dreamer Music,Dreamer Music,207.0,805062,歌詞在下面❖Lyrics in the song❖ 熱戀情節- 吳子健REmi/kiya 詞：吳子健REmi 曲：吳子健REmi 夜色多美別浪費邀請妳一起晚風裏 ...,,,
stage5b5-representative-v4-human-review-v1,stage5b5_representative_v4_027,0vUGAtm3Qe9aMHyADWFEyS,热恋情节,吴子健REmi | Kiya,热恋情节,198.501,2022,PRIMARY_MULTI_ARTIST,0,,热恋情节 吴子健REmi Kiya,3,N8_VMhFSn9A,https://www.youtube.com/watch?v=N8_VMhFSn9A,吳子健Remi/Kiya - 熱戀情節『夜色多美別浪費 邀請你一起晚風裡沉醉，讓風吹走整個盛夏的炎熱 只剩你我曖昧。』【動態歌詞MV】,MilkShake Music,MilkShake Music,199.0,849773,訂閱頻道收聽更多好聽的歌：https://www.youtube.com/channel/UC2Cma-jrZV9QV5jx8VHaHXQ ...,,,
stage5b5-representative-v4-human-review-v1,stage5b5_representative_v4_028,5pSflTWYmlRVthO8CZpRem,i want you to help me live,Bonjr | Thomas Reid | versor,i want you to help me live,161.97,2017,PRIMARY_MULTI_ARTIST,0,,i want you to help me live Bonjr Thomas Reid versor,1,vwwj-Utk32o,https://www.youtube.com/watch?v=vwwj-Utk32o,i want you to help me live,bonjr,bonjr,161.0,167968,"fun fact... the title was inspired by ""koe no katachi"": https://bit.ly/bonjrxkoe buy/spotify: https://bit.ly/2S4LSH2 use this track for ...",IDEAL,"Exact song identity with official, artist, label, distributor, or Topic evidence.",
stage5b5-representative-v4-human-review-v1,stage5b5_representative_v4_028,5pSflTWYmlRVthO8CZpRem,i want you to help me live,Bonjr | Thomas Reid | versor,i want you to help me live,161.97,2017,PRIMARY_MULTI_ARTIST,0,,i want you to help me live Bonjr Thomas Reid versor,2,tuQ5C5A-WQQ,https://www.youtube.com/watch?v=tuQ5C5A-WQQ,Bonjr - I want you to help me live (Lyrics) ft. Thomas Reid,Aurora Vibes,Aurora Vibes,161.0,304682,"Stream ""I want you to help me live"" by Bonjr: https://open.spotify.com/album/3etGOKJq6tAB2IrCZrTdPI • Spotify Playlist: ...",,,
stage5b5-representative-v4-human-review-v1,stage5b5_representative_v4_028,5pSflTWYmlRVthO8CZpRem,i want you to help me live,Bonjr | Thomas Reid | versor,i want you to help me live,161.97,2017,PRIMARY_MULTI_ARTIST,0,,i want you to help me live Bonjr Thomas Reid versor,3,XrZ4_Au7qAU,https://www.youtube.com/watch?v=XrZ4_Au7qAU,Bonjr & Thomas Reid & Versor - I Want You To Help Me Live  // Sub Español.,- yung téllez,- yung téllez,162.0,171,Envía tus canciones: ...,,,
stage5b5-representative-v4-human-review-v1,stage5b5_representative_v4_029,2egKGgextl7yFhsYOmJSjT,unwanted,SPEECHLESS,Mixed Emotions,131.494,2018,PRIMARY_MULTI_ARTIST,0,,unwanted SPEECHLESS,1,F26IBFL4q58,https://www.youtube.com/watch?v=F26IBFL4q58,unwanted,SPEECHLESS - Topic,SPEECHLESS - Topic,132.0,31653,"Provided to YouTube by Amuseio AB unwanted · SPEECHLESS Mixed Emotions ℗ Speak Less, Listen More under exclusive ...",IDEAL,"Exact song identity with official, artist, label, distributor, or Topic evidence.",
stage5b5-representative-v4-human-review-v1,stage5b5_representative_v4_029,2egKGgextl7yFhsYOmJSjT,unwanted,SPEECHLESS,Mixed Emotions,131.494,2018,PRIMARY_MULTI_ARTIST,0,,unwanted SPEECHLESS,2,VOl_p3fXEjI,https://www.youtube.com/watch?v=VOl_p3fXEjI,SPEECHLESS - unwanted,Wavvy,Wavvy,132.0,1503,feeling kinda down :( but i hope you enjoy this track :) Support the artist: -------------------------------------- Track: SPEECHLESS ...,,,
stage5b5-representative-v4-human-review-v1,stage5b5_representative_v4_029,2egKGgextl7yFhsYOmJSjT,unwanted,SPEECHLESS,Mixed Emotions,131.494,2018,PRIMARY_MULTI_ARTIST,0,,unwanted SPEECHLESS,3,w8Em3k9CgVo,https://www.youtube.com/watch?v=w8Em3k9CgVo,SPEECHLESS - Ｕｎｗａｎｔｅｄ,Smooth S o u n d s,Smooth S o u n d s,132.0,9484,Song- Ｕｎｗａｎｔｅｄ Artist- SPEECHLESS Support the artist- -https://soundcloud.com/speechlesss ...,,,
stage5b5-representative-v4-human-review-v1,stage5b5_representative_v4_030,6riw7EvS6amwDkv7RXsQAG,trust me,sunkis,trust me,168.936,2021,PRIMARY_MULTI_ARTIST,0,,trust me sunkis,1,VTLE9uB3fwg,https://www.youtube.com/watch?v=VTLE9uB3fwg,sunkis 宋秉勤 - trust me,sunkis,sunkis,185.0,14414840,"""trust me"" out now on all streaming platforms! https://lnkfi.re/sunkis_trustme tell me which city i should come to on my next tour ...",IDEAL,"Exact song identity with official, artist, label, distributor, or Topic evidence.",
stage5b5-representative-v4-human-review-v1,stage5b5_representative_v4_030,6riw7EvS6amwDkv7RXsQAG,trust me,sunkis,trust me,168.936,2021,PRIMARY_MULTI_ARTIST,0,,trust me sunkis,2,QtwPWl2n4fU,https://www.youtube.com/watch?v=QtwPWl2n4fU,[ENGSUB/PINYIN] Trust me - sunkis 宋秉勤,bubblexx,bubblexx,167.0,107881,Song: Trust me ▷Artist: sunkis 宋秉勤 -------------------------------- ▷Photo: https://retro-tofu87.tumblr.com/image/185789208805 ...,,,
stage5b5-representative-v4-human-review-v1,stage5b5_representative_v4_030,6riw7EvS6amwDkv7RXsQAG,trust me,sunkis,trust me,168.936,2021,PRIMARY_MULTI_ARTIST,0,,trust me sunkis,3,gf9pzBYEdiY,https://www.youtube.com/watch?v=gf9pzBYEdiY,250601 sunkis - trust me [ @ HITC LA 2025 ],라방기록,라방기록,164.0,2365,,,,
stage5b5-representative-v4-human-review-v1,stage5b5_representative_v4_031,5tSZ37xFVG7Zy8Q1SnYHO1,清晨有粥 黄昏有酒,刘梦妤,清晨有粥 黄昏有酒,199.759,2023,PRIMARY_MULTI_ARTIST,0,,清晨有粥 黄昏有酒 刘梦妤,1,-Bur7IUK62A,https://www.youtube.com/watch?v=-Bur7IUK62A,清晨有粥 黄昏有酒,Uu(刘梦妤) - Topic,Uu(刘梦妤) - Topic,200.0,114777,Provided to YouTube by 鲸鱼向海清晨有粥黄昏有酒· Uu (刘梦妤) 清晨有粥黄昏有酒℗ 鲸鱼向海Released on: 2023-04-12 ...,IDEAL,"Exact song identity with official, artist, label, distributor, or Topic evidence.",
stage5b5-representative-v4-human-review-v1,stage5b5_representative_v4_031,5tSZ37xFVG7Zy8Q1SnYHO1,清晨有粥 黄昏有酒,刘梦妤,清晨有粥 黄昏有酒,199.759,2023,PRIMARY_MULTI_ARTIST,0,,清晨有粥 黄昏有酒 刘梦妤,2,GM4lxA3U8rY,https://www.youtube.com/watch?v=GM4lxA3U8rY,Uu(劉夢妤) - 清晨有粥黃昏有酒『清晨有粥 黃昏有酒，而我有你就已足夠。』【高音質|動態歌詞Lyrics】♫,4K Music Make,4K Music Make,201.0,98023,4KMusicMake◁ 點擊訂閱收聽歌曲: https://www.youtube.com/c/4KMusicMake ...,,,
stage5b5-representative-v4-human-review-v1,stage5b5_representative_v4_031,5tSZ37xFVG7Zy8Q1SnYHO1,清晨有粥 黄昏有酒,刘梦妤,清晨有粥 黄昏有酒,199.759,2023,PRIMARY_MULTI_ARTIST,0,,清晨有粥 黄昏有酒 刘梦妤,3,-yDWSp_ykyU,https://www.youtube.com/watch?v=-yDWSp_ykyU,清晨有粥 黄昏有酒 (合唱版),Uu(刘梦妤) - Topic,Uu(刘梦妤) - Topic,203.0,1538,Provided to YouTube by 鲸鱼向海清晨有粥黄昏有酒(合唱版) · Uu (刘梦妤) 清晨有粥黄昏有酒(合唱版) ℗ 鲸鱼向海Released on: ...,,,
stage5b5-representative-v4-human-review-v1,stage5b5_representative_v4_032,3u5jgQDJvPoMPpRrbjEqPz,L2M,City Girl | Kelsey Kuan,C-GIRL,185.494,2021,PRIMARY_MULTI_ARTIST,0,,L2M City Girl Kelsey Kuan,1,keb9BZC556M,https://www.youtube.com/watch?v=keb9BZC556M,city girl | L2M ~ feat. kelsey kuan,City Girl,City Girl,186.0,32525,"Buy on Bandcamp ▷ https://city-girl.bandcamp.com/ Spotify ▷ https://spoti.fi/2z9NHL6 vocals, songwriting - Kelsey Kuan ...",IDEAL,"Exact song identity with official, artist, label, distributor, or Topic evidence.",
stage5b5-representative-v4-human-review-v1,stage5b5_representative_v4_032,3u5jgQDJvPoMPpRrbjEqPz,L2M,City Girl | Kelsey Kuan,C-GIRL,185.494,2021,PRIMARY_MULTI_ARTIST,0,,L2M City Girl Kelsey Kuan,2,QqtZZ4b6V0w,https://www.youtube.com/watch?v=QqtZZ4b6V0w,L2M - Kelsey Kuan x @CityGirlMusic,Kelsey Kuan,Kelsey Kuan,186.0,22698,hiii this is the last song from the C-GIRL album!! thank you everyone for watching these videos if you like these songs and ...,,,
stage5b5-representative-v4-human-review-v1,stage5b5_representative_v4_032,3u5jgQDJvPoMPpRrbjEqPz,L2M,City Girl | Kelsey Kuan,C-GIRL,185.494,2021,PRIMARY_MULTI_ARTIST,0,,L2M City Girl Kelsey Kuan,3,9szFsUyVEfg,https://www.youtube.com/watch?v=9szFsUyVEfg,City Girl - L2M x Kelsey Kuan,NEVERMORE... ID,NEVERMORE... ID,186.0,1597,City Girl - L2M x Kelsey Kuan Enjoy...,,,
stage5b5-representative-v4-human-review-v1,stage5b5_representative_v4_033,1tyxZ2buhi3Zn32j5LEpb5,Fall for You,Sarah Kang | Jesse Barrera,Fall for You,175.942,2021,PRIMARY_MULTI_ARTIST,0,,Fall for You Sarah Kang Jesse Barrera,1,Ntcdhu0kzvE,https://www.youtube.com/watch?v=Ntcdhu0kzvE,"""Fall for You"" - Sarah Kang & Jesse Barrera (Official Audio)",Jesse Barrera,Jesse Barrera,176.0,402302,STREAM NOW --- https://open.spotify.com/track/1tyxZ2buhi3Zn32j5LEpb5?si=3de5a51223a2419d ...,IDEAL,"Exact song identity with official, artist, label, distributor, or Topic evidence.",
stage5b5-representative-v4-human-review-v1,stage5b5_representative_v4_033,1tyxZ2buhi3Zn32j5LEpb5,Fall for You,Sarah Kang | Jesse Barrera,Fall for You,175.942,2021,PRIMARY_MULTI_ARTIST,0,,Fall for You Sarah Kang Jesse Barrera,2,PS3-VjQMfys,https://www.youtube.com/watch?v=PS3-VjQMfys,Fall for You (official lyric video) by Sarah Kang and Jesse Barrera,Sarah Kang Music,Sarah Kang Music,176.0,788707,Falling in love is easy. But staying in love requires a type of falling for the other person that involves dying to a piece of yourself to ...,,,
stage5b5-representative-v4-human-review-v1,stage5b5_representative_v4_033,1tyxZ2buhi3Zn32j5LEpb5,Fall for You,Sarah Kang | Jesse Barrera,Fall for You,175.942,2021,PRIMARY_MULTI_ARTIST,0,,Fall for You Sarah Kang Jesse Barrera,3,D5UKqcBzz44,https://www.youtube.com/watch?v=D5UKqcBzz44,"貴方に恋している🍂  Fall for You-Sarah Kang, Jesse Barrera",ccc,ccc,178.0,8023,"Official Audio: https://youtu.be/Ntcdhu0kzvE?si=nGwJ3W0G_7GaxSET Fall for You-Sarah Kang, Jesse Barrera 誰かに恋して ...",,,
stage5b5-representative-v4-human-review-v1,stage5b5_representative_v4_034,7MXVkk9YMctZqd1Srtv4MB,Starboy,The Weeknd | Daft Punk,Starboy,230.453,2016,PRIMARY_MULTI_ARTIST,0,,Starboy The Weeknd Daft Punk,1,34Na4j8AVgA,https://www.youtube.com/watch?v=34Na4j8AVgA,The Weeknd - Starboy ft. Daft Punk (Official Video) ft. Daft Punk,The Weeknd,The Weeknd,274.0,2792799110,Starboy ft. Daft Punk (Official Video) Taken from the new album Starboy http://theweeknd.co/StarboyYD Connect with The ...,IDEAL,"Exact song identity with official, artist, label, distributor, or Topic evidence.",
stage5b5-representative-v4-human-review-v1,stage5b5_representative_v4_034,7MXVkk9YMctZqd1Srtv4MB,Starboy,The Weeknd | Daft Punk,Starboy,230.453,2016,PRIMARY_MULTI_ARTIST,0,,Starboy The Weeknd Daft Punk,2,Rif-RTvmmss,https://www.youtube.com/watch?v=Rif-RTvmmss,The Weeknd - Starboy (Audio) ft. Daft Punk,The Weeknd,The Weeknd,231.0,92152931,"Music video by The Weeknd performing Starboy (Audio).© 2023 The Weeknd XO, Inc., Manufactured and Marketed by Republic ...",IDEAL,Official audio for the exact song and credited artists with matching duration.,
stage5b5-representative-v4-human-review-v1,stage5b5_representative_v4_034,7MXVkk9YMctZqd1Srtv4MB,Starboy,The Weeknd | Daft Punk,Starboy,230.453,2016,PRIMARY_MULTI_ARTIST,0,,Starboy The Weeknd Daft Punk,3,xizN47Box_Y,https://www.youtube.com/watch?v=xizN47Box_Y,The Weeknd - Starboy (Lyrics) ft. Daft Punk,7clouds,7clouds,228.0,89193422,Follow our Spotify playlists: http://bit.ly/7cloudsSpotify The Weeknd - Starboy (Lyrics) ft. Daft Punk ⏬ Download / Stream: ...,,,
stage5b5-representative-v4-human-review-v1,stage5b5_representative_v4_035,2AqZLF7yk7Jf17Be1i6jcO,east side,Lyn Lapid,east side,165.578,2023,PRIMARY_MULTI_ARTIST,0,,east side Lyn Lapid,1,s4MVU5DRHfI,https://www.youtube.com/watch?v=s4MVU5DRHfI,"Lyn Lapid  - ""east side"" (Official Video)",lyn lapid,lyn lapid,166.0,220969,"Watch the official video for ""east side"" by Lyn Lapid. Listen & Download “east side” now: https://lynlapid.lnk.to/eastside Follow Lyn: ...",IDEAL,"Exact song identity with official, artist, label, distributor, or Topic evidence.",
stage5b5-representative-v4-human-review-v1,stage5b5_representative_v4_035,2AqZLF7yk7Jf17Be1i6jcO,east side,Lyn Lapid,east side,165.578,2023,PRIMARY_MULTI_ARTIST,0,,east side Lyn Lapid,2,buyi0vPMsAM,https://www.youtube.com/watch?v=buyi0vPMsAM,"Lyn Lapid - ""east side"" (Lyric Video)",lyn lapid,lyn lapid,166.0,288767,"Watch the lyric video for ""east side"" by Lyn Lapid. Listen & Download “east side” now: https://lynlapid.lnk.to/eastside Follow Lyn: ...",,,
stage5b5-representative-v4-human-review-v1,stage5b5_representative_v4_035,2AqZLF7yk7Jf17Be1i6jcO,east side,Lyn Lapid,east side,165.578,2023,PRIMARY_MULTI_ARTIST,0,,east side Lyn Lapid,3,5wnHNuBkBrY,https://www.youtube.com/watch?v=5wnHNuBkBrY,"Lyn Lapid-East Side @ Colours, Hoxton, 8th May 2025",JUMPIN SOUNDS,JUMPIN SOUNDS,161.0,270,,,,
stage5b5-representative-v4-human-review-v1,stage5b5_representative_v4_036,2iJMkKx66ILslgFueNnmqS,Without,Nuxe,Nuxe,146.653,2018,PRIMARY_MULTI_ARTIST,0,,Without Nuxe,1,ZPK5ffvBygg,https://www.youtube.com/watch?v=ZPK5ffvBygg,Nuxe - Without,nvnyx,nvnyx,145.0,1851,'Without' Support the artist: https://soundcloud.com/nuxemusic https://twitter.com/NuxeDubstep ...,ACCEPTABLE,Correct song and credited artist(s); alternate presentation or third-party upload remains usable.,
stage5b5-representative-v4-human-review-v1,stage5b5_representative_v4_036,2iJMkKx66ILslgFueNnmqS,Without,Nuxe,Nuxe,146.653,2018,PRIMARY_MULTI_ARTIST,0,,Without Nuxe,2,yj1VUSD7Uq0,https://www.youtube.com/watch?v=yj1VUSD7Uq0,Nuxe - Without  ~  Lofi HipHop,Dreamnight Rhythm,Dreamnight Rhythm,144.0,82,Nuxe - Without ~ Lofi HipHop Subscribe for more content ------------------------------------------------------------- Chill lofi- lofi hip hop to ...,,,
stage5b5-representative-v4-human-review-v1,stage5b5_representative_v4_036,2iJMkKx66ILslgFueNnmqS,Without,Nuxe,Nuxe,146.653,2018,PRIMARY_MULTI_ARTIST,0,,Without Nuxe,3,v-aHP_tZiDU,https://www.youtube.com/watch?v=v-aHP_tZiDU,ＷＩＴＨＯＵＴ,the bootleg boy,the bootleg boy,159.0,116909,'Without' by Nuxe Lofi/Chill Beats   Nuxe https://soundcloud.com/nuxemusic https://twitter.com/NuxeDubstep ...,,,
stage5b5-representative-v4-human-review-v1,stage5b5_representative_v4_037,1iIhGHzzrzqQfuNkFI2qAn,Any song,ZICO,Any song,227.226,2020,PRIMARY_MULTI_ARTIST,0,,Any song ZICO,1,UuV2BmJ1p_I,https://www.youtube.com/watch?v=UuV2BmJ1p_I,[MV] ZICO(지코) _ Any song(아무노래),1theK (원더케이),1theK (원더케이),248.0,148760454,"[MV] ZICO(지코) _ Any song(아무노래) K-POP Wonderland, 1theK K-POP의 모든 즐거움을 1theK(원더케이)에서 만나보세요!",IDEAL,"Exact song identity with official, artist, label, distributor, or Topic evidence.",
stage5b5-representative-v4-human-review-v1,stage5b5_representative_v4_037,1iIhGHzzrzqQfuNkFI2qAn,Any song,ZICO,Any song,227.226,2020,PRIMARY_MULTI_ARTIST,0,,Any song ZICO,2,M0L066lsPgA,https://www.youtube.com/watch?v=M0L066lsPgA,ZICO (지코) - Any song (아무노래) (Color Coded Lyrics/Eng/Rom/Han/가사),Hangeci,Hangeci,247.0,2118533,All Rights Administered by KOZ Entertainment • Artist: ZICO (지코) • Song ♫: Any song (아무노래) • Album: 'Any Song' Digital ...,ACCEPTABLE,Correct ZICO song in a lyric-video presentation.,
stage5b5-representative-v4-human-review-v1,stage5b5_representative_v4_037,1iIhGHzzrzqQfuNkFI2qAn,Any song,ZICO,Any song,227.226,2020,PRIMARY_MULTI_ARTIST,0,,Any song ZICO,3,xq15gV2OZzs,https://www.youtube.com/watch?v=xq15gV2OZzs,지코 (ZICO) - 아무노래 (Official Audio),KOZ Entertainment,KOZ Entertainment,228.0,3488937,지코 (ZICO) - 아무노래 (Official Audio) #ZICO #지코 #아무노래 #Anysong Connect with KOZ Entertainment : http://kozofficial.com/ ...,,,
stage5b5-representative-v4-human-review-v1,stage5b5_representative_v4_038,6SYVnDzwzMmTGqW13DSiZA,COOL (Your rainbow),NMIXX,ENTWURF,170.4,2022,PRIMARY_MULTI_ARTIST,0,,COOL (Your rainbow) NMIXX,1,4wKU9oIXnTI,https://www.youtube.com/watch?v=4wKU9oIXnTI,NMIXX - COOL (Your rainbow) | SPECIAL VIDEO,NMIXX,NMIXX,182.0,8300995,NMIXX - COOL (Your rainbow) | SPECIAL VIDEO NMIXX 'ENTWURF' Stream Now ▷ https://orcd.co/entwurf NMIXX Official ...,IDEAL,"Exact song identity with official, artist, label, distributor, or Topic evidence.",
stage5b5-representative-v4-human-review-v1,stage5b5_representative_v4_038,6SYVnDzwzMmTGqW13DSiZA,COOL (Your rainbow),NMIXX,ENTWURF,170.4,2022,PRIMARY_MULTI_ARTIST,0,,COOL (Your rainbow) NMIXX,2,t0p6iNiv_PM,https://www.youtube.com/watch?v=t0p6iNiv_PM,NMIXX COOL (Your rainbow) Lyrics  (엔믹스 COOL 가사) (Color Coded Lyrics),Jaeguchi,Jaeguchi,171.0,1174788,All Rights Administered by JYP Entertainment • Artist: NMIXX (엔믹스) • Song ♫: COOL (Your rainbow) • Album: ENTWURF ...,,,
stage5b5-representative-v4-human-review-v1,stage5b5_representative_v4_038,6SYVnDzwzMmTGqW13DSiZA,COOL (Your rainbow),NMIXX,ENTWURF,170.4,2022,PRIMARY_MULTI_ARTIST,0,,COOL (Your rainbow) NMIXX,3,4tPEc-IuvDY,https://www.youtube.com/watch?v=4tPEc-IuvDY,[4K] NMIXX - “COOL (Your rainbow)” Band LIVE Concert [it's Live] K-POP live music show,it's Live,it's Live,239.0,1945551,"[it’s Live] is a live show you've never seen.
You can enjoy high-resolution sound and beautiful scenes and perfect performance ...",,,
stage5b5-representative-v4-human-review-v1,stage5b5_representative_v4_039,77dcmf2tTedc3BuOPF13Ma,We don’t talk together,Heize | GIRIBOY,We don’t talk together,199.215,2019,PRIMARY_MULTI_ARTIST,0,,We don't talk together Heize GIRIBOY,1,ByHNlfmmT-w,https://www.youtube.com/watch?v=ByHNlfmmT-w,헤이즈 (Heize) - We don't talk together (Feat. 기리보이 (Giriboy)) (Prod. SUGA) MV,STONE MUSIC,STONE MUSIC,245.0,35821972,"Available on iTunes, Apple Music : https://apple.co/32bQdMB Listen on Spotify : https://spoti.fi/2Lsyg7e 헤이즈 (Heize) - We don't ...",IDEAL,"Exact song identity with official, artist, label, distributor, or Topic evidence.",
stage5b5-representative-v4-human-review-v1,stage5b5_representative_v4_039,77dcmf2tTedc3BuOPF13Ma,We don’t talk together,Heize | GIRIBOY,We don’t talk together,199.215,2019,PRIMARY_MULTI_ARTIST,0,,We don't talk together Heize GIRIBOY,2,5GRy6fuOuyU,https://www.youtube.com/watch?v=5GRy6fuOuyU,We don`t talk together(Feat. 기리보이)(Prod. SUGA) - 헤이즈(Heize) / 가사(Lyrics),JADEN_HOME,JADEN_HOME,202.0,202597,We don`t talk together(Feat. 기리보이)(Prod. SUGA) - 헤이즈(Heize) 앨범(Album) - We don`t talk together 함께 듣고 싶은 음악 ...,ACCEPTABLE,Correct Heize and GIRIBOY recording in a lyric-video presentation with matching duration.,
stage5b5-representative-v4-human-review-v1,stage5b5_representative_v4_039,77dcmf2tTedc3BuOPF13Ma,We don’t talk together,Heize | GIRIBOY,We don’t talk together,199.215,2019,PRIMARY_MULTI_ARTIST,0,,We don't talk together Heize GIRIBOY,3,xStlRYcFXDg,https://www.youtube.com/watch?v=xStlRYcFXDg,Heize - We don't talk together (Prod. SUGA of BTS) (Feat. 기리보이) [Color Coded Lyrics/Han/Rom/Eng/가사],Lemoring,Lemoring,205.0,3835427,"Making Korean food that Heize also likes. Home Cooking! I love it. 초간단 한식요리, 배고프면 클릭!! CLICK!",,,
stage5b5-representative-v4-human-review-v1,stage5b5_representative_v4_040,2QeQa23m2z0thzGJFKLwmL,"I don't know why I feel ok right now, but it's nice",City Girl,"I don't know why I feel ok right now, but it's nice",178.75,2025,PRIMARY_MULTI_ARTIST,0,,"I don't know why I feel ok right now, but it's nice City Girl",1,p0nMDSyOJWI,https://www.youtube.com/watch?v=p0nMDSyOJWI,"City Girl ~ I don't know why I feel ok right now, but it's nice [Full album]",City Girl,City Girl,2152.0,210402,"Art by vickisigh (colored pencil, gouache, procreate) ▻ https://vickisigh.carrd.co/ Music composed and performed by City Girl ...",WRONG,Full-album upload is not the isolated 178.75-second Spotify track.,
stage5b5-representative-v4-human-review-v1,stage5b5_representative_v4_040,2QeQa23m2z0thzGJFKLwmL,"I don't know why I feel ok right now, but it's nice",City Girl,"I don't know why I feel ok right now, but it's nice",178.75,2025,PRIMARY_MULTI_ARTIST,0,,"I don't know why I feel ok right now, but it's nice City Girl",2,XI463hPOfvA,https://www.youtube.com/watch?v=XI463hPOfvA,"I don't know why I feel ok right now, but it's nice",City Girl,City Girl,179.0,15198,"Provided to YouTube by DistroKid I don't know why I feel ok right now, but it's nice · City Girl · Woodrow Yeakel · Woodrow Yeakel I ...",IDEAL,"Exact isolated Topic upload with matching title, artist, and duration.",
stage5b5-representative-v4-human-review-v1,stage5b5_representative_v4_040,2QeQa23m2z0thzGJFKLwmL,"I don't know why I feel ok right now, but it's nice",City Girl,"I don't know why I feel ok right now, but it's nice",178.75,2025,PRIMARY_MULTI_ARTIST,0,,"I don't know why I feel ok right now, but it's nice City Girl",3,61HNs5Sh_gg,https://www.youtube.com/watch?v=61HNs5Sh_gg,city girl | chroma velocity [full album],City Girl,City Girl,2687.0,897116,stream on spotify ▻ https://spoti.fi/30yu9vW buy on bandcamp ▻ https://city-girl.bandcamp.com CD+Sticker+Digital Download: ...,,,
stage5b5-representative-v4-human-review-v1,stage5b5_representative_v4_041,6ZJqCviTotiIujl1rfcL53,Passion,PinkPantheress,Passion,138.268,2021,PRIMARY_MULTI_ARTIST,0,,Passion PinkPantheress,1,0Szr5Dcwn4Y,https://www.youtube.com/watch?v=0Szr5Dcwn4Y,PinkPantheress - Passion (Official Audio),Pinkpantheress,Pinkpantheress,138.0,10789948,The official audio for Passion by Pink Pantheress. https://PinkPantheress.lnk.to/Passion Follow Pink Pantheress: SOUNDCLOUD ...,IDEAL,"Exact song identity with official, artist, label, distributor, or Topic evidence.",
stage5b5-representative-v4-human-review-v1,stage5b5_representative_v4_041,6ZJqCviTotiIujl1rfcL53,Passion,PinkPantheress,Passion,138.268,2021,PRIMARY_MULTI_ARTIST,0,,Passion PinkPantheress,2,u48i9ZzPvVs,https://www.youtube.com/watch?v=u48i9ZzPvVs,PinkPantheress - Passion (Lyrics) | the teachers always called it a shame,TikTokTunes,TikTokTunes,150.0,946636,Get PinkPantheress - Passion (Lyrics) | the teachers always called it a shame they say i don't have passion: ...,,,
stage5b5-representative-v4-human-review-v1,stage5b5_representative_v4_041,6ZJqCviTotiIujl1rfcL53,Passion,PinkPantheress,Passion,138.268,2021,PRIMARY_MULTI_ARTIST,0,,Passion PinkPantheress,3,W8HqGhF24Mo,https://www.youtube.com/watch?v=W8HqGhF24Mo,PinkPantheress - Passion (CLEAN) | Lyrics,Kids Dance Party,Kids Dance Party,139.0,26644,Don't forget to check out this HUGE HIT  : https://youtu.be/GhWyi-Z2QEY subscribe and turn on notifications: ...,,,
stage5b5-representative-v4-human-review-v1,stage5b5_representative_v4_042,2IUfZdjZSADGvsfQfnauAR,안녕 Goodbye,DIA,Stardust,241.145,2017,PRIMARY_MULTI_ARTIST,0,,안녕 Goodbye DIA,1,WIxGfqsPQT0,https://www.youtube.com/watch?v=WIxGfqsPQT0,DIA - 안녕 (Official Audio),디아 DIA,디아 DIA,242.0,4466267,U.F.O (Official Audio) 디아(DIA) Album 'STARDUST' 2017.6.14 (KOR) Worldwide release scheduled on 30th JUNE.,IDEAL,"Exact song identity with official, artist, label, distributor, or Topic evidence.",
stage5b5-representative-v4-human-review-v1,stage5b5_representative_v4_042,2IUfZdjZSADGvsfQfnauAR,안녕 Goodbye,DIA,Stardust,241.145,2017,PRIMARY_MULTI_ARTIST,0,,안녕 Goodbye DIA,2,0S6ayd_xWxU,https://www.youtube.com/watch?v=0S6ayd_xWxU,DIA (디아) 'Good Bye (안넹)' Lyrics (Color Coded Lyrics),youngjaek!,youngjaek!,242.0,113951,Artist: DIA - Song: Good Bye - Album: STARDUST - Released: 2017.06.14. - Request Song ...,,,
stage5b5-representative-v4-human-review-v1,stage5b5_representative_v4_042,2IUfZdjZSADGvsfQfnauAR,안녕 Goodbye,DIA,Stardust,241.145,2017,PRIMARY_MULTI_ARTIST,0,,안녕 Goodbye DIA,3,eAEwofCQmw8,https://www.youtube.com/watch?v=eAEwofCQmw8,[Hangeul/Vietsub] Goodbye (안녕) - DIA (디아),MIN Subteam,MIN Subteam,243.0,3233453,Tình cờ nghe được bài này trên Douyin mê quá nên định làm từ tháng trước cơ nhưng mà tôi bị bận chạy deadlines với bị lười ...,,,
stage5b5-representative-v4-human-review-v1,stage5b5_representative_v4_043,1FbexAyGviVJNboj0JXOeR,Only you only you only you,City Girl,"I don't know why I feel ok right now, but it's nice",194.0,2025,PRIMARY_MULTI_ARTIST,0,,Only you only you only you City Girl,1,5O2abqe34oo,https://www.youtube.com/watch?v=5O2abqe34oo,Only you only you only you,City Girl,City Girl,194.0,16131,Provided to YouTube by DistroKid Only you only you only you · City Girl · Woodrow Yeakel · Tiffany Yang · Woodrow Yeakel I don't ...,IDEAL,"Exact song identity with official, artist, label, distributor, or Topic evidence.",
stage5b5-representative-v4-human-review-v1,stage5b5_representative_v4_043,1FbexAyGviVJNboj0JXOeR,Only you only you only you,City Girl,"I don't know why I feel ok right now, but it's nice",194.0,2025,PRIMARY_MULTI_ARTIST,0,,Only you only you only you City Girl,2,p0nMDSyOJWI,https://www.youtube.com/watch?v=p0nMDSyOJWI,"City Girl ~ I don't know why I feel ok right now, but it's nice [Full album]",City Girl,City Girl,2152.0,210402,"Art by vickisigh (colored pencil, gouache, procreate) ▻ https://vickisigh.carrd.co/ Music composed and performed by City Girl ...",,,
stage5b5-representative-v4-human-review-v1,stage5b5_representative_v4_043,1FbexAyGviVJNboj0JXOeR,Only you only you only you,City Girl,"I don't know why I feel ok right now, but it's nice",194.0,2025,PRIMARY_MULTI_ARTIST,0,,Only you only you only you City Girl,3,44cICamRLwk,https://www.youtube.com/watch?v=44cICamRLwk,TBH,PARTYNEXTDOOR,PARTYNEXTDOOR,124.0,44420949,Provided to YouTube by Foundation Media LLC TBH · PARTYNEXTDOOR PARTYNEXTDOOR ℗ 2013 OVO Sound under ...,,,
stage5b5-representative-v4-human-review-v1,stage5b5_representative_v4_044,4E2XQPB1tO48Q7xtnXzDUG,너를 사랑하진 않아,GIANT PINK | Kassy,너를 사랑하진 않아,189.831,2018,PRIMARY_MULTI_ARTIST,0,,너를 사랑하진 않아 GIANT PINK Kassy,1,S5r_3xc8JKQ,https://www.youtube.com/watch?v=S5r_3xc8JKQ,너를 사랑하진 않아 (feat. 케이시),자이언트핑크 GIANTPINK,자이언트핑크 GIANTPINK,190.0,1477655,Provided to YouTube by Recording Industry Association of Korea 너를 사랑하진 않아 (feat. 케이시) · 자이언트핑크 너를 사랑하진 ...,IDEAL,"Exact song identity with official, artist, label, distributor, or Topic evidence.",
stage5b5-representative-v4-human-review-v1,stage5b5_representative_v4_044,4E2XQPB1tO48Q7xtnXzDUG,너를 사랑하진 않아,GIANT PINK | Kassy,너를 사랑하진 않아,189.831,2018,PRIMARY_MULTI_ARTIST,0,,너를 사랑하진 않아 GIANT PINK Kassy,2,mQ7d3tUtYBA,https://www.youtube.com/watch?v=mQ7d3tUtYBA,자이언트핑크 - 너를 사랑하진 않아 (feat. 케이시) (가사/lyrics),무식is마이라이프,무식is마이라이프,190.0,71874,수익창출  ‍♀️ 신청곡 댓글로 달아주시면 해드려요.,,,
stage5b5-representative-v4-human-review-v1,stage5b5_representative_v4_044,4E2XQPB1tO48Q7xtnXzDUG,너를 사랑하진 않아,GIANT PINK | Kassy,너를 사랑하진 않아,189.831,2018,PRIMARY_MULTI_ARTIST,0,,너를 사랑하진 않아 GIANT PINK Kassy,3,WAiifwiXOXs,https://www.youtube.com/watch?v=WAiifwiXOXs,뮤직뱅크 MusicBank-너를 사랑하진않아-자이언트핑크(Feat. 케이시) (I dont think I love you-Giant Pink(Feat.Kassy).20180330,KBS Kpop,KBS Kpop,187.0,43598,너를 사랑하진 않아 - 자이언트핑크(Feat. 케이시) (I dont think I love you - Giant Pink(Feat. Kassy). KBS2 TV 뮤직뱅크｜매주 금요일 ...,,,
stage5b5-representative-v4-human-review-v1,stage5b5_representative_v4_045,2EPQXOr3VLvDImQnoHOYO3,One More Last Time,Henry Young | Ashley Alisha,One More Last Time,129.229,2022,PRIMARY_MULTI_ARTIST,0,,One More Last Time Henry Young Ashley Alisha,1,g3X8w3D_4sc,https://www.youtube.com/watch?v=g3X8w3D_4sc,Henry Young - One More Last Time (feat. Ashley Alisha),Henry Young,Henry Young,130.0,14762801,Henry Young - One More Last Time (feat. Ashley Alisha)   SUBSCRIBE TO HENRY YOUNG'S YOUTUBE CHANNEL NOW ...,IDEAL,"Exact song identity with official, artist, label, distributor, or Topic evidence.",
stage5b5-representative-v4-human-review-v1,stage5b5_representative_v4_045,2EPQXOr3VLvDImQnoHOYO3,One More Last Time,Henry Young | Ashley Alisha,One More Last Time,129.229,2022,PRIMARY_MULTI_ARTIST,0,,One More Last Time Henry Young Ashley Alisha,2,gy9M_F6ZumM,https://www.youtube.com/watch?v=gy9M_F6ZumM,"One More Last Time (Ashley Alisha, Henry Young) - Official Live Performance",YOUR NAME CREATIVE and 2 more,YOUR NAME CREATIVE and 2 more,130.0,124953,Live Performance Version of 'One More Last Time' Follow Us: @yournamecreative Don't forget to hit the notification bell to ...,,,
stage5b5-representative-v4-human-review-v1,stage5b5_representative_v4_045,2EPQXOr3VLvDImQnoHOYO3,One More Last Time,Henry Young | Ashley Alisha,One More Last Time,129.229,2022,PRIMARY_MULTI_ARTIST,0,,One More Last Time Henry Young Ashley Alisha,3,TyISHBE3Uw4,https://www.youtube.com/watch?v=TyISHBE3Uw4,Henry Young - One More Last Time (feat. Ashley Alisha) English lyrics video,Yourfavsong,Yourfavsong,130.0,13082,HenryYoung #thesoundyouneed #majesticcasual Henry Young - One More Last Time (feat. Ashley Alisha) • Henry Young - One ...,,,
stage5b5-representative-v4-human-review-v1,stage5b5_representative_v4_046,35IcAVSMsU9qzHfpPbvC8A,Feels Like,Gracie Abrams,This Is What It Feels Like,152.317,2021,PRIMARY_MULTI_ARTIST,0,,Feels Like Gracie Abrams,1,ptznWGs4GKg,https://www.youtube.com/watch?v=ptznWGs4GKg,Gracie Abrams - Feels Like (Official Music Video),Gracie Abrams,Gracie Abrams,153.0,7092116,"Listen to “This Is What It Feels Like”, out now: https://GracieAbrams.lnk.to/ThisIsWhatItFeelsLike Co-directed by Gracie Abrams ...",IDEAL,"Exact song identity with official, artist, label, distributor, or Topic evidence.",
stage5b5-representative-v4-human-review-v1,stage5b5_representative_v4_046,35IcAVSMsU9qzHfpPbvC8A,Feels Like,Gracie Abrams,This Is What It Feels Like,152.317,2021,PRIMARY_MULTI_ARTIST,0,,Feels Like Gracie Abrams,2,83hG6H681tQ,https://www.youtube.com/watch?v=83hG6H681tQ,Gracie Abrams - Feels Like (Lyrics),Lost Panda,Lost Panda,153.0,379562,Welcome to Lost Panda “Gracie Abrams - Feels Like” Lyrics / Lyric Video by Lost Panda ⏬ Stream “Gracie Abrams - Feels Like” ...,,,
stage5b5-representative-v4-human-review-v1,stage5b5_representative_v4_046,35IcAVSMsU9qzHfpPbvC8A,Feels Like,Gracie Abrams,This Is What It Feels Like,152.317,2021,PRIMARY_MULTI_ARTIST,0,,Feels Like Gracie Abrams,3,n3achqWn-_w,https://www.youtube.com/watch?v=n3achqWn-_w,Gracie Abrams - Feels Like (the lyrics),Gracie Abrams,Gracie Abrams,151.0,591109,"Listen to “This Is What It Feels Like”, out now: https://GracieAbrams.lnk.to/ThisIsWhatItFeelsLike Shop official merch: ...",,,
stage5b5-representative-v4-human-review-v1,stage5b5_representative_v4_047,3omQ4YiFuiHpP7WVJy5LZK,고양이의 산책,D2ear,ALL NIGHT,208.0,2020,PRIMARY_MULTI_ARTIST,0,,고양이의 산책 D2ear,1,5VUU3rwG5Z8,https://www.youtube.com/watch?v=5VUU3rwG5Z8,고양이의 산책,D2ear (디이어),D2ear (디이어),208.0,244665,"Provided to YouTube by FLUXUS 고양이의 산책 · D2ear ALL NIGHT ℗ UDCY, under license to Dreamus Released on: ...",IDEAL,"Exact song identity with official, artist, label, distributor, or Topic evidence.",
stage5b5-representative-v4-human-review-v1,stage5b5_representative_v4_047,3omQ4YiFuiHpP7WVJy5LZK,고양이의 산책,D2ear,ALL NIGHT,208.0,2020,PRIMARY_MULTI_ARTIST,0,,고양이의 산책 D2ear,2,AmH-757lodE,https://www.youtube.com/watch?v=AmH-757lodE,D2ear - 고양이의 산책 (Official Lyric video),PEACH PIE 피치파이,PEACH PIE 피치파이,209.0,57,열두 시만 되면 없어지는 고양이는 어디를 다녀오는 걸까? '난 네 생각만큼 단순하지 않아!'라고 말을 하는 것 같다. 표정을 보아하니 ...,,,
stage5b5-representative-v4-human-review-v1,stage5b5_representative_v4_047,3omQ4YiFuiHpP7WVJy5LZK,고양이의 산책,D2ear,ALL NIGHT,208.0,2020,PRIMARY_MULTI_ARTIST,0,,고양이의 산책 D2ear,3,PJ82HPOlUZU,https://www.youtube.com/watch?v=PJ82HPOlUZU,D2ear (디이어) - 고양이의 산책 (Official Audio),COLORTONES,COLORTONES,209.0,98763,열두 시만 되면 없어지는 고양이는 어디를 다녀오는 걸까? '난 네 생각만큼 단순하지 않아!'라고 말을 하는 것 같다. 표정을 보아하니 ...,,,
stage5b5-representative-v4-human-review-v1,stage5b5_representative_v4_048,41hXE5S8D4mRfcdqSMpmAC,The Girl Next Door,Tomppabeats,Harbor,51.187,2016,PRIMARY_MULTI_ARTIST,0,,The Girl Next Door Tomppabeats,1,r9GRIdyRlYw,https://www.youtube.com/watch?v=r9GRIdyRlYw,The girl next door- tomppabeats (extended version),gabriel paixao,gabriel paixao,936.0,1479,Music- the girl next door Artista- tomppabeats (Entended version),WRONG,Extended 936-second loop is not the 51.187-second Spotify track.,
stage5b5-representative-v4-human-review-v1,stage5b5_representative_v4_048,41hXE5S8D4mRfcdqSMpmAC,The Girl Next Door,Tomppabeats,Harbor,51.187,2016,PRIMARY_MULTI_ARTIST,0,,The Girl Next Door Tomppabeats,2,81ZKjao_POw,https://www.youtube.com/watch?v=81ZKjao_POw,Tomppabeats - The Girl Next Door Extended,End Me,End Me,295.0,27091,,WRONG,"Second result is also an extended version, not the 51.187-second Spotify track.",
stage5b5-representative-v4-human-review-v1,stage5b5_representative_v4_048,41hXE5S8D4mRfcdqSMpmAC,The Girl Next Door,Tomppabeats,Harbor,51.187,2016,PRIMARY_MULTI_ARTIST,0,,The Girl Next Door Tomppabeats,3,8008pI-ziLM,https://www.youtube.com/watch?v=8008pI-ziLM,The Girl Next Door,Tomppabeats - Topic,Tomppabeats - Topic,52.0,14491,Provided to YouTube by igroovemusic.com The Girl Next Door · Tomppabeats Harbor ℗ Vinyl Digital GmbH Released on: ...,IDEAL,"Exact Topic upload with matching title, artist, and duration.",
stage5b5-representative-v4-human-review-v1,stage5b5_representative_v4_049,5lYv58lizCFl1c15K3yan9,Temple of Time,Paintamelody,"Reminiscence of Maplestory Piano Collections, Vol. 1",136.15,2020,PRIMARY_MULTI_ARTIST,0,,Temple of Time Paintamelody,1,wBt0h-Ti6vQ,https://www.youtube.com/watch?v=wBt0h-Ti6vQ,Temple of Time,Paintamelody - Topic,Paintamelody - Topic,137.0,51679,"Provided to YouTube by DistroKid Temple of Time · Paintamelody Reminiscence of Maplestory Piano Collections, Vol.",IDEAL,"Exact song identity with official, artist, label, distributor, or Topic evidence.",
stage5b5-representative-v4-human-review-v1,stage5b5_representative_v4_049,5lYv58lizCFl1c15K3yan9,Temple of Time,Paintamelody,"Reminiscence of Maplestory Piano Collections, Vol. 1",136.15,2020,PRIMARY_MULTI_ARTIST,0,,Temple of Time Paintamelody,2,46rCSlLBSdM,https://www.youtube.com/watch?v=46rCSlLBSdM,🍍Temple of Time - [Maplestory] - Piano Arrangement🥥,PinaCoco,PinaCoco,160.0,69514,Ko-Fi: https://ko-fi.com/realpinacoco Musescore (Sheet): https://musescore.com/user/34701783 ▻ ----NOTE---- ♫ MIDI: ...,,,
stage5b5-representative-v4-human-review-v1,stage5b5_representative_v4_049,5lYv58lizCFl1c15K3yan9,Temple of Time,Paintamelody,"Reminiscence of Maplestory Piano Collections, Vol. 1",136.15,2020,PRIMARY_MULTI_ARTIST,0,,Temple of Time Paintamelody,3,xG0lq2ABqSo,https://www.youtube.com/watch?v=xG0lq2ABqSo,Temple of Time: Remembrance,Paintamelody - Topic,Paintamelody - Topic,142.0,16252,"Provided to YouTube by DistroKid Temple of Time: Remembrance · Paintamelody Maplestory Piano Collections, Vol. 2, (Ossyria) ...",,,
stage5b5-representative-v4-human-review-v1,stage5b5_representative_v4_050,0QMCxc6dP8ObzoJExJd5oc,Fantasy,khai dreams,Summer Is Like a Dream,170.666,2017,PRIMARY_MULTI_ARTIST,0,,Fantasy khai dreams,1,vysjRahYFz0,https://www.youtube.com/watch?v=vysjRahYFz0,Fantasy,khai dreams,khai dreams,171.0,1254238,Provided to YouTube by The Orchard Enterprises Fantasy · Khai Dreams · Khai Nicholas Chi Duong Summer Is Like a Dream ...,IDEAL,"Exact song identity with official, artist, label, distributor, or Topic evidence.",
stage5b5-representative-v4-human-review-v1,stage5b5_representative_v4_050,0QMCxc6dP8ObzoJExJd5oc,Fantasy,khai dreams,Summer Is Like a Dream,170.666,2017,PRIMARY_MULTI_ARTIST,0,,Fantasy khai dreams,2,3S7-bjD0ZXc,https://www.youtube.com/watch?v=3S7-bjD0ZXc,Khai Dreams - Fantasy (Lyrics),AA Edits,AA Edits,171.0,683181,"Even more Khai Dreams! Please like and share this video, really hoping to get more subs and views if possible :) Support Khai ...",,,
stage5b5-representative-v4-human-review-v1,stage5b5_representative_v4_050,0QMCxc6dP8ObzoJExJd5oc,Fantasy,khai dreams,Summer Is Like a Dream,170.666,2017,PRIMARY_MULTI_ARTIST,0,,Fantasy khai dreams,3,sLARMbgINwc,https://www.youtube.com/watch?v=sLARMbgINwc,khai dreams - Fantasy(Prod. Jinsang),We are Found,We are Found,171.0,1766041,"From the ""Summer is like a dream"" EP Open up to support the artists and claim your free download! Music: *free download* ...",,,
stage5b5-representative-v4-human-review-v1,stage5b5_representative_v4_051,7emK4FaYfCmgmTKOUqrI4U,1,Milkoi | Mingeon Jang,Insts,130.824,2021,PRIMARY_MULTI_ARTIST,0,,1 Milkoi Mingeon Jang,1,iA9LHRiFbNQ,https://www.youtube.com/watch?v=iA9LHRiFbNQ,1,Milkoi - Topic,Milkoi - Topic,131.0,421,Provided to YouTube by Mil 1 · Milkoi · Mingeon Jang Insts ℗ 2021 Mil Released on: 2021-01-09 Main Artist: Milkoi Main Artist: ...,IDEAL,"Exact song identity with official, artist, label, distributor, or Topic evidence.",
stage5b5-representative-v4-human-review-v1,stage5b5_representative_v4_051,7emK4FaYfCmgmTKOUqrI4U,1,Milkoi | Mingeon Jang,Insts,130.824,2021,PRIMARY_MULTI_ARTIST,0,,1 Milkoi Mingeon Jang,2,M88GiAM483o,https://www.youtube.com/watch?v=M88GiAM483o,Skyblue Poem,Milkoi - Topic,Milkoi - Topic,103.0,123,Provided to YouTube by Nebula Records Skyblue Poem · Milkoi · Mingeon Jang Skyblue Poem ℗ 2023 Milkoi Released on: ...,,,
stage5b5-representative-v4-human-review-v1,stage5b5_representative_v4_051,7emK4FaYfCmgmTKOUqrI4U,1,Milkoi | Mingeon Jang,Insts,130.824,2021,PRIMARY_MULTI_ARTIST,0,,1 Milkoi Mingeon Jang,3,7aDg_v69wMY,https://www.youtube.com/watch?v=7aDg_v69wMY,you = mine,Milkoi,Milkoi,84.0,193,Provided to YouTube by cutecore you = mine · Milkoi you = mine ℗ 2026 cutecore Released on: 2026-03-31 Accordion: Milkoi ...,,,
stage5b5-representative-v4-human-review-v1,stage5b5_representative_v4_052,4Ah02v3e8R2rt8gQzdlCTH,EYE(S),LÜCY,EYE(S),239.0,2022,PRIMARY_MULTI_ARTIST,0,,EYE(S) LÜCY,1,aCZYuw3fW_g,https://www.youtube.com/watch?v=aCZYuw3fW_g,LÜCY-EYE(S) (Official Music Video),LÜCY,LÜCY,252.0,2146640,You found my soul 你找到了我的靈魂and left me a sign 並給了我一個暗示with my heart attack 伴隨著我的心跳want you to melt me ...,IDEAL,"Exact song identity with official, artist, label, distributor, or Topic evidence.",
stage5b5-representative-v4-human-review-v1,stage5b5_representative_v4_052,4Ah02v3e8R2rt8gQzdlCTH,EYE(S),LÜCY,EYE(S),239.0,2022,PRIMARY_MULTI_ARTIST,0,,EYE(S) LÜCY,2,1In88MW6F2Q,https://www.youtube.com/watch?v=1In88MW6F2Q,中英歌詞｜LÜCY-EYE(S) lyrics,singsangsong,singsangsong,239.0,36184,eye(s) #LÜCY #lyrics #中英文歌詞You found my soul and left me a sign 當你發現我的靈魂並留下一個訊號with my heart attack 在我 ...,,,
stage5b5-representative-v4-human-review-v1,stage5b5_representative_v4_052,4Ah02v3e8R2rt8gQzdlCTH,EYE(S),LÜCY,EYE(S),239.0,2022,PRIMARY_MULTI_ARTIST,0,,EYE(S) LÜCY,3,Qe-VPgs03ew,https://www.youtube.com/watch?v=Qe-VPgs03ew,EYE (S),LÜCY,LÜCY,243.0,24836,Provided to YouTube by StreetVoice Taiwan Co. EYE (S) · LÜCY LÜCY ℗ 晚安島記Released on: 2022-06-12 Producer: 晚安島 ...,,,
stage5b5-representative-v4-human-review-v1,stage5b5_representative_v4_053,3sR1RNcVEDJKUfS8rX20Lx,Love Like That,LambC,Absence 'Side A',214.44,2017,PRIMARY_MULTI_ARTIST,0,,Love Like That LambC,1,bcJXEkkP7y8,https://www.youtube.com/watch?v=bcJXEkkP7y8,Love like that - LambC(램씨) MV,LambC,LambC,216.0,270095,YouTube - https://www.youtube.com/LambC Facebook - https://www.facebook.com/lambctheherd/ Instagram ...,IDEAL,"Exact song identity with official, artist, label, distributor, or Topic evidence.",
stage5b5-representative-v4-human-review-v1,stage5b5_representative_v4_053,3sR1RNcVEDJKUfS8rX20Lx,Love Like That,LambC,Absence 'Side A',214.44,2017,PRIMARY_MULTI_ARTIST,0,,Love Like That LambC,2,ZaMUv9asnZY,https://www.youtube.com/watch?v=ZaMUv9asnZY,LambC (램씨)_Love Like That_HAN/ROM/ENG Lyrics,reg,reg,221.0,61211,"LambC 1st EP [Absence Side A] ❁ Watch and enjoy! Especially you, Sofia Sekiguchi! ✿ Credit: ...",,,
stage5b5-representative-v4-human-review-v1,stage5b5_representative_v4_053,3sR1RNcVEDJKUfS8rX20Lx,Love Like That,LambC,Absence 'Side A',214.44,2017,PRIMARY_MULTI_ARTIST,0,,Love Like That LambC,3,0J608echnOg,https://www.youtube.com/watch?v=0J608echnOg,LambC - Love Like That (램씨),SEOUL BEAT,SEOUL BEAT,216.0,479,"""Music really is everything to me. It's always there regardless of how my life is going. It never fails to somewhat make me feel better ...",,,
stage5b5-representative-v4-human-review-v1,stage5b5_representative_v4_054,6duDK2pgnxIdiB9BVz87FJ,"Then, Now and Forever",I.O.I,I.O.I 3rd MINI ALBUM [I.O.I : LOOP],230.0,2026,PRIMARY_MULTI_ARTIST,0,,"Then, Now and Forever I.O.I",1,Tcl5EBvhYKU,https://www.youtube.com/watch?v=Tcl5EBvhYKU,"I.O.I - Then, Now and Forever [The Seasons S9 EP.11] | KBS WORLD TV 260619",KBS WORLD TV,KBS WORLD TV,231.0,25127,TheSeasons #성시경 #Sung_Sikyung #더시즌즈 #고막남친 #Ear_Candy #IOI #아이오아이 #그때_우리_지금 ...,ACCEPTABLE,Correct song and credited artist(s); alternate presentation or third-party upload remains usable.,
stage5b5-representative-v4-human-review-v1,stage5b5_representative_v4_054,6duDK2pgnxIdiB9BVz87FJ,"Then, Now and Forever",I.O.I,I.O.I 3rd MINI ALBUM [I.O.I : LOOP],230.0,2026,PRIMARY_MULTI_ARTIST,0,,"Then, Now and Forever I.O.I",2,JViWK7JV358,https://www.youtube.com/watch?v=JViWK7JV358,"Then, Now and Forever",I.O.I - Topic,I.O.I - Topic,230.0,887230,"Provided to YouTube by Genie Music Corporation Then, Now and Forever · I.O.I I.O.I 3rd MINI ALBUM [I.O.I : LOOP] ℗ 2026 ...",,,
stage5b5-representative-v4-human-review-v1,stage5b5_representative_v4_054,6duDK2pgnxIdiB9BVz87FJ,"Then, Now and Forever",I.O.I,I.O.I 3rd MINI ALBUM [I.O.I : LOOP],230.0,2026,PRIMARY_MULTI_ARTIST,0,,"Then, Now and Forever I.O.I",3,M4HrnqQxaAA,https://www.youtube.com/watch?v=M4HrnqQxaAA,"I.O.I Then, Now and Forever Lyrics (Color Coded Lyrics)",Chaereve,Chaereve,231.0,3571,"All rights administered by SWING Ent. ................................. Artist: I.O.I Song: Then, Now and Forever Album: I.O.I : LOOP ...",,,
stage5b5-representative-v4-human-review-v1,stage5b5_representative_v4_055,5lDoXy3tjUzgetRASPHwCP,third person pov.,"luv, jacob | kate hyun",third person pov.,210.195,2023,PRIMARY_MULTI_ARTIST,0,,"third person pov. luv, jacob kate hyun",1,951LyN8_b14,https://www.youtube.com/watch?v=951LyN8_b14,third person pov.,"luv, jacob","luv, jacob",211.0,4377,"Provided to YouTube by luv, jacob third person pov. · luv, jacob · kate hyun third person pov. ℗ 2023 luv, jacob Released on: ...",IDEAL,"Exact song identity with official, artist, label, distributor, or Topic evidence.",
stage5b5-representative-v4-human-review-v1,stage5b5_representative_v4_055,5lDoXy3tjUzgetRASPHwCP,third person pov.,"luv, jacob | kate hyun",third person pov.,210.195,2023,PRIMARY_MULTI_ARTIST,0,,"third person pov. luv, jacob kate hyun",2,hBdfhS3YaN0,https://www.youtube.com/watch?v=hBdfhS3YaN0,"Uni Vlog - vie étudiante à Paris Dauphine, Louvre Couture, midterms et matcha",Aliuong,Aliuong,661.0,788,"... luv, jacob · kate hyun - third person pov. - luv, jacob - tangled - V - Christmas tree socials : insta aliuong_fouq tiktok aliuong.",,,
stage5b5-representative-v4-human-review-v1,stage5b5_representative_v4_056,1Fib5F86hgXrIi8UV825hw,Room 907,BUBBLE TEA AND CIGARETTES,we should've killed each other,214.5,2024,PRIMARY_MULTI_ARTIST,0,,Room 907 BUBBLE TEA AND CIGARETTES,1,6HKGbHQuZjk,https://www.youtube.com/watch?v=6HKGbHQuZjk,Room 907,BUBBLE TEA AND CIGARETTES,BUBBLE TEA AND CIGARETTES,217.0,145750,(Turn on CC for lyrics) Film by Bubble Tea and Cigarettes Director of Photography: Yifu Li LYRICS Your fingers still cold Drown ...,IDEAL,"Exact song identity with official, artist, label, distributor, or Topic evidence.",
stage5b5-representative-v4-human-review-v1,stage5b5_representative_v4_056,1Fib5F86hgXrIi8UV825hw,Room 907,BUBBLE TEA AND CIGARETTES,we should've killed each other,214.5,2024,PRIMARY_MULTI_ARTIST,0,,Room 907 BUBBLE TEA AND CIGARETTES,2,b_1jys84h84,https://www.youtube.com/watch?v=b_1jys84h84,Bubble Tea and Cigarettes - Room 907,David Dean Burkhart,David Dean Burkhart,217.0,11050,Follow Bubble Tea and Cigarettes Spotify: https://open.spotify.com/artist/2UMeX51X1prCFgi51RHo9P Instagram: ...,,,
stage5b5-representative-v4-human-review-v1,stage5b5_representative_v4_056,1Fib5F86hgXrIi8UV825hw,Room 907,BUBBLE TEA AND CIGARETTES,we should've killed each other,214.5,2024,PRIMARY_MULTI_ARTIST,0,,Room 907 BUBBLE TEA AND CIGARETTES,3,xSBp7Uk7NzQ,https://www.youtube.com/watch?v=xSBp7Uk7NzQ,Room 907 (slowed and reverb),BUBBLE TEA AND CIGARETTES,BUBBLE TEA AND CIGARETTES,271.0,22342,(Turn on CC for lyrics) Your fingers still cold Drown me in your ocean A hollow deep inside me The lies that you whisper I think I'm ...,,,
stage5b5-representative-v4-human-review-v1,stage5b5_representative_v4_057,3JbyoXyJvsfAPx87INISmp,Cut My Hair,Mounika. | Cavetown,How Are You,127.137,2017,PRIMARY_MULTI_ARTIST,0,,Cut My Hair Mounika. Cavetown,1,rqfDjmAkq7U,https://www.youtube.com/watch?v=rqfDjmAkq7U,Mounika - Cut My Hair (feat. Cavetown),MrSuicideSheep,MrSuicideSheep,128.0,21505695,Mounika - Cut My Hair (feat. Cavetown) ⬙ FAVOURITES ON SPOTIFY ⬙ ⇥ http://mrsuicidesheep.com/favourites Cut My Hair!,ACCEPTABLE,Correct song and credited artist(s); alternate presentation or third-party upload remains usable.,
stage5b5-representative-v4-human-review-v1,stage5b5_representative_v4_057,3JbyoXyJvsfAPx87INISmp,Cut My Hair,Mounika. | Cavetown,How Are You,127.137,2017,PRIMARY_MULTI_ARTIST,0,,Cut My Hair Mounika. Cavetown,2,iuLPgRLR-w0,https://www.youtube.com/watch?v=iuLPgRLR-w0,Mounika. - Cut My Hair (Lyrics) ft. Cavetown,Aurora Vibes,Aurora Vibes,139.0,3650888,"Discover on Spotify https://ffm.to/av-spotify Stream & Download ""Cut My Hair"" by Mounika feat Cavetown Spotify ...",,,
stage5b5-representative-v4-human-review-v1,stage5b5_representative_v4_057,3JbyoXyJvsfAPx87INISmp,Cut My Hair,Mounika. | Cavetown,How Are You,127.137,2017,PRIMARY_MULTI_ARTIST,0,,Cut My Hair Mounika. Cavetown,3,rbhpjuEAz8M,https://www.youtube.com/watch?v=rbhpjuEAz8M,Mounika. feat Cavetown - Cut My Hair,Mounika.,Mounika.,128.0,67670,"Extract of ""How Are You?"" (Album, 2017) Featuring CaveTown Produced and Mixed by Mounika. Label MAJU. RECORDS Listen ...",,,
stage5b5-representative-v4-human-review-v1,stage5b5_representative_v4_058,47GDIIaeH1GaU7unvTGroF,Soundlessly in the Wind Like Lost Souls,City Girl,Snow Rose,191.941,2017,PRIMARY_MULTI_ARTIST,0,,Soundlessly in the Wind Like Lost Souls City Girl,1,paiEPFwyAVs,https://www.youtube.com/watch?v=paiEPFwyAVs,city girl | soundlessly in the wind like lost souls,City Girl,City Girl,193.0,75108,"views of endless vistas and pale lights.. cold and warm, together and alone, visions of warm lights and lost souls... ♡♡♡ listen to ...",IDEAL,"Exact song identity with official, artist, label, distributor, or Topic evidence.",
stage5b5-representative-v4-human-review-v1,stage5b5_representative_v4_058,47GDIIaeH1GaU7unvTGroF,Soundlessly in the Wind Like Lost Souls,City Girl,Snow Rose,191.941,2017,PRIMARY_MULTI_ARTIST,0,,Soundlessly in the Wind Like Lost Souls City Girl,2,YE03VPFFez0,https://www.youtube.com/watch?v=YE03VPFFez0,CityGirl - soundlessly in the wind like lost souls,Green Chill Zone,Green Chill Zone,193.0,935,Confira e acompanhe mais sobre o artista nas seguintes plataformas / Follow and see more about an artist in the following ...,,,
stage5b5-representative-v4-human-review-v1,stage5b5_representative_v4_058,47GDIIaeH1GaU7unvTGroF,Soundlessly in the Wind Like Lost Souls,City Girl,Snow Rose,191.941,2017,PRIMARY_MULTI_ARTIST,0,,Soundlessly in the Wind Like Lost Souls City Girl,3,eWP4DgmLR8w,https://www.youtube.com/watch?v=eWP4DgmLR8w,soundlessly in the wind like lost souls,Người Dùng,Người Dùng,195.0,126,,,,
stage5b5-representative-v4-human-review-v1,stage5b5_representative_v4_059,0UtvJShbXjVeywm7BFKKsr,Leave You,City Girl | Rui Ying,Chroma Velocity,248.0,2019,PRIMARY_MULTI_ARTIST,0,,Leave You City Girl Rui Ying,1,_rawLg0Q2PU,https://www.youtube.com/watch?v=_rawLg0Q2PU,city girl | leave you (feat. ry)「lyrics」,City Girl,City Girl,249.0,123892,"physical CD's with sticker ^w^ ▻https://city-girl.bandcamp.com/album/chroma-velocity rui ying vocals, songwriting.",IDEAL,"Exact song identity with official, artist, label, distributor, or Topic evidence.",
stage5b5-representative-v4-human-review-v1,stage5b5_representative_v4_059,0UtvJShbXjVeywm7BFKKsr,Leave You,City Girl | Rui Ying,Chroma Velocity,248.0,2019,PRIMARY_MULTI_ARTIST,0,,Leave You City Girl Rui Ying,2,TnP7ouxRFGE,https://www.youtube.com/watch?v=TnP7ouxRFGE,City Girl - Leave You (feat. rui ying),pop,pop,251.0,3670,,,,
stage5b5-representative-v4-human-review-v1,stage5b5_representative_v4_059,0UtvJShbXjVeywm7BFKKsr,Leave You,City Girl | Rui Ying,Chroma Velocity,248.0,2019,PRIMARY_MULTI_ARTIST,0,,Leave You City Girl Rui Ying,3,CBKjOX0ACf4,https://www.youtube.com/watch?v=CBKjOX0ACf4,Guaranteed Suicide (feat. Rui Ying),City Girl,City Girl,240.0,77634,Rui Ying) · City Girl · Rui Ying Chroma Velocity ℗ City Girl Records Released on: 2019-06-10 Auto-generated by YouTube.,,,
stage5b5-representative-v4-human-review-v1,stage5b5_representative_v4_060,1walN3x7BZOZYdKrZbKhut,I Don't Know You,Noni,I Don't Know You,188.572,2020,PRIMARY_MULTI_ARTIST,0,,I Don't Know You Noni,1,e9zSm1aMmac,https://www.youtube.com/watch?v=e9zSm1aMmac,I Don't Know You,Noni,Noni,189.0,1488119,Provided to YouTube by Lightwise I Don't Know You · Noni I Don't Know You ℗ Noni Released on: 2020-04-24 Producer: CVX ...,IDEAL,"Exact song identity with official, artist, label, distributor, or Topic evidence.",
stage5b5-representative-v4-human-review-v1,stage5b5_representative_v4_060,1walN3x7BZOZYdKrZbKhut,I Don't Know You,Noni,I Don't Know You,188.572,2020,PRIMARY_MULTI_ARTIST,0,,I Don't Know You Noni,2,GV--rbGTp-A,https://www.youtube.com/watch?v=GV--rbGTp-A,I Don’t Know You - Noni |lyrics,itsmejen,itsmejen,190.0,33394,"lyrics: Baby I know we've went through So many different fates and shades of blue I can still feel you, but what about you?",,,
stage5b5-representative-v4-human-review-v1,stage5b5_representative_v4_060,1walN3x7BZOZYdKrZbKhut,I Don't Know You,Noni,I Don't Know You,188.572,2020,PRIMARY_MULTI_ARTIST,0,,I Don't Know You Noni,3,ydImhmk0QWA,https://www.youtube.com/watch?v=ydImhmk0QWA,i don't know you - noni (lyrics)| Noni lyrics....|Full version/🎶,Shushant,Shushant,187.0,187,NONI Description i don't know you - noni (lyrics)thanks for watching background: unsplash Music in this video Learn more Listen ...,,,
stage5b5-representative-v4-human-review-v1,stage5b5_representative_v4_061,51vRumtqbkNW9wrKfESwfu,UNFORGIVEN (feat. Nile Rodgers),LE SSERAFIM | Nile Rodgers,UNFORGIVEN,182.148,2023,PRIMARY_MULTI_ARTIST,0,,UNFORGIVEN (feat. Nile Rodgers) LE SSERAFIM Nile Rodgers,1,UBURTj20HXI,https://www.youtube.com/watch?v=UBURTj20HXI,LE SSERAFIM (르세라핌) 'UNFORGIVEN (feat. Nile Rodgers)' OFFICIAL M/V,HYBE LABELS and LE SSERAFIM,HYBE LABELS and LE SSERAFIM,260.0,152040501,"Creative Director : NU KIM Visual Creative Operation Managing : Yujoo Kim Style Directing : Yoon Cho, Yuli Song Brand ...",IDEAL,"Exact song identity with official, artist, label, distributor, or Topic evidence.",
stage5b5-representative-v4-human-review-v1,stage5b5_representative_v4_061,51vRumtqbkNW9wrKfESwfu,UNFORGIVEN (feat. Nile Rodgers),LE SSERAFIM | Nile Rodgers,UNFORGIVEN,182.148,2023,PRIMARY_MULTI_ARTIST,0,,UNFORGIVEN (feat. Nile Rodgers) LE SSERAFIM Nile Rodgers,2,UnWUmg6fEIw,https://www.youtube.com/watch?v=UnWUmg6fEIw,LE SSERAFIM (르세라핌) 'UNFORGIVEN (feat. Nile Rodgers)' OFFICIAL M/V (Choreography ver.),HYBE LABELS,HYBE LABELS,190.0,53673771,"Creative Director : NU KIM Visual Creative Operation Managing : Yujoo Kim Style Directing : Yoon Cho, Yuli Song Brand ...",ACCEPTABLE,Official choreography-version video for the exact song and credited artist.,
stage5b5-representative-v4-human-review-v1,stage5b5_representative_v4_061,51vRumtqbkNW9wrKfESwfu,UNFORGIVEN (feat. Nile Rodgers),LE SSERAFIM | Nile Rodgers,UNFORGIVEN,182.148,2023,PRIMARY_MULTI_ARTIST,0,,UNFORGIVEN (feat. Nile Rodgers) LE SSERAFIM Nile Rodgers,3,hsa4IQRqWvY,https://www.youtube.com/watch?v=hsa4IQRqWvY,LE SSERAFIM 르세라핌 'UNFORGIVEN feat  Nile Rodgers' OFFICIAL M V,#BBM FANS TV,#BBM FANS TV,260.0,105,We do our responsibility to share what's happening in the Philippines #nba#TrendingNews#Duterte#PBBM#VPSARA ...,,,
stage5b5-representative-v4-human-review-v1,stage5b5_representative_v4_062,07YG6Ark70YsDK4q3swKrc,Lost Birds in Heaven's Gaze,City Girl,Asleep in Soft Ether,120.0,2024,PRIMARY_MULTI_ARTIST,0,,Lost Birds in Heaven's Gaze City Girl,1,IwtP1vWNMPE,https://www.youtube.com/watch?v=IwtP1vWNMPE,Lost Birds in Heaven's Gaze,City Girl,City Girl,120.0,15082,Provided to YouTube by DistroKid Lost Birds in Heaven's Gaze · City Girl Asleep in Soft Ether ℗ City Girl Records Released on: ...,IDEAL,"Exact song identity with official, artist, label, distributor, or Topic evidence.",
stage5b5-representative-v4-human-review-v1,stage5b5_representative_v4_062,07YG6Ark70YsDK4q3swKrc,Lost Birds in Heaven's Gaze,City Girl,Asleep in Soft Ether,120.0,2024,PRIMARY_MULTI_ARTIST,0,,Lost Birds in Heaven's Gaze City Girl,2,GxillKgTAUg,https://www.youtube.com/watch?v=GxillKgTAUg,City Girl - Asleep in Soft Ether 💫 (Full Album),City Girl,City Girl,2114.0,88555,"Lost birds in heaven's gaze, Hopeful of some zephyr to escape the grey. How could one belabor oblivion When wrapped so ...",,,
stage5b5-representative-v4-human-review-v1,stage5b5_representative_v4_062,07YG6Ark70YsDK4q3swKrc,Lost Birds in Heaven's Gaze,City Girl,Asleep in Soft Ether,120.0,2024,PRIMARY_MULTI_ARTIST,0,,Lost Birds in Heaven's Gaze City Girl,3,NTBZRbr39JM,https://www.youtube.com/watch?v=NTBZRbr39JM,[FULL] Breaks Away From Tragic Past Mother And Daughter Gain A Brilliant New Life#minidramas,DramaBreak,DramaBreak,17838.0,735,Welcome to 【DramaBreak】– The most popular and attractive drama are here ❤ From heart-pounding action to gripping ...,,,
stage5b5-representative-v4-human-review-v1,stage5b5_representative_v4_063,5GkQIP5mWPi4KZLLXeuFTT,motive (with Doja Cat),Ariana Grande | Doja Cat,Positions,167.989,2020,PRIMARY_MULTI_ARTIST,0,,motive (with Doja Cat) Ariana Grande Doja Cat,1,Lj4-SIa9bbk,https://www.youtube.com/watch?v=Lj4-SIa9bbk,"Ariana Grande, Doja Cat - motive (official audio)",Ariana Grande,Ariana Grande,169.0,66333907,The official “motive” ft. Doja Cat audio by Ariana Grande. Listen & download Positions (the album) here: ...,IDEAL,"Exact song identity with official, artist, label, distributor, or Topic evidence.",
stage5b5-representative-v4-human-review-v1,stage5b5_representative_v4_063,5GkQIP5mWPi4KZLLXeuFTT,motive (with Doja Cat),Ariana Grande | Doja Cat,Positions,167.989,2020,PRIMARY_MULTI_ARTIST,0,,motive (with Doja Cat) Ariana Grande Doja Cat,2,IhA2Hl0U2fw,https://www.youtube.com/watch?v=IhA2Hl0U2fw,"Ariana Grande, Doja Cat - motive (Lyrics) tell me what's your motive",After Beats,After Beats,169.0,611452,"Ariana Grande, Doja Cat - motive (Lyrics) tell me what's your motive Download / Stream: http://arianagrande.lnk.to/positions ...",,,
stage5b5-representative-v4-human-review-v1,stage5b5_representative_v4_063,5GkQIP5mWPi4KZLLXeuFTT,motive (with Doja Cat),Ariana Grande | Doja Cat,Positions,167.989,2020,PRIMARY_MULTI_ARTIST,0,,motive (with Doja Cat) Ariana Grande Doja Cat,3,R_HTYLhmKQw,https://www.youtube.com/watch?v=R_HTYLhmKQw,Ariana Grande Doja Cat Motive (Official Music Video),Top YouTube Music (T.Y.T.Msc.),Top YouTube Music (T.Y.T.Msc.),173.0,12015,,,,
stage5b5-representative-v4-human-review-v1,stage5b5_representative_v4_064,5ZBgQisXoMvnBPNt23gIak,I Never Did,dyslm | DNAKM,I Never Did,124.33,2019,PRIMARY_MULTI_ARTIST,0,,I Never Did dyslm DNAKM,1,fTgMk0jST7g,https://www.youtube.com/watch?v=fTgMk0jST7g,I Never Did,Dyslm,Dyslm,125.0,130069,Provided to YouTube by The Orchard Enterprises I Never Did · Dyslm · Dnakm · Matej Miklošić · Yedam Kim I Never Did ℗ 2022 ...,IDEAL,"Exact song identity with official, artist, label, distributor, or Topic evidence.",
stage5b5-representative-v4-human-review-v1,stage5b5_representative_v4_064,5ZBgQisXoMvnBPNt23gIak,I Never Did,dyslm | DNAKM,I Never Did,124.33,2019,PRIMARY_MULTI_ARTIST,0,,I Never Did dyslm DNAKM,2,GLTq0kg90Rc,https://www.youtube.com/watch?v=GLTq0kg90Rc,"I Never Did - Dyslm, DNAKM (lyric video)",daily___sad,daily___sad,125.0,10321,From Sunday - internet driven label who loves playlists » Spotify: https://lnk.to/SadMusicLY/spotify » Apple Music: ...,,,
stage5b5-representative-v4-human-review-v1,stage5b5_representative_v4_064,5ZBgQisXoMvnBPNt23gIak,I Never Did,dyslm | DNAKM,I Never Did,124.33,2019,PRIMARY_MULTI_ARTIST,0,,I Never Did dyslm DNAKM,3,LxNmbD19N_E,https://www.youtube.com/watch?v=LxNmbD19N_E,Dyslm - i never did (ft. DNAKM),the bootleg boy,the bootleg boy,125.0,257832,Listen to 'i never did' by Dyslm Lofi/Chill Beats Dyslm https://soundcloud.com/dyslmofficial ...,,,
stage5b5-representative-v4-human-review-v1,stage5b5_representative_v4_065,08MFgEQeVLF37EyZ7jcwLc,Pano,Zack Tabudlo,Pano,254.4,2021,PRIMARY_MULTI_ARTIST,0,,Pano Zack Tabudlo,1,xizg1-0JmiA,https://www.youtube.com/watch?v=xizg1-0JmiA,Zack Tabudlo - Pano (Lyric Video),Zack Tabudlo,Zack Tabudlo,276.0,170450914,"Music video by Zack Tabudlo performing Pano (Lyric Video).© 2021 Republic Records Philippines, a division of UMG Philippines ...",IDEAL,"Exact song identity with official, artist, label, distributor, or Topic evidence.",
stage5b5-representative-v4-human-review-v1,stage5b5_representative_v4_065,08MFgEQeVLF37EyZ7jcwLc,Pano,Zack Tabudlo,Pano,254.4,2021,PRIMARY_MULTI_ARTIST,0,,Pano Zack Tabudlo,2,ch3tldQDC5A,https://www.youtube.com/watch?v=ch3tldQDC5A,Zack Tabudlo - Pano (Lyrics),Dan Music,Dan Music,257.0,1657768,"Zack Tabudlo - Pano (Lyrics) Stream ""Pano"" by Zack Tabudlo: https://zacktabudlo.lnk.to/Pano Follow Zack Tabudlo YouTube: ...",ACCEPTABLE,Correct song and artist in a lyric-video presentation with near-matching duration.,
stage5b5-representative-v4-human-review-v1,stage5b5_representative_v4_065,08MFgEQeVLF37EyZ7jcwLc,Pano,Zack Tabudlo,Pano,254.4,2021,PRIMARY_MULTI_ARTIST,0,,Pano Zack Tabudlo,3,4x45qKtxUB0,https://www.youtube.com/watch?v=4x45qKtxUB0,"Zack Tabudlo performs ""Pano"" LIVE on Wish 107.5 Bus",Wish 107.5,Wish 107.5,327.0,15094268,"This Wishclusive is brought to you by your all-in-one money app, Maya - It's everything and a bank. Download and sign up using ...",,,
stage5b5-representative-v4-human-review-v1,stage5b5_representative_v4_066,5T6PZMH6QDRnhN3fYaXDQz,報復式浪漫 (feat. moon tang),Jay Fung | moon tang,報復式浪漫 (feat. moon tang),219.041,2022,PRIMARY_MULTI_ARTIST,0,,報復式浪漫 (feat. moon tang) Jay Fung moon tang,1,zCdChkETXJk,https://www.youtube.com/watch?v=zCdChkETXJk,馮允謙 Jay Fung - 報復式浪漫 (feat. @moontang929) Sweeetly (Official Music Video),Jay Fung 馮允謙,Jay Fung 馮允謙,225.0,572757,馮允謙- 報復式浪漫(feat. moon tang) 曲：馮允謙詞：Oscar/馮允謙編：Daniel Toh 監：T-Ma 馬敬恆/ 馮允謙反反覆覆共你既遠且近 ...,IDEAL,"Exact song identity with official, artist, label, distributor, or Topic evidence.",
stage5b5-representative-v4-human-review-v1,stage5b5_representative_v4_066,5T6PZMH6QDRnhN3fYaXDQz,報復式浪漫 (feat. moon tang),Jay Fung | moon tang,報復式浪漫 (feat. moon tang),219.041,2022,PRIMARY_MULTI_ARTIST,0,,報復式浪漫 (feat. moon tang) Jay Fung moon tang,2,a-__ti74zCM,https://www.youtube.com/watch?v=a-__ti74zCM,馮允謙 Jay Fung - 報復式浪漫 (feat. moon tang) Sweeetly [Lyrics 歌詞],HKgotchi 香港哥池,HKgotchi 香港哥池,222.0,7946,Official Music Video: https://www.youtube.com/watch?v=zCdChkETXJk&t=19s ▻Listen to the song on: Apple Music/iTunes: ...,,,
stage5b5-representative-v4-human-review-v1,stage5b5_representative_v4_066,5T6PZMH6QDRnhN3fYaXDQz,報復式浪漫 (feat. moon tang),Jay Fung | moon tang,報復式浪漫 (feat. moon tang),219.041,2022,PRIMARY_MULTI_ARTIST,0,,報復式浪漫 (feat. moon tang) Jay Fung moon tang,3,k2W2RGDOtaw,https://www.youtube.com/watch?v=k2W2RGDOtaw,馮允謙 Jay Fung - 報復式浪漫 Sweeetly (Official Music Video),Jay Fung 馮允謙,Jay Fung 馮允謙,230.0,2137278,有計算過人一生花多少時間在等待嗎？ 等𨋢等車等過馬路、等下班等下課、等一趟旅行、等一場想看的的演唱會，或是等一個期待已 ...,,,
stage5b5-representative-v4-human-review-v1,stage5b5_representative_v4_067,2xtP8RNbo2BEMzLX7tK7aq,CRY FOR ME,TWICE,CRY FOR ME,204.167,2020,PRIMARY_MULTI_ARTIST,0,,CRY FOR ME TWICE,1,bkQw-F1QTq4,https://www.youtube.com/watch?v=bkQw-F1QTq4,TWICE 'CRY FOR ME' Choreography - 2,TWICE,TWICE,210.0,147807728,"TWICE 'CRY FOR ME' Choreography - 2 TWICE ""CRY FOR ME"" Released Online: https://twice.lnk.to/CRYFORME TWICE Official ...",UNCERTAIN,Official choreography presentation may not be the requested canonical recording; continue to the next native rank.,
stage5b5-representative-v4-human-review-v1,stage5b5_representative_v4_067,2xtP8RNbo2BEMzLX7tK7aq,CRY FOR ME,TWICE,CRY FOR ME,204.167,2020,PRIMARY_MULTI_ARTIST,0,,CRY FOR ME TWICE,2,g9gJBnR9Dqs,https://www.youtube.com/watch?v=g9gJBnR9Dqs,TWICE 'CRY FOR ME' Lyrics (트와이스 CRY FOR ME 가사) (Color Coded Lyrics),Jaeguchi,Jaeguchi,209.0,10735674,All Rights Administered by JYP Entertainment • Artist: TWICE (트와이스) • Song ♫: CRY FOR ME • Album: CRY FOR ME ...,ACCEPTABLE,Correct TWICE recording in a lyric-video presentation with matching duration.,
stage5b5-representative-v4-human-review-v1,stage5b5_representative_v4_067,2xtP8RNbo2BEMzLX7tK7aq,CRY FOR ME,TWICE,CRY FOR ME,204.167,2020,PRIMARY_MULTI_ARTIST,0,,CRY FOR ME TWICE,3,9KW7hojmoaI,https://www.youtube.com/watch?v=9KW7hojmoaI,"[4K] ""CRY FOR ME"" The Kelly Clarkson Show Full Performance",TWICE,TWICE,211.0,59765467,"[4K] ""CRY FOR ME"" The Kelly Clarkson Show Full Performance TWICE ""CRY FOR ME"" Released Online: ...",,,
stage5b5-representative-v4-human-review-v1,stage5b5_representative_v4_068,4dMGKGfaWMZNLQEjkd8lme,Travel,BOL4,Red Diary Page.2,220.98,2018,PRIMARY_MULTI_ARTIST,0,,Travel BOL4,1,xRbPAVnqtcs,https://www.youtube.com/watch?v=xRbPAVnqtcs,[MV] BOL4(볼빨간사춘기) _ Travel(여행),1theK (원더케이),1theK (원더케이),258.0,114988586,[MV] BOL4(볼빨간사춘기) _ Travel(여행) *English subtitles are now available. :D (Please click on 'CC' button or activate ...,IDEAL,"Exact song identity with official, artist, label, distributor, or Topic evidence.",
stage5b5-representative-v4-human-review-v1,stage5b5_representative_v4_068,4dMGKGfaWMZNLQEjkd8lme,Travel,BOL4,Red Diary Page.2,220.98,2018,PRIMARY_MULTI_ARTIST,0,,Travel BOL4,2,NW7TgAX5128,https://www.youtube.com/watch?v=NW7TgAX5128,Bolbbalgan4 (볼빨간사춘기) - Travel (여행) (Color Coded Lyrics/Han/Rom/Trans),Jett Pil,Jett Pil,225.0,2103944,Support me on Kofi! https://ko-fi.com/jettpil57229 [Mini Album] BOL4 – Red Diary Page.2 (MP3) 볼빨간사춘기 – Red Diary Page.2 ...,ACCEPTABLE,Correct BOL4 song in a lyric-video presentation with near-matching duration.,
stage5b5-representative-v4-human-review-v1,stage5b5_representative_v4_068,4dMGKGfaWMZNLQEjkd8lme,Travel,BOL4,Red Diary Page.2,220.98,2018,PRIMARY_MULTI_ARTIST,0,,Travel BOL4,3,g6U2SS-ZMy8,https://www.youtube.com/watch?v=g6U2SS-ZMy8,[Lyrics Video] BOL4(볼빨간사춘기) - Travel(여행),SUPER SOUND Bugs!,SUPER SOUND Bugs!,222.0,5237454,[Lyrics Video] BOL4(볼빨간사춘기) - Travel(여행) BOL4's EP Album [Red Diary Page.2] Now Available on : ▷Bugs ...,,,
stage5b5-representative-v4-human-review-v1,stage5b5_representative_v4_069,1boXOL0ua7N2iCOUVI1p9F,Japanese Denim,Daniel Caesar,Get You - Single,270.846,2016,PRIMARY_MULTI_ARTIST,0,,Japanese Denim Daniel Caesar,1,cbBSTPjOMOA,https://www.youtube.com/watch?v=cbBSTPjOMOA,Daniel Caesar - Japanese Denim | Lyrics,skyline sounds,skyline sounds,271.0,727146,Daniel Caesar - Japanese Denim | Lyrics subscribe: ...,ACCEPTABLE,Correct song and credited artist(s); alternate presentation or third-party upload remains usable.,
stage5b5-representative-v4-human-review-v1,stage5b5_representative_v4_069,1boXOL0ua7N2iCOUVI1p9F,Japanese Denim,Daniel Caesar,Get You - Single,270.846,2016,PRIMARY_MULTI_ARTIST,0,,Japanese Denim Daniel Caesar,2,b40tZGDsHE4,https://www.youtube.com/watch?v=b40tZGDsHE4,Daniel Caesar - Japanese Denim (Lyric Video),winter sounds,winter sounds,271.0,154572,The soundtrack to your winter. subscribe to listen to more good music: ...,,,
stage5b5-representative-v4-human-review-v1,stage5b5_representative_v4_069,1boXOL0ua7N2iCOUVI1p9F,Japanese Denim,Daniel Caesar,Get You - Single,270.846,2016,PRIMARY_MULTI_ARTIST,0,,Japanese Denim Daniel Caesar,3,FG2PgVl0Nlc,https://www.youtube.com/watch?v=FG2PgVl0Nlc,Daniel Caesar - Japanese Denim,Beautiful.co.il,Beautiful.co.il,271.0,31662431,"Daniel Caesar - Japanese Denim (from the Get You - Single) I don't stand in line, I don't pay for clubs, fuck that But I'll wait for you I ...",,,
stage5b5-representative-v4-human-review-v1,stage5b5_representative_v4_070,6bM1QYzUKzZpQyAa7uO5kr,"she likes spring, I prefer winter",slchld,"my insecurities, not yours",207.445,2019,PRIMARY_MULTI_ARTIST,0,,"she likes spring, I prefer winter slchld",1,-F1G2vgta6o,https://www.youtube.com/watch?v=-F1G2vgta6o,"slchld - she likes spring, I prefer winter (Official Audio)",slchld,slchld,208.0,7446870,"Song Title: she likes spring, I prefer winter Artist: slchld Produced by: GC Written by: Doo Hyuk Jang, Gary Cheung Label: ...",IDEAL,"Exact song identity with official, artist, label, distributor, or Topic evidence.",
stage5b5-representative-v4-human-review-v1,stage5b5_representative_v4_070,6bM1QYzUKzZpQyAa7uO5kr,"she likes spring, I prefer winter",slchld,"my insecurities, not yours",207.445,2019,PRIMARY_MULTI_ARTIST,0,,"she likes spring, I prefer winter slchld",2,qms-jogwUsI,https://www.youtube.com/watch?v=qms-jogwUsI,she likes spring i prefer winter - slchld,crusloot,crusloot,209.0,229186,slchld's soundcloud: https://soundcloud.com/seoulchild/she-likes-spring-i-prefer-winter *shameless plug* my instagram ...,,,
stage5b5-representative-v4-human-review-v1,stage5b5_representative_v4_070,6bM1QYzUKzZpQyAa7uO5kr,"she likes spring, I prefer winter",slchld,"my insecurities, not yours",207.445,2019,PRIMARY_MULTI_ARTIST,0,,"she likes spring, I prefer winter slchld",3,0nNXVldD54g,https://www.youtube.com/watch?v=0nNXVldD54g,"slchld - she likes spring, I prefer winter (Lyrics)",Denie Vibes,Denie Vibes,211.0,395,"slchld - she likes spring, I prefer winter Official Audio: https://youtu.be/-F1G2vgta6o Lyrics by Genius [Verse] Stay by the fire You're ...",,,
stage5b5-representative-v4-human-review-v1,stage5b5_representative_v4_071,4fgIoBKHzO7YO5eATyYbMl,in your arms,Saib,in your arms,277.839,2018,PRIMARY_MULTI_ARTIST,0,,in your arms Saib,1,Ce6so35INYU,https://www.youtube.com/watch?v=Ce6so35INYU,in your arms,Saib,Saib,278.0,8057652,Provided to YouTube by Repost Network in your arms · Saib in your arms ℗ Saib Released on: 2018-03-07 Auto-generated by ...,IDEAL,"Exact song identity with official, artist, label, distributor, or Topic evidence.",
stage5b5-representative-v4-human-review-v1,stage5b5_representative_v4_071,4fgIoBKHzO7YO5eATyYbMl,in your arms,Saib,in your arms,277.839,2018,PRIMARY_MULTI_ARTIST,0,,in your arms Saib,2,zw47ymC0RNQ,https://www.youtube.com/watch?v=zw47ymC0RNQ,saib. - in your arms.,1171dominoV2,1171dominoV2,281.0,13206156,"https://soundcloud.com/saib_eats/in-your-arms-1 Original song : fly away - Jang Yoon Ju, im just the editor to this video, saib has it ...",,,
stage5b5-representative-v4-human-review-v1,stage5b5_representative_v4_071,4fgIoBKHzO7YO5eATyYbMl,in your arms,Saib,in your arms,277.839,2018,PRIMARY_MULTI_ARTIST,0,,in your arms Saib,3,F0E2tac4M74,https://www.youtube.com/watch?v=F0E2tac4M74,in your arms,Saib,Saib,278.0,22336,Provided to YouTube by The Orchard Enterprises in your arms · Saib Escape Everything ℗ 2018 Repost Network Released on: ...,,,
stage5b5-representative-v4-human-review-v1,stage5b5_representative_v4_072,5s6QMzY5oeVaOVJJsb59Tj,I'm Sorry,Swell,Theres Still Us,157.333,2016,PRIMARY_MULTI_ARTIST,0,,I'm Sorry Swell,1,e14CfTVNC3A,https://www.youtube.com/watch?v=e14CfTVNC3A,I'm Sorry,Swell - Topic,Swell - Topic,158.0,2017490,Provided to YouTube by Cinq Music I'm Sorry · Swell Theres Still Us ℗ Swell | Cinq Recordings Released on: 2016-01-19 ...,IDEAL,"Exact song identity with official, artist, label, distributor, or Topic evidence.",
stage5b5-representative-v4-human-review-v1,stage5b5_representative_v4_072,5s6QMzY5oeVaOVJJsb59Tj,I'm Sorry,Swell,Theres Still Us,157.333,2016,PRIMARY_MULTI_ARTIST,0,,I'm Sorry Swell,2,7VE3NoWhROc,https://www.youtube.com/watch?v=7VE3NoWhROc,Swell - I'm Sorry (feat. Shiloh Dynasty),Majestic Casual,Majestic Casual,158.0,6309666,Super chilled tune by Swell and Shiloh... Stream on Spotify ○ https://spoti.fi/2Hd3Cgv Follow Swell ...,,,
stage5b5-representative-v4-human-review-v1,stage5b5_representative_v4_072,5s6QMzY5oeVaOVJJsb59Tj,I'm Sorry,Swell,Theres Still Us,157.333,2016,PRIMARY_MULTI_ARTIST,0,,I'm Sorry Swell,3,6mtn1YWyJas,https://www.youtube.com/watch?v=6mtn1YWyJas,swell - im sorry (feat. shiloh),AnimeVibe,AnimeVibe,158.0,34287389,Chill / Shiloh Remix idk y I didnt upload this earlier - Aden Song: https://soundcloud.com/swll/im-sorry-feat-shiloh-dynasty Support ...,,,
stage5b5-representative-v4-human-review-v1,stage5b5_representative_v4_073,0MiphDS5xfMLuxlHWSe141,Her Fine Weather,Heize,She's Fine,151.009,2019,PRIMARY_MULTI_ARTIST,0,,Her Fine Weather Heize,1,EREAScyThOM,https://www.youtube.com/watch?v=EREAScyThOM,헤이즈 (Heize) - SHE'S FINE MV,STONE MUSIC,STONE MUSIC,152.0,4444024,"Available on iTunes, Apple Music : https://apple.co/2IACszC Listen on Spotify : https://spoti.fi/2PfuBZF 괜찮은 날도, 괜찮지 않은 ...",IDEAL,"Exact song identity with official, artist, label, distributor, or Topic evidence.",
stage5b5-representative-v4-human-review-v1,stage5b5_representative_v4_073,0MiphDS5xfMLuxlHWSe141,Her Fine Weather,Heize,She's Fine,151.009,2019,PRIMARY_MULTI_ARTIST,0,,Her Fine Weather Heize,2,1MV9LFcHZ4U,https://www.youtube.com/watch?v=1MV9LFcHZ4U,She's Fine - HEIZE (헤이즈) [HAN/ROM/ENG COLOR CODED LYRICS],zuki,zuki,152.0,223034,ᴗ◕✿) request here : https://goo.gl/SJcXR1 ━ Song : She's Fine (Her Fine Weather) ━ Album : She's Fine ━ Artist : Heize ...,,,
stage5b5-representative-v4-human-review-v1,stage5b5_representative_v4_073,0MiphDS5xfMLuxlHWSe141,Her Fine Weather,Heize,She's Fine,151.009,2019,PRIMARY_MULTI_ARTIST,0,,Her Fine Weather Heize,3,CKHZF-DLY3k,https://www.youtube.com/watch?v=CKHZF-DLY3k,SHE'S FINE (By HEIZE(헤이즈)) (Instrumental Karaoke Version),Release - Topic,Release - Topic,153.0,6,Provided to YouTube by Danal Entertainment SHE'S FINE (By HEIZE(헤이즈)) (Instrumental Karaoke Version) · ZZang KARAOKE ...,,,
stage5b5-representative-v4-human-review-v1,stage5b5_representative_v4_074,7tNJeoUZeWrVOCfvpAHWT1,TKO,IVE,IVE EMPATHY,186.12,2025,PRIMARY_MULTI_ARTIST,0,,TKO IVE,1,AajQnW_4zOY,https://www.youtube.com/watch?v=AajQnW_4zOY,06. TKO,IVE,IVE,187.0,1012479,STARSHIP SQUARE (Domestic) : https://bit.ly/3HtQ7GF STARSHIP SQUARE (Global) : https://bit.ly/3JWPxm0 IVE US EXCLUSIVE ...,IDEAL,"Exact song identity with official, artist, label, distributor, or Topic evidence.",
stage5b5-representative-v4-human-review-v1,stage5b5_representative_v4_074,7tNJeoUZeWrVOCfvpAHWT1,TKO,IVE,IVE EMPATHY,186.12,2025,PRIMARY_MULTI_ARTIST,0,,TKO IVE,2,SA9NQBLALlo,https://www.youtube.com/watch?v=SA9NQBLALlo,[Special Clip] IVE 'TKO' @3rd FAN CONCERT 'IVE SCOUT',IVE,IVE,191.0,2178495,STARSHIP SQUARE (Domestic) : https://bit.ly/3HtQ7GF STARSHIP SQUARE (Global) : https://bit.ly/4i5Dl1g IVE US EXCLUSIVE ...,,,
stage5b5-representative-v4-human-review-v1,stage5b5_representative_v4_074,7tNJeoUZeWrVOCfvpAHWT1,TKO,IVE,IVE EMPATHY,186.12,2025,PRIMARY_MULTI_ARTIST,0,,TKO IVE,3,vpmh6mhQ3JQ,https://www.youtube.com/watch?v=vpmh6mhQ3JQ,IVE 'TKO' Lyrics (아이브 TKO 가사) [Color Coded Han_Rom_Eng] | ShadowByYoongi,ShadowByYoongi,ShadowByYoongi,193.0,254524,All Rights Administered by STARSHIP Artist: IVE (아이브) Song: TKO Album: IVE EMPATHY Release Date: 2025/2/3 ...,,,
stage5b5-representative-v4-human-review-v1,stage5b5_representative_v4_075,11ysgxz5ER0yvnZ8Uogbe8,Only U (Feat. PENOMECO),Moon Sujin | Jiselle | PENOMECO,Only U,227.973,2022,PRIMARY_MULTI_ARTIST,0,,Only U (Feat. PENOMECO) Moon Sujin Jiselle PENOMECO,1,8tvulnHOcqU,https://www.youtube.com/watch?v=8tvulnHOcqU,문수진 (Moon Sujin)X지젤 (Jiselle) ‘Only U (Feat. 페노메코 (PENOMECO))’ Official Audio,MILLION MARKET (밀리언마켓),MILLION MARKET (밀리언마켓),228.0,411111,문수진 (Moon Sujin)X지젤 (Jiselle) 'Only U (Feat. 페노메코 (PENOMECO))' Official Audio Follow 문수진 (Moon Sujin) ...,IDEAL,"Exact song identity with official, artist, label, distributor, or Topic evidence.",
stage5b5-representative-v4-human-review-v1,stage5b5_representative_v4_075,11ysgxz5ER0yvnZ8Uogbe8,Only U (Feat. PENOMECO),Moon Sujin | Jiselle | PENOMECO,Only U,227.973,2022,PRIMARY_MULTI_ARTIST,0,,Only U (Feat. PENOMECO) Moon Sujin Jiselle PENOMECO,2,Q-Dex2KKXjI,https://www.youtube.com/watch?v=Q-Dex2KKXjI,Moon Sujin & Jiselle(지젤) - Only U (Original ver. ) Official Lyric Video,문수진 Moon Sujin,문수진 Moon Sujin,224.0,3715903,지젤 (Jiselle) Instagram : https://www.instagram.com/jjissselle/ Youtube ...,,,
stage5b5-representative-v4-human-review-v1,stage5b5_representative_v4_075,11ysgxz5ER0yvnZ8Uogbe8,Only U (Feat. PENOMECO),Moon Sujin | Jiselle | PENOMECO,Only U,227.973,2022,PRIMARY_MULTI_ARTIST,0,,Only U (Feat. PENOMECO) Moon Sujin Jiselle PENOMECO,3,-7Uo2oKHGyU,https://www.youtube.com/watch?v=-7Uo2oKHGyU,Only U (Original Ver.),문수진 Moon Sujin,문수진 Moon Sujin,228.0,1265585,Provided to YouTube by kakao Entertainment Only U (Original Ver.) · Moon Sujin · Jiselle Only U ℗ 2022 K-POP Music IP ...,,,
stage5b5-representative-v4-human-review-v1,stage5b5_representative_v4_076,4Nw7kywWurWS6ceinn1cHK,Baby Powder,Jenevieve,Division,176.76,2021,PRIMARY_MULTI_ARTIST,0,,Baby Powder Jenevieve,1,O1Qh7j1yD8Y,https://www.youtube.com/watch?v=O1Qh7j1yD8Y,Jenevieve - Baby Powder (Official Video),Jenevieve,Jenevieve,181.0,31785759,Listen to Jenevieve's album 'Division' - out now everywhere: https://jenevieve.lnk.to/Division Official music video by Jenevieve ...,IDEAL,"Exact song identity with official, artist, label, distributor, or Topic evidence.",
stage5b5-representative-v4-human-review-v1,stage5b5_representative_v4_076,4Nw7kywWurWS6ceinn1cHK,Baby Powder,Jenevieve,Division,176.76,2021,PRIMARY_MULTI_ARTIST,0,,Baby Powder Jenevieve,2,g75Vk47H2VE,https://www.youtube.com/watch?v=g75Vk47H2VE,Jenevieve - Baby Powder (Lyrics)🎵,Music Movement,Music Movement,181.0,571548,Welcome to Music Movement Nutrify your audiophilic heart with aesthetic lyric videos     Please support this channel by hitting ...,,,
stage5b5-representative-v4-human-review-v1,stage5b5_representative_v4_076,4Nw7kywWurWS6ceinn1cHK,Baby Powder,Jenevieve,Division,176.76,2021,PRIMARY_MULTI_ARTIST,0,,Baby Powder Jenevieve,3,pdvT0ELE9bU,https://www.youtube.com/watch?v=pdvT0ELE9bU,Jenevieve - Baby Powder (Extended),The Worm,The Worm,654.0,2266881,Not the owner of this song.,,,
stage5b5-representative-v4-human-review-v1,stage5b5_representative_v4_077,0EJSyxVGp7ZFbrj9WPaubp,more than a friend?,88rising | FION,more than a friend?,188.219,2025,PRIMARY_MULTI_ARTIST,0,,more than a friend? 88rising FION,1,FQMgJc5_imk,https://www.youtube.com/watch?v=FQMgJc5_imk,more than a friend?,88rising - Topic,88rising - Topic,189.0,951754,Provided to YouTube by The Orchard Enterprises more than a friend? · 88rising · FION · Fion Lam · Timothy Choy more than a ...,IDEAL,"Exact song identity with official, artist, label, distributor, or Topic evidence.",
stage5b5-representative-v4-human-review-v1,stage5b5_representative_v4_077,0EJSyxVGp7ZFbrj9WPaubp,more than a friend?,88rising | FION,more than a friend?,188.219,2025,PRIMARY_MULTI_ARTIST,0,,more than a friend? 88rising FION,2,DvLI_O195ak,https://www.youtube.com/watch?v=DvLI_O195ak,more than a friend? by FION (lyrics),othersidehere,othersidehere,189.0,33416,more than a friend? by FION • lyrics •artist: https://www.instagram.com/fion.lamm •song: ...,,,
stage5b5-representative-v4-human-review-v1,stage5b5_representative_v4_077,0EJSyxVGp7ZFbrj9WPaubp,more than a friend?,88rising | FION,more than a friend?,188.219,2025,PRIMARY_MULTI_ARTIST,0,,more than a friend? 88rising FION,3,Qe0yegAYZyw,https://www.youtube.com/watch?v=Qe0yegAYZyw,88rising_Feat. FION - more than a friend? Lyric,Kainiverse,Kainiverse,187.0,15,88rising´ YouTube - https://youtube.com/@88rising `FION´ YouTube - https://youtube.com/@Fifilam2003 Background Vocal by ...,,,
stage5b5-representative-v4-human-review-v1,stage5b5_representative_v4_078,1VFbHdNzYUJr0FsxoayP1N,Grape Soda,Rook1e,Grape Soda,103.549,2018,PRIMARY_MULTI_ARTIST,0,,Grape Soda Rook1e,1,XhTkfDmkSbk,https://www.youtube.com/watch?v=XhTkfDmkSbk,Rook1e - grape soda,Vietnam Lofi Community,Vietnam Lofi Community,106.0,86844,"At the back of our school was like an alley, And I was in like, third grade And there was this chick I had a crush on And we were ...",ACCEPTABLE,Correct song and credited artist(s); alternate presentation or third-party upload remains usable.,
stage5b5-representative-v4-human-review-v1,stage5b5_representative_v4_078,1VFbHdNzYUJr0FsxoayP1N,Grape Soda,Rook1e,Grape Soda,103.549,2018,PRIMARY_MULTI_ARTIST,0,,Grape Soda Rook1e,2,Z-hwt2Q0j_U,https://www.youtube.com/watch?v=Z-hwt2Q0j_U,rook1e - grape soda,Czech Vibes Sound,Czech Vibes Sound,104.0,713575,"support rook1e: https://rook1e.bandcamp.com/releases where we took the picture? location is: Jeseníky, Czech Republic ▷ Song ...",,,
stage5b5-representative-v4-human-review-v1,stage5b5_representative_v4_078,1VFbHdNzYUJr0FsxoayP1N,Grape Soda,Rook1e,Grape Soda,103.549,2018,PRIMARY_MULTI_ARTIST,0,,Grape Soda Rook1e,3,pR3CcWFKEYk,https://www.youtube.com/watch?v=pR3CcWFKEYk,Rook1e - grape soda [Extended],Gamma Dreams,Gamma Dreams,210.0,665,Find out more about Rook1e's music following the links bellow: »» BandCamp ...,,,
stage5b5-representative-v4-human-review-v1,stage5b5_representative_v4_079,1xwN5VEDM8EUgRoKGJRO95,500 Days,Dept,500 Days,166.421,2020,PRIMARY_MULTI_ARTIST,0,,500 Days Dept,1,d4SoPlT9IWg,https://www.youtube.com/watch?v=d4SoPlT9IWg,"Dept(뎁트)- 500 Days(Feat. Jae Luna, I AM LUU) (Eng/Han Sub)",Dept 뎁트,Dept 뎁트,167.0,545150,앨범소개글(Album introduction) 영화 500일의 썸머를 생각하면서 곡을 만들었습니다 단순히 한 인물의 입장에 서는 곡이 되지 않았 ...,IDEAL,"Exact song identity with official, artist, label, distributor, or Topic evidence.",
stage5b5-representative-v4-human-review-v1,stage5b5_representative_v4_079,1xwN5VEDM8EUgRoKGJRO95,500 Days,Dept,500 Days,166.421,2020,PRIMARY_MULTI_ARTIST,0,,500 Days Dept,2,7c1rblJE4rw,https://www.youtube.com/watch?v=7c1rblJE4rw,DEPT - 500 Days (feat. prettyhappy & I AM LUU) (lyrics),onlymaruu,onlymaruu,167.0,647,sub for more of your fav asian artist's lyric videos ...,,,
stage5b5-representative-v4-human-review-v1,stage5b5_representative_v4_079,1xwN5VEDM8EUgRoKGJRO95,500 Days,Dept,500 Days,166.421,2020,PRIMARY_MULTI_ARTIST,0,,500 Days Dept,3,XLheeEjTq5k,https://www.youtube.com/watch?v=XLheeEjTq5k,500 Days (feat. Jae Luna & I AM LUU) (Acoustic Version),Dept - Topic,Dept - Topic,171.0,83883,Provided to YouTube by WM Korea 500 Days (feat. Jae Luna & I AM LUU) (Acoustic Version) · Dept · I AM LUU · Jae Luna 500 ...,,,
stage5b5-representative-v4-human-review-v1,stage5b5_representative_v4_080,4GOuXgEtvG7LrCK4RQ0UaQ,Fly with me,BIBI,THE FAN 4ROUND Part.2,202.398,2019,PRIMARY_MULTI_ARTIST,0,,Fly with me BIBI,1,IU2VGgsNqqs,https://www.youtube.com/watch?v=IU2VGgsNqqs,[Full ver.] 비비 Fly With Me @《THE FAN》 더 팬 EP09,SBS Entertainment,SBS Entertainment,204.0,723926,[THE FAN｜더 팬 EP09] 20190119 SBS #BIBI #비비 #FlywithMe 그동안 종잡을 수 없는 무대들을 선보여왔던 비비는 자신의 자작곡 ...,ACCEPTABLE,Correct song and credited artist(s); alternate presentation or third-party upload remains usable.,
stage5b5-representative-v4-human-review-v1,stage5b5_representative_v4_080,4GOuXgEtvG7LrCK4RQ0UaQ,Fly with me,BIBI,THE FAN 4ROUND Part.2,202.398,2019,PRIMARY_MULTI_ARTIST,0,,Fly with me BIBI,2,6aJ9SpGqRSI,https://www.youtube.com/watch?v=6aJ9SpGqRSI,Fly with me (Fly with me),BIBI,BIBI,203.0,741153,Provided to YouTube by Loen Entertainment Inc Fly with me (Fly with me) · BIBI THE FAN 4ROUND Part.2 ℗ 2019 Feel Ghood ...,,,
stage5b5-representative-v4-human-review-v1,stage5b5_representative_v4_080,4GOuXgEtvG7LrCK4RQ0UaQ,Fly with me,BIBI,THE FAN 4ROUND Part.2,202.398,2019,PRIMARY_MULTI_ARTIST,0,,Fly with me BIBI,3,zQT88a1RkRE,https://www.youtube.com/watch?v=zQT88a1RkRE,BIBI (비비) - FLY WITH ME [Han/Rom/Eng] Lyrics (가사),Chidchie Choi,Chidchie Choi,204.0,50514,BIBI (비비) - FLY WITH ME [Han/Rom/Eng] Color Coded Lyrics 더팬 비비 - Fly with me 가사 Han: Genie Rom&Eng: Chidchie Choi ...,,,
stage5b5-representative-v4-human-review-v1,stage5b5_representative_v4_081,3aAnwyBJY9OLNLqSgd4fZU,Deja Vu,TOMORROW X TOGETHER,minisode 3: TOMORROW,171.427,2024,PRIMARY_MULTI_ARTIST,0,,Deja Vu TOMORROW X TOGETHER,1,DiHUEWBRQEI,https://www.youtube.com/watch?v=DiHUEWBRQEI,TXT (투모로우바이투게더) 'Deja Vu' Official MV,HYBE LABELS,HYBE LABELS,241.0,102475303,TXT (투모로우바이투게더) 'Deja Vu' Official MV Credits: Written and Directed By YU KWANG GOENG [ MMAT ] Executive ...,IDEAL,"Exact song identity with official, artist, label, distributor, or Topic evidence.",
stage5b5-representative-v4-human-review-v1,stage5b5_representative_v4_081,3aAnwyBJY9OLNLqSgd4fZU,Deja Vu,TOMORROW X TOGETHER,minisode 3: TOMORROW,171.427,2024,PRIMARY_MULTI_ARTIST,0,,Deja Vu TOMORROW X TOGETHER,2,WlLBqVP1rlk,https://www.youtube.com/watch?v=WlLBqVP1rlk,[BE ORIGINAL] TXT(투모로우바이투게더) 'Deja Vu' (4K),STUDIO CHOOM [스튜디오 춤],STUDIO CHOOM [스튜디오 춤],199.0,16473946,[BE ORIGINAL] TOMORROW X TOGETHER 'Deja Vu' [비 오리지널] 투모로우바이투게더 '데자 뷰' 도입부터 모아들 심장 저격하는 ...,,,
stage5b5-representative-v4-human-review-v1,stage5b5_representative_v4_081,3aAnwyBJY9OLNLqSgd4fZU,Deja Vu,TOMORROW X TOGETHER,minisode 3: TOMORROW,171.427,2024,PRIMARY_MULTI_ARTIST,0,,Deja Vu TOMORROW X TOGETHER,3,_SyegcTF3Xg,https://www.youtube.com/watch?v=_SyegcTF3Xg,TXT 'Deja Vu' Lyrics (투모로우바이투게더 Deja Vu 가사) [Color Coded Han_Rom_Eng] ShadowByYoongi,ShadowByYoongi,ShadowByYoongi,176.0,2588923,... vu ccl txt deja vu translation txt deja vu reaction txt deja vu 1 hour txt deja vu easy lyrics tomorrow x together deja vu tomorrow x ...,ACCEPTABLE,Correct TXT song in a lyric-video presentation with near-matching duration.,
stage5b5-representative-v4-human-review-v1,stage5b5_representative_v4_082,626C6JMdKevCTv10pLeHJf,"This Night (feat. Blue.D, Jhnovr)",GroovyRoom | Blue.D | Jhnovr,THIS NIGHT,215.213,2019,PRIMARY_MULTI_ARTIST,0,,"This Night (feat. Blue.D, Jhnovr) GroovyRoom Blue.D Jhnovr",1,h2KaeAiDVwI,https://www.youtube.com/watch?v=h2KaeAiDVwI,"This Night (행성) (Feat. Blue.D, Jhnovr)",GROOVYROOM,GROOVYROOM,216.0,5592471,"Provided to YouTube by Kakao M This Night (행성) (Feat. Blue.D, Jhnovr) · GroovyRoom(그루비룸) THIS NIGHT ℗ H1GHR MUSIC ...",IDEAL,"Exact song identity with official, artist, label, distributor, or Topic evidence.",
stage5b5-representative-v4-human-review-v1,stage5b5_representative_v4_082,626C6JMdKevCTv10pLeHJf,"This Night (feat. Blue.D, Jhnovr)",GroovyRoom | Blue.D | Jhnovr,THIS NIGHT,215.213,2019,PRIMARY_MULTI_ARTIST,0,,"This Night (feat. Blue.D, Jhnovr) GroovyRoom Blue.D Jhnovr",2,jbGIz-dkrfw,https://www.youtube.com/watch?v=jbGIz-dkrfw,"GROOVYROOM - This Night (행성) (Feat. Blue.D, Jhnovr) (Easy Visual Lyrics)",Damnyasss Lyrics,Damnyasss Lyrics,216.0,1459,"GROOVYROOM - This Night (행성) (Feat. Blue.D, Jhnovr) Lyrics. I do not own this song or backgrounds. Go check the original ...",,,
stage5b5-representative-v4-human-review-v1,stage5b5_representative_v4_082,626C6JMdKevCTv10pLeHJf,"This Night (feat. Blue.D, Jhnovr)",GroovyRoom | Blue.D | Jhnovr,THIS NIGHT,215.213,2019,PRIMARY_MULTI_ARTIST,0,,"This Night (feat. Blue.D, Jhnovr) GroovyRoom Blue.D Jhnovr",3,bLglCRMAYSQ,https://www.youtube.com/watch?v=bLglCRMAYSQ,GroovyRoom - 행성(This Night)feat.Blue.D & Jhnovr 日本語字幕,*juju*,*juju*,216.0,2370,WOODZ（승연）が作曲で参加しているので訳しました。,,,
stage5b5-representative-v4-human-review-v1,stage5b5_representative_v4_083,5l97hjtq0Du1uLScUL8A0A,Disguise,Fudasca | Mishaal | Joshua Malilay,Disguise,139.342,2018,PRIMARY_MULTI_ARTIST,0,,Disguise Fudasca Mishaal Joshua Malilay,1,JemhlD6wDGc,https://www.youtube.com/watch?v=JemhlD6wDGc,fudasca  mishaal - disguise (ft. josh malilay),SADBOY,SADBOY,140.0,149,SAD LIFE FOREVER --- *****ENJOY THIS VIDEO***** --------------------------------------------------------------------- MY FACEBOOK PAGE: ...,ACCEPTABLE,Correct song and credited artist(s); alternate presentation or third-party upload remains usable.,
stage5b5-representative-v4-human-review-v1,stage5b5_representative_v4_083,5l97hjtq0Du1uLScUL8A0A,Disguise,Fudasca | Mishaal | Joshua Malilay,Disguise,139.342,2018,PRIMARY_MULTI_ARTIST,0,,Disguise Fudasca Mishaal Joshua Malilay,2,2u_MY2Yk_Nw,https://www.youtube.com/watch?v=2u_MY2Yk_Nw,fudasca & mishaal -  disguise feat - josh malilay,8kultra,8kultra,140.0,94,https://soundcloud.com/gwell-j https://soundcloud.com/mishaal_tamer https://soundcloud.com/joshmalilay if you're the owner of ...,,,
stage5b5-representative-v4-human-review-v1,stage5b5_representative_v4_083,5l97hjtq0Du1uLScUL8A0A,Disguise,Fudasca | Mishaal | Joshua Malilay,Disguise,139.342,2018,PRIMARY_MULTI_ARTIST,0,,Disguise Fudasca Mishaal Joshua Malilay,3,D0Sm_vVDsl0,https://www.youtube.com/watch?v=D0Sm_vVDsl0,fudasca- you know where to find me- feat. joshmalilay,fudasca,fudasca,91.0,3332,stream on spotify: https://open.spotify.com/album/08LxWim9iqzTXCIBGzLvgY?si=PkgF791hTlSkJpHQgkseNg give an hug to your ...,,,
stage5b5-representative-v4-human-review-v1,stage5b5_representative_v4_084,2itR8VHeTVKInnMPec8mj8,Lost in You,khai dreams,Lost in You,101.0,2017,PRIMARY_MULTI_ARTIST,0,,Lost in You khai dreams,1,I1UeM184MoU,https://www.youtube.com/watch?v=I1UeM184MoU,Lost in You,khai dreams,khai dreams,101.0,496599,Provided to YouTube by The Orchard Enterprises Lost in You · Khai Dreams · Khai Nicholas Chi Duong Lost in You ℗ 2017 Khai ...,IDEAL,"Exact song identity with official, artist, label, distributor, or Topic evidence.",
stage5b5-representative-v4-human-review-v1,stage5b5_representative_v4_084,2itR8VHeTVKInnMPec8mj8,Lost in You,khai dreams,Lost in You,101.0,2017,PRIMARY_MULTI_ARTIST,0,,Lost in You khai dreams,2,024h9AZEQVM,https://www.youtube.com/watch?v=024h9AZEQVM,lost in you // khai dreams (lyrics),lovely sam,lovely sam,102.0,266515,discover khai dreams 'lost in you' & more ↪ https://www.youtube.com/channel/UCkH5... + more @khai dreams ✧ instagram: ...,,,
stage5b5-representative-v4-human-review-v1,stage5b5_representative_v4_084,2itR8VHeTVKInnMPec8mj8,Lost in You,khai dreams,Lost in You,101.0,2017,PRIMARY_MULTI_ARTIST,0,,Lost in You khai dreams,3,UrO1DoGO6ho,https://www.youtube.com/watch?v=UrO1DoGO6ho,khai dreams - lost in you,Ambition,Ambition,102.0,1854285,i'm so lost in you ♡ listen on spotify ...,,,
stage5b5-representative-v4-human-review-v1,stage5b5_representative_v4_085,5o4U0weUIAXolji4sEAnjI,Ash,LE SSERAFIM,HOT,197.853,2025,PRIMARY_MULTI_ARTIST,0,,Ash LE SSERAFIM,1,G6CSdvvrI-k,https://www.youtube.com/watch?v=G6CSdvvrI-k,Ash,LE SSERAFIM,LE SSERAFIM,198.0,5367766,"LE SSERAFIM 5th Mini Album 'HOT' - Ash Visual Creative Team Leader : Yoon Cho Content Production : Yurok Jang, Haerin An, ...",IDEAL,"Exact song identity with official, artist, label, distributor, or Topic evidence.",
stage5b5-representative-v4-human-review-v1,stage5b5_representative_v4_085,5o4U0weUIAXolji4sEAnjI,Ash,LE SSERAFIM,HOT,197.853,2025,PRIMARY_MULTI_ARTIST,0,,Ash LE SSERAFIM,2,5tOg_NtJoUs,https://www.youtube.com/watch?v=5tOg_NtJoUs,LE SSERAFIM (르세라핌) 'Ash' (Color Coded Lyrics),Jaeguchi,Jaeguchi,196.0,1151349,"All Rights Administered by Source Music. Trust me, you don't want to miss this playlist!   Listen till the end and lose yourself in ...",,,
stage5b5-representative-v4-human-review-v1,stage5b5_representative_v4_085,5o4U0weUIAXolji4sEAnjI,Ash,LE SSERAFIM,HOT,197.853,2025,PRIMARY_MULTI_ARTIST,0,,Ash LE SSERAFIM,3,t6ri3dwluLQ,https://www.youtube.com/watch?v=t6ri3dwluLQ,‘Ash’ Stage Cam @ 2025 LE SSERAFIM TOUR 'EASY CRAZY HOT' IN INCHEON,LE SSERAFIM,LE SSERAFIM,237.0,2188485,LE_SSERAFIM #르세라핌 공식 채널 #LE_SSERAFIM #르세라핌 OFFICIAL CHANNEL Connect with LE SSERAFIM: OFFICIAL ...,,,
stage5b5-representative-v4-human-review-v1,stage5b5_representative_v4_086,7JRg0gdgpnCHH5LTk34x6w,Overcast,Sea Sick,Archipelago,141.635,2018,PRIMARY_MULTI_ARTIST,0,,Overcast Sea Sick,1,4ewr68TTWsA,https://www.youtube.com/watch?v=4ewr68TTWsA,Overcast,Sea Sick - Topic,Sea Sick - Topic,142.0,592,Provided to YouTube by DistroKid Overcast · Sea Sick Archipelago ℗ 836387 Records DK Released on: 2018-04-29 ...,IDEAL,"Exact song identity with official, artist, label, distributor, or Topic evidence.",
stage5b5-representative-v4-human-review-v1,stage5b5_representative_v4_086,7JRg0gdgpnCHH5LTk34x6w,Overcast,Sea Sick,Archipelago,141.635,2018,PRIMARY_MULTI_ARTIST,0,,Overcast Sea Sick,2,55sSlo81S4I,https://www.youtube.com/watch?v=55sSlo81S4I,"Salem Trials - Overcast ft. Morgan Fielder, Kodie Croll",Psych Seasick,Psych Seasick,147.0,451,"Salem Trials ft. Morgan Fielder, Kodie Croll (spoken) Prod. by TAMALHI BlueDot Studio Pensacola, Fl.",,,
stage5b5-representative-v4-human-review-v1,stage5b5_representative_v4_086,7JRg0gdgpnCHH5LTk34x6w,Overcast,Sea Sick,Archipelago,141.635,2018,PRIMARY_MULTI_ARTIST,0,,Overcast Sea Sick,3,A2PDltuvuOI,https://www.youtube.com/watch?v=A2PDltuvuOI,ELW,Sea Sick - Topic,Sea Sick - Topic,203.0,95,Provided to YouTube by DistroKid ELW · Sea Sick Archipelago ℗ 836387 Records DK Released on: 2018-04-29 Auto-generated ...,,,
stage5b5-representative-v4-human-review-v1,stage5b5_representative_v4_087,6QsEMC07RrsuMTaTrSLmRh,Duluoz Dream,Sal Dulu,Duluoz Dream,225.442,2017,PRIMARY_MULTI_ARTIST,0,,Duluoz Dream Sal Dulu,1,shUVazyoJDw,https://www.youtube.com/watch?v=shUVazyoJDw,Sal Dulu - Duluoz Dream,Sal Dulu,Sal Dulu,229.0,17399,,IDEAL,"Exact song identity with official, artist, label, distributor, or Topic evidence.",
stage5b5-representative-v4-human-review-v1,stage5b5_representative_v4_087,6QsEMC07RrsuMTaTrSLmRh,Duluoz Dream,Sal Dulu,Duluoz Dream,225.442,2017,PRIMARY_MULTI_ARTIST,0,,Duluoz Dream Sal Dulu,2,zH1AFENbMLk,https://www.youtube.com/watch?v=zH1AFENbMLk,Sal Dulu - Duluoz Dream,Ikigai,Ikigai,226.0,74191,this took me on a trip - dk Song: https://soundcloud.com/user-727004974/duluoz-dream Merch: https://avrecords.co/ikigai/ ...,,,
stage5b5-representative-v4-human-review-v1,stage5b5_representative_v4_087,6QsEMC07RrsuMTaTrSLmRh,Duluoz Dream,Sal Dulu,Duluoz Dream,225.442,2017,PRIMARY_MULTI_ARTIST,0,,Duluoz Dream Sal Dulu,3,DC8pESr_izU,https://www.youtube.com/watch?v=DC8pESr_izU,Sal Dulu - Duluoz Dream,Czech Vibes Sound,Czech Vibes Sound,227.0,29066,Support Sal Dulu: https://soundcloud.com/user-727004974 More music: https://www.youtube.com/czechvibessound Where we ...,,,
stage5b5-representative-v4-human-review-v1,stage5b5_representative_v4_088,2qBWSiqOQyVUr4JVrvEixs,Contour,City Girl | Christina Shin,Chroma Velocity,143.687,2019,PRIMARY_MULTI_ARTIST,0,,Contour City Girl Christina Shin,1,vLbZkFRpmew,https://www.youtube.com/watch?v=vLbZkFRpmew,Contour (feat. Christina Shin),City Girl,City Girl,144.0,62692,Provided to YouTube by DistroKid Contour (feat. Christina Shin) · City Girl · Christina Shin Chroma Velocity ℗ City Girl Records ...,IDEAL,"Exact song identity with official, artist, label, distributor, or Topic evidence.",
stage5b5-representative-v4-human-review-v1,stage5b5_representative_v4_088,2qBWSiqOQyVUr4JVrvEixs,Contour,City Girl | Christina Shin,Chroma Velocity,143.687,2019,PRIMARY_MULTI_ARTIST,0,,Contour City Girl Christina Shin,2,61HNs5Sh_gg,https://www.youtube.com/watch?v=61HNs5Sh_gg,city girl | chroma velocity [full album],City Girl,City Girl,2687.0,897116,stream on spotify ▻ https://spoti.fi/30yu9vW buy on bandcamp ▻ https://city-girl.bandcamp.com CD+Sticker+Digital Download: ...,,,
stage5b5-representative-v4-human-review-v1,stage5b5_representative_v4_088,2qBWSiqOQyVUr4JVrvEixs,Contour,City Girl | Christina Shin,Chroma Velocity,143.687,2019,PRIMARY_MULTI_ARTIST,0,,Contour City Girl Christina Shin,3,vPH-Z6Psjdg,https://www.youtube.com/watch?v=vPH-Z6Psjdg,Just a Shadow (feat. Tiffi),City Girl,City Girl,233.0,53320,Provided to YouTube by DistroKid Just a Shadow (feat. Tiffi) · City Girl · Tiffi Somnolent Nova ℗ City Girl Records Released on: ...,,,
stage5b5-representative-v4-human-review-v1,stage5b5_representative_v4_089,1C5tzwmFUeJsuYIHuqKSsA,waltz to the end of time,biosphere,Snapshot,192.592,2019,PRIMARY_MULTI_ARTIST,0,,waltz to the end of time biosphere,1,LNK882l5V5M,https://www.youtube.com/watch?v=LNK882l5V5M,waltz to the end of time,biosphere - Topic,biosphere - Topic,193.0,15176,Provided to YouTube by Label Engine waltz to the end of time · biosphere Snapshot ℗ United Common Records Released on: ...,IDEAL,"Exact song identity with official, artist, label, distributor, or Topic evidence.",
stage5b5-representative-v4-human-review-v1,stage5b5_representative_v4_089,1C5tzwmFUeJsuYIHuqKSsA,waltz to the end of time,biosphere,Snapshot,192.592,2019,PRIMARY_MULTI_ARTIST,0,,waltz to the end of time biosphere,2,mvIePpn82bw,https://www.youtube.com/watch?v=mvIePpn82bw,Waltz to The End of Time ✨ - biosphere (full cover),Châu An Di Piano,Châu An Di Piano,194.0,1047,Song: Waltz to the end of time Artist: biosphere Album: Snapshot Piano cover: chyau97 No Sheet - played by ear.,,,
stage5b5-representative-v4-human-review-v1,stage5b5_representative_v4_089,1C5tzwmFUeJsuYIHuqKSsA,waltz to the end of time,biosphere,Snapshot,192.592,2019,PRIMARY_MULTI_ARTIST,0,,waltz to the end of time biosphere,3,GVVOIjWbyUk,https://www.youtube.com/watch?v=GVVOIjWbyUk,Waltz To The end of Time | BIOSPHERE,[ToNiCari],[ToNiCari],218.0,72,LOFI #Chillhop #ToniCaRi solo disfrutalo :) si te gusto no olvides darle una mano arriba y suscribirte para que estes al tanto de ...,,,
stage5b5-representative-v4-human-review-v1,stage5b5_representative_v4_090,2eAZfqOm4EnOF9VvN50Tyc,The Way Life Goes (feat. Oh Wonder),Lil Uzi Vert | Oh Wonder,Luv Is Rage 2,221.746,2017,PRIMARY_MULTI_ARTIST,0,,The Way Life Goes (feat. Oh Wonder) Lil Uzi Vert Oh Wonder,1,ELSUh04-Jh4,https://www.youtube.com/watch?v=ELSUh04-Jh4,The Way Life Goes (feat. Oh Wonder),LIL UZI VERT,LIL UZI VERT,222.0,6236646,Provided to YouTube by Generation Now/Atlantic The Way Life Goes (feat. Oh Wonder) · Lil Uzi Vert · Oh Wonder Luv Is Rage 2 ...,IDEAL,"Exact song identity with official, artist, label, distributor, or Topic evidence.",
stage5b5-representative-v4-human-review-v1,stage5b5_representative_v4_090,2eAZfqOm4EnOF9VvN50Tyc,The Way Life Goes (feat. Oh Wonder),Lil Uzi Vert | Oh Wonder,Luv Is Rage 2,221.746,2017,PRIMARY_MULTI_ARTIST,0,,The Way Life Goes (feat. Oh Wonder) Lil Uzi Vert Oh Wonder,2,Vi2XaiKhgiU,https://www.youtube.com/watch?v=Vi2XaiKhgiU,Lil Uzi Vert - The Way Life Goes [Official Visualizer],LIL UZI VERT,LIL UZI VERT,222.0,175185317,Lil Uzi Vert - LUV is Rage 2 - OUT NOW Download/Stream - https://lnk.to/LuvIsRage2 'Sampling Oh Wonder's 'Landslide' ...,,,
stage5b5-representative-v4-human-review-v1,stage5b5_representative_v4_090,2eAZfqOm4EnOF9VvN50Tyc,The Way Life Goes (feat. Oh Wonder),Lil Uzi Vert | Oh Wonder,Luv Is Rage 2,221.746,2017,PRIMARY_MULTI_ARTIST,0,,The Way Life Goes (feat. Oh Wonder) Lil Uzi Vert Oh Wonder,3,sRXCPIMqzyU,https://www.youtube.com/watch?v=sRXCPIMqzyU,"Lil Uzi Vert, Oh Wonder - The Way Life Goes | Lyrics",Dark City Sounds,Dark City Sounds,222.0,17244316,Subscribe & Watch Today's Best Lyric Videos Daily On Dark City Sounds! Listen To Hot Trending Playlists with Baby Tate: ...,,,
stage5b5-representative-v4-human-review-v1,stage5b5_representative_v4_091,16rLSDZ6JftRYM7FYiXNZf,Hypnotized (feat. Snøw),David Alexander | Snøw,Thorns,119.312,2019,PRIMARY_MULTI_ARTIST,0,,Hypnotized (feat. Snøw) David Alexander Snøw,1,R85JhxVkI9U,https://www.youtube.com/watch?v=R85JhxVkI9U,Hypnotized (feat. Snøw),David Alexander,David Alexander,120.0,22279,Provided to YouTube by CDBaby Hypnotized (feat. Snøw) · David Alexander · Snøw Thorns ℗ 2019 David Alexander Released ...,IDEAL,"Exact song identity with official, artist, label, distributor, or Topic evidence.",
stage5b5-representative-v4-human-review-v1,stage5b5_representative_v4_091,16rLSDZ6JftRYM7FYiXNZf,Hypnotized (feat. Snøw),David Alexander | Snøw,Thorns,119.312,2019,PRIMARY_MULTI_ARTIST,0,,Hypnotized (feat. Snøw) David Alexander Snøw,2,D4AUoWCXqE8,https://www.youtube.com/watch?v=D4AUoWCXqE8,David Alexander - Hypnotized (ft. Snøw),the bootleg boy,the bootleg boy,120.0,462679,you're looking so fine in the moonlight Listen to 'Hypnotized' by David Alexander ft. Snøw Sad/Chill Beats David Alexander ...,,,
stage5b5-representative-v4-human-review-v1,stage5b5_representative_v4_091,16rLSDZ6JftRYM7FYiXNZf,Hypnotized (feat. Snøw),David Alexander | Snøw,Thorns,119.312,2019,PRIMARY_MULTI_ARTIST,0,,Hypnotized (feat. Snøw) David Alexander Snøw,3,fQZI6AopQNc,https://www.youtube.com/watch?v=fQZI6AopQNc,david alexander - hypnotized (ft. snøw) (slowed down),๕ぁ Sad Slowed Down ぁ๖,๕ぁ Sad Slowed Down ぁ๖,167.0,1038,Support the artist ♫ david alexander : https://m.soundcloud.com/pablo-knight ...,,,
stage5b5-representative-v4-human-review-v1,stage5b5_representative_v4_092,0QbzrbAp8Mfu1cdmFRbgBx,THE GIRL WILL BE OKAY,RC AVENUE,THE GIRL WILL BE OKAY,96.125,2023,PRIMARY_MULTI_ARTIST,0,,THE GIRL WILL BE OKAY RC AVENUE,1,0wJzmc64AJ8,https://www.youtube.com/watch?v=0wJzmc64AJ8,RC AVENUE - THE GIRL WILL BE OKAY (Official Music Video),RC AVENUE,RC AVENUE,109.0,25051,RC AVENUE - THE GIRL WILL BE OKAY (Official Music Video) Shot by Zack Seifert Edited by Clark Bunao Song ...,IDEAL,"Exact song identity with official, artist, label, distributor, or Topic evidence.",
stage5b5-representative-v4-human-review-v1,stage5b5_representative_v4_092,0QbzrbAp8Mfu1cdmFRbgBx,THE GIRL WILL BE OKAY,RC AVENUE,THE GIRL WILL BE OKAY,96.125,2023,PRIMARY_MULTI_ARTIST,0,,THE GIRL WILL BE OKAY RC AVENUE,2,nB5PKJs0-fw,https://www.youtube.com/watch?v=nB5PKJs0-fw,RC AVENUE - THE GIRL WILL BE OKAY (Official Visualizer),RC AVENUE,RC AVENUE,99.0,89330,"Listen to ""THE GIRL WILL BE OKAY"" on all platforms Follow RC AVENUE: https://instagram.com/rcavenue ...",,,
stage5b5-representative-v4-human-review-v1,stage5b5_representative_v4_092,0QbzrbAp8Mfu1cdmFRbgBx,THE GIRL WILL BE OKAY,RC AVENUE,THE GIRL WILL BE OKAY,96.125,2023,PRIMARY_MULTI_ARTIST,0,,THE GIRL WILL BE OKAY RC AVENUE,3,b6hS8V_fFx0,https://www.youtube.com/watch?v=b6hS8V_fFx0,THE GIRL WILL BE OKAY,RC AVENUE - Topic,RC AVENUE - Topic,97.0,140467,Provided to YouTube by RC AVENUE THE GIRL WILL BE OKAY · RC AVENUE THE GIRL WILL BE OKAY ℗ 2023 RC AVENUE ...,,,
stage5b5-representative-v4-human-review-v1,stage5b5_representative_v4_093,64UxpSQSCPXgNjkmVXA8oD,Naughty,DeVita,Naughty,165.6,2023,PRIMARY_MULTI_ARTIST,0,,Naughty DeVita,1,91PKGdxmRL0,https://www.youtube.com/watch?v=91PKGdxmRL0,DeVita (드비타) - 'Naughty' Official Music Video [ENG/CHN],AOMGOFFICIAL,AOMGOFFICIAL,167.0,848116,"DeVita (드비타) - 'Naughty' Official Music Video [ENG/CHN] ㅤ *English and Chinese subtitles are available. ㅤ DeVita, EP ...",IDEAL,"Exact song identity with official, artist, label, distributor, or Topic evidence.",
stage5b5-representative-v4-human-review-v1,stage5b5_representative_v4_093,64UxpSQSCPXgNjkmVXA8oD,Naughty,DeVita,Naughty,165.6,2023,PRIMARY_MULTI_ARTIST,0,,Naughty DeVita,2,Hsgud1Fq5M4,https://www.youtube.com/watch?v=Hsgud1Fq5M4,Naughty (English Version),DeVita,DeVita,166.0,126566,Provided to YouTube by Genie Music Corporation Naughty (English Version) · DeVita Naughty ℗ 2023 AOMG Released on: ...,,,
stage5b5-representative-v4-human-review-v1,stage5b5_representative_v4_093,64UxpSQSCPXgNjkmVXA8oD,Naughty,DeVita,Naughty,165.6,2023,PRIMARY_MULTI_ARTIST,0,,Naughty DeVita,3,8VG8e7nivUE,https://www.youtube.com/watch?v=8VG8e7nivUE,DeVita (드비타) - ‘Naughty’ (Live Performance) | CURV [4K],CURV,CURV,168.0,156983,DeVita (드비타) - Naughty (CURV) DeVita performing title track 'Naughty' live exclusively from her ep only on CURV Follow CURV ...,,,
stage5b5-representative-v4-human-review-v1,stage5b5_representative_v4_094,13Ck1nAjyzdcMCKIQ9Kpkh,Darling,Youngjun | SAAY | dress,Darling with KozyPop,253.2,2020,PRIMARY_MULTI_ARTIST,0,,Darling Youngjun SAAY dress,1,ffCM1Nu6uy4,https://www.youtube.com/watch?v=ffCM1Nu6uy4,"영준 (브라운아이드소울), SAAY, dress - 달링(Darling)",KozyPop,KozyPop,254.0,67141,"코지팝과 아티스트가 함께 제작하는 '위드코지팝' 시리즈 ! 우연히 찾아온 거리, 필연히 기억될 장면 우리 둘의 스토리 ☕ Follow ...",IDEAL,"Exact song identity with official, artist, label, distributor, or Topic evidence.",
stage5b5-representative-v4-human-review-v1,stage5b5_representative_v4_094,13Ck1nAjyzdcMCKIQ9Kpkh,Darling,Youngjun | SAAY | dress,Darling with KozyPop,253.2,2020,PRIMARY_MULTI_ARTIST,0,,Darling Youngjun SAAY dress,2,VmzylnuyYYA,https://www.youtube.com/watch?v=VmzylnuyYYA,"영준 (브라운아이드소울), SAAY, dress - 달링 (Darling)",KozyPop,KozyPop,258.0,142472,"우연히 찾아온 거리, 필연히 기억될 장면 '누구에게나 사랑의 시작이 있다' 코지팝이 직접 아티스트들과 만드는 4번째 with KozyPop ...",,,
stage5b5-representative-v4-human-review-v1,stage5b5_representative_v4_094,13Ck1nAjyzdcMCKIQ9Kpkh,Darling,Youngjun | SAAY | dress,Darling with KozyPop,253.2,2020,PRIMARY_MULTI_ARTIST,0,,Darling Youngjun SAAY dress,3,V4GenrnxYho,https://www.youtube.com/watch?v=V4GenrnxYho,Darling (feat. dress),JUNNY,JUNNY,255.0,381857,Provided to YouTube by WM Korea Darling (feat. dress) · JUNNY · dress Darling (feat. dress) ℗ 2022 LINK6 Inc. Vocals: JUNNY ...,,,
stage5b5-representative-v4-human-review-v1,stage5b5_representative_v4_095,4G9hlKVIwuWE8qpW2UQpV3,Afterthought,Joji | BENEE,Nectar,194.871,2020,PRIMARY_MULTI_ARTIST,0,,Afterthought Joji BENEE,1,ujriV3vkC9w,https://www.youtube.com/watch?v=ujriV3vkC9w,Joji & BENEE - Afterthought,Joji,Joji,195.0,36748952,"Joji & BENEE - Afterthought SOLARIS TOUR 2026 TICKETS ON SALE NOW: https://jojimusic.com TOUR DATES Tuesday, June ...",IDEAL,"Exact song identity with official, artist, label, distributor, or Topic evidence.",
stage5b5-representative-v4-human-review-v1,stage5b5_representative_v4_095,4G9hlKVIwuWE8qpW2UQpV3,Afterthought,Joji | BENEE,Nectar,194.871,2020,PRIMARY_MULTI_ARTIST,0,,Afterthought Joji BENEE,2,QH9vvwPPBS8,https://www.youtube.com/watch?v=QH9vvwPPBS8,Joji & BENEE - Afterthought (Official Audio),88rising,88rising,195.0,6159742,Joji & BENEE - Afterthought 'SMITHEREENS' album out now: https://joji.lnk.to/SMITHEREENS Official 'SMITHEREENS' merch: ...,,,
stage5b5-representative-v4-human-review-v1,stage5b5_representative_v4_095,4G9hlKVIwuWE8qpW2UQpV3,Afterthought,Joji | BENEE,Nectar,194.871,2020,PRIMARY_MULTI_ARTIST,0,,Afterthought Joji BENEE,3,0cNxrVaghlE,https://www.youtube.com/watch?v=0cNxrVaghlE,Afterthought,Joji,Joji,195.0,3514645,Provided to YouTube by The Orchard Enterprises Afterthought · Joji · BENEE · George Miller · Daniel Wilson · Isaac Cords Sleator ...,,,
stage5b5-representative-v4-human-review-v1,stage5b5_representative_v4_096,2BPXILn0MqOe5WroVXlvN1,I Will Go To You Like the First Snow,AILEE,"Guardian (Original Television Soundtrack), Pt. 9",229.678,2017,PRIMARY_MULTI_ARTIST,0,,I Will Go To You Like the First Snow AILEE,1,By8Iv_TpxCI,https://www.youtube.com/watch?v=By8Iv_TpxCI,"I Will Go To You Like The First Snow - Ailee Lyrics [Han,Rom,Eng]",TamTam Lyrics,TamTam Lyrics,231.0,43578161,Tamtam Lyrics I Will Go To You Like The First Snow - Ailee Lyrics.,ACCEPTABLE,Correct song and credited artist(s); alternate presentation or third-party upload remains usable.,
stage5b5-representative-v4-human-review-v1,stage5b5_representative_v4_096,2BPXILn0MqOe5WroVXlvN1,I Will Go To You Like the First Snow,AILEE,"Guardian (Original Television Soundtrack), Pt. 9",229.678,2017,PRIMARY_MULTI_ARTIST,0,,I Will Go To You Like the First Snow AILEE,2,C07uXXEwdIo,https://www.youtube.com/watch?v=C07uXXEwdIo,Ailee - I Will Go To You Like the First Snow [Yu Huiyeol's Sketchbook / 2017.07.26],KBS WORLD TV,KBS WORLD TV,229.0,10728916,Ailee - I Will Go To You Like the First Snow [Yu Huiyeol's Sketchbook / 2017.07.26] Subscribe KBS World Official YouTube: ...,,,
stage5b5-representative-v4-human-review-v1,stage5b5_representative_v4_096,2BPXILn0MqOe5WroVXlvN1,I Will Go To You Like the First Snow,AILEE,"Guardian (Original Television Soundtrack), Pt. 9",229.678,2017,PRIMARY_MULTI_ARTIST,0,,I Will Go To You Like the First Snow AILEE,3,6rS7OUGXUik,https://www.youtube.com/watch?v=6rS7OUGXUik,[도깨비 OST Part 9] 에일리 (Ailee) - 첫눈처럼 너에게 가겠다 (I will go to you like the first snow) (Official Audio),STONE MUSIC,STONE MUSIC,231.0,87025591,'폭발적인 가창력'의 소울디바 '에일리'가 도깨비 OST의 아홉번째 가창자로 참여했다. 에일리가 참여한 도깨비 OST Part 9 '첫눈처럼 ...,,,
stage5b5-representative-v4-human-review-v1,stage5b5_representative_v4_097,3siwsiaEoU4Kuuc9WKMUy5,No One Noticed,The Marías,Submarine,236.906,2024,PRIMARY_MULTI_ARTIST,0,,No One Noticed The Marías,1,Qn8F_u0vBNI,https://www.youtube.com/watch?v=Qn8F_u0vBNI,The Marías - No One Noticed (Visualizer),The Marías,The Marías,236.0,63234742,listen to the album here: https://themarias.lnk.to/Submarine order the vinyl here: https://shop.themarias.us/collections/submarine ...,IDEAL,"Exact song identity with official, artist, label, distributor, or Topic evidence.",
stage5b5-representative-v4-human-review-v1,stage5b5_representative_v4_097,3siwsiaEoU4Kuuc9WKMUy5,No One Noticed,The Marías,Submarine,236.906,2024,PRIMARY_MULTI_ARTIST,0,,No One Noticed The Marías,2,bJcypNi9t9M,https://www.youtube.com/watch?v=bJcypNi9t9M,@TheMarias - No One Noticed (Lyrics),Dan Music,Dan Music,238.0,18406565,"The Marías - No One Noticed (Lyrics) Stream ""No One Noticed"" by The Marías: https://themarias.lnk.to/Submarine Follow The ...",,,
stage5b5-representative-v4-human-review-v1,stage5b5_representative_v4_097,3siwsiaEoU4Kuuc9WKMUy5,No One Noticed,The Marías,Submarine,236.906,2024,PRIMARY_MULTI_ARTIST,0,,No One Noticed The Marías,3,N5jD5CI93JM,https://www.youtube.com/watch?v=N5jD5CI93JM,No One Noticed (Extended Spanish),The Marías,The Marías,285.0,56645191,Provided to YouTube by Nice Life/Atlantic No One Noticed (Extended Spanish) · The Marías No One Noticed (Extended) ℗ 2024 ...,,,
stage5b5-representative-v4-human-review-v1,stage5b5_representative_v4_098,4as4XEOR03oGm1STUKl6pa,BBIBBI,IU,BBIBBI,194.426,2018,PRIMARY_MULTI_ARTIST,0,,BBIBBI IU,1,nM0xDI5R50E,https://www.youtube.com/watch?v=nM0xDI5R50E,[MV] IU(아이유) _ BBIBBI(삐삐),1theK (원더케이),1theK (원더케이),209.0,286915411,[MV] IU(아이유) _ BBIBBI(삐삐) *English subtitles are now available. :D (Please click on 'CC' button or activate 'Interactive ...,IDEAL,"Exact song identity with official, artist, label, distributor, or Topic evidence.",
stage5b5-representative-v4-human-review-v1,stage5b5_representative_v4_098,4as4XEOR03oGm1STUKl6pa,BBIBBI,IU,BBIBBI,194.426,2018,PRIMARY_MULTI_ARTIST,0,,BBIBBI IU,2,hngml3y2Rq8,https://www.youtube.com/watch?v=hngml3y2Rq8,아이유(IU) : '삐삐(BBIBBI)' DANCE PRACTICE,이지금 [IU Official],이지금 [IU Official],239.0,33388117,아이유(IU) : '삐삐(BBIBBI)' DANCE PRACTICE #IU #아이유 #BBIBBI.,,,
stage5b5-representative-v4-human-review-v1,stage5b5_representative_v4_098,4as4XEOR03oGm1STUKl6pa,BBIBBI,IU,BBIBBI,194.426,2018,PRIMARY_MULTI_ARTIST,0,,BBIBBI IU,3,6k9kV6UkqK4,https://www.youtube.com/watch?v=6k9kV6UkqK4,"IU (아이유) ""삐삐(BBIBBI)"" LYRICS 가사 (Eng/Rom/Han)",Jaeguchi,Jaeguchi,196.0,9273928,All Rights Administered by Fave Entertainment • Artist: 아이유(IU) • Song: 삐삐(BBIBBI) • Album: Digital Single '삐삐' .,,,
stage5b5-representative-v4-human-review-v1,stage5b5_representative_v4_099,3ffUoOFNLBkHhQ9x0j8zkI,0214,Yel,About Last Night..,183.0,2022,PRIMARY_MULTI_ARTIST,0,,0214 Yel,1,pKdnFFFULN4,https://www.youtube.com/watch?v=pKdnFFFULN4,0214,Yel,Yel,184.0,53547,Provided to YouTube by Yel 0214 · Yel About Last Night.. ℗ 2022 Yel Released on: 2022-04-04 Main Artist: Yel Lyricist: Choi ...,IDEAL,"Exact song identity with official, artist, label, distributor, or Topic evidence.",
stage5b5-representative-v4-human-review-v1,stage5b5_representative_v4_099,3ffUoOFNLBkHhQ9x0j8zkI,0214,Yel,About Last Night..,183.0,2022,PRIMARY_MULTI_ARTIST,0,,0214 Yel,2,hPTGpFvkjGk,https://www.youtube.com/watch?v=hPTGpFvkjGk,yel - 0214 (432hz),Frequency Archive,Frequency Archive,182.0,86,"432hz music is well known to increase well-being, is often said to sound better, be more harmonic, and have transcendental ...",,,
stage5b5-representative-v4-human-review-v1,stage5b5_representative_v4_099,3ffUoOFNLBkHhQ9x0j8zkI,0214,Yel,About Last Night..,183.0,2022,PRIMARY_MULTI_ARTIST,0,,0214 Yel,3,sBd6x64Ie1k,https://www.youtube.com/watch?v=sBd6x64Ie1k,0214 by Yel Karaoke,reikomie lyrics♡,reikomie lyrics♡,184.0,385,,,,
stage5b5-representative-v4-human-review-v1,stage5b5_representative_v4_100,1g9pNxvJYOSUIeXYhaOFTr,When Have I Fallen,Kochetkovv,When Have I Fallen,123.876,2019,PRIMARY_MULTI_ARTIST,0,,When Have I Fallen Kochetkovv,1,nOaheBtdlI0,https://www.youtube.com/watch?v=nOaheBtdlI0,When have I fallen (also on spotify),Kochetkovv,Kochetkovv,124.0,35288,https://soundcloud.com/kochetkovv ~ When have I fallen Am I crawling on my knees Here I'm calling In the hope that you'll see ...,IDEAL,"Exact song identity with official, artist, label, distributor, or Topic evidence.",
stage5b5-representative-v4-human-review-v1,stage5b5_representative_v4_100,1g9pNxvJYOSUIeXYhaOFTr,When Have I Fallen,Kochetkovv,When Have I Fallen,123.876,2019,PRIMARY_MULTI_ARTIST,0,,When Have I Fallen Kochetkovv,2,kISrxX9SH2o,https://www.youtube.com/watch?v=kISrxX9SH2o,Kochetkovv - When Have I Fallen,Enlighteement,Enlighteement,124.0,83,Lofi/Chill Beats Support the artist below: Kochetkovv https://soundcloud.com/kochetkovv ...,,,
stage5b5-representative-v4-human-review-v1,stage5b5_representative_v4_100,1g9pNxvJYOSUIeXYhaOFTr,When Have I Fallen,Kochetkovv,When Have I Fallen,123.876,2019,PRIMARY_MULTI_ARTIST,0,,When Have I Fallen Kochetkovv,3,qfowLCtZm80,https://www.youtube.com/watch?v=qfowLCtZm80,kochetkovv - when have i fallen,nourish.,nourish.,124.0,140002,here i'm calling in the hope that you'll see me nourish. spotify playlists selected » https://spoti.fi/34jt7n6 lofi & chill ...,,,
