pilot_id,spotify_track_id,song,raw_genre_labels,canonical_labels,broad_families,style_neighborhoods,scene_contexts,gemini_context_display_only,warnings,trace,owner_first_pass_verbatim,classification_review_suggested,assistant_review_note,owner_mapping_decision,owner_classification_decision,owner_review_notes
F001,00njeQb198Lm7Jge2Rsrlg,"Saturation in Delay, Love in Anger — City Girl, tiffi","{""primary_family"": ""electronic"", ""secondary_families"": [""ambient""], ""primary_style"": ""minimal techno"", ""secondary_styles"": [""dub techno"", ""microhouse""]}","[{""id"": ""electronic"", ""label"": ""Electronic"", ""trace_ids"": [""label-01""]}, {""id"": ""ambient"", ""label"": ""Ambient"", ""trace_ids"": [""label-02""]}, {""id"": ""minimal_techno"", ""label"": ""Minimal techno"", ""trace_ids"": [""label-03""]}, {""id"": ""dub_techno"", ""label"": ""Dub techno"", ""trace_ids"": [""label-04""]}, {""id"": ""microhouse"", ""label"": ""Microhouse"", ""trace_ids"": [""label-05""]}]","[""electronic""]","[""ambient_related"", ""dub_electronic"", ""house_related"", ""minimal_club"", ""techno_related""]",[],"{""vocal_role"": ""vocal_samples_only"", ""arrangement_focus"": ""beat_or_instrumental"", ""texture_tags"": [""electronic"", ""sample_based"", ""clean""]}","[{""code"": ""style_concept_in_family_slot"", ""trace_id"": ""label-02"", ""message"": ""Resolve by explicit concept, not by the model field name; original slot retained.""}]","[{""trace_id"": ""label-01"", ""source_path"": ""primary_family"", ""raw_label"": ""electronic"", ""normalized_lookup"": ""electronic"", ""canonical_concept_id"": ""electronic"", ""canonical_label"": ""Electronic"", ""kind"": ""family"", ""mapping_status"": ""mapped"", ""note"": """", ""review_candidates"": [], ""broad_families"": [""electronic""], ""style_neighborhoods"": [], ""scene_contexts"": []}, {""trace_id"": ""label-02"", ""source_path"": ""secondary_families[0]"", ""raw_label"": ""ambient"", ""normalized_lookup"": ""ambient"", ""canonical_concept_id"": ""ambient"", ""canonical_label"": ""Ambient"", ""kind"": ""style_umbrella"", ""mapping_status"": ""mapped"", ""note"": ""Ambient may be electronic or acoustic; no broad family is guessed from this label alone."", ""review_candidates"": [], ""broad_families"": [], ""style_neighborhoods"": [""ambient_related""], ""scene_contexts"": []}, {""trace_id"": ""label-03"", ""source_path"": ""primary_style"", ""raw_label"": ""minimal techno"", ""normalized_lookup"": ""minimal techno"", ""canonical_concept_id"": ""minimal_techno"", ""canonical_label"": ""Minimal techno"", ""kind"": ""style"", ""mapping_status"": ""mapped"", ""note"": """", ""review_candidates"": [], ""broad_families"": [""electronic""], ""style_neighborhoods"": [""techno_related"", ""minimal_club""], ""scene_contexts"": []}, {""trace_id"": ""label-04"", ""source_path"": ""secondary_styles[0]"", ""raw_label"": ""dub techno"", ""normalized_lookup"": ""dub techno"", ""canonical_concept_id"": ""dub_techno"", ""canonical_label"": ""Dub techno"", ""kind"": ""style"", ""mapping_status"": ""mapped"", ""note"": """", ""review_candidates"": [], ""broad_families"": [""electronic""], ""style_neighborhoods"": [""techno_related"", ""dub_electronic""], ""scene_contexts"": []}, {""trace_id"": ""label-05"", ""source_path"": ""secondary_styles[1]"", ""raw_label"": ""microhouse"", ""normalized_lookup"": ""microhouse"", ""canonical_concept_id"": ""microhouse"", ""canonical_label"": ""Microhouse"", ""kind"": ""style"", ""mapping_status"": ""mapped"", ""note"": """", ""review_candidates"": [], ""broad_families"": [""electronic""], ""style_neighborhoods"": [""house_related"", ""minimal_club""], ""scene_contexts"": []}]",,False,Inspect the unchanged mapping and original classification separately. No prior answer is inferred.,,,
F002,02CCi0N3pMK4Rjxq5e6UmE,Stay With Me — jrd.,"{""primary_family"": ""electronic"", ""secondary_families"": [""hip-hop"", ""ambient""], ""primary_style"": ""lo-fi beats"", ""secondary_styles"": [""chillhop"", ""downtempo""]}","[{""id"": ""electronic"", ""label"": ""Electronic"", ""trace_ids"": [""label-01""]}, {""id"": ""hip_hop"", ""label"": ""Hip-hop"", ""trace_ids"": [""label-02""]}, {""id"": ""ambient"", ""label"": ""Ambient"", ""trace_ids"": [""label-03""]}, {""id"": ""chillhop"", ""label"": ""Chillhop"", ""trace_ids"": [""label-05""]}, {""id"": ""downtempo"", ""label"": ""Downtempo"", ""trace_ids"": [""label-06""]}]","[""electronic"", ""hip_hop""]","[""ambient_related"", ""downtempo_related"", ""hip_hop_beat_lineage"", ""lofi_chill_beats""]",[],"{""vocal_role"": ""vocal_samples_only"", ""arrangement_focus"": ""beat_or_instrumental"", ""texture_tags"": [""sample_based"", ""electronic"", ""hazy""]}","[{""code"": ""style_concept_in_family_slot"", ""trace_id"": ""label-03"", ""message"": ""Resolve by explicit concept, not by the model field name; original slot retained.""}, {""code"": ""mapping_review_required"", ""trace_id"": ""label-04"", ""message"": ""No explicit alias. Preserve the label; do not infer a concept.""}]","[{""trace_id"": ""label-01"", ""source_path"": ""primary_family"", ""raw_label"": ""electronic"", ""normalized_lookup"": ""electronic"", ""canonical_concept_id"": ""electronic"", ""canonical_label"": ""Electronic"", ""kind"": ""family"", ""mapping_status"": ""mapped"", ""note"": """", ""review_candidates"": [], ""broad_families"": [""electronic""], ""style_neighborhoods"": [], ""scene_contexts"": []}, {""trace_id"": ""label-02"", ""source_path"": ""secondary_families[0]"", ""raw_label"": ""hip-hop"", ""normalized_lookup"": ""hip hop"", ""canonical_concept_id"": ""hip_hop"", ""canonical_label"": ""Hip-hop"", ""kind"": ""family"", ""mapping_status"": ""mapped"", ""note"": """", ""review_candidates"": [], ""broad_families"": [""hip_hop""], ""style_neighborhoods"": [], ""scene_contexts"": []}, {""trace_id"": ""label-03"", ""source_path"": ""secondary_families[1]"", ""raw_label"": ""ambient"", ""normalized_lookup"": ""ambient"", ""canonical_concept_id"": ""ambient"", ""canonical_label"": ""Ambient"", ""kind"": ""style_umbrella"", ""mapping_status"": ""mapped"", ""note"": ""Ambient may be electronic or acoustic; no broad family is guessed from this label alone."", ""review_candidates"": [], ""broad_families"": [], ""style_neighborhoods"": [""ambient_related""], ""scene_contexts"": []}, {""trace_id"": ""label-04"", ""source_path"": ""primary_style"", ""raw_label"": ""lo-fi beats"", ""normalized_lookup"": ""lo fi beats"", ""canonical_concept_id"": null, ""canonical_label"": null, ""kind"": ""unrecognized_label"", ""mapping_status"": ""mapping_review_required"", ""note"": ""No explicit alias. Preserve the label; do not infer a concept."", ""review_candidates"": [], ""broad_families"": [], ""style_neighborhoods"": [], ""scene_contexts"": []}, {""trace_id"": ""label-05"", ""source_path"": ""secondary_styles[0]"", ""raw_label"": ""chillhop"", ""normalized_lookup"": ""chillhop"", ""canonical_concept_id"": ""chillhop"", ""canonical_label"": ""Chillhop"", ""kind"": ""style"", ""mapping_status"": ""mapped"", ""note"": """", ""review_candidates"": [], ""broad_families"": [""hip_hop""], ""style_neighborhoods"": [""hip_hop_beat_lineage"", ""lofi_chill_beats""], ""scene_contexts"": []}, {""trace_id"": ""label-06"", ""source_path"": ""secondary_styles[1]"", ""raw_label"": ""downtempo"", ""normalized_lookup"": ""downtempo"", ""canonical_concept_id"": ""downtempo"", ""canonical_label"": ""Downtempo"", ""kind"": ""style_umbrella"", ""mapping_status"": ""mapped"", ""note"": ""A style-level umbrella even when Gemini puts it in a family slot; not a BPM measurement."", ""review_candidates"": [], ""broad_families"": [""electronic""], ""style_neighborhoods"": [""downtempo_related""], ""scene_contexts"": []}]",,False,Inspect the unchanged mapping and original classification separately. No prior answer is inferred.,,,
F003,043ryKJlgSnAUzpXnfxU6b,"We (OUI) (Feat. sogumm) — jeebanoff, sogumm","{""primary_family"": ""R&B and Soul"", ""secondary_families"": [""Pop""], ""primary_style"": ""Contemporary R&B"", ""secondary_styles"": [""K-Pop""]}","[{""id"": ""rnb_soul_umbrella"", ""label"": ""R&B and Soul"", ""trace_ids"": [""label-01""]}, {""id"": ""pop"", ""label"": ""Pop"", ""trace_ids"": [""label-02""]}, {""id"": ""contemporary_rnb"", ""label"": ""Contemporary R&B"", ""trace_ids"": [""label-03""]}, {""id"": ""k_pop"", ""label"": ""K-Pop"", ""trace_ids"": [""label-04""]}]","[""pop"", ""rnb_soul""]","[""modern_rnb""]","[""korean_pop_scene""]","{""vocal_role"": ""sung_led"", ""arrangement_focus"": ""lead_vocal"", ""texture_tags"": [""clean"", ""electronic"", ""layered""]}","[{""code"": ""context_separate_from_sonic_style"", ""trace_id"": ""label-04"", ""message"": ""Context only. No sonic neighborhood or broad family follows solely from the scene label.""}]","[{""trace_id"": ""label-01"", ""source_path"": ""primary_family"", ""raw_label"": ""R&B and Soul"", ""normalized_lookup"": ""r and b and soul"", ""canonical_concept_id"": ""rnb_soul_umbrella"", ""canonical_label"": ""R&B and Soul"", ""kind"": ""family_umbrella"", ""mapping_status"": ""mapped"", ""note"": ""Combined family label preserved as an umbrella; not split into two independently predicted genres."", ""review_candidates"": [], ""broad_families"": [""rnb_soul""], ""style_neighborhoods"": [], ""scene_contexts"": []}, {""trace_id"": ""label-02"", ""source_path"": ""secondary_families[0]"", ""raw_label"": ""Pop"", ""normalized_lookup"": ""pop"", ""canonical_concept_id"": ""pop"", ""canonical_label"": ""Pop"", ""kind"": ""family"", ""mapping_status"": ""mapped"", ""note"": """", ""review_candidates"": [], ""broad_families"": [""pop""], ""style_neighborhoods"": [], ""scene_contexts"": []}, {""trace_id"": ""label-03"", ""source_path"": ""primary_style"", ""raw_label"": ""Contemporary R&B"", ""normalized_lookup"": ""contemporary r and b"", ""canonical_concept_id"": ""contemporary_rnb"", ""canonical_label"": ""Contemporary R&B"", ""kind"": ""style"", ""mapping_status"": ""mapped"", ""note"": """", ""review_candidates"": [], ""broad_families"": [""rnb_soul""], ""style_neighborhoods"": [""modern_rnb""], ""scene_contexts"": []}, {""trace_id"": ""label-04"", ""source_path"": ""secondary_styles[0]"", ""raw_label"": ""K-Pop"", ""normalized_lookup"": ""k pop"", ""canonical_concept_id"": ""k_pop"", ""canonical_label"": ""K-Pop"", ""kind"": ""scene_context"", ""mapping_status"": ""mapped"", ""note"": ""Context only. No sonic neighborhood or broad family follows solely from the scene label."", ""review_candidates"": [], ""broad_families"": [], ""style_neighborhoods"": [], ""scene_contexts"": [""korean_pop_scene""]}]",,False,Inspect the unchanged mapping and original classification separately. No prior answer is inferred.,,,
F004,06EL94D0TA27Ik0Ke5usbj,"The Way — Ariana Grande, Mac Miller","{""primary_family"": ""r&b"", ""secondary_families"": [""pop"", ""hip hop""], ""primary_style"": ""contemporary r&b"", ""secondary_styles"": [""dance-pop"", ""pop rap""]}","[{""id"": ""rnb"", ""label"": ""R&B"", ""trace_ids"": [""label-01""]}, {""id"": ""pop"", ""label"": ""Pop"", ""trace_ids"": [""label-02""]}, {""id"": ""hip_hop"", ""label"": ""Hip-hop"", ""trace_ids"": [""label-03""]}, {""id"": ""contemporary_rnb"", ""label"": ""Contemporary R&B"", ""trace_ids"": [""label-04""]}, {""id"": ""dance_pop"", ""label"": ""Dance-pop"", ""trace_ids"": [""label-05""]}, {""id"": ""pop_rap"", ""label"": ""Pop rap"", ""trace_ids"": [""label-06""]}]","[""hip_hop"", ""pop"", ""rnb_soul""]","[""dance_pop"", ""modern_rnb"", ""pop_electronic"", ""rap_pop_crossover""]",[],"{""vocal_role"": ""mixed_rap_and_singing"", ""arrangement_focus"": ""lead_vocal"", ""texture_tags"": [""clean"", ""layered"", ""sample_based""]}",[],"[{""trace_id"": ""label-01"", ""source_path"": ""primary_family"", ""raw_label"": ""r&b"", ""normalized_lookup"": ""r and b"", ""canonical_concept_id"": ""rnb"", ""canonical_label"": ""R&B"", ""kind"": ""family"", ""mapping_status"": ""mapped"", ""note"": ""R&B stays its own canonical concept; the broad family is a joint umbrella, not a synonym for soul."", ""review_candidates"": [], ""broad_families"": [""rnb_soul""], ""style_neighborhoods"": [], ""scene_contexts"": []}, {""trace_id"": ""label-02"", ""source_path"": ""secondary_families[0]"", ""raw_label"": ""pop"", ""normalized_lookup"": ""pop"", ""canonical_concept_id"": ""pop"", ""canonical_label"": ""Pop"", ""kind"": ""family"", ""mapping_status"": ""mapped"", ""note"": """", ""review_candidates"": [], ""broad_families"": [""pop""], ""style_neighborhoods"": [], ""scene_contexts"": []}, {""trace_id"": ""label-03"", ""source_path"": ""secondary_families[1]"", ""raw_label"": ""hip hop"", ""normalized_lookup"": ""hip hop"", ""canonical_concept_id"": ""hip_hop"", ""canonical_label"": ""Hip-hop"", ""kind"": ""family"", ""mapping_status"": ""mapped"", ""note"": """", ""review_candidates"": [], ""broad_families"": [""hip_hop""], ""style_neighborhoods"": [], ""scene_contexts"": []}, {""trace_id"": ""label-04"", ""source_path"": ""primary_style"", ""raw_label"": ""contemporary r&b"", ""normalized_lookup"": ""contemporary r and b"", ""canonical_concept_id"": ""contemporary_rnb"", ""canonical_label"": ""Contemporary R&B"", ""kind"": ""style"", ""mapping_status"": ""mapped"", ""note"": """", ""review_candidates"": [], ""broad_families"": [""rnb_soul""], ""style_neighborhoods"": [""modern_rnb""], ""scene_contexts"": []}, {""trace_id"": ""label-05"", ""source_path"": ""secondary_styles[0]"", ""raw_label"": ""dance-pop"", ""normalized_lookup"": ""dance pop"", ""canonical_concept_id"": ""dance_pop"", ""canonical_label"": ""Dance-pop"", ""kind"": ""style"", ""mapping_status"": ""mapped"", ""note"": ""Electronic-pop neighborhood is a stylistic adjacency, not an instrumentation assertion or automatic electronic family."", ""review_candidates"": [], ""broad_families"": [""pop""], ""style_neighborhoods"": [""pop_electronic"", ""dance_pop""], ""scene_contexts"": []}, {""trace_id"": ""label-06"", ""source_path"": ""secondary_styles[1]"", ""raw_label"": ""pop rap"", ""normalized_lookup"": ""pop rap"", ""canonical_concept_id"": ""pop_rap"", ""canonical_label"": ""Pop rap"", ""kind"": ""style"", ""mapping_status"": ""mapped"", ""note"": """", ""review_candidates"": [], ""broad_families"": [""hip_hop"", ""pop""], ""style_neighborhoods"": [""rap_pop_crossover""], ""scene_contexts"": []}]",,False,Inspect the unchanged mapping and original classification separately. No prior answer is inferred.,,,
F005,07tiPBhMqiKqHowwqDBtfK,"id T41104 (feat. 267) — W/N, 267","{""primary_family"": ""electronic"", ""secondary_families"": [""r&b"", ""pop""], ""primary_style"": ""lo-fi chill beats"", ""secondary_styles"": [""chillout"", ""bedroom pop""]}","[{""id"": ""electronic"", ""label"": ""Electronic"", ""trace_ids"": [""label-01""]}, {""id"": ""rnb"", ""label"": ""R&B"", ""trace_ids"": [""label-02""]}, {""id"": ""pop"", ""label"": ""Pop"", ""trace_ids"": [""label-03""]}, {""id"": ""chillout"", ""label"": ""Chillout"", ""trace_ids"": [""label-05""]}]","[""electronic"", ""pop"", ""rnb_soul""]",[],"[""chillout_umbrella""]","{""vocal_role"": ""sung_led"", ""arrangement_focus"": ""lead_vocal"", ""texture_tags"": [""electronic"", ""clean"", ""hazy""]}","[{""code"": ""mapping_review_required"", ""trace_id"": ""label-04"", ""message"": ""No explicit alias. Preserve the label; do not infer a concept.""}, {""code"": ""mapping_review_required"", ""trace_id"": ""label-05"", ""message"": ""May denote a listening use or heterogeneous sonic styles. Retain the ambiguous umbrella; do not equate with downtempo or lo-fi.""}, {""code"": ""context_separate_from_sonic_style"", ""trace_id"": ""label-05"", ""message"": ""May denote a listening use or heterogeneous sonic styles. Retain the ambiguous umbrella; do not equate with downtempo or lo-fi.""}, {""code"": ""mapping_review_required"", ""trace_id"": ""label-06"", ""message"": ""No explicit alias. Preserve the label; do not infer a concept.""}]","[{""trace_id"": ""label-01"", ""source_path"": ""primary_family"", ""raw_label"": ""electronic"", ""normalized_lookup"": ""electronic"", ""canonical_concept_id"": ""electronic"", ""canonical_label"": ""Electronic"", ""kind"": ""family"", ""mapping_status"": ""mapped"", ""note"": """", ""review_candidates"": [], ""broad_families"": [""electronic""], ""style_neighborhoods"": [], ""scene_contexts"": []}, {""trace_id"": ""label-02"", ""source_path"": ""secondary_families[0]"", ""raw_label"": ""r&b"", ""normalized_lookup"": ""r and b"", ""canonical_concept_id"": ""rnb"", ""canonical_label"": ""R&B"", ""kind"": ""family"", ""mapping_status"": ""mapped"", ""note"": ""R&B stays its own canonical concept; the broad family is a joint umbrella, not a synonym for soul."", ""review_candidates"": [], ""broad_families"": [""rnb_soul""], ""style_neighborhoods"": [], ""scene_contexts"": []}, {""trace_id"": ""label-03"", ""source_path"": ""secondary_families[1]"", ""raw_label"": ""pop"", ""normalized_lookup"": ""pop"", ""canonical_concept_id"": ""pop"", ""canonical_label"": ""Pop"", ""kind"": ""family"", ""mapping_status"": ""mapped"", ""note"": """", ""review_candidates"": [], ""broad_families"": [""pop""], ""style_neighborhoods"": [], ""scene_contexts"": []}, {""trace_id"": ""label-04"", ""source_path"": ""primary_style"", ""raw_label"": ""lo-fi chill beats"", ""normalized_lookup"": ""lo fi chill beats"", ""canonical_concept_id"": null, ""canonical_label"": null, ""kind"": ""unrecognized_label"", ""mapping_status"": ""mapping_review_required"", ""note"": ""No explicit alias. Preserve the label; do not infer a concept."", ""review_candidates"": [], ""broad_families"": [], ""style_neighborhoods"": [], ""scene_contexts"": []}, {""trace_id"": ""label-05"", ""source_path"": ""secondary_styles[0]"", ""raw_label"": ""chillout"", ""normalized_lookup"": ""chillout"", ""canonical_concept_id"": ""chillout"", ""canonical_label"": ""Chillout"", ""kind"": ""ambiguous_context_style"", ""mapping_status"": ""mapping_review_required"", ""note"": ""May denote a listening use or heterogeneous sonic styles. Retain the ambiguous umbrella; do not equate with downtempo or lo-fi."", ""review_candidates"": [""listening context"", ""downtempo-oriented style umbrella""], ""broad_families"": [], ""style_neighborhoods"": [], ""scene_contexts"": [""chillout_umbrella""]}, {""trace_id"": ""label-06"", ""source_path"": ""secondary_styles[1]"", ""raw_label"": ""bedroom pop"", ""normalized_lookup"": ""bedroom pop"", ""canonical_concept_id"": null, ""canonical_label"": null, ""kind"": ""unrecognized_label"", ""mapping_status"": ""mapping_review_required"", ""note"": ""No explicit alias. Preserve the label; do not infer a concept."", ""review_candidates"": [], ""broad_families"": [], ""style_neighborhoods"": [], ""scene_contexts"": []}]",,False,Inspect the unchanged mapping and original classification separately. No prior answer is inferred.,,,
F006,0ASYuzPsTBA6ZmIsuvNZby,falling down — Nohidea,"{""primary_family"": ""hip-hop"", ""secondary_families"": [""electronic""], ""primary_style"": ""lo-fi hip hop"", ""secondary_styles"": [""chillout""]}","[{""id"": ""hip_hop"", ""label"": ""Hip-hop"", ""trace_ids"": [""label-01""]}, {""id"": ""electronic"", ""label"": ""Electronic"", ""trace_ids"": [""label-02""]}, {""id"": ""lofi_hip_hop"", ""label"": ""Lo-fi hip-hop"", ""trace_ids"": [""label-03""]}, {""id"": ""chillout"", ""label"": ""Chillout"", ""trace_ids"": [""label-04""]}]","[""electronic"", ""hip_hop""]","[""hip_hop_beat_lineage"", ""lofi_chill_beats""]","[""chillout_umbrella""]","{""vocal_role"": ""vocal_samples_only"", ""arrangement_focus"": ""balanced"", ""texture_tags"": [""sample_based"", ""hazy"", ""electronic""]}","[{""code"": ""mapping_review_required"", ""trace_id"": ""label-04"", ""message"": ""May denote a listening use or heterogeneous sonic styles. Retain the ambiguous umbrella; do not equate with downtempo or lo-fi.""}, {""code"": ""context_separate_from_sonic_style"", ""trace_id"": ""label-04"", ""message"": ""May denote a listening use or heterogeneous sonic styles. Retain the ambiguous umbrella; do not equate with downtempo or lo-fi.""}]","[{""trace_id"": ""label-01"", ""source_path"": ""primary_family"", ""raw_label"": ""hip-hop"", ""normalized_lookup"": ""hip hop"", ""canonical_concept_id"": ""hip_hop"", ""canonical_label"": ""Hip-hop"", ""kind"": ""family"", ""mapping_status"": ""mapped"", ""note"": """", ""review_candidates"": [], ""broad_families"": [""hip_hop""], ""style_neighborhoods"": [], ""scene_contexts"": []}, {""trace_id"": ""label-02"", ""source_path"": ""secondary_families[0]"", ""raw_label"": ""electronic"", ""normalized_lookup"": ""electronic"", ""canonical_concept_id"": ""electronic"", ""canonical_label"": ""Electronic"", ""kind"": ""family"", ""mapping_status"": ""mapped"", ""note"": """", ""review_candidates"": [], ""broad_families"": [""electronic""], ""style_neighborhoods"": [], ""scene_contexts"": []}, {""trace_id"": ""label-03"", ""source_path"": ""primary_style"", ""raw_label"": ""lo-fi hip hop"", ""normalized_lookup"": ""lo fi hip hop"", ""canonical_concept_id"": ""lofi_hip_hop"", ""canonical_label"": ""Lo-fi hip-hop"", ""kind"": ""style"", ""mapping_status"": ""mapped"", ""note"": ""Does not assert boom-bap, instrumental-only status, or electronic instrumentation."", ""review_candidates"": [], ""broad_families"": [""hip_hop""], ""style_neighborhoods"": [""hip_hop_beat_lineage"", ""lofi_chill_beats""], ""scene_contexts"": []}, {""trace_id"": ""label-04"", ""source_path"": ""secondary_styles[0]"", ""raw_label"": ""chillout"", ""normalized_lookup"": ""chillout"", ""canonical_concept_id"": ""chillout"", ""canonical_label"": ""Chillout"", ""kind"": ""ambiguous_context_style"", ""mapping_status"": ""mapping_review_required"", ""note"": ""May denote a listening use or heterogeneous sonic styles. Retain the ambiguous umbrella; do not equate with downtempo or lo-fi."", ""review_candidates"": [""listening context"", ""downtempo-oriented style umbrella""], ""broad_families"": [], ""style_neighborhoods"": [], ""scene_contexts"": [""chillout_umbrella""]}]",,False,Inspect the unchanged mapping and original classification separately. No prior answer is inferred.,,,
F007,0CnpSTdL9l5vQM4YnzXtyo,Panorama — IZ*ONE,"{""primary_family"": ""Pop"", ""secondary_families"": [""Electronic""], ""primary_style"": ""K-Pop"", ""secondary_styles"": [""Electropop"", ""Dance-Pop""]}","[{""id"": ""pop"", ""label"": ""Pop"", ""trace_ids"": [""label-01""]}, {""id"": ""electronic"", ""label"": ""Electronic"", ""trace_ids"": [""label-02""]}, {""id"": ""k_pop"", ""label"": ""K-Pop"", ""trace_ids"": [""label-03""]}, {""id"": ""electropop"", ""label"": ""Electropop"", ""trace_ids"": [""label-04""]}, {""id"": ""dance_pop"", ""label"": ""Dance-pop"", ""trace_ids"": [""label-05""]}]","[""electronic"", ""pop""]","[""dance_pop"", ""pop_electronic""]","[""korean_pop_scene""]","{""vocal_role"": ""sung_led"", ""arrangement_focus"": ""lead_vocal"", ""texture_tags"": [""electronic"", ""layered"", ""clean""]}","[{""code"": ""context_separate_from_sonic_style"", ""trace_id"": ""label-03"", ""message"": ""Context only. No sonic neighborhood or broad family follows solely from the scene label.""}]","[{""trace_id"": ""label-01"", ""source_path"": ""primary_family"", ""raw_label"": ""Pop"", ""normalized_lookup"": ""pop"", ""canonical_concept_id"": ""pop"", ""canonical_label"": ""Pop"", ""kind"": ""family"", ""mapping_status"": ""mapped"", ""note"": """", ""review_candidates"": [], ""broad_families"": [""pop""], ""style_neighborhoods"": [], ""scene_contexts"": []}, {""trace_id"": ""label-02"", ""source_path"": ""secondary_families[0]"", ""raw_label"": ""Electronic"", ""normalized_lookup"": ""electronic"", ""canonical_concept_id"": ""electronic"", ""canonical_label"": ""Electronic"", ""kind"": ""family"", ""mapping_status"": ""mapped"", ""note"": """", ""review_candidates"": [], ""broad_families"": [""electronic""], ""style_neighborhoods"": [], ""scene_contexts"": []}, {""trace_id"": ""label-03"", ""source_path"": ""primary_style"", ""raw_label"": ""K-Pop"", ""normalized_lookup"": ""k pop"", ""canonical_concept_id"": ""k_pop"", ""canonical_label"": ""K-Pop"", ""kind"": ""scene_context"", ""mapping_status"": ""mapped"", ""note"": ""Context only. No sonic neighborhood or broad family follows solely from the scene label."", ""review_candidates"": [], ""broad_families"": [], ""style_neighborhoods"": [], ""scene_contexts"": [""korean_pop_scene""]}, {""trace_id"": ""label-04"", ""source_path"": ""secondary_styles[0]"", ""raw_label"": ""Electropop"", ""normalized_lookup"": ""electropop"", ""canonical_concept_id"": ""electropop"", ""canonical_label"": ""Electropop"", ""kind"": ""style"", ""mapping_status"": ""mapped"", ""note"": """", ""review_candidates"": [], ""broad_families"": [""pop"", ""electronic""], ""style_neighborhoods"": [""pop_electronic""], ""scene_contexts"": []}, {""trace_id"": ""label-05"", ""source_path"": ""secondary_styles[1]"", ""raw_label"": ""Dance-Pop"", ""normalized_lookup"": ""dance pop"", ""canonical_concept_id"": ""dance_pop"", ""canonical_label"": ""Dance-pop"", ""kind"": ""style"", ""mapping_status"": ""mapped"", ""note"": ""Electronic-pop neighborhood is a stylistic adjacency, not an instrumentation assertion or automatic electronic family."", ""review_candidates"": [], ""broad_families"": [""pop""], ""style_neighborhoods"": [""pop_electronic"", ""dance_pop""], ""scene_contexts"": []}]",,False,Inspect the unchanged mapping and original classification separately. No prior answer is inferred.,,,
F008,0JJeoiCAa1hwcBsPxBN2w4,"Sunday (feat. HEIZE, Jay Park) — GroovyRoom, Heize, Jay Park","{""primary_family"": ""r&b"", ""secondary_families"": [""pop"", ""hip hop""], ""primary_style"": ""contemporary r&b"", ""secondary_styles"": [""k-pop"", ""trap soul""]}","[{""id"": ""rnb"", ""label"": ""R&B"", ""trace_ids"": [""label-01""]}, {""id"": ""pop"", ""label"": ""Pop"", ""trace_ids"": [""label-02""]}, {""id"": ""hip_hop"", ""label"": ""Hip-hop"", ""trace_ids"": [""label-03""]}, {""id"": ""contemporary_rnb"", ""label"": ""Contemporary R&B"", ""trace_ids"": [""label-04""]}, {""id"": ""k_pop"", ""label"": ""K-Pop"", ""trace_ids"": [""label-05""]}]","[""hip_hop"", ""pop"", ""rnb_soul""]","[""modern_rnb""]","[""korean_pop_scene""]","{""vocal_role"": ""mixed_rap_and_singing"", ""arrangement_focus"": ""lead_vocal"", ""texture_tags"": [""electronic"", ""clean"", ""layered""]}","[{""code"": ""context_separate_from_sonic_style"", ""trace_id"": ""label-05"", ""message"": ""Context only. No sonic neighborhood or broad family follows solely from the scene label.""}, {""code"": ""mapping_review_required"", ""trace_id"": ""label-06"", ""message"": ""No explicit alias. Preserve the label; do not infer a concept.""}]","[{""trace_id"": ""label-01"", ""source_path"": ""primary_family"", ""raw_label"": ""r&b"", ""normalized_lookup"": ""r and b"", ""canonical_concept_id"": ""rnb"", ""canonical_label"": ""R&B"", ""kind"": ""family"", ""mapping_status"": ""mapped"", ""note"": ""R&B stays its own canonical concept; the broad family is a joint umbrella, not a synonym for soul."", ""review_candidates"": [], ""broad_families"": [""rnb_soul""], ""style_neighborhoods"": [], ""scene_contexts"": []}, {""trace_id"": ""label-02"", ""source_path"": ""secondary_families[0]"", ""raw_label"": ""pop"", ""normalized_lookup"": ""pop"", ""canonical_concept_id"": ""pop"", ""canonical_label"": ""Pop"", ""kind"": ""family"", ""mapping_status"": ""mapped"", ""note"": """", ""review_candidates"": [], ""broad_families"": [""pop""], ""style_neighborhoods"": [], ""scene_contexts"": []}, {""trace_id"": ""label-03"", ""source_path"": ""secondary_families[1]"", ""raw_label"": ""hip hop"", ""normalized_lookup"": ""hip hop"", ""canonical_concept_id"": ""hip_hop"", ""canonical_label"": ""Hip-hop"", ""kind"": ""family"", ""mapping_status"": ""mapped"", ""note"": """", ""review_candidates"": [], ""broad_families"": [""hip_hop""], ""style_neighborhoods"": [], ""scene_contexts"": []}, {""trace_id"": ""label-04"", ""source_path"": ""primary_style"", ""raw_label"": ""contemporary r&b"", ""normalized_lookup"": ""contemporary r and b"", ""canonical_concept_id"": ""contemporary_rnb"", ""canonical_label"": ""Contemporary R&B"", ""kind"": ""style"", ""mapping_status"": ""mapped"", ""note"": """", ""review_candidates"": [], ""broad_families"": [""rnb_soul""], ""style_neighborhoods"": [""modern_rnb""], ""scene_contexts"": []}, {""trace_id"": ""label-05"", ""source_path"": ""secondary_styles[0]"", ""raw_label"": ""k-pop"", ""normalized_lookup"": ""k pop"", ""canonical_concept_id"": ""k_pop"", ""canonical_label"": ""K-Pop"", ""kind"": ""scene_context"", ""mapping_status"": ""mapped"", ""note"": ""Context only. No sonic neighborhood or broad family follows solely from the scene label."", ""review_candidates"": [], ""broad_families"": [], ""style_neighborhoods"": [], ""scene_contexts"": [""korean_pop_scene""]}, {""trace_id"": ""label-06"", ""source_path"": ""secondary_styles[1]"", ""raw_label"": ""trap soul"", ""normalized_lookup"": ""trap soul"", ""canonical_concept_id"": null, ""canonical_label"": null, ""kind"": ""unrecognized_label"", ""mapping_status"": ""mapping_review_required"", ""note"": ""No explicit alias. Preserve the label; do not infer a concept."", ""review_candidates"": [], ""broad_families"": [], ""style_neighborhoods"": [], ""scene_contexts"": []}]",,False,Inspect the unchanged mapping and original classification separately. No prior answer is inferred.,,,
F009,0WJxkgYXRoOxFb4Vq3Ddmg,Jocelyn Flores — Dontcry,"{""primary_family"": ""Hip Hop"", ""secondary_families"": [""Jazz""], ""primary_style"": ""Lo-Fi Beats"", ""secondary_styles"": [""Jazz Rap"", ""Chillhop""]}","[{""id"": ""hip_hop"", ""label"": ""Hip-hop"", ""trace_ids"": [""label-01""]}, {""id"": ""chillhop"", ""label"": ""Chillhop"", ""trace_ids"": [""label-05""]}]","[""hip_hop""]","[""hip_hop_beat_lineage"", ""lofi_chill_beats""]",[],"{""vocal_role"": ""vocal_samples_only"", ""arrangement_focus"": ""beat_or_instrumental"", ""texture_tags"": [""sample_based"", ""hazy"", ""electronic""]}","[{""code"": ""mapping_review_required"", ""trace_id"": ""label-02"", ""message"": ""No explicit alias. Preserve the label; do not infer a concept.""}, {""code"": ""mapping_review_required"", ""trace_id"": ""label-03"", ""message"": ""No explicit alias. Preserve the label; do not infer a concept.""}, {""code"": ""mapping_review_required"", ""trace_id"": ""label-04"", ""message"": ""No explicit alias. Preserve the label; do not infer a concept.""}]","[{""trace_id"": ""label-01"", ""source_path"": ""primary_family"", ""raw_label"": ""Hip Hop"", ""normalized_lookup"": ""hip hop"", ""canonical_concept_id"": ""hip_hop"", ""canonical_label"": ""Hip-hop"", ""kind"": ""family"", ""mapping_status"": ""mapped"", ""note"": """", ""review_candidates"": [], ""broad_families"": [""hip_hop""], ""style_neighborhoods"": [], ""scene_contexts"": []}, {""trace_id"": ""label-02"", ""source_path"": ""secondary_families[0]"", ""raw_label"": ""Jazz"", ""normalized_lookup"": ""jazz"", ""canonical_concept_id"": null, ""canonical_label"": null, ""kind"": ""unrecognized_label"", ""mapping_status"": ""mapping_review_required"", ""note"": ""No explicit alias. Preserve the label; do not infer a concept."", ""review_candidates"": [], ""broad_families"": [], ""style_neighborhoods"": [], ""scene_contexts"": []}, {""trace_id"": ""label-03"", ""source_path"": ""primary_style"", ""raw_label"": ""Lo-Fi Beats"", ""normalized_lookup"": ""lo fi beats"", ""canonical_concept_id"": null, ""canonical_label"": null, ""kind"": ""unrecognized_label"", ""mapping_status"": ""mapping_review_required"", ""note"": ""No explicit alias. Preserve the label; do not infer a concept."", ""review_candidates"": [], ""broad_families"": [], ""style_neighborhoods"": [], ""scene_contexts"": []}, {""trace_id"": ""label-04"", ""source_path"": ""secondary_styles[0]"", ""raw_label"": ""Jazz Rap"", ""normalized_lookup"": ""jazz rap"", ""canonical_concept_id"": null, ""canonical_label"": null, ""kind"": ""unrecognized_label"", ""mapping_status"": ""mapping_review_required"", ""note"": ""No explicit alias. Preserve the label; do not infer a concept."", ""review_candidates"": [], ""broad_families"": [], ""style_neighborhoods"": [], ""scene_contexts"": []}, {""trace_id"": ""label-05"", ""source_path"": ""secondary_styles[1]"", ""raw_label"": ""Chillhop"", ""normalized_lookup"": ""chillhop"", ""canonical_concept_id"": ""chillhop"", ""canonical_label"": ""Chillhop"", ""kind"": ""style"", ""mapping_status"": ""mapped"", ""note"": """", ""review_candidates"": [], ""broad_families"": [""hip_hop""], ""style_neighborhoods"": [""hip_hop_beat_lineage"", ""lofi_chill_beats""], ""scene_contexts"": []}]",,False,Inspect the unchanged mapping and original classification separately. No prior answer is inferred.,,,
F010,0ayK1CJh1cMRjUJRCDWhCd,(empty) — OuiOui,"{""primary_family"": ""R&B and Soul"", ""secondary_families"": [""Pop"", ""Hip Hop""], ""primary_style"": ""Contemporary R&B"", ""secondary_styles"": [""K-Pop"", ""Pop Soul""]}","[{""id"": ""rnb_soul_umbrella"", ""label"": ""R&B and Soul"", ""trace_ids"": [""label-01""]}, {""id"": ""pop"", ""label"": ""Pop"", ""trace_ids"": [""label-02""]}, {""id"": ""hip_hop"", ""label"": ""Hip-hop"", ""trace_ids"": [""label-03""]}, {""id"": ""contemporary_rnb"", ""label"": ""Contemporary R&B"", ""trace_ids"": [""label-04""]}, {""id"": ""k_pop"", ""label"": ""K-Pop"", ""trace_ids"": [""label-05""]}]","[""hip_hop"", ""pop"", ""rnb_soul""]","[""modern_rnb""]","[""korean_pop_scene""]","{""vocal_role"": ""sung_led"", ""arrangement_focus"": ""lead_vocal"", ""texture_tags"": [""electronic"", ""clean"", ""layered""]}","[{""code"": ""context_separate_from_sonic_style"", ""trace_id"": ""label-05"", ""message"": ""Context only. No sonic neighborhood or broad family follows solely from the scene label.""}, {""code"": ""mapping_review_required"", ""trace_id"": ""label-06"", ""message"": ""No explicit alias. Preserve the label; do not infer a concept.""}]","[{""trace_id"": ""label-01"", ""source_path"": ""primary_family"", ""raw_label"": ""R&B and Soul"", ""normalized_lookup"": ""r and b and soul"", ""canonical_concept_id"": ""rnb_soul_umbrella"", ""canonical_label"": ""R&B and Soul"", ""kind"": ""family_umbrella"", ""mapping_status"": ""mapped"", ""note"": ""Combined family label preserved as an umbrella; not split into two independently predicted genres."", ""review_candidates"": [], ""broad_families"": [""rnb_soul""], ""style_neighborhoods"": [], ""scene_contexts"": []}, {""trace_id"": ""label-02"", ""source_path"": ""secondary_families[0]"", ""raw_label"": ""Pop"", ""normalized_lookup"": ""pop"", ""canonical_concept_id"": ""pop"", ""canonical_label"": ""Pop"", ""kind"": ""family"", ""mapping_status"": ""mapped"", ""note"": """", ""review_candidates"": [], ""broad_families"": [""pop""], ""style_neighborhoods"": [], ""scene_contexts"": []}, {""trace_id"": ""label-03"", ""source_path"": ""secondary_families[1]"", ""raw_label"": ""Hip Hop"", ""normalized_lookup"": ""hip hop"", ""canonical_concept_id"": ""hip_hop"", ""canonical_label"": ""Hip-hop"", ""kind"": ""family"", ""mapping_status"": ""mapped"", ""note"": """", ""review_candidates"": [], ""broad_families"": [""hip_hop""], ""style_neighborhoods"": [], ""scene_contexts"": []}, {""trace_id"": ""label-04"", ""source_path"": ""primary_style"", ""raw_label"": ""Contemporary R&B"", ""normalized_lookup"": ""contemporary r and b"", ""canonical_concept_id"": ""contemporary_rnb"", ""canonical_label"": ""Contemporary R&B"", ""kind"": ""style"", ""mapping_status"": ""mapped"", ""note"": """", ""review_candidates"": [], ""broad_families"": [""rnb_soul""], ""style_neighborhoods"": [""modern_rnb""], ""scene_contexts"": []}, {""trace_id"": ""label-05"", ""source_path"": ""secondary_styles[0]"", ""raw_label"": ""K-Pop"", ""normalized_lookup"": ""k pop"", ""canonical_concept_id"": ""k_pop"", ""canonical_label"": ""K-Pop"", ""kind"": ""scene_context"", ""mapping_status"": ""mapped"", ""note"": ""Context only. No sonic neighborhood or broad family follows solely from the scene label."", ""review_candidates"": [], ""broad_families"": [], ""style_neighborhoods"": [], ""scene_contexts"": [""korean_pop_scene""]}, {""trace_id"": ""label-06"", ""source_path"": ""secondary_styles[1]"", ""raw_label"": ""Pop Soul"", ""normalized_lookup"": ""pop soul"", ""canonical_concept_id"": null, ""canonical_label"": null, ""kind"": ""unrecognized_label"", ""mapping_status"": ""mapping_review_required"", ""note"": ""No explicit alias. Preserve the label; do not infer a concept."", ""review_candidates"": [], ""broad_families"": [], ""style_neighborhoods"": [], ""scene_contexts"": []}]",,False,Inspect the unchanged mapping and original classification separately. No prior answer is inferred.,,,
F011,0mjbciwK9zhfQl44jXfQv6,Heart — chicken97,"{""primary_family"": ""R&B"", ""secondary_families"": [""Pop""], ""primary_style"": ""Contemporary R&B"", ""secondary_styles"": [""K-R&B"", ""Pop Soul""]}","[{""id"": ""rnb"", ""label"": ""R&B"", ""trace_ids"": [""label-01""]}, {""id"": ""pop"", ""label"": ""Pop"", ""trace_ids"": [""label-02""]}, {""id"": ""contemporary_rnb"", ""label"": ""Contemporary R&B"", ""trace_ids"": [""label-03""]}]","[""pop"", ""rnb_soul""]","[""modern_rnb""]",[],"{""vocal_role"": ""sung_led"", ""arrangement_focus"": ""lead_vocal"", ""texture_tags"": [""electronic"", ""layered"", ""clean""]}","[{""code"": ""mapping_review_required"", ""trace_id"": ""label-04"", ""message"": ""No explicit alias. Preserve the label; do not infer a concept.""}, {""code"": ""mapping_review_required"", ""trace_id"": ""label-05"", ""message"": ""No explicit alias. Preserve the label; do not infer a concept.""}]","[{""trace_id"": ""label-01"", ""source_path"": ""primary_family"", ""raw_label"": ""R&B"", ""normalized_lookup"": ""r and b"", ""canonical_concept_id"": ""rnb"", ""canonical_label"": ""R&B"", ""kind"": ""family"", ""mapping_status"": ""mapped"", ""note"": ""R&B stays its own canonical concept; the broad family is a joint umbrella, not a synonym for soul."", ""review_candidates"": [], ""broad_families"": [""rnb_soul""], ""style_neighborhoods"": [], ""scene_contexts"": []}, {""trace_id"": ""label-02"", ""source_path"": ""secondary_families[0]"", ""raw_label"": ""Pop"", ""normalized_lookup"": ""pop"", ""canonical_concept_id"": ""pop"", ""canonical_label"": ""Pop"", ""kind"": ""family"", ""mapping_status"": ""mapped"", ""note"": """", ""review_candidates"": [], ""broad_families"": [""pop""], ""style_neighborhoods"": [], ""scene_contexts"": []}, {""trace_id"": ""label-03"", ""source_path"": ""primary_style"", ""raw_label"": ""Contemporary R&B"", ""normalized_lookup"": ""contemporary r and b"", ""canonical_concept_id"": ""contemporary_rnb"", ""canonical_label"": ""Contemporary R&B"", ""kind"": ""style"", ""mapping_status"": ""mapped"", ""note"": """", ""review_candidates"": [], ""broad_families"": [""rnb_soul""], ""style_neighborhoods"": [""modern_rnb""], ""scene_contexts"": []}, {""trace_id"": ""label-04"", ""source_path"": ""secondary_styles[0]"", ""raw_label"": ""K-R&B"", ""normalized_lookup"": ""k r and b"", ""canonical_concept_id"": null, ""canonical_label"": null, ""kind"": ""unrecognized_label"", ""mapping_status"": ""mapping_review_required"", ""note"": ""No explicit alias. Preserve the label; do not infer a concept."", ""review_candidates"": [], ""broad_families"": [], ""style_neighborhoods"": [], ""scene_contexts"": []}, {""trace_id"": ""label-05"", ""source_path"": ""secondary_styles[1]"", ""raw_label"": ""Pop Soul"", ""normalized_lookup"": ""pop soul"", ""canonical_concept_id"": null, ""canonical_label"": null, ""kind"": ""unrecognized_label"", ""mapping_status"": ""mapping_review_required"", ""note"": ""No explicit alias. Preserve the label; do not infer a concept."", ""review_candidates"": [], ""broad_families"": [], ""style_neighborhoods"": [], ""scene_contexts"": []}]",,False,Inspect the unchanged mapping and original classification separately. No prior answer is inferred.,,,
F012,0xlx3pH8TxNah8hdiINqeA,Shiawase no Monosashi — Pokke,"{""primary_family"": ""Electronic"", ""secondary_families"": [""Modern Classical"", ""Experimental""], ""primary_style"": ""Ambient"", ""secondary_styles"": [""Minimalism"", ""Glitch""]}","[{""id"": ""electronic"", ""label"": ""Electronic"", ""trace_ids"": [""label-01""]}, {""id"": ""ambient"", ""label"": ""Ambient"", ""trace_ids"": [""label-04""]}]","[""electronic""]","[""ambient_related""]",[],"{""vocal_role"": ""instrumental"", ""arrangement_focus"": ""beat_or_instrumental"", ""texture_tags"": [""electronic"", ""clean""]}","[{""code"": ""mapping_review_required"", ""trace_id"": ""label-02"", ""message"": ""No explicit alias. Preserve the label; do not infer a concept.""}, {""code"": ""mapping_review_required"", ""trace_id"": ""label-03"", ""message"": ""No explicit alias. Preserve the label; do not infer a concept.""}, {""code"": ""mapping_review_required"", ""trace_id"": ""label-05"", ""message"": ""No explicit alias. Preserve the label; do not infer a concept.""}, {""code"": ""mapping_review_required"", ""trace_id"": ""label-06"", ""message"": ""No explicit alias. Preserve the label; do not infer a concept.""}]","[{""trace_id"": ""label-01"", ""source_path"": ""primary_family"", ""raw_label"": ""Electronic"", ""normalized_lookup"": ""electronic"", ""canonical_concept_id"": ""electronic"", ""canonical_label"": ""Electronic"", ""kind"": ""family"", ""mapping_status"": ""mapped"", ""note"": """", ""review_candidates"": [], ""broad_families"": [""electronic""], ""style_neighborhoods"": [], ""scene_contexts"": []}, {""trace_id"": ""label-02"", ""source_path"": ""secondary_families[0]"", ""raw_label"": ""Modern Classical"", ""normalized_lookup"": ""modern classical"", ""canonical_concept_id"": null, ""canonical_label"": null, ""kind"": ""unrecognized_label"", ""mapping_status"": ""mapping_review_required"", ""note"": ""No explicit alias. Preserve the label; do not infer a concept."", ""review_candidates"": [], ""broad_families"": [], ""style_neighborhoods"": [], ""scene_contexts"": []}, {""trace_id"": ""label-03"", ""source_path"": ""secondary_families[1]"", ""raw_label"": ""Experimental"", ""normalized_lookup"": ""experimental"", ""canonical_concept_id"": null, ""canonical_label"": null, ""kind"": ""unrecognized_label"", ""mapping_status"": ""mapping_review_required"", ""note"": ""No explicit alias. Preserve the label; do not infer a concept."", ""review_candidates"": [], ""broad_families"": [], ""style_neighborhoods"": [], ""scene_contexts"": []}, {""trace_id"": ""label-04"", ""source_path"": ""primary_style"", ""raw_label"": ""Ambient"", ""normalized_lookup"": ""ambient"", ""canonical_concept_id"": ""ambient"", ""canonical_label"": ""Ambient"", ""kind"": ""style_umbrella"", ""mapping_status"": ""mapped"", ""note"": ""Ambient may be electronic or acoustic; no broad family is guessed from this label alone."", ""review_candidates"": [], ""broad_families"": [], ""style_neighborhoods"": [""ambient_related""], ""scene_contexts"": []}, {""trace_id"": ""label-05"", ""source_path"": ""secondary_styles[0]"", ""raw_label"": ""Minimalism"", ""normalized_lookup"": ""minimalism"", ""canonical_concept_id"": null, ""canonical_label"": null, ""kind"": ""unrecognized_label"", ""mapping_status"": ""mapping_review_required"", ""note"": ""No explicit alias. Preserve the label; do not infer a concept."", ""review_candidates"": [], ""broad_families"": [], ""style_neighborhoods"": [], ""scene_contexts"": []}, {""trace_id"": ""label-06"", ""source_path"": ""secondary_styles[1]"", ""raw_label"": ""Glitch"", ""normalized_lookup"": ""glitch"", ""canonical_concept_id"": null, ""canonical_label"": null, ""kind"": ""unrecognized_label"", ""mapping_status"": ""mapping_review_required"", ""note"": ""No explicit alias. Preserve the label; do not infer a concept."", ""review_candidates"": [], ""broad_families"": [], ""style_neighborhoods"": [], ""scene_contexts"": []}]",,False,Inspect the unchanged mapping and original classification separately. No prior answer is inferred.,,,
F013,1AHtqWqufKsgBmdNEi1WVO,Temporary — Kiri T,"{""primary_family"": ""r&b"", ""secondary_families"": [""pop""], ""primary_style"": ""contemporary r&b"", ""secondary_styles"": [""neo soul"", ""downtempo pop""]}","[{""id"": ""rnb"", ""label"": ""R&B"", ""trace_ids"": [""label-01""]}, {""id"": ""pop"", ""label"": ""Pop"", ""trace_ids"": [""label-02""]}, {""id"": ""contemporary_rnb"", ""label"": ""Contemporary R&B"", ""trace_ids"": [""label-03""]}]","[""pop"", ""rnb_soul""]","[""modern_rnb""]",[],"{""vocal_role"": ""sung_led"", ""arrangement_focus"": ""lead_vocal"", ""texture_tags"": [""electronic"", ""clean"", ""layered""]}","[{""code"": ""mapping_review_required"", ""trace_id"": ""label-04"", ""message"": ""No explicit alias. Preserve the label; do not infer a concept.""}, {""code"": ""mapping_review_required"", ""trace_id"": ""label-05"", ""message"": ""No explicit alias. Preserve the label; do not infer a concept.""}]","[{""trace_id"": ""label-01"", ""source_path"": ""primary_family"", ""raw_label"": ""r&b"", ""normalized_lookup"": ""r and b"", ""canonical_concept_id"": ""rnb"", ""canonical_label"": ""R&B"", ""kind"": ""family"", ""mapping_status"": ""mapped"", ""note"": ""R&B stays its own canonical concept; the broad family is a joint umbrella, not a synonym for soul."", ""review_candidates"": [], ""broad_families"": [""rnb_soul""], ""style_neighborhoods"": [], ""scene_contexts"": []}, {""trace_id"": ""label-02"", ""source_path"": ""secondary_families[0]"", ""raw_label"": ""pop"", ""normalized_lookup"": ""pop"", ""canonical_concept_id"": ""pop"", ""canonical_label"": ""Pop"", ""kind"": ""family"", ""mapping_status"": ""mapped"", ""note"": """", ""review_candidates"": [], ""broad_families"": [""pop""], ""style_neighborhoods"": [], ""scene_contexts"": []}, {""trace_id"": ""label-03"", ""source_path"": ""primary_style"", ""raw_label"": ""contemporary r&b"", ""normalized_lookup"": ""contemporary r and b"", ""canonical_concept_id"": ""contemporary_rnb"", ""canonical_label"": ""Contemporary R&B"", ""kind"": ""style"", ""mapping_status"": ""mapped"", ""note"": """", ""review_candidates"": [], ""broad_families"": [""rnb_soul""], ""style_neighborhoods"": [""modern_rnb""], ""scene_contexts"": []}, {""trace_id"": ""label-04"", ""source_path"": ""secondary_styles[0]"", ""raw_label"": ""neo soul"", ""normalized_lookup"": ""neo soul"", ""canonical_concept_id"": null, ""canonical_label"": null, ""kind"": ""unrecognized_label"", ""mapping_status"": ""mapping_review_required"", ""note"": ""No explicit alias. Preserve the label; do not infer a concept."", ""review_candidates"": [], ""broad_families"": [], ""style_neighborhoods"": [], ""scene_contexts"": []}, {""trace_id"": ""label-05"", ""source_path"": ""secondary_styles[1]"", ""raw_label"": ""downtempo pop"", ""normalized_lookup"": ""downtempo pop"", ""canonical_concept_id"": null, ""canonical_label"": null, ""kind"": ""unrecognized_label"", ""mapping_status"": ""mapping_review_required"", ""note"": ""No explicit alias. Preserve the label; do not infer a concept."", ""review_candidates"": [], ""broad_families"": [], ""style_neighborhoods"": [], ""scene_contexts"": []}]",,False,Inspect the unchanged mapping and original classification separately. No prior answer is inferred.,,,
F014,1CwmoUvvRyhiwqhMfvbB4K,Top Secret — Weeekly,"{""primary_family"": ""Pop"", ""secondary_families"": [""Electronic""], ""primary_style"": ""K-Pop"", ""secondary_styles"": [""Dance-Pop"", ""Bubblegum Pop""]}","[{""id"": ""pop"", ""label"": ""Pop"", ""trace_ids"": [""label-01""]}, {""id"": ""electronic"", ""label"": ""Electronic"", ""trace_ids"": [""label-02""]}, {""id"": ""k_pop"", ""label"": ""K-Pop"", ""trace_ids"": [""label-03""]}, {""id"": ""dance_pop"", ""label"": ""Dance-pop"", ""trace_ids"": [""label-04""]}]","[""electronic"", ""pop""]","[""dance_pop"", ""pop_electronic""]","[""korean_pop_scene""]","{""vocal_role"": ""mixed_rap_and_singing"", ""arrangement_focus"": ""lead_vocal"", ""texture_tags"": [""electronic"", ""clean"", ""layered""]}","[{""code"": ""context_separate_from_sonic_style"", ""trace_id"": ""label-03"", ""message"": ""Context only. No sonic neighborhood or broad family follows solely from the scene label.""}, {""code"": ""mapping_review_required"", ""trace_id"": ""label-05"", ""message"": ""No explicit alias. Preserve the label; do not infer a concept.""}]","[{""trace_id"": ""label-01"", ""source_path"": ""primary_family"", ""raw_label"": ""Pop"", ""normalized_lookup"": ""pop"", ""canonical_concept_id"": ""pop"", ""canonical_label"": ""Pop"", ""kind"": ""family"", ""mapping_status"": ""mapped"", ""note"": """", ""review_candidates"": [], ""broad_families"": [""pop""], ""style_neighborhoods"": [], ""scene_contexts"": []}, {""trace_id"": ""label-02"", ""source_path"": ""secondary_families[0]"", ""raw_label"": ""Electronic"", ""normalized_lookup"": ""electronic"", ""canonical_concept_id"": ""electronic"", ""canonical_label"": ""Electronic"", ""kind"": ""family"", ""mapping_status"": ""mapped"", ""note"": """", ""review_candidates"": [], ""broad_families"": [""electronic""], ""style_neighborhoods"": [], ""scene_contexts"": []}, {""trace_id"": ""label-03"", ""source_path"": ""primary_style"", ""raw_label"": ""K-Pop"", ""normalized_lookup"": ""k pop"", ""canonical_concept_id"": ""k_pop"", ""canonical_label"": ""K-Pop"", ""kind"": ""scene_context"", ""mapping_status"": ""mapped"", ""note"": ""Context only. No sonic neighborhood or broad family follows solely from the scene label."", ""review_candidates"": [], ""broad_families"": [], ""style_neighborhoods"": [], ""scene_contexts"": [""korean_pop_scene""]}, {""trace_id"": ""label-04"", ""source_path"": ""secondary_styles[0]"", ""raw_label"": ""Dance-Pop"", ""normalized_lookup"": ""dance pop"", ""canonical_concept_id"": ""dance_pop"", ""canonical_label"": ""Dance-pop"", ""kind"": ""style"", ""mapping_status"": ""mapped"", ""note"": ""Electronic-pop neighborhood is a stylistic adjacency, not an instrumentation assertion or automatic electronic family."", ""review_candidates"": [], ""broad_families"": [""pop""], ""style_neighborhoods"": [""pop_electronic"", ""dance_pop""], ""scene_contexts"": []}, {""trace_id"": ""label-05"", ""source_path"": ""secondary_styles[1]"", ""raw_label"": ""Bubblegum Pop"", ""normalized_lookup"": ""bubblegum pop"", ""canonical_concept_id"": null, ""canonical_label"": null, ""kind"": ""unrecognized_label"", ""mapping_status"": ""mapping_review_required"", ""note"": ""No explicit alias. Preserve the label; do not infer a concept."", ""review_candidates"": [], ""broad_families"": [], ""style_neighborhoods"": [], ""scene_contexts"": []}]",,False,Inspect the unchanged mapping and original classification separately. No prior answer is inferred.,,,
F015,1DaXVM8npVKa2AQBrYz4xS,"Uncertainty — Chill Select, kretzschクレツ, Milkz","{""primary_family"": ""Hip-Hop"", ""secondary_families"": [""Electronic"", ""R&B""], ""primary_style"": ""Chillhop"", ""secondary_styles"": [""Lo-Fi Hip-Hop"", ""Downtempo""]}","[{""id"": ""hip_hop"", ""label"": ""Hip-hop"", ""trace_ids"": [""label-01""]}, {""id"": ""electronic"", ""label"": ""Electronic"", ""trace_ids"": [""label-02""]}, {""id"": ""rnb"", ""label"": ""R&B"", ""trace_ids"": [""label-03""]}, {""id"": ""chillhop"", ""label"": ""Chillhop"", ""trace_ids"": [""label-04""]}, {""id"": ""lofi_hip_hop"", ""label"": ""Lo-fi hip-hop"", ""trace_ids"": [""label-05""]}, {""id"": ""downtempo"", ""label"": ""Downtempo"", ""trace_ids"": [""label-06""]}]","[""electronic"", ""hip_hop"", ""rnb_soul""]","[""downtempo_related"", ""hip_hop_beat_lineage"", ""lofi_chill_beats""]",[],"{""vocal_role"": ""vocal_samples_only"", ""arrangement_focus"": ""beat_or_instrumental"", ""texture_tags"": [""electronic"", ""sample_based"", ""clean""]}",[],"[{""trace_id"": ""label-01"", ""source_path"": ""primary_family"", ""raw_label"": ""Hip-Hop"", ""normalized_lookup"": ""hip hop"", ""canonical_concept_id"": ""hip_hop"", ""canonical_label"": ""Hip-hop"", ""kind"": ""family"", ""mapping_status"": ""mapped"", ""note"": """", ""review_candidates"": [], ""broad_families"": [""hip_hop""], ""style_neighborhoods"": [], ""scene_contexts"": []}, {""trace_id"": ""label-02"", ""source_path"": ""secondary_families[0]"", ""raw_label"": ""Electronic"", ""normalized_lookup"": ""electronic"", ""canonical_concept_id"": ""electronic"", ""canonical_label"": ""Electronic"", ""kind"": ""family"", ""mapping_status"": ""mapped"", ""note"": """", ""review_candidates"": [], ""broad_families"": [""electronic""], ""style_neighborhoods"": [], ""scene_contexts"": []}, {""trace_id"": ""label-03"", ""source_path"": ""secondary_families[1]"", ""raw_label"": ""R&B"", ""normalized_lookup"": ""r and b"", ""canonical_concept_id"": ""rnb"", ""canonical_label"": ""R&B"", ""kind"": ""family"", ""mapping_status"": ""mapped"", ""note"": ""R&B stays its own canonical concept; the broad family is a joint umbrella, not a synonym for soul."", ""review_candidates"": [], ""broad_families"": [""rnb_soul""], ""style_neighborhoods"": [], ""scene_contexts"": []}, {""trace_id"": ""label-04"", ""source_path"": ""primary_style"", ""raw_label"": ""Chillhop"", ""normalized_lookup"": ""chillhop"", ""canonical_concept_id"": ""chillhop"", ""canonical_label"": ""Chillhop"", ""kind"": ""style"", ""mapping_status"": ""mapped"", ""note"": """", ""review_candidates"": [], ""broad_families"": [""hip_hop""], ""style_neighborhoods"": [""hip_hop_beat_lineage"", ""lofi_chill_beats""], ""scene_contexts"": []}, {""trace_id"": ""label-05"", ""source_path"": ""secondary_styles[0]"", ""raw_label"": ""Lo-Fi Hip-Hop"", ""normalized_lookup"": ""lo fi hip hop"", ""canonical_concept_id"": ""lofi_hip_hop"", ""canonical_label"": ""Lo-fi hip-hop"", ""kind"": ""style"", ""mapping_status"": ""mapped"", ""note"": ""Does not assert boom-bap, instrumental-only status, or electronic instrumentation."", ""review_candidates"": [], ""broad_families"": [""hip_hop""], ""style_neighborhoods"": [""hip_hop_beat_lineage"", ""lofi_chill_beats""], ""scene_contexts"": []}, {""trace_id"": ""label-06"", ""source_path"": ""secondary_styles[1]"", ""raw_label"": ""Downtempo"", ""normalized_lookup"": ""downtempo"", ""canonical_concept_id"": ""downtempo"", ""canonical_label"": ""Downtempo"", ""kind"": ""style_umbrella"", ""mapping_status"": ""mapped"", ""note"": ""A style-level umbrella even when Gemini puts it in a family slot; not a BPM measurement."", ""review_candidates"": [], ""broad_families"": [""electronic""], ""style_neighborhoods"": [""downtempo_related""], ""scene_contexts"": []}]",,False,Inspect the unchanged mapping and original classification separately. No prior answer is inferred.,,,
F016,1IIcy1TpuiAT6S206OjYvC,"DOWNPOUR (feat. Gliiico) — CHAEYOUNG, Gliiico","{""primary_family"": ""Hip Hop"", ""secondary_families"": [""R&B"", ""Electronic""], ""primary_style"": ""Trap"", ""secondary_styles"": [""Trap Soul"", ""Alternative R&B""]}","[{""id"": ""hip_hop"", ""label"": ""Hip-hop"", ""trace_ids"": [""label-01""]}, {""id"": ""rnb"", ""label"": ""R&B"", ""trace_ids"": [""label-02""]}, {""id"": ""electronic"", ""label"": ""Electronic"", ""trace_ids"": [""label-03""]}, {""id"": ""trap"", ""label"": ""Trap"", ""trace_ids"": [""label-04""]}, {""id"": ""alternative_rnb"", ""label"": ""Alternative R&B"", ""trace_ids"": [""label-06""]}]","[""electronic"", ""hip_hop"", ""rnb_soul""]","[""alternative_rnb"", ""modern_rnb"", ""trap_related""]",[],"{""vocal_role"": ""sung_led"", ""arrangement_focus"": ""lead_vocal"", ""texture_tags"": [""electronic"", ""clean"", ""layered""]}","[{""code"": ""broad_style_subtype_unspecified"", ""trace_id"": ""label-04"", ""message"": ""Subtype unspecified. Do not derive a hip-hop or electronic family from this label alone.""}, {""code"": ""mapping_review_required"", ""trace_id"": ""label-05"", ""message"": ""No explicit alias. Preserve the label; do not infer a concept.""}]","[{""trace_id"": ""label-01"", ""source_path"": ""primary_family"", ""raw_label"": ""Hip Hop"", ""normalized_lookup"": ""hip hop"", ""canonical_concept_id"": ""hip_hop"", ""canonical_label"": ""Hip-hop"", ""kind"": ""family"", ""mapping_status"": ""mapped"", ""note"": """", ""review_candidates"": [], ""broad_families"": [""hip_hop""], ""style_neighborhoods"": [], ""scene_contexts"": []}, {""trace_id"": ""label-02"", ""source_path"": ""secondary_families[0]"", ""raw_label"": ""R&B"", ""normalized_lookup"": ""r and b"", ""canonical_concept_id"": ""rnb"", ""canonical_label"": ""R&B"", ""kind"": ""family"", ""mapping_status"": ""mapped"", ""note"": ""R&B stays its own canonical concept; the broad family is a joint umbrella, not a synonym for soul."", ""review_candidates"": [], ""broad_families"": [""rnb_soul""], ""style_neighborhoods"": [], ""scene_contexts"": []}, {""trace_id"": ""label-03"", ""source_path"": ""secondary_families[1]"", ""raw_label"": ""Electronic"", ""normalized_lookup"": ""electronic"", ""canonical_concept_id"": ""electronic"", ""canonical_label"": ""Electronic"", ""kind"": ""family"", ""mapping_status"": ""mapped"", ""note"": """", ""review_candidates"": [], ""broad_families"": [""electronic""], ""style_neighborhoods"": [], ""scene_contexts"": []}, {""trace_id"": ""label-04"", ""source_path"": ""primary_style"", ""raw_label"": ""Trap"", ""normalized_lookup"": ""trap"", ""canonical_concept_id"": ""trap"", ""canonical_label"": ""Trap"", ""kind"": ""style_umbrella"", ""mapping_status"": ""mapped"", ""note"": ""Subtype unspecified. Do not derive a hip-hop or electronic family from this label alone."", ""review_candidates"": [], ""broad_families"": [], ""style_neighborhoods"": [""trap_related""], ""scene_contexts"": []}, {""trace_id"": ""label-05"", ""source_path"": ""secondary_styles[0]"", ""raw_label"": ""Trap Soul"", ""normalized_lookup"": ""trap soul"", ""canonical_concept_id"": null, ""canonical_label"": null, ""kind"": ""unrecognized_label"", ""mapping_status"": ""mapping_review_required"", ""note"": ""No explicit alias. Preserve the label; do not infer a concept."", ""review_candidates"": [], ""broad_families"": [], ""style_neighborhoods"": [], ""scene_contexts"": []}, {""trace_id"": ""label-06"", ""source_path"": ""secondary_styles[1]"", ""raw_label"": ""Alternative R&B"", ""normalized_lookup"": ""alternative r and b"", ""canonical_concept_id"": ""alternative_rnb"", ""canonical_label"": ""Alternative R&B"", ""kind"": ""style"", ""mapping_status"": ""mapped"", ""note"": """", ""review_candidates"": [], ""broad_families"": [""rnb_soul""], ""style_neighborhoods"": [""modern_rnb"", ""alternative_rnb""], ""scene_contexts"": []}]",,False,Inspect the unchanged mapping and original classification separately. No prior answer is inferred.,,,
F017,1ON9XudZFxwu43tQXBszIX,boys dont cry — sysmint,"{""primary_family"": ""Hip Hop"", ""secondary_families"": [""Pop"", ""R&B""], ""primary_style"": ""Trap"", ""secondary_styles"": [""Emo Rap"", ""Melodic Rap""]}","[{""id"": ""hip_hop"", ""label"": ""Hip-hop"", ""trace_ids"": [""label-01""]}, {""id"": ""pop"", ""label"": ""Pop"", ""trace_ids"": [""label-02""]}, {""id"": ""rnb"", ""label"": ""R&B"", ""trace_ids"": [""label-03""]}, {""id"": ""trap"", ""label"": ""Trap"", ""trace_ids"": [""label-04""]}, {""id"": ""emo_rap"", ""label"": ""Emo rap"", ""trace_ids"": [""label-05""]}, {""id"": ""melodic_rap"", ""label"": ""Melodic rap"", ""trace_ids"": [""label-06""]}]","[""hip_hop"", ""pop"", ""rnb_soul""]","[""emo_rap"", ""melodic_rap"", ""trap_related""]",[],"{""vocal_role"": ""mixed_rap_and_singing"", ""arrangement_focus"": ""lead_vocal"", ""texture_tags"": [""electronic"", ""layered"", ""sample_based""]}","[{""code"": ""broad_style_subtype_unspecified"", ""trace_id"": ""label-04"", ""message"": ""Subtype unspecified. Do not derive a hip-hop or electronic family from this label alone.""}]","[{""trace_id"": ""label-01"", ""source_path"": ""primary_family"", ""raw_label"": ""Hip Hop"", ""normalized_lookup"": ""hip hop"", ""canonical_concept_id"": ""hip_hop"", ""canonical_label"": ""Hip-hop"", ""kind"": ""family"", ""mapping_status"": ""mapped"", ""note"": """", ""review_candidates"": [], ""broad_families"": [""hip_hop""], ""style_neighborhoods"": [], ""scene_contexts"": []}, {""trace_id"": ""label-02"", ""source_path"": ""secondary_families[0]"", ""raw_label"": ""Pop"", ""normalized_lookup"": ""pop"", ""canonical_concept_id"": ""pop"", ""canonical_label"": ""Pop"", ""kind"": ""family"", ""mapping_status"": ""mapped"", ""note"": """", ""review_candidates"": [], ""broad_families"": [""pop""], ""style_neighborhoods"": [], ""scene_contexts"": []}, {""trace_id"": ""label-03"", ""source_path"": ""secondary_families[1]"", ""raw_label"": ""R&B"", ""normalized_lookup"": ""r and b"", ""canonical_concept_id"": ""rnb"", ""canonical_label"": ""R&B"", ""kind"": ""family"", ""mapping_status"": ""mapped"", ""note"": ""R&B stays its own canonical concept; the broad family is a joint umbrella, not a synonym for soul."", ""review_candidates"": [], ""broad_families"": [""rnb_soul""], ""style_neighborhoods"": [], ""scene_contexts"": []}, {""trace_id"": ""label-04"", ""source_path"": ""primary_style"", ""raw_label"": ""Trap"", ""normalized_lookup"": ""trap"", ""canonical_concept_id"": ""trap"", ""canonical_label"": ""Trap"", ""kind"": ""style_umbrella"", ""mapping_status"": ""mapped"", ""note"": ""Subtype unspecified. Do not derive a hip-hop or electronic family from this label alone."", ""review_candidates"": [], ""broad_families"": [], ""style_neighborhoods"": [""trap_related""], ""scene_contexts"": []}, {""trace_id"": ""label-05"", ""source_path"": ""secondary_styles[0]"", ""raw_label"": ""Emo Rap"", ""normalized_lookup"": ""emo rap"", ""canonical_concept_id"": ""emo_rap"", ""canonical_label"": ""Emo rap"", ""kind"": ""style"", ""mapping_status"": ""mapped"", ""note"": """", ""review_candidates"": [], ""broad_families"": [""hip_hop""], ""style_neighborhoods"": [""emo_rap""], ""scene_contexts"": []}, {""trace_id"": ""label-06"", ""source_path"": ""secondary_styles[1]"", ""raw_label"": ""Melodic Rap"", ""normalized_lookup"": ""melodic rap"", ""canonical_concept_id"": ""melodic_rap"", ""canonical_label"": ""Melodic rap"", ""kind"": ""style"", ""mapping_status"": ""mapped"", ""note"": """", ""review_candidates"": [], ""broad_families"": [""hip_hop""], ""style_neighborhoods"": [""melodic_rap""], ""scene_contexts"": []}]",,False,Inspect the unchanged mapping and original classification separately. No prior answer is inferred.,,,
F018,1U90UBmMrQTx9GNweUA4LZ,Hit the Wall — Gracie Abrams,"{""primary_family"": ""Pop"", ""secondary_families"": [""Folk & Acoustic Pop"", ""Electronic""], ""primary_style"": ""Indie Pop"", ""secondary_styles"": [""Bedroom Pop"", ""Alt-Pop""]}","[{""id"": ""pop"", ""label"": ""Pop"", ""trace_ids"": [""label-01""]}, {""id"": ""electronic"", ""label"": ""Electronic"", ""trace_ids"": [""label-03""]}, {""id"": ""indie_pop"", ""label"": ""Indie pop"", ""trace_ids"": [""label-04""]}, {""id"": ""alternative_pop"", ""label"": ""Alternative pop"", ""trace_ids"": [""label-06""]}]","[""electronic"", ""pop""]","[""alternative_pop"", ""indie_pop_related""]",[],"{""vocal_role"": ""sung_led"", ""arrangement_focus"": ""lead_vocal"", ""texture_tags"": [""electronic"", ""acoustic"", ""clean""]}","[{""code"": ""mapping_review_required"", ""trace_id"": ""label-02"", ""message"": ""No explicit alias. Preserve the label; do not infer a concept.""}, {""code"": ""mapping_review_required"", ""trace_id"": ""label-05"", ""message"": ""No explicit alias. Preserve the label; do not infer a concept.""}]","[{""trace_id"": ""label-01"", ""source_path"": ""primary_family"", ""raw_label"": ""Pop"", ""normalized_lookup"": ""pop"", ""canonical_concept_id"": ""pop"", ""canonical_label"": ""Pop"", ""kind"": ""family"", ""mapping_status"": ""mapped"", ""note"": """", ""review_candidates"": [], ""broad_families"": [""pop""], ""style_neighborhoods"": [], ""scene_contexts"": []}, {""trace_id"": ""label-02"", ""source_path"": ""secondary_families[0]"", ""raw_label"": ""Folk & Acoustic Pop"", ""normalized_lookup"": ""folk and acoustic pop"", ""canonical_concept_id"": null, ""canonical_label"": null, ""kind"": ""unrecognized_label"", ""mapping_status"": ""mapping_review_required"", ""note"": ""No explicit alias. Preserve the label; do not infer a concept."", ""review_candidates"": [], ""broad_families"": [], ""style_neighborhoods"": [], ""scene_contexts"": []}, {""trace_id"": ""label-03"", ""source_path"": ""secondary_families[1]"", ""raw_label"": ""Electronic"", ""normalized_lookup"": ""electronic"", ""canonical_concept_id"": ""electronic"", ""canonical_label"": ""Electronic"", ""kind"": ""family"", ""mapping_status"": ""mapped"", ""note"": """", ""review_candidates"": [], ""broad_families"": [""electronic""], ""style_neighborhoods"": [], ""scene_contexts"": []}, {""trace_id"": ""label-04"", ""source_path"": ""primary_style"", ""raw_label"": ""Indie Pop"", ""normalized_lookup"": ""indie pop"", ""canonical_concept_id"": ""indie_pop"", ""canonical_label"": ""Indie pop"", ""kind"": ""style"", ""mapping_status"": ""mapped"", ""note"": ""Musical label, not evidence of an independent record contract; not automatically dreamy or lo-fi."", ""review_candidates"": [], ""broad_families"": [""pop""], ""style_neighborhoods"": [""indie_pop_related""], ""scene_contexts"": []}, {""trace_id"": ""label-05"", ""source_path"": ""secondary_styles[0]"", ""raw_label"": ""Bedroom Pop"", ""normalized_lookup"": ""bedroom pop"", ""canonical_concept_id"": null, ""canonical_label"": null, ""kind"": ""unrecognized_label"", ""mapping_status"": ""mapping_review_required"", ""note"": ""No explicit alias. Preserve the label; do not infer a concept."", ""review_candidates"": [], ""broad_families"": [], ""style_neighborhoods"": [], ""scene_contexts"": []}, {""trace_id"": ""label-06"", ""source_path"": ""secondary_styles[1]"", ""raw_label"": ""Alt-Pop"", ""normalized_lookup"": ""alt pop"", ""canonical_concept_id"": ""alternative_pop"", ""canonical_label"": ""Alternative pop"", ""kind"": ""style"", ""mapping_status"": ""mapped"", ""note"": """", ""review_candidates"": [], ""broad_families"": [""pop""], ""style_neighborhoods"": [""alternative_pop""], ""scene_contexts"": []}]",,False,Inspect the unchanged mapping and original classification separately. No prior answer is inferred.,,,
F019,1VAtYkKvDenA1KypImlZIY,Shoulder — Galdive,"{""primary_family"": ""electronic"", ""secondary_families"": [""pop"", ""experimental""], ""primary_style"": ""ambient pop"", ""secondary_styles"": [""deconstructed club"", ""art pop""]}","[{""id"": ""electronic"", ""label"": ""Electronic"", ""trace_ids"": [""label-01""]}, {""id"": ""pop"", ""label"": ""Pop"", ""trace_ids"": [""label-02""]}, {""id"": ""ambient_pop"", ""label"": ""Ambient pop"", ""trace_ids"": [""label-04""]}]","[""electronic"", ""pop""]","[""atmospheric_pop""]",[],"{""vocal_role"": ""sung_led"", ""arrangement_focus"": ""lead_vocal"", ""texture_tags"": [""electronic"", ""hazy"", ""layered""]}","[{""code"": ""mapping_review_required"", ""trace_id"": ""label-03"", ""message"": ""No explicit alias. Preserve the label; do not infer a concept.""}, {""code"": ""mapping_review_required"", ""trace_id"": ""label-05"", ""message"": ""No explicit alias. Preserve the label; do not infer a concept.""}, {""code"": ""mapping_review_required"", ""trace_id"": ""label-06"", ""message"": ""No explicit alias. Preserve the label; do not infer a concept.""}]","[{""trace_id"": ""label-01"", ""source_path"": ""primary_family"", ""raw_label"": ""electronic"", ""normalized_lookup"": ""electronic"", ""canonical_concept_id"": ""electronic"", ""canonical_label"": ""Electronic"", ""kind"": ""family"", ""mapping_status"": ""mapped"", ""note"": """", ""review_candidates"": [], ""broad_families"": [""electronic""], ""style_neighborhoods"": [], ""scene_contexts"": []}, {""trace_id"": ""label-02"", ""source_path"": ""secondary_families[0]"", ""raw_label"": ""pop"", ""normalized_lookup"": ""pop"", ""canonical_concept_id"": ""pop"", ""canonical_label"": ""Pop"", ""kind"": ""family"", ""mapping_status"": ""mapped"", ""note"": """", ""review_candidates"": [], ""broad_families"": [""pop""], ""style_neighborhoods"": [], ""scene_contexts"": []}, {""trace_id"": ""label-03"", ""source_path"": ""secondary_families[1]"", ""raw_label"": ""experimental"", ""normalized_lookup"": ""experimental"", ""canonical_concept_id"": null, ""canonical_label"": null, ""kind"": ""unrecognized_label"", ""mapping_status"": ""mapping_review_required"", ""note"": ""No explicit alias. Preserve the label; do not infer a concept."", ""review_candidates"": [], ""broad_families"": [], ""style_neighborhoods"": [], ""scene_contexts"": []}, {""trace_id"": ""label-04"", ""source_path"": ""primary_style"", ""raw_label"": ""ambient pop"", ""normalized_lookup"": ""ambient pop"", ""canonical_concept_id"": ""ambient_pop"", ""canonical_label"": ""Ambient pop"", ""kind"": ""style"", ""mapping_status"": ""mapped"", ""note"": ""Pop with ambient-style associations; no electronic family inferred from the modifier alone."", ""review_candidates"": [], ""broad_families"": [""pop""], ""style_neighborhoods"": [""atmospheric_pop""], ""scene_contexts"": []}, {""trace_id"": ""label-05"", ""source_path"": ""secondary_styles[0]"", ""raw_label"": ""deconstructed club"", ""normalized_lookup"": ""deconstructed club"", ""canonical_concept_id"": null, ""canonical_label"": null, ""kind"": ""unrecognized_label"", ""mapping_status"": ""mapping_review_required"", ""note"": ""No explicit alias. Preserve the label; do not infer a concept."", ""review_candidates"": [], ""broad_families"": [], ""style_neighborhoods"": [], ""scene_contexts"": []}, {""trace_id"": ""label-06"", ""source_path"": ""secondary_styles[1]"", ""raw_label"": ""art pop"", ""normalized_lookup"": ""art pop"", ""canonical_concept_id"": null, ""canonical_label"": null, ""kind"": ""unrecognized_label"", ""mapping_status"": ""mapping_review_required"", ""note"": ""No explicit alias. Preserve the label; do not infer a concept."", ""review_candidates"": [], ""broad_families"": [], ""style_neighborhoods"": [], ""scene_contexts"": []}]",,False,Inspect the unchanged mapping and original classification separately. No prior answer is inferred.,,,
F020,1Y6Ra2erZ6Mru0JOcJBSzK,门没锁 — 我是土豆,"{""primary_family"": ""Asian Pop"", ""secondary_families"": [""Jazz"", ""Easy Listening""], ""primary_style"": ""Mandopop"", ""secondary_styles"": [""Vocal Jazz"", ""Bossa Nova""]}",[],[],[],[],"{""vocal_role"": ""sung_led"", ""arrangement_focus"": ""lead_vocal"", ""texture_tags"": [""acoustic"", ""clean""]}","[{""code"": ""mapping_review_required"", ""trace_id"": ""label-01"", ""message"": ""No explicit alias. Preserve the label; do not infer a concept.""}, {""code"": ""mapping_review_required"", ""trace_id"": ""label-02"", ""message"": ""No explicit alias. Preserve the label; do not infer a concept.""}, {""code"": ""mapping_review_required"", ""trace_id"": ""label-03"", ""message"": ""No explicit alias. Preserve the label; do not infer a concept.""}, {""code"": ""mapping_review_required"", ""trace_id"": ""label-04"", ""message"": ""No explicit alias. Preserve the label; do not infer a concept.""}, {""code"": ""mapping_review_required"", ""trace_id"": ""label-05"", ""message"": ""No explicit alias. Preserve the label; do not infer a concept.""}, {""code"": ""mapping_review_required"", ""trace_id"": ""label-06"", ""message"": ""No explicit alias. Preserve the label; do not infer a concept.""}]","[{""trace_id"": ""label-01"", ""source_path"": ""primary_family"", ""raw_label"": ""Asian Pop"", ""normalized_lookup"": ""asian pop"", ""canonical_concept_id"": null, ""canonical_label"": null, ""kind"": ""unrecognized_label"", ""mapping_status"": ""mapping_review_required"", ""note"": ""No explicit alias. Preserve the label; do not infer a concept."", ""review_candidates"": [], ""broad_families"": [], ""style_neighborhoods"": [], ""scene_contexts"": []}, {""trace_id"": ""label-02"", ""source_path"": ""secondary_families[0]"", ""raw_label"": ""Jazz"", ""normalized_lookup"": ""jazz"", ""canonical_concept_id"": null, ""canonical_label"": null, ""kind"": ""unrecognized_label"", ""mapping_status"": ""mapping_review_required"", ""note"": ""No explicit alias. Preserve the label; do not infer a concept."", ""review_candidates"": [], ""broad_families"": [], ""style_neighborhoods"": [], ""scene_contexts"": []}, {""trace_id"": ""label-03"", ""source_path"": ""secondary_families[1]"", ""raw_label"": ""Easy Listening"", ""normalized_lookup"": ""easy listening"", ""canonical_concept_id"": null, ""canonical_label"": null, ""kind"": ""unrecognized_label"", ""mapping_status"": ""mapping_review_required"", ""note"": ""No explicit alias. Preserve the label; do not infer a concept."", ""review_candidates"": [], ""broad_families"": [], ""style_neighborhoods"": [], ""scene_contexts"": []}, {""trace_id"": ""label-04"", ""source_path"": ""primary_style"", ""raw_label"": ""Mandopop"", ""normalized_lookup"": ""mandopop"", ""canonical_concept_id"": null, ""canonical_label"": null, ""kind"": ""unrecognized_label"", ""mapping_status"": ""mapping_review_required"", ""note"": ""No explicit alias. Preserve the label; do not infer a concept."", ""review_candidates"": [], ""broad_families"": [], ""style_neighborhoods"": [], ""scene_contexts"": []}, {""trace_id"": ""label-05"", ""source_path"": ""secondary_styles[0]"", ""raw_label"": ""Vocal Jazz"", ""normalized_lookup"": ""vocal jazz"", ""canonical_concept_id"": null, ""canonical_label"": null, ""kind"": ""unrecognized_label"", ""mapping_status"": ""mapping_review_required"", ""note"": ""No explicit alias. Preserve the label; do not infer a concept."", ""review_candidates"": [], ""broad_families"": [], ""style_neighborhoods"": [], ""scene_contexts"": []}, {""trace_id"": ""label-06"", ""source_path"": ""secondary_styles[1]"", ""raw_label"": ""Bossa Nova"", ""normalized_lookup"": ""bossa nova"", ""canonical_concept_id"": null, ""canonical_label"": null, ""kind"": ""unrecognized_label"", ""mapping_status"": ""mapping_review_required"", ""note"": ""No explicit alias. Preserve the label; do not infer a concept."", ""review_candidates"": [], ""broad_families"": [], ""style_neighborhoods"": [], ""scene_contexts"": []}]",,False,Inspect the unchanged mapping and original classification separately. No prior answer is inferred.,,,
F021,1ZhrRS2xY1ZoD2QJ9aZQxX,too afraid — hateful,"{""primary_family"": ""Pop"", ""secondary_families"": [""Folk"", ""Indie""], ""primary_style"": ""Bedroom Pop"", ""secondary_styles"": [""Indie Pop"", ""Indie Folk""]}","[{""id"": ""pop"", ""label"": ""Pop"", ""trace_ids"": [""label-01""]}, {""id"": ""indie_pop"", ""label"": ""Indie pop"", ""trace_ids"": [""label-05""]}]","[""pop""]","[""indie_pop_related""]",[],"{""vocal_role"": ""sung_led"", ""arrangement_focus"": ""lead_vocal"", ""texture_tags"": [""acoustic"", ""hazy"", ""electronic""]}","[{""code"": ""mapping_review_required"", ""trace_id"": ""label-02"", ""message"": ""No explicit alias. Preserve the label; do not infer a concept.""}, {""code"": ""mapping_review_required"", ""trace_id"": ""label-03"", ""message"": ""No explicit alias. Preserve the label; do not infer a concept.""}, {""code"": ""mapping_review_required"", ""trace_id"": ""label-04"", ""message"": ""No explicit alias. Preserve the label; do not infer a concept.""}, {""code"": ""mapping_review_required"", ""trace_id"": ""label-06"", ""message"": ""No explicit alias. Preserve the label; do not infer a concept.""}]","[{""trace_id"": ""label-01"", ""source_path"": ""primary_family"", ""raw_label"": ""Pop"", ""normalized_lookup"": ""pop"", ""canonical_concept_id"": ""pop"", ""canonical_label"": ""Pop"", ""kind"": ""family"", ""mapping_status"": ""mapped"", ""note"": """", ""review_candidates"": [], ""broad_families"": [""pop""], ""style_neighborhoods"": [], ""scene_contexts"": []}, {""trace_id"": ""label-02"", ""source_path"": ""secondary_families[0]"", ""raw_label"": ""Folk"", ""normalized_lookup"": ""folk"", ""canonical_concept_id"": null, ""canonical_label"": null, ""kind"": ""unrecognized_label"", ""mapping_status"": ""mapping_review_required"", ""note"": ""No explicit alias. Preserve the label; do not infer a concept."", ""review_candidates"": [], ""broad_families"": [], ""style_neighborhoods"": [], ""scene_contexts"": []}, {""trace_id"": ""label-03"", ""source_path"": ""secondary_families[1]"", ""raw_label"": ""Indie"", ""normalized_lookup"": ""indie"", ""canonical_concept_id"": null, ""canonical_label"": null, ""kind"": ""unrecognized_label"", ""mapping_status"": ""mapping_review_required"", ""note"": ""No explicit alias. Preserve the label; do not infer a concept."", ""review_candidates"": [], ""broad_families"": [], ""style_neighborhoods"": [], ""scene_contexts"": []}, {""trace_id"": ""label-04"", ""source_path"": ""primary_style"", ""raw_label"": ""Bedroom Pop"", ""normalized_lookup"": ""bedroom pop"", ""canonical_concept_id"": null, ""canonical_label"": null, ""kind"": ""unrecognized_label"", ""mapping_status"": ""mapping_review_required"", ""note"": ""No explicit alias. Preserve the label; do not infer a concept."", ""review_candidates"": [], ""broad_families"": [], ""style_neighborhoods"": [], ""scene_contexts"": []}, {""trace_id"": ""label-05"", ""source_path"": ""secondary_styles[0]"", ""raw_label"": ""Indie Pop"", ""normalized_lookup"": ""indie pop"", ""canonical_concept_id"": ""indie_pop"", ""canonical_label"": ""Indie pop"", ""kind"": ""style"", ""mapping_status"": ""mapped"", ""note"": ""Musical label, not evidence of an independent record contract; not automatically dreamy or lo-fi."", ""review_candidates"": [], ""broad_families"": [""pop""], ""style_neighborhoods"": [""indie_pop_related""], ""scene_contexts"": []}, {""trace_id"": ""label-06"", ""source_path"": ""secondary_styles[1]"", ""raw_label"": ""Indie Folk"", ""normalized_lookup"": ""indie folk"", ""canonical_concept_id"": null, ""canonical_label"": null, ""kind"": ""unrecognized_label"", ""mapping_status"": ""mapping_review_required"", ""note"": ""No explicit alias. Preserve the label; do not infer a concept."", ""review_candidates"": [], ""broad_families"": [], ""style_neighborhoods"": [], ""scene_contexts"": []}]",,False,Inspect the unchanged mapping and original classification separately. No prior answer is inferred.,,,
F022,1aKvZDoLGkNMxoRYgkckZG,Magnetic — ILLIT,"{""primary_family"": ""Pop"", ""secondary_families"": [""Electronic""], ""primary_style"": ""K-Pop"", ""secondary_styles"": [""Synthpop"", ""Dance-Pop""]}","[{""id"": ""pop"", ""label"": ""Pop"", ""trace_ids"": [""label-01""]}, {""id"": ""electronic"", ""label"": ""Electronic"", ""trace_ids"": [""label-02""]}, {""id"": ""k_pop"", ""label"": ""K-Pop"", ""trace_ids"": [""label-03""]}, {""id"": ""synth_pop"", ""label"": ""Synth-pop"", ""trace_ids"": [""label-04""]}, {""id"": ""dance_pop"", ""label"": ""Dance-pop"", ""trace_ids"": [""label-05""]}]","[""electronic"", ""pop""]","[""dance_pop"", ""pop_electronic"", ""synth_pop""]","[""korean_pop_scene""]","{""vocal_role"": ""sung_led"", ""arrangement_focus"": ""lead_vocal"", ""texture_tags"": [""electronic"", ""sample_based"", ""clean""]}","[{""code"": ""context_separate_from_sonic_style"", ""trace_id"": ""label-03"", ""message"": ""Context only. No sonic neighborhood or broad family follows solely from the scene label.""}]","[{""trace_id"": ""label-01"", ""source_path"": ""primary_family"", ""raw_label"": ""Pop"", ""normalized_lookup"": ""pop"", ""canonical_concept_id"": ""pop"", ""canonical_label"": ""Pop"", ""kind"": ""family"", ""mapping_status"": ""mapped"", ""note"": """", ""review_candidates"": [], ""broad_families"": [""pop""], ""style_neighborhoods"": [], ""scene_contexts"": []}, {""trace_id"": ""label-02"", ""source_path"": ""secondary_families[0]"", ""raw_label"": ""Electronic"", ""normalized_lookup"": ""electronic"", ""canonical_concept_id"": ""electronic"", ""canonical_label"": ""Electronic"", ""kind"": ""family"", ""mapping_status"": ""mapped"", ""note"": """", ""review_candidates"": [], ""broad_families"": [""electronic""], ""style_neighborhoods"": [], ""scene_contexts"": []}, {""trace_id"": ""label-03"", ""source_path"": ""primary_style"", ""raw_label"": ""K-Pop"", ""normalized_lookup"": ""k pop"", ""canonical_concept_id"": ""k_pop"", ""canonical_label"": ""K-Pop"", ""kind"": ""scene_context"", ""mapping_status"": ""mapped"", ""note"": ""Context only. No sonic neighborhood or broad family follows solely from the scene label."", ""review_candidates"": [], ""broad_families"": [], ""style_neighborhoods"": [], ""scene_contexts"": [""korean_pop_scene""]}, {""trace_id"": ""label-04"", ""source_path"": ""secondary_styles[0]"", ""raw_label"": ""Synthpop"", ""normalized_lookup"": ""synthpop"", ""canonical_concept_id"": ""synth_pop"", ""canonical_label"": ""Synth-pop"", ""kind"": ""style"", ""mapping_status"": ""mapped"", ""note"": """", ""review_candidates"": [], ""broad_families"": [""pop"", ""electronic""], ""style_neighborhoods"": [""pop_electronic"", ""synth_pop""], ""scene_contexts"": []}, {""trace_id"": ""label-05"", ""source_path"": ""secondary_styles[1]"", ""raw_label"": ""Dance-Pop"", ""normalized_lookup"": ""dance pop"", ""canonical_concept_id"": ""dance_pop"", ""canonical_label"": ""Dance-pop"", ""kind"": ""style"", ""mapping_status"": ""mapped"", ""note"": ""Electronic-pop neighborhood is a stylistic adjacency, not an instrumentation assertion or automatic electronic family."", ""review_candidates"": [], ""broad_families"": [""pop""], ""style_neighborhoods"": [""pop_electronic"", ""dance_pop""], ""scene_contexts"": []}]",,False,Inspect the unchanged mapping and original classification separately. No prior answer is inferred.,,,
F023,1kuGVB7EU95pJObxwvfwKS,vampire — Olivia Rodrigo,"{""primary_family"": ""Pop"", ""secondary_families"": [""Rock""], ""primary_style"": ""Pop Rock"", ""secondary_styles"": [""Piano Pop""]}","[{""id"": ""pop"", ""label"": ""Pop"", ""trace_ids"": [""label-01""]}]","[""pop""]",[],[],"{""vocal_role"": ""sung_led"", ""arrangement_focus"": ""lead_vocal"", ""texture_tags"": [""acoustic"", ""layered"", ""clean""]}","[{""code"": ""mapping_review_required"", ""trace_id"": ""label-02"", ""message"": ""No explicit alias. Preserve the label; do not infer a concept.""}, {""code"": ""mapping_review_required"", ""trace_id"": ""label-03"", ""message"": ""No explicit alias. Preserve the label; do not infer a concept.""}, {""code"": ""mapping_review_required"", ""trace_id"": ""label-04"", ""message"": ""No explicit alias. Preserve the label; do not infer a concept.""}]","[{""trace_id"": ""label-01"", ""source_path"": ""primary_family"", ""raw_label"": ""Pop"", ""normalized_lookup"": ""pop"", ""canonical_concept_id"": ""pop"", ""canonical_label"": ""Pop"", ""kind"": ""family"", ""mapping_status"": ""mapped"", ""note"": """", ""review_candidates"": [], ""broad_families"": [""pop""], ""style_neighborhoods"": [], ""scene_contexts"": []}, {""trace_id"": ""label-02"", ""source_path"": ""secondary_families[0]"", ""raw_label"": ""Rock"", ""normalized_lookup"": ""rock"", ""canonical_concept_id"": null, ""canonical_label"": null, ""kind"": ""unrecognized_label"", ""mapping_status"": ""mapping_review_required"", ""note"": ""No explicit alias. Preserve the label; do not infer a concept."", ""review_candidates"": [], ""broad_families"": [], ""style_neighborhoods"": [], ""scene_contexts"": []}, {""trace_id"": ""label-03"", ""source_path"": ""primary_style"", ""raw_label"": ""Pop Rock"", ""normalized_lookup"": ""pop rock"", ""canonical_concept_id"": null, ""canonical_label"": null, ""kind"": ""unrecognized_label"", ""mapping_status"": ""mapping_review_required"", ""note"": ""No explicit alias. Preserve the label; do not infer a concept."", ""review_candidates"": [], ""broad_families"": [], ""style_neighborhoods"": [], ""scene_contexts"": []}, {""trace_id"": ""label-04"", ""source_path"": ""secondary_styles[0]"", ""raw_label"": ""Piano Pop"", ""normalized_lookup"": ""piano pop"", ""canonical_concept_id"": null, ""canonical_label"": null, ""kind"": ""unrecognized_label"", ""mapping_status"": ""mapping_review_required"", ""note"": ""No explicit alias. Preserve the label; do not infer a concept."", ""review_candidates"": [], ""broad_families"": [], ""style_neighborhoods"": [], ""scene_contexts"": []}]",,False,Inspect the unchanged mapping and original classification separately. No prior answer is inferred.,,,
F024,23V5SeHanwL6PlqyJ99dH8,"No I Don't Want, Just Anyone — Unclenathannn, Shiloh Dynasty","{""primary_family"": ""Hip Hop"", ""secondary_families"": [""Electronic""], ""primary_style"": ""Trap"", ""secondary_styles"": [""Phonk"", ""Cloud Rap""]}","[{""id"": ""hip_hop"", ""label"": ""Hip-hop"", ""trace_ids"": [""label-01""]}, {""id"": ""electronic"", ""label"": ""Electronic"", ""trace_ids"": [""label-02""]}, {""id"": ""trap"", ""label"": ""Trap"", ""trace_ids"": [""label-03""]}]","[""electronic"", ""hip_hop""]","[""trap_related""]",[],"{""vocal_role"": ""vocal_samples_only"", ""arrangement_focus"": ""beat_or_instrumental"", ""texture_tags"": [""sample_based"", ""electronic"", ""hazy""]}","[{""code"": ""broad_style_subtype_unspecified"", ""trace_id"": ""label-03"", ""message"": ""Subtype unspecified. Do not derive a hip-hop or electronic family from this label alone.""}, {""code"": ""mapping_review_required"", ""trace_id"": ""label-04"", ""message"": ""No explicit alias. Preserve the label; do not infer a concept.""}, {""code"": ""mapping_review_required"", ""trace_id"": ""label-05"", ""message"": ""No explicit alias. Preserve the label; do not infer a concept.""}]","[{""trace_id"": ""label-01"", ""source_path"": ""primary_family"", ""raw_label"": ""Hip Hop"", ""normalized_lookup"": ""hip hop"", ""canonical_concept_id"": ""hip_hop"", ""canonical_label"": ""Hip-hop"", ""kind"": ""family"", ""mapping_status"": ""mapped"", ""note"": """", ""review_candidates"": [], ""broad_families"": [""hip_hop""], ""style_neighborhoods"": [], ""scene_contexts"": []}, {""trace_id"": ""label-02"", ""source_path"": ""secondary_families[0]"", ""raw_label"": ""Electronic"", ""normalized_lookup"": ""electronic"", ""canonical_concept_id"": ""electronic"", ""canonical_label"": ""Electronic"", ""kind"": ""family"", ""mapping_status"": ""mapped"", ""note"": """", ""review_candidates"": [], ""broad_families"": [""electronic""], ""style_neighborhoods"": [], ""scene_contexts"": []}, {""trace_id"": ""label-03"", ""source_path"": ""primary_style"", ""raw_label"": ""Trap"", ""normalized_lookup"": ""trap"", ""canonical_concept_id"": ""trap"", ""canonical_label"": ""Trap"", ""kind"": ""style_umbrella"", ""mapping_status"": ""mapped"", ""note"": ""Subtype unspecified. Do not derive a hip-hop or electronic family from this label alone."", ""review_candidates"": [], ""broad_families"": [], ""style_neighborhoods"": [""trap_related""], ""scene_contexts"": []}, {""trace_id"": ""label-04"", ""source_path"": ""secondary_styles[0]"", ""raw_label"": ""Phonk"", ""normalized_lookup"": ""phonk"", ""canonical_concept_id"": null, ""canonical_label"": null, ""kind"": ""unrecognized_label"", ""mapping_status"": ""mapping_review_required"", ""note"": ""No explicit alias. Preserve the label; do not infer a concept."", ""review_candidates"": [], ""broad_families"": [], ""style_neighborhoods"": [], ""scene_contexts"": []}, {""trace_id"": ""label-05"", ""source_path"": ""secondary_styles[1]"", ""raw_label"": ""Cloud Rap"", ""normalized_lookup"": ""cloud rap"", ""canonical_concept_id"": null, ""canonical_label"": null, ""kind"": ""unrecognized_label"", ""mapping_status"": ""mapping_review_required"", ""note"": ""No explicit alias. Preserve the label; do not infer a concept."", ""review_candidates"": [], ""broad_families"": [], ""style_neighborhoods"": [], ""scene_contexts"": []}]",,False,Inspect the unchanged mapping and original classification separately. No prior answer is inferred.,,,
F025,2Ah7oAy4esXD8pEEhY0hyR,Soft Static Sky on Early Mornings — City Girl,"{""primary_family"": ""Hip-Hop"", ""secondary_families"": [""Downtempo"", ""R&B""], ""primary_style"": ""Lo-Fi Beats"", ""secondary_styles"": [""Chillhop"", ""Neo-Soul""]}","[{""id"": ""hip_hop"", ""label"": ""Hip-hop"", ""trace_ids"": [""label-01""]}, {""id"": ""downtempo"", ""label"": ""Downtempo"", ""trace_ids"": [""label-02""]}, {""id"": ""rnb"", ""label"": ""R&B"", ""trace_ids"": [""label-03""]}, {""id"": ""chillhop"", ""label"": ""Chillhop"", ""trace_ids"": [""label-05""]}]","[""electronic"", ""hip_hop"", ""rnb_soul""]","[""downtempo_related"", ""hip_hop_beat_lineage"", ""lofi_chill_beats""]",[],"{""vocal_role"": ""instrumental"", ""arrangement_focus"": ""beat_or_instrumental"", ""texture_tags"": [""clean"", ""hazy"", ""electronic""]}","[{""code"": ""style_concept_in_family_slot"", ""trace_id"": ""label-02"", ""message"": ""Resolve by explicit concept, not by the model field name; original slot retained.""}, {""code"": ""mapping_review_required"", ""trace_id"": ""label-04"", ""message"": ""No explicit alias. Preserve the label; do not infer a concept.""}, {""code"": ""mapping_review_required"", ""trace_id"": ""label-06"", ""message"": ""No explicit alias. Preserve the label; do not infer a concept.""}]","[{""trace_id"": ""label-01"", ""source_path"": ""primary_family"", ""raw_label"": ""Hip-Hop"", ""normalized_lookup"": ""hip hop"", ""canonical_concept_id"": ""hip_hop"", ""canonical_label"": ""Hip-hop"", ""kind"": ""family"", ""mapping_status"": ""mapped"", ""note"": """", ""review_candidates"": [], ""broad_families"": [""hip_hop""], ""style_neighborhoods"": [], ""scene_contexts"": []}, {""trace_id"": ""label-02"", ""source_path"": ""secondary_families[0]"", ""raw_label"": ""Downtempo"", ""normalized_lookup"": ""downtempo"", ""canonical_concept_id"": ""downtempo"", ""canonical_label"": ""Downtempo"", ""kind"": ""style_umbrella"", ""mapping_status"": ""mapped"", ""note"": ""A style-level umbrella even when Gemini puts it in a family slot; not a BPM measurement."", ""review_candidates"": [], ""broad_families"": [""electronic""], ""style_neighborhoods"": [""downtempo_related""], ""scene_contexts"": []}, {""trace_id"": ""label-03"", ""source_path"": ""secondary_families[1]"", ""raw_label"": ""R&B"", ""normalized_lookup"": ""r and b"", ""canonical_concept_id"": ""rnb"", ""canonical_label"": ""R&B"", ""kind"": ""family"", ""mapping_status"": ""mapped"", ""note"": ""R&B stays its own canonical concept; the broad family is a joint umbrella, not a synonym for soul."", ""review_candidates"": [], ""broad_families"": [""rnb_soul""], ""style_neighborhoods"": [], ""scene_contexts"": []}, {""trace_id"": ""label-04"", ""source_path"": ""primary_style"", ""raw_label"": ""Lo-Fi Beats"", ""normalized_lookup"": ""lo fi beats"", ""canonical_concept_id"": null, ""canonical_label"": null, ""kind"": ""unrecognized_label"", ""mapping_status"": ""mapping_review_required"", ""note"": ""No explicit alias. Preserve the label; do not infer a concept."", ""review_candidates"": [], ""broad_families"": [], ""style_neighborhoods"": [], ""scene_contexts"": []}, {""trace_id"": ""label-05"", ""source_path"": ""secondary_styles[0]"", ""raw_label"": ""Chillhop"", ""normalized_lookup"": ""chillhop"", ""canonical_concept_id"": ""chillhop"", ""canonical_label"": ""Chillhop"", ""kind"": ""style"", ""mapping_status"": ""mapped"", ""note"": """", ""review_candidates"": [], ""broad_families"": [""hip_hop""], ""style_neighborhoods"": [""hip_hop_beat_lineage"", ""lofi_chill_beats""], ""scene_contexts"": []}, {""trace_id"": ""label-06"", ""source_path"": ""secondary_styles[1]"", ""raw_label"": ""Neo-Soul"", ""normalized_lookup"": ""neo soul"", ""canonical_concept_id"": null, ""canonical_label"": null, ""kind"": ""unrecognized_label"", ""mapping_status"": ""mapping_review_required"", ""note"": ""No explicit alias. Preserve the label; do not infer a concept."", ""review_candidates"": [], ""broad_families"": [], ""style_neighborhoods"": [], ""scene_contexts"": []}]",,False,Inspect the unchanged mapping and original classification separately. No prior answer is inferred.,,,
F026,2BFAfMIblG0RZeAvlmLC81,"You Are Enough — .Uzu, Clavita","{""primary_family"": ""r&b"", ""secondary_families"": [""electronic"", ""pop""], ""primary_style"": ""contemporary r&b"", ""secondary_styles"": [""ambient pop"", ""downtempo""]}","[{""id"": ""rnb"", ""label"": ""R&B"", ""trace_ids"": [""label-01""]}, {""id"": ""electronic"", ""label"": ""Electronic"", ""trace_ids"": [""label-02""]}, {""id"": ""pop"", ""label"": ""Pop"", ""trace_ids"": [""label-03""]}, {""id"": ""contemporary_rnb"", ""label"": ""Contemporary R&B"", ""trace_ids"": [""label-04""]}, {""id"": ""ambient_pop"", ""label"": ""Ambient pop"", ""trace_ids"": [""label-05""]}, {""id"": ""downtempo"", ""label"": ""Downtempo"", ""trace_ids"": [""label-06""]}]","[""electronic"", ""pop"", ""rnb_soul""]","[""atmospheric_pop"", ""downtempo_related"", ""modern_rnb""]",[],"{""vocal_role"": ""sung_led"", ""arrangement_focus"": ""lead_vocal"", ""texture_tags"": [""electronic"", ""clean"", ""hazy""]}",[],"[{""trace_id"": ""label-01"", ""source_path"": ""primary_family"", ""raw_label"": ""r&b"", ""normalized_lookup"": ""r and b"", ""canonical_concept_id"": ""rnb"", ""canonical_label"": ""R&B"", ""kind"": ""family"", ""mapping_status"": ""mapped"", ""note"": ""R&B stays its own canonical concept; the broad family is a joint umbrella, not a synonym for soul."", ""review_candidates"": [], ""broad_families"": [""rnb_soul""], ""style_neighborhoods"": [], ""scene_contexts"": []}, {""trace_id"": ""label-02"", ""source_path"": ""secondary_families[0]"", ""raw_label"": ""electronic"", ""normalized_lookup"": ""electronic"", ""canonical_concept_id"": ""electronic"", ""canonical_label"": ""Electronic"", ""kind"": ""family"", ""mapping_status"": ""mapped"", ""note"": """", ""review_candidates"": [], ""broad_families"": [""electronic""], ""style_neighborhoods"": [], ""scene_contexts"": []}, {""trace_id"": ""label-03"", ""source_path"": ""secondary_families[1]"", ""raw_label"": ""pop"", ""normalized_lookup"": ""pop"", ""canonical_concept_id"": ""pop"", ""canonical_label"": ""Pop"", ""kind"": ""family"", ""mapping_status"": ""mapped"", ""note"": """", ""review_candidates"": [], ""broad_families"": [""pop""], ""style_neighborhoods"": [], ""scene_contexts"": []}, {""trace_id"": ""label-04"", ""source_path"": ""primary_style"", ""raw_label"": ""contemporary r&b"", ""normalized_lookup"": ""contemporary r and b"", ""canonical_concept_id"": ""contemporary_rnb"", ""canonical_label"": ""Contemporary R&B"", ""kind"": ""style"", ""mapping_status"": ""mapped"", ""note"": """", ""review_candidates"": [], ""broad_families"": [""rnb_soul""], ""style_neighborhoods"": [""modern_rnb""], ""scene_contexts"": []}, {""trace_id"": ""label-05"", ""source_path"": ""secondary_styles[0]"", ""raw_label"": ""ambient pop"", ""normalized_lookup"": ""ambient pop"", ""canonical_concept_id"": ""ambient_pop"", ""canonical_label"": ""Ambient pop"", ""kind"": ""style"", ""mapping_status"": ""mapped"", ""note"": ""Pop with ambient-style associations; no electronic family inferred from the modifier alone."", ""review_candidates"": [], ""broad_families"": [""pop""], ""style_neighborhoods"": [""atmospheric_pop""], ""scene_contexts"": []}, {""trace_id"": ""label-06"", ""source_path"": ""secondary_styles[1]"", ""raw_label"": ""downtempo"", ""normalized_lookup"": ""downtempo"", ""canonical_concept_id"": ""downtempo"", ""canonical_label"": ""Downtempo"", ""kind"": ""style_umbrella"", ""mapping_status"": ""mapped"", ""note"": ""A style-level umbrella even when Gemini puts it in a family slot; not a BPM measurement."", ""review_candidates"": [], ""broad_families"": [""electronic""], ""style_neighborhoods"": [""downtempo_related""], ""scene_contexts"": []}]",,False,Inspect the unchanged mapping and original classification separately. No prior answer is inferred.,,,
F027,2BJSMvOGABRxokHKB0OI8i,"Shoota (feat. Lil Uzi Vert) — Playboi Carti, Lil Uzi Vert","{""primary_family"": ""hip hop"", ""secondary_families"": [], ""primary_style"": ""trap"", ""secondary_styles"": [""plugg""]}","[{""id"": ""hip_hop"", ""label"": ""Hip-hop"", ""trace_ids"": [""label-01""]}, {""id"": ""trap"", ""label"": ""Trap"", ""trace_ids"": [""label-02""]}, {""id"": ""plugg"", ""label"": ""Plugg"", ""trace_ids"": [""label-03""]}]","[""hip_hop""]","[""plugg_related"", ""trap_related""]",[],"{""vocal_role"": ""rap_led"", ""arrangement_focus"": ""lead_vocal"", ""texture_tags"": [""electronic"", ""clean""]}","[{""code"": ""broad_style_subtype_unspecified"", ""trace_id"": ""label-02"", ""message"": ""Subtype unspecified. Do not derive a hip-hop or electronic family from this label alone.""}]","[{""trace_id"": ""label-01"", ""source_path"": ""primary_family"", ""raw_label"": ""hip hop"", ""normalized_lookup"": ""hip hop"", ""canonical_concept_id"": ""hip_hop"", ""canonical_label"": ""Hip-hop"", ""kind"": ""family"", ""mapping_status"": ""mapped"", ""note"": """", ""review_candidates"": [], ""broad_families"": [""hip_hop""], ""style_neighborhoods"": [], ""scene_contexts"": []}, {""trace_id"": ""label-02"", ""source_path"": ""primary_style"", ""raw_label"": ""trap"", ""normalized_lookup"": ""trap"", ""canonical_concept_id"": ""trap"", ""canonical_label"": ""Trap"", ""kind"": ""style_umbrella"", ""mapping_status"": ""mapped"", ""note"": ""Subtype unspecified. Do not derive a hip-hop or electronic family from this label alone."", ""review_candidates"": [], ""broad_families"": [], ""style_neighborhoods"": [""trap_related""], ""scene_contexts"": []}, {""trace_id"": ""label-03"", ""source_path"": ""secondary_styles[0]"", ""raw_label"": ""plugg"", ""normalized_lookup"": ""plugg"", ""canonical_concept_id"": ""plugg"", ""canonical_label"": ""Plugg"", ""kind"": ""style"", ""mapping_status"": ""mapped"", ""note"": """", ""review_candidates"": [], ""broad_families"": [""hip_hop""], ""style_neighborhoods"": [""trap_related"", ""plugg_related""], ""scene_contexts"": []}]",,False,Inspect the unchanged mapping and original classification separately. No prior answer is inferred.,,,
F028,2Vu2hkPW7LxMHPqoMjSIEJ,My Gamecube Broke. — .Uzu,"{""primary_family"": ""Electronic"", ""secondary_families"": [""Bass Music""], ""primary_style"": ""Drum and Bass"", ""secondary_styles"": [""Neurofunk"", ""Dubstep""]}","[{""id"": ""electronic"", ""label"": ""Electronic"", ""trace_ids"": [""label-01""]}, {""id"": ""bass_music"", ""label"": ""Bass music"", ""trace_ids"": [""label-02""]}, {""id"": ""drum_and_bass"", ""label"": ""Drum and bass"", ""trace_ids"": [""label-03""]}, {""id"": ""neurofunk"", ""label"": ""Neurofunk"", ""trace_ids"": [""label-04""]}, {""id"": ""dubstep"", ""label"": ""Dubstep"", ""trace_ids"": [""label-05""]}]","[""electronic""]","[""bass_electronic"", ""drum_and_bass"", ""dubstep""]",[],"{""vocal_role"": ""vocal_samples_only"", ""arrangement_focus"": ""beat_or_instrumental"", ""texture_tags"": [""electronic"", ""distorted"", ""layered""]}","[{""code"": ""mapping_review_required"", ""trace_id"": ""label-02"", ""message"": ""Heterogeneous electronic/club/regional umbrella; do not equate with drum-and-bass, dubstep, or a single family.""}]","[{""trace_id"": ""label-01"", ""source_path"": ""primary_family"", ""raw_label"": ""Electronic"", ""normalized_lookup"": ""electronic"", ""canonical_concept_id"": ""electronic"", ""canonical_label"": ""Electronic"", ""kind"": ""family"", ""mapping_status"": ""mapped"", ""note"": """", ""review_candidates"": [], ""broad_families"": [""electronic""], ""style_neighborhoods"": [], ""scene_contexts"": []}, {""trace_id"": ""label-02"", ""source_path"": ""secondary_families[0]"", ""raw_label"": ""Bass Music"", ""normalized_lookup"": ""bass music"", ""canonical_concept_id"": ""bass_music"", ""canonical_label"": ""Bass music"", ""kind"": ""ambiguous_umbrella"", ""mapping_status"": ""mapping_review_required"", ""note"": ""Heterogeneous electronic/club/regional umbrella; do not equate with drum-and-bass, dubstep, or a single family."", ""review_candidates"": [""electronic bass styles"", ""other regional bass-music usage""], ""broad_families"": [], ""style_neighborhoods"": [], ""scene_contexts"": []}, {""trace_id"": ""label-03"", ""source_path"": ""primary_style"", ""raw_label"": ""Drum and Bass"", ""normalized_lookup"": ""drum and bass"", ""canonical_concept_id"": ""drum_and_bass"", ""canonical_label"": ""Drum and bass"", ""kind"": ""style"", ""mapping_status"": ""mapped"", ""note"": """", ""review_candidates"": [], ""broad_families"": [""electronic""], ""style_neighborhoods"": [""bass_electronic"", ""drum_and_bass""], ""scene_contexts"": []}, {""trace_id"": ""label-04"", ""source_path"": ""secondary_styles[0]"", ""raw_label"": ""Neurofunk"", ""normalized_lookup"": ""neurofunk"", ""canonical_concept_id"": ""neurofunk"", ""canonical_label"": ""Neurofunk"", ""kind"": ""style"", ""mapping_status"": ""mapped"", ""note"": """", ""review_candidates"": [], ""broad_families"": [""electronic""], ""style_neighborhoods"": [""bass_electronic"", ""drum_and_bass""], ""scene_contexts"": []}, {""trace_id"": ""label-05"", ""source_path"": ""secondary_styles[1]"", ""raw_label"": ""Dubstep"", ""normalized_lookup"": ""dubstep"", ""canonical_concept_id"": ""dubstep"", ""canonical_label"": ""Dubstep"", ""kind"": ""style"", ""mapping_status"": ""mapped"", ""note"": """", ""review_candidates"": [], ""broad_families"": [""electronic""], ""style_neighborhoods"": [""bass_electronic"", ""dubstep""], ""scene_contexts"": []}]",,False,Inspect the unchanged mapping and original classification separately. No prior answer is inferred.,,,
F029,2X71ww8wImSYbw4s0Mr2ur,Dear My All — Mingginyu,"{""primary_family"": ""Pop"", ""secondary_families"": [""Folk""], ""primary_style"": ""Korean Ballad"", ""secondary_styles"": [""Acoustic Pop""]}","[{""id"": ""pop"", ""label"": ""Pop"", ""trace_ids"": [""label-01""]}]","[""pop""]",[],[],"{""vocal_role"": ""sung_led"", ""arrangement_focus"": ""lead_vocal"", ""texture_tags"": [""acoustic"", ""clean""]}","[{""code"": ""mapping_review_required"", ""trace_id"": ""label-02"", ""message"": ""No explicit alias. Preserve the label; do not infer a concept.""}, {""code"": ""mapping_review_required"", ""trace_id"": ""label-03"", ""message"": ""No explicit alias. Preserve the label; do not infer a concept.""}, {""code"": ""mapping_review_required"", ""trace_id"": ""label-04"", ""message"": ""No explicit alias. Preserve the label; do not infer a concept.""}]","[{""trace_id"": ""label-01"", ""source_path"": ""primary_family"", ""raw_label"": ""Pop"", ""normalized_lookup"": ""pop"", ""canonical_concept_id"": ""pop"", ""canonical_label"": ""Pop"", ""kind"": ""family"", ""mapping_status"": ""mapped"", ""note"": """", ""review_candidates"": [], ""broad_families"": [""pop""], ""style_neighborhoods"": [], ""scene_contexts"": []}, {""trace_id"": ""label-02"", ""source_path"": ""secondary_families[0]"", ""raw_label"": ""Folk"", ""normalized_lookup"": ""folk"", ""canonical_concept_id"": null, ""canonical_label"": null, ""kind"": ""unrecognized_label"", ""mapping_status"": ""mapping_review_required"", ""note"": ""No explicit alias. Preserve the label; do not infer a concept."", ""review_candidates"": [], ""broad_families"": [], ""style_neighborhoods"": [], ""scene_contexts"": []}, {""trace_id"": ""label-03"", ""source_path"": ""primary_style"", ""raw_label"": ""Korean Ballad"", ""normalized_lookup"": ""korean ballad"", ""canonical_concept_id"": null, ""canonical_label"": null, ""kind"": ""unrecognized_label"", ""mapping_status"": ""mapping_review_required"", ""note"": ""No explicit alias. Preserve the label; do not infer a concept."", ""review_candidates"": [], ""broad_families"": [], ""style_neighborhoods"": [], ""scene_contexts"": []}, {""trace_id"": ""label-04"", ""source_path"": ""secondary_styles[0]"", ""raw_label"": ""Acoustic Pop"", ""normalized_lookup"": ""acoustic pop"", ""canonical_concept_id"": null, ""canonical_label"": null, ""kind"": ""unrecognized_label"", ""mapping_status"": ""mapping_review_required"", ""note"": ""No explicit alias. Preserve the label; do not infer a concept."", ""review_candidates"": [], ""broad_families"": [], ""style_neighborhoods"": [], ""scene_contexts"": []}]",,False,Inspect the unchanged mapping and original classification separately. No prior answer is inferred.,,,
F030,2Y4iTaIAamhYPyZcOdfL3g,11:11 — TAEYEON,"{""primary_family"": ""Pop"", ""secondary_families"": [""Folk & Acoustic""], ""primary_style"": ""K-Pop Ballad"", ""secondary_styles"": [""Acoustic Pop""]}","[{""id"": ""pop"", ""label"": ""Pop"", ""trace_ids"": [""label-01""]}]","[""pop""]",[],[],"{""vocal_role"": ""sung_led"", ""arrangement_focus"": ""lead_vocal"", ""texture_tags"": [""acoustic"", ""clean"", ""layered""]}","[{""code"": ""mapping_review_required"", ""trace_id"": ""label-02"", ""message"": ""No explicit alias. Preserve the label; do not infer a concept.""}, {""code"": ""mapping_review_required"", ""trace_id"": ""label-03"", ""message"": ""No explicit alias. Preserve the label; do not infer a concept.""}, {""code"": ""mapping_review_required"", ""trace_id"": ""label-04"", ""message"": ""No explicit alias. Preserve the label; do not infer a concept.""}]","[{""trace_id"": ""label-01"", ""source_path"": ""primary_family"", ""raw_label"": ""Pop"", ""normalized_lookup"": ""pop"", ""canonical_concept_id"": ""pop"", ""canonical_label"": ""Pop"", ""kind"": ""family"", ""mapping_status"": ""mapped"", ""note"": """", ""review_candidates"": [], ""broad_families"": [""pop""], ""style_neighborhoods"": [], ""scene_contexts"": []}, {""trace_id"": ""label-02"", ""source_path"": ""secondary_families[0]"", ""raw_label"": ""Folk & Acoustic"", ""normalized_lookup"": ""folk and acoustic"", ""canonical_concept_id"": null, ""canonical_label"": null, ""kind"": ""unrecognized_label"", ""mapping_status"": ""mapping_review_required"", ""note"": ""No explicit alias. Preserve the label; do not infer a concept."", ""review_candidates"": [], ""broad_families"": [], ""style_neighborhoods"": [], ""scene_contexts"": []}, {""trace_id"": ""label-03"", ""source_path"": ""primary_style"", ""raw_label"": ""K-Pop Ballad"", ""normalized_lookup"": ""k pop ballad"", ""canonical_concept_id"": null, ""canonical_label"": null, ""kind"": ""unrecognized_label"", ""mapping_status"": ""mapping_review_required"", ""note"": ""No explicit alias. Preserve the label; do not infer a concept."", ""review_candidates"": [], ""broad_families"": [], ""style_neighborhoods"": [], ""scene_contexts"": []}, {""trace_id"": ""label-04"", ""source_path"": ""secondary_styles[0]"", ""raw_label"": ""Acoustic Pop"", ""normalized_lookup"": ""acoustic pop"", ""canonical_concept_id"": null, ""canonical_label"": null, ""kind"": ""unrecognized_label"", ""mapping_status"": ""mapping_review_required"", ""note"": ""No explicit alias. Preserve the label; do not infer a concept."", ""review_candidates"": [], ""broad_families"": [], ""style_neighborhoods"": [], ""scene_contexts"": []}]",,False,Inspect the unchanged mapping and original classification separately. No prior answer is inferred.,,,
F031,2YO6ZDPdQFkrOa6YYceEN4,It'll Be Ok — Yoandri,"{""primary_family"": ""rnb"", ""secondary_families"": [""pop""], ""primary_style"": ""contemporary_rnb"", ""secondary_styles"": [""neo_soul"", ""pop_soul""]}","[{""id"": ""rnb"", ""label"": ""R&B"", ""trace_ids"": [""label-01""]}, {""id"": ""pop"", ""label"": ""Pop"", ""trace_ids"": [""label-02""]}, {""id"": ""contemporary_rnb"", ""label"": ""Contemporary R&B"", ""trace_ids"": [""label-03""]}]","[""pop"", ""rnb_soul""]","[""modern_rnb""]",[],"{""vocal_role"": ""sung_led"", ""arrangement_focus"": ""lead_vocal"", ""texture_tags"": [""clean"", ""electronic"", ""layered""]}","[{""code"": ""mapping_review_required"", ""trace_id"": ""label-04"", ""message"": ""No explicit alias. Preserve the label; do not infer a concept.""}, {""code"": ""mapping_review_required"", ""trace_id"": ""label-05"", ""message"": ""No explicit alias. Preserve the label; do not infer a concept.""}]","[{""trace_id"": ""label-01"", ""source_path"": ""primary_family"", ""raw_label"": ""rnb"", ""normalized_lookup"": ""rnb"", ""canonical_concept_id"": ""rnb"", ""canonical_label"": ""R&B"", ""kind"": ""family"", ""mapping_status"": ""mapped"", ""note"": ""R&B stays its own canonical concept; the broad family is a joint umbrella, not a synonym for soul."", ""review_candidates"": [], ""broad_families"": [""rnb_soul""], ""style_neighborhoods"": [], ""scene_contexts"": []}, {""trace_id"": ""label-02"", ""source_path"": ""secondary_families[0]"", ""raw_label"": ""pop"", ""normalized_lookup"": ""pop"", ""canonical_concept_id"": ""pop"", ""canonical_label"": ""Pop"", ""kind"": ""family"", ""mapping_status"": ""mapped"", ""note"": """", ""review_candidates"": [], ""broad_families"": [""pop""], ""style_neighborhoods"": [], ""scene_contexts"": []}, {""trace_id"": ""label-03"", ""source_path"": ""primary_style"", ""raw_label"": ""contemporary_rnb"", ""normalized_lookup"": ""contemporary rnb"", ""canonical_concept_id"": ""contemporary_rnb"", ""canonical_label"": ""Contemporary R&B"", ""kind"": ""style"", ""mapping_status"": ""mapped"", ""note"": """", ""review_candidates"": [], ""broad_families"": [""rnb_soul""], ""style_neighborhoods"": [""modern_rnb""], ""scene_contexts"": []}, {""trace_id"": ""label-04"", ""source_path"": ""secondary_styles[0]"", ""raw_label"": ""neo_soul"", ""normalized_lookup"": ""neo soul"", ""canonical_concept_id"": null, ""canonical_label"": null, ""kind"": ""unrecognized_label"", ""mapping_status"": ""mapping_review_required"", ""note"": ""No explicit alias. Preserve the label; do not infer a concept."", ""review_candidates"": [], ""broad_families"": [], ""style_neighborhoods"": [], ""scene_contexts"": []}, {""trace_id"": ""label-05"", ""source_path"": ""secondary_styles[1]"", ""raw_label"": ""pop_soul"", ""normalized_lookup"": ""pop soul"", ""canonical_concept_id"": null, ""canonical_label"": null, ""kind"": ""unrecognized_label"", ""mapping_status"": ""mapping_review_required"", ""note"": ""No explicit alias. Preserve the label; do not infer a concept."", ""review_candidates"": [], ""broad_families"": [], ""style_neighborhoods"": [], ""scene_contexts"": []}]",,False,Inspect the unchanged mapping and original classification separately. No prior answer is inferred.,,,
F032,2aiVdNIqY5BDCM10fKlKpS,"Daydreaming — Chevy, City Girl","{""primary_family"": ""R&B"", ""secondary_families"": [""Pop""], ""primary_style"": ""Contemporary R&B"", ""secondary_styles"": [""Alt-R&B""]}","[{""id"": ""rnb"", ""label"": ""R&B"", ""trace_ids"": [""label-01""]}, {""id"": ""pop"", ""label"": ""Pop"", ""trace_ids"": [""label-02""]}, {""id"": ""contemporary_rnb"", ""label"": ""Contemporary R&B"", ""trace_ids"": [""label-03""]}, {""id"": ""alternative_rnb"", ""label"": ""Alternative R&B"", ""trace_ids"": [""label-04""]}]","[""pop"", ""rnb_soul""]","[""alternative_rnb"", ""modern_rnb""]",[],"{""vocal_role"": ""sung_led"", ""arrangement_focus"": ""lead_vocal"", ""texture_tags"": [""electronic"", ""hazy"", ""layered""]}",[],"[{""trace_id"": ""label-01"", ""source_path"": ""primary_family"", ""raw_label"": ""R&B"", ""normalized_lookup"": ""r and b"", ""canonical_concept_id"": ""rnb"", ""canonical_label"": ""R&B"", ""kind"": ""family"", ""mapping_status"": ""mapped"", ""note"": ""R&B stays its own canonical concept; the broad family is a joint umbrella, not a synonym for soul."", ""review_candidates"": [], ""broad_families"": [""rnb_soul""], ""style_neighborhoods"": [], ""scene_contexts"": []}, {""trace_id"": ""label-02"", ""source_path"": ""secondary_families[0]"", ""raw_label"": ""Pop"", ""normalized_lookup"": ""pop"", ""canonical_concept_id"": ""pop"", ""canonical_label"": ""Pop"", ""kind"": ""family"", ""mapping_status"": ""mapped"", ""note"": """", ""review_candidates"": [], ""broad_families"": [""pop""], ""style_neighborhoods"": [], ""scene_contexts"": []}, {""trace_id"": ""label-03"", ""source_path"": ""primary_style"", ""raw_label"": ""Contemporary R&B"", ""normalized_lookup"": ""contemporary r and b"", ""canonical_concept_id"": ""contemporary_rnb"", ""canonical_label"": ""Contemporary R&B"", ""kind"": ""style"", ""mapping_status"": ""mapped"", ""note"": """", ""review_candidates"": [], ""broad_families"": [""rnb_soul""], ""style_neighborhoods"": [""modern_rnb""], ""scene_contexts"": []}, {""trace_id"": ""label-04"", ""source_path"": ""secondary_styles[0]"", ""raw_label"": ""Alt-R&B"", ""normalized_lookup"": ""alt r and b"", ""canonical_concept_id"": ""alternative_rnb"", ""canonical_label"": ""Alternative R&B"", ""kind"": ""style"", ""mapping_status"": ""mapped"", ""note"": """", ""review_candidates"": [], ""broad_families"": [""rnb_soul""], ""style_neighborhoods"": [""modern_rnb"", ""alternative_rnb""], ""scene_contexts"": []}]",,False,Inspect the unchanged mapping and original classification separately. No prior answer is inferred.,,,
F033,2g0LdZQce9xlcHb1mBJyuz,strawberry moon — IU,"{""primary_family"": ""Pop"", ""secondary_families"": [""R&B/Soul""], ""primary_style"": ""K-Pop"", ""secondary_styles"": [""Acoustic Pop""]}","[{""id"": ""pop"", ""label"": ""Pop"", ""trace_ids"": [""label-01""]}, {""id"": ""rnb_soul_umbrella"", ""label"": ""R&B and Soul"", ""trace_ids"": [""label-02""]}, {""id"": ""k_pop"", ""label"": ""K-Pop"", ""trace_ids"": [""label-03""]}]","[""pop"", ""rnb_soul""]",[],"[""korean_pop_scene""]","{""vocal_role"": ""sung_led"", ""arrangement_focus"": ""lead_vocal"", ""texture_tags"": [""acoustic"", ""clean"", ""layered""]}","[{""code"": ""context_separate_from_sonic_style"", ""trace_id"": ""label-03"", ""message"": ""Context only. No sonic neighborhood or broad family follows solely from the scene label.""}, {""code"": ""mapping_review_required"", ""trace_id"": ""label-04"", ""message"": ""No explicit alias. Preserve the label; do not infer a concept.""}]","[{""trace_id"": ""label-01"", ""source_path"": ""primary_family"", ""raw_label"": ""Pop"", ""normalized_lookup"": ""pop"", ""canonical_concept_id"": ""pop"", ""canonical_label"": ""Pop"", ""kind"": ""family"", ""mapping_status"": ""mapped"", ""note"": """", ""review_candidates"": [], ""broad_families"": [""pop""], ""style_neighborhoods"": [], ""scene_contexts"": []}, {""trace_id"": ""label-02"", ""source_path"": ""secondary_families[0]"", ""raw_label"": ""R&B/Soul"", ""normalized_lookup"": ""r and b / soul"", ""canonical_concept_id"": ""rnb_soul_umbrella"", ""canonical_label"": ""R&B and Soul"", ""kind"": ""family_umbrella"", ""mapping_status"": ""mapped"", ""note"": ""Combined family label preserved as an umbrella; not split into two independently predicted genres."", ""review_candidates"": [], ""broad_families"": [""rnb_soul""], ""style_neighborhoods"": [], ""scene_contexts"": []}, {""trace_id"": ""label-03"", ""source_path"": ""primary_style"", ""raw_label"": ""K-Pop"", ""normalized_lookup"": ""k pop"", ""canonical_concept_id"": ""k_pop"", ""canonical_label"": ""K-Pop"", ""kind"": ""scene_context"", ""mapping_status"": ""mapped"", ""note"": ""Context only. No sonic neighborhood or broad family follows solely from the scene label."", ""review_candidates"": [], ""broad_families"": [], ""style_neighborhoods"": [], ""scene_contexts"": [""korean_pop_scene""]}, {""trace_id"": ""label-04"", ""source_path"": ""secondary_styles[0]"", ""raw_label"": ""Acoustic Pop"", ""normalized_lookup"": ""acoustic pop"", ""canonical_concept_id"": null, ""canonical_label"": null, ""kind"": ""unrecognized_label"", ""mapping_status"": ""mapping_review_required"", ""note"": ""No explicit alias. Preserve the label; do not infer a concept."", ""review_candidates"": [], ""broad_families"": [], ""style_neighborhoods"": [], ""scene_contexts"": []}]",,False,Inspect the unchanged mapping and original classification separately. No prior answer is inferred.,,,
F034,2js0td9w2MzNUVPlMKYOEs,risk — lace,"{""primary_family"": ""Electronic"", ""secondary_families"": [""Pop"", ""Downtempo""], ""primary_style"": ""Trip Hop"", ""secondary_styles"": [""Downtempo"", ""Dream Pop""]}","[{""id"": ""electronic"", ""label"": ""Electronic"", ""trace_ids"": [""label-01""]}, {""id"": ""pop"", ""label"": ""Pop"", ""trace_ids"": [""label-02""]}, {""id"": ""downtempo"", ""label"": ""Downtempo"", ""trace_ids"": [""label-03"", ""label-05""]}, {""id"": ""trip_hop"", ""label"": ""Trip-hop"", ""trace_ids"": [""label-04""]}, {""id"": ""dream_pop"", ""label"": ""Dream pop"", ""trace_ids"": [""label-06""]}]","[""electronic"", ""hip_hop"", ""pop""]","[""atmospheric_pop"", ""downtempo_related"", ""hip_hop_beat_lineage"", ""indie_pop_related""]",[],"{""vocal_role"": ""sung_led"", ""arrangement_focus"": ""lead_vocal"", ""texture_tags"": [""electronic"", ""hazy"", ""layered""]}","[{""code"": ""style_concept_in_family_slot"", ""trace_id"": ""label-03"", ""message"": ""Resolve by explicit concept, not by the model field name; original slot retained.""}, {""code"": ""repeated_concept_not_extra_weight"", ""trace_ids"": [""label-03"", ""label-05""], ""message"": ""All raw occurrences retained; one set membership, no extra vote or confidence.""}]","[{""trace_id"": ""label-01"", ""source_path"": ""primary_family"", ""raw_label"": ""Electronic"", ""normalized_lookup"": ""electronic"", ""canonical_concept_id"": ""electronic"", ""canonical_label"": ""Electronic"", ""kind"": ""family"", ""mapping_status"": ""mapped"", ""note"": """", ""review_candidates"": [], ""broad_families"": [""electronic""], ""style_neighborhoods"": [], ""scene_contexts"": []}, {""trace_id"": ""label-02"", ""source_path"": ""secondary_families[0]"", ""raw_label"": ""Pop"", ""normalized_lookup"": ""pop"", ""canonical_concept_id"": ""pop"", ""canonical_label"": ""Pop"", ""kind"": ""family"", ""mapping_status"": ""mapped"", ""note"": """", ""review_candidates"": [], ""broad_families"": [""pop""], ""style_neighborhoods"": [], ""scene_contexts"": []}, {""trace_id"": ""label-03"", ""source_path"": ""secondary_families[1]"", ""raw_label"": ""Downtempo"", ""normalized_lookup"": ""downtempo"", ""canonical_concept_id"": ""downtempo"", ""canonical_label"": ""Downtempo"", ""kind"": ""style_umbrella"", ""mapping_status"": ""mapped"", ""note"": ""A style-level umbrella even when Gemini puts it in a family slot; not a BPM measurement."", ""review_candidates"": [], ""broad_families"": [""electronic""], ""style_neighborhoods"": [""downtempo_related""], ""scene_contexts"": []}, {""trace_id"": ""label-04"", ""source_path"": ""primary_style"", ""raw_label"": ""Trip Hop"", ""normalized_lookup"": ""trip hop"", ""canonical_concept_id"": ""trip_hop"", ""canonical_label"": ""Trip-hop"", ""kind"": ""style"", ""mapping_status"": ""mapped"", ""note"": ""Hip-hop membership denotes lineage, not rap-led vocals or automatic compatibility with rap."", ""review_candidates"": [], ""broad_families"": [""electronic"", ""hip_hop""], ""style_neighborhoods"": [""hip_hop_beat_lineage"", ""downtempo_related""], ""scene_contexts"": []}, {""trace_id"": ""label-05"", ""source_path"": ""secondary_styles[0]"", ""raw_label"": ""Downtempo"", ""normalized_lookup"": ""downtempo"", ""canonical_concept_id"": ""downtempo"", ""canonical_label"": ""Downtempo"", ""kind"": ""style_umbrella"", ""mapping_status"": ""mapped"", ""note"": ""A style-level umbrella even when Gemini puts it in a family slot; not a BPM measurement."", ""review_candidates"": [], ""broad_families"": [""electronic""], ""style_neighborhoods"": [""downtempo_related""], ""scene_contexts"": []}, {""trace_id"": ""label-06"", ""source_path"": ""secondary_styles[1]"", ""raw_label"": ""Dream Pop"", ""normalized_lookup"": ""dream pop"", ""canonical_concept_id"": ""dream_pop"", ""canonical_label"": ""Dream pop"", ""kind"": ""style"", ""mapping_status"": ""mapped"", ""note"": ""Operational non-exhaustive pop membership. Does not instantiate a rock family or infer guitar instrumentation without further labels."", ""review_candidates"": [], ""broad_families"": [""pop""], ""style_neighborhoods"": [""indie_pop_related"", ""atmospheric_pop""], ""scene_contexts"": []}]",,False,Inspect the unchanged mapping and original classification separately. No prior answer is inferred.,,,
F035,2sXQnT404FrXeSEZkJXfKM,Fall in love with you in every 4AM. — Friday Night Plans,"{""primary_family"": ""R&B"", ""secondary_families"": [""Electronic"", ""Pop""], ""primary_style"": ""Contemporary R&B"", ""secondary_styles"": [""Alt-R&B""]}","[{""id"": ""rnb"", ""label"": ""R&B"", ""trace_ids"": [""label-01""]}, {""id"": ""electronic"", ""label"": ""Electronic"", ""trace_ids"": [""label-02""]}, {""id"": ""pop"", ""label"": ""Pop"", ""trace_ids"": [""label-03""]}, {""id"": ""contemporary_rnb"", ""label"": ""Contemporary R&B"", ""trace_ids"": [""label-04""]}, {""id"": ""alternative_rnb"", ""label"": ""Alternative R&B"", ""trace_ids"": [""label-05""]}]","[""electronic"", ""pop"", ""rnb_soul""]","[""alternative_rnb"", ""modern_rnb""]",[],"{""vocal_role"": ""sung_led"", ""arrangement_focus"": ""lead_vocal"", ""texture_tags"": [""electronic"", ""clean""]}",[],"[{""trace_id"": ""label-01"", ""source_path"": ""primary_family"", ""raw_label"": ""R&B"", ""normalized_lookup"": ""r and b"", ""canonical_concept_id"": ""rnb"", ""canonical_label"": ""R&B"", ""kind"": ""family"", ""mapping_status"": ""mapped"", ""note"": ""R&B stays its own canonical concept; the broad family is a joint umbrella, not a synonym for soul."", ""review_candidates"": [], ""broad_families"": [""rnb_soul""], ""style_neighborhoods"": [], ""scene_contexts"": []}, {""trace_id"": ""label-02"", ""source_path"": ""secondary_families[0]"", ""raw_label"": ""Electronic"", ""normalized_lookup"": ""electronic"", ""canonical_concept_id"": ""electronic"", ""canonical_label"": ""Electronic"", ""kind"": ""family"", ""mapping_status"": ""mapped"", ""note"": """", ""review_candidates"": [], ""broad_families"": [""electronic""], ""style_neighborhoods"": [], ""scene_contexts"": []}, {""trace_id"": ""label-03"", ""source_path"": ""secondary_families[1]"", ""raw_label"": ""Pop"", ""normalized_lookup"": ""pop"", ""canonical_concept_id"": ""pop"", ""canonical_label"": ""Pop"", ""kind"": ""family"", ""mapping_status"": ""mapped"", ""note"": """", ""review_candidates"": [], ""broad_families"": [""pop""], ""style_neighborhoods"": [], ""scene_contexts"": []}, {""trace_id"": ""label-04"", ""source_path"": ""primary_style"", ""raw_label"": ""Contemporary R&B"", ""normalized_lookup"": ""contemporary r and b"", ""canonical_concept_id"": ""contemporary_rnb"", ""canonical_label"": ""Contemporary R&B"", ""kind"": ""style"", ""mapping_status"": ""mapped"", ""note"": """", ""review_candidates"": [], ""broad_families"": [""rnb_soul""], ""style_neighborhoods"": [""modern_rnb""], ""scene_contexts"": []}, {""trace_id"": ""label-05"", ""source_path"": ""secondary_styles[0]"", ""raw_label"": ""Alt-R&B"", ""normalized_lookup"": ""alt r and b"", ""canonical_concept_id"": ""alternative_rnb"", ""canonical_label"": ""Alternative R&B"", ""kind"": ""style"", ""mapping_status"": ""mapped"", ""note"": """", ""review_candidates"": [], ""broad_families"": [""rnb_soul""], ""style_neighborhoods"": [""modern_rnb"", ""alternative_rnb""], ""scene_contexts"": []}]",,False,Inspect the unchanged mapping and original classification separately. No prior answer is inferred.,,,
F036,2yQY2IzeQtUKanVo78Fg23,"Pray — City Girl, tiffi","{""primary_family"": ""Electronic"", ""secondary_families"": [""Dance""], ""primary_style"": ""Hard Techno"", ""secondary_styles"": [""Schranz"", ""Industrial Techno""]}","[{""id"": ""electronic"", ""label"": ""Electronic"", ""trace_ids"": [""label-01""]}, {""id"": ""dance_unspecified"", ""label"": ""Dance"", ""trace_ids"": [""label-02""]}]","[""electronic""]",[],[],"{""vocal_role"": ""sung_led"", ""arrangement_focus"": ""beat_or_instrumental"", ""texture_tags"": [""electronic"", ""distorted"", ""layered""]}","[{""code"": ""mapping_review_required"", ""trace_id"": ""label-02"", ""message"": ""Bare dance label does not distinguish function, dance-pop, or electronic dance music.""}, {""code"": ""mapping_review_required"", ""trace_id"": ""label-03"", ""message"": ""No explicit alias. Preserve the label; do not infer a concept.""}, {""code"": ""mapping_review_required"", ""trace_id"": ""label-04"", ""message"": ""No explicit alias. Preserve the label; do not infer a concept.""}, {""code"": ""mapping_review_required"", ""trace_id"": ""label-05"", ""message"": ""No explicit alias. Preserve the label; do not infer a concept.""}]","[{""trace_id"": ""label-01"", ""source_path"": ""primary_family"", ""raw_label"": ""Electronic"", ""normalized_lookup"": ""electronic"", ""canonical_concept_id"": ""electronic"", ""canonical_label"": ""Electronic"", ""kind"": ""family"", ""mapping_status"": ""mapped"", ""note"": """", ""review_candidates"": [], ""broad_families"": [""electronic""], ""style_neighborhoods"": [], ""scene_contexts"": []}, {""trace_id"": ""label-02"", ""source_path"": ""secondary_families[0]"", ""raw_label"": ""Dance"", ""normalized_lookup"": ""dance"", ""canonical_concept_id"": ""dance_unspecified"", ""canonical_label"": ""Dance"", ""kind"": ""ambiguous_umbrella"", ""mapping_status"": ""mapping_review_required"", ""note"": ""Bare dance label does not distinguish function, dance-pop, or electronic dance music."", ""review_candidates"": [""dance/listening function"", ""dance-pop"", ""electronic dance music""], ""broad_families"": [], ""style_neighborhoods"": [], ""scene_contexts"": []}, {""trace_id"": ""label-03"", ""source_path"": ""primary_style"", ""raw_label"": ""Hard Techno"", ""normalized_lookup"": ""hard techno"", ""canonical_concept_id"": null, ""canonical_label"": null, ""kind"": ""unrecognized_label"", ""mapping_status"": ""mapping_review_required"", ""note"": ""No explicit alias. Preserve the label; do not infer a concept."", ""review_candidates"": [], ""broad_families"": [], ""style_neighborhoods"": [], ""scene_contexts"": []}, {""trace_id"": ""label-04"", ""source_path"": ""secondary_styles[0]"", ""raw_label"": ""Schranz"", ""normalized_lookup"": ""schranz"", ""canonical_concept_id"": null, ""canonical_label"": null, ""kind"": ""unrecognized_label"", ""mapping_status"": ""mapping_review_required"", ""note"": ""No explicit alias. Preserve the label; do not infer a concept."", ""review_candidates"": [], ""broad_families"": [], ""style_neighborhoods"": [], ""scene_contexts"": []}, {""trace_id"": ""label-05"", ""source_path"": ""secondary_styles[1]"", ""raw_label"": ""Industrial Techno"", ""normalized_lookup"": ""industrial techno"", ""canonical_concept_id"": null, ""canonical_label"": null, ""kind"": ""unrecognized_label"", ""mapping_status"": ""mapping_review_required"", ""note"": ""No explicit alias. Preserve the label; do not infer a concept."", ""review_candidates"": [], ""broad_families"": [], ""style_neighborhoods"": [], ""scene_contexts"": []}]",,False,Inspect the unchanged mapping and original classification separately. No prior answer is inferred.,,,
F037,30NAF18yQGvwKrbn1IEMKn,"Fresh Air — Maasho, Weston Estate","{""primary_family"": ""Hip-Hop"", ""secondary_families"": [""R&B"", ""Pop""], ""primary_style"": ""Trap R&B"", ""secondary_styles"": [""Melodic Trap"", ""Contemporary R&B""]}","[{""id"": ""hip_hop"", ""label"": ""Hip-hop"", ""trace_ids"": [""label-01""]}, {""id"": ""rnb"", ""label"": ""R&B"", ""trace_ids"": [""label-02""]}, {""id"": ""pop"", ""label"": ""Pop"", ""trace_ids"": [""label-03""]}, {""id"": ""contemporary_rnb"", ""label"": ""Contemporary R&B"", ""trace_ids"": [""label-06""]}]","[""hip_hop"", ""pop"", ""rnb_soul""]","[""modern_rnb""]",[],"{""vocal_role"": ""mixed_rap_and_singing"", ""arrangement_focus"": ""lead_vocal"", ""texture_tags"": [""electronic"", ""clean"", ""layered""]}","[{""code"": ""mapping_review_required"", ""trace_id"": ""label-04"", ""message"": ""No explicit alias. Preserve the label; do not infer a concept.""}, {""code"": ""mapping_review_required"", ""trace_id"": ""label-05"", ""message"": ""No explicit alias. Preserve the label; do not infer a concept.""}]","[{""trace_id"": ""label-01"", ""source_path"": ""primary_family"", ""raw_label"": ""Hip-Hop"", ""normalized_lookup"": ""hip hop"", ""canonical_concept_id"": ""hip_hop"", ""canonical_label"": ""Hip-hop"", ""kind"": ""family"", ""mapping_status"": ""mapped"", ""note"": """", ""review_candidates"": [], ""broad_families"": [""hip_hop""], ""style_neighborhoods"": [], ""scene_contexts"": []}, {""trace_id"": ""label-02"", ""source_path"": ""secondary_families[0]"", ""raw_label"": ""R&B"", ""normalized_lookup"": ""r and b"", ""canonical_concept_id"": ""rnb"", ""canonical_label"": ""R&B"", ""kind"": ""family"", ""mapping_status"": ""mapped"", ""note"": ""R&B stays its own canonical concept; the broad family is a joint umbrella, not a synonym for soul."", ""review_candidates"": [], ""broad_families"": [""rnb_soul""], ""style_neighborhoods"": [], ""scene_contexts"": []}, {""trace_id"": ""label-03"", ""source_path"": ""secondary_families[1]"", ""raw_label"": ""Pop"", ""normalized_lookup"": ""pop"", ""canonical_concept_id"": ""pop"", ""canonical_label"": ""Pop"", ""kind"": ""family"", ""mapping_status"": ""mapped"", ""note"": """", ""review_candidates"": [], ""broad_families"": [""pop""], ""style_neighborhoods"": [], ""scene_contexts"": []}, {""trace_id"": ""label-04"", ""source_path"": ""primary_style"", ""raw_label"": ""Trap R&B"", ""normalized_lookup"": ""trap r and b"", ""canonical_concept_id"": null, ""canonical_label"": null, ""kind"": ""unrecognized_label"", ""mapping_status"": ""mapping_review_required"", ""note"": ""No explicit alias. Preserve the label; do not infer a concept."", ""review_candidates"": [], ""broad_families"": [], ""style_neighborhoods"": [], ""scene_contexts"": []}, {""trace_id"": ""label-05"", ""source_path"": ""secondary_styles[0]"", ""raw_label"": ""Melodic Trap"", ""normalized_lookup"": ""melodic trap"", ""canonical_concept_id"": null, ""canonical_label"": null, ""kind"": ""unrecognized_label"", ""mapping_status"": ""mapping_review_required"", ""note"": ""No explicit alias. Preserve the label; do not infer a concept."", ""review_candidates"": [], ""broad_families"": [], ""style_neighborhoods"": [], ""scene_contexts"": []}, {""trace_id"": ""label-06"", ""source_path"": ""secondary_styles[1]"", ""raw_label"": ""Contemporary R&B"", ""normalized_lookup"": ""contemporary r and b"", ""canonical_concept_id"": ""contemporary_rnb"", ""canonical_label"": ""Contemporary R&B"", ""kind"": ""style"", ""mapping_status"": ""mapped"", ""note"": """", ""review_candidates"": [], ""broad_families"": [""rnb_soul""], ""style_neighborhoods"": [""modern_rnb""], ""scene_contexts"": []}]",,False,Inspect the unchanged mapping and original classification separately. No prior answer is inferred.,,,
F038,340yvMO5adu3bo1x5Zrw14,"You Might (Feat. SHIRT) — g0nny, SHIRT","{""primary_family"": ""Pop"", ""secondary_families"": [""R&B""], ""primary_style"": ""K-Pop"", ""secondary_styles"": [""Contemporary R&B""]}","[{""id"": ""pop"", ""label"": ""Pop"", ""trace_ids"": [""label-01""]}, {""id"": ""rnb"", ""label"": ""R&B"", ""trace_ids"": [""label-02""]}, {""id"": ""k_pop"", ""label"": ""K-Pop"", ""trace_ids"": [""label-03""]}, {""id"": ""contemporary_rnb"", ""label"": ""Contemporary R&B"", ""trace_ids"": [""label-04""]}]","[""pop"", ""rnb_soul""]","[""modern_rnb""]","[""korean_pop_scene""]","{""vocal_role"": ""sung_led"", ""arrangement_focus"": ""lead_vocal"", ""texture_tags"": [""clean"", ""electronic"", ""layered""]}","[{""code"": ""context_separate_from_sonic_style"", ""trace_id"": ""label-03"", ""message"": ""Context only. No sonic neighborhood or broad family follows solely from the scene label.""}]","[{""trace_id"": ""label-01"", ""source_path"": ""primary_family"", ""raw_label"": ""Pop"", ""normalized_lookup"": ""pop"", ""canonical_concept_id"": ""pop"", ""canonical_label"": ""Pop"", ""kind"": ""family"", ""mapping_status"": ""mapped"", ""note"": """", ""review_candidates"": [], ""broad_families"": [""pop""], ""style_neighborhoods"": [], ""scene_contexts"": []}, {""trace_id"": ""label-02"", ""source_path"": ""secondary_families[0]"", ""raw_label"": ""R&B"", ""normalized_lookup"": ""r and b"", ""canonical_concept_id"": ""rnb"", ""canonical_label"": ""R&B"", ""kind"": ""family"", ""mapping_status"": ""mapped"", ""note"": ""R&B stays its own canonical concept; the broad family is a joint umbrella, not a synonym for soul."", ""review_candidates"": [], ""broad_families"": [""rnb_soul""], ""style_neighborhoods"": [], ""scene_contexts"": []}, {""trace_id"": ""label-03"", ""source_path"": ""primary_style"", ""raw_label"": ""K-Pop"", ""normalized_lookup"": ""k pop"", ""canonical_concept_id"": ""k_pop"", ""canonical_label"": ""K-Pop"", ""kind"": ""scene_context"", ""mapping_status"": ""mapped"", ""note"": ""Context only. No sonic neighborhood or broad family follows solely from the scene label."", ""review_candidates"": [], ""broad_families"": [], ""style_neighborhoods"": [], ""scene_contexts"": [""korean_pop_scene""]}, {""trace_id"": ""label-04"", ""source_path"": ""secondary_styles[0]"", ""raw_label"": ""Contemporary R&B"", ""normalized_lookup"": ""contemporary r and b"", ""canonical_concept_id"": ""contemporary_rnb"", ""canonical_label"": ""Contemporary R&B"", ""kind"": ""style"", ""mapping_status"": ""mapped"", ""note"": """", ""review_candidates"": [], ""broad_families"": [""rnb_soul""], ""style_neighborhoods"": [""modern_rnb""], ""scene_contexts"": []}]",,False,Inspect the unchanged mapping and original classification separately. No prior answer is inferred.,,,
F039,37BvHZhn4399Zhh6EDa4km,Ever2Late! — KiiiKiii,"{""primary_family"": ""pop"", ""secondary_families"": [""electronic / dance""], ""primary_style"": ""k-pop"", ""secondary_styles"": [""dance-pop"", ""afro-house""]}","[{""id"": ""pop"", ""label"": ""Pop"", ""trace_ids"": [""label-01""]}, {""id"": ""k_pop"", ""label"": ""K-Pop"", ""trace_ids"": [""label-03""]}, {""id"": ""dance_pop"", ""label"": ""Dance-pop"", ""trace_ids"": [""label-04""]}]","[""pop""]","[""dance_pop"", ""pop_electronic""]","[""korean_pop_scene""]","{""vocal_role"": ""sung_led"", ""arrangement_focus"": ""balanced"", ""texture_tags"": [""electronic"", ""layered"", ""clean""]}","[{""code"": ""mapping_review_required"", ""trace_id"": ""label-02"", ""message"": ""No explicit alias. Preserve the label; do not infer a concept.""}, {""code"": ""context_separate_from_sonic_style"", ""trace_id"": ""label-03"", ""message"": ""Context only. No sonic neighborhood or broad family follows solely from the scene label.""}, {""code"": ""mapping_review_required"", ""trace_id"": ""label-05"", ""message"": ""No explicit alias. Preserve the label; do not infer a concept.""}]","[{""trace_id"": ""label-01"", ""source_path"": ""primary_family"", ""raw_label"": ""pop"", ""normalized_lookup"": ""pop"", ""canonical_concept_id"": ""pop"", ""canonical_label"": ""Pop"", ""kind"": ""family"", ""mapping_status"": ""mapped"", ""note"": """", ""review_candidates"": [], ""broad_families"": [""pop""], ""style_neighborhoods"": [], ""scene_contexts"": []}, {""trace_id"": ""label-02"", ""source_path"": ""secondary_families[0]"", ""raw_label"": ""electronic / dance"", ""normalized_lookup"": ""electronic / dance"", ""canonical_concept_id"": null, ""canonical_label"": null, ""kind"": ""unrecognized_label"", ""mapping_status"": ""mapping_review_required"", ""note"": ""No explicit alias. Preserve the label; do not infer a concept."", ""review_candidates"": [], ""broad_families"": [], ""style_neighborhoods"": [], ""scene_contexts"": []}, {""trace_id"": ""label-03"", ""source_path"": ""primary_style"", ""raw_label"": ""k-pop"", ""normalized_lookup"": ""k pop"", ""canonical_concept_id"": ""k_pop"", ""canonical_label"": ""K-Pop"", ""kind"": ""scene_context"", ""mapping_status"": ""mapped"", ""note"": ""Context only. No sonic neighborhood or broad family follows solely from the scene label."", ""review_candidates"": [], ""broad_families"": [], ""style_neighborhoods"": [], ""scene_contexts"": [""korean_pop_scene""]}, {""trace_id"": ""label-04"", ""source_path"": ""secondary_styles[0]"", ""raw_label"": ""dance-pop"", ""normalized_lookup"": ""dance pop"", ""canonical_concept_id"": ""dance_pop"", ""canonical_label"": ""Dance-pop"", ""kind"": ""style"", ""mapping_status"": ""mapped"", ""note"": ""Electronic-pop neighborhood is a stylistic adjacency, not an instrumentation assertion or automatic electronic family."", ""review_candidates"": [], ""broad_families"": [""pop""], ""style_neighborhoods"": [""pop_electronic"", ""dance_pop""], ""scene_contexts"": []}, {""trace_id"": ""label-05"", ""source_path"": ""secondary_styles[1]"", ""raw_label"": ""afro-house"", ""normalized_lookup"": ""afro house"", ""canonical_concept_id"": null, ""canonical_label"": null, ""kind"": ""unrecognized_label"", ""mapping_status"": ""mapping_review_required"", ""note"": ""No explicit alias. Preserve the label; do not infer a concept."", ""review_candidates"": [], ""broad_families"": [], ""style_neighborhoods"": [], ""scene_contexts"": []}]",,False,Inspect the unchanged mapping and original classification separately. No prior answer is inferred.,,,
F040,39kzWAiVPpycdMpr745oPj,You Never Know — BLACKPINK,"{""primary_family"": ""Pop"", ""secondary_families"": [""Electronic"", ""Hip-Hop""], ""primary_style"": ""K-Pop"", ""secondary_styles"": [""Dance-Pop"", ""Contemporary R&B""]}","[{""id"": ""pop"", ""label"": ""Pop"", ""trace_ids"": [""label-01""]}, {""id"": ""electronic"", ""label"": ""Electronic"", ""trace_ids"": [""label-02""]}, {""id"": ""hip_hop"", ""label"": ""Hip-hop"", ""trace_ids"": [""label-03""]}, {""id"": ""k_pop"", ""label"": ""K-Pop"", ""trace_ids"": [""label-04""]}, {""id"": ""dance_pop"", ""label"": ""Dance-pop"", ""trace_ids"": [""label-05""]}, {""id"": ""contemporary_rnb"", ""label"": ""Contemporary R&B"", ""trace_ids"": [""label-06""]}]","[""electronic"", ""hip_hop"", ""pop"", ""rnb_soul""]","[""dance_pop"", ""modern_rnb"", ""pop_electronic""]","[""korean_pop_scene""]","{""vocal_role"": ""sung_led"", ""arrangement_focus"": ""lead_vocal"", ""texture_tags"": [""electronic"", ""clean"", ""layered""]}","[{""code"": ""context_separate_from_sonic_style"", ""trace_id"": ""label-04"", ""message"": ""Context only. No sonic neighborhood or broad family follows solely from the scene label.""}]","[{""trace_id"": ""label-01"", ""source_path"": ""primary_family"", ""raw_label"": ""Pop"", ""normalized_lookup"": ""pop"", ""canonical_concept_id"": ""pop"", ""canonical_label"": ""Pop"", ""kind"": ""family"", ""mapping_status"": ""mapped"", ""note"": """", ""review_candidates"": [], ""broad_families"": [""pop""], ""style_neighborhoods"": [], ""scene_contexts"": []}, {""trace_id"": ""label-02"", ""source_path"": ""secondary_families[0]"", ""raw_label"": ""Electronic"", ""normalized_lookup"": ""electronic"", ""canonical_concept_id"": ""electronic"", ""canonical_label"": ""Electronic"", ""kind"": ""family"", ""mapping_status"": ""mapped"", ""note"": """", ""review_candidates"": [], ""broad_families"": [""electronic""], ""style_neighborhoods"": [], ""scene_contexts"": []}, {""trace_id"": ""label-03"", ""source_path"": ""secondary_families[1]"", ""raw_label"": ""Hip-Hop"", ""normalized_lookup"": ""hip hop"", ""canonical_concept_id"": ""hip_hop"", ""canonical_label"": ""Hip-hop"", ""kind"": ""family"", ""mapping_status"": ""mapped"", ""note"": """", ""review_candidates"": [], ""broad_families"": [""hip_hop""], ""style_neighborhoods"": [], ""scene_contexts"": []}, {""trace_id"": ""label-04"", ""source_path"": ""primary_style"", ""raw_label"": ""K-Pop"", ""normalized_lookup"": ""k pop"", ""canonical_concept_id"": ""k_pop"", ""canonical_label"": ""K-Pop"", ""kind"": ""scene_context"", ""mapping_status"": ""mapped"", ""note"": ""Context only. No sonic neighborhood or broad family follows solely from the scene label."", ""review_candidates"": [], ""broad_families"": [], ""style_neighborhoods"": [], ""scene_contexts"": [""korean_pop_scene""]}, {""trace_id"": ""label-05"", ""source_path"": ""secondary_styles[0]"", ""raw_label"": ""Dance-Pop"", ""normalized_lookup"": ""dance pop"", ""canonical_concept_id"": ""dance_pop"", ""canonical_label"": ""Dance-pop"", ""kind"": ""style"", ""mapping_status"": ""mapped"", ""note"": ""Electronic-pop neighborhood is a stylistic adjacency, not an instrumentation assertion or automatic electronic family."", ""review_candidates"": [], ""broad_families"": [""pop""], ""style_neighborhoods"": [""pop_electronic"", ""dance_pop""], ""scene_contexts"": []}, {""trace_id"": ""label-06"", ""source_path"": ""secondary_styles[1]"", ""raw_label"": ""Contemporary R&B"", ""normalized_lookup"": ""contemporary r and b"", ""canonical_concept_id"": ""contemporary_rnb"", ""canonical_label"": ""Contemporary R&B"", ""kind"": ""style"", ""mapping_status"": ""mapped"", ""note"": """", ""review_candidates"": [], ""broad_families"": [""rnb_soul""], ""style_neighborhoods"": [""modern_rnb""], ""scene_contexts"": []}]",,False,Inspect the unchanged mapping and original classification separately. No prior answer is inferred.,,,
F041,3F5HhdyBfvCbzuPJbGBHkc,2080 — chicken97,"{""primary_family"": ""Pop"", ""secondary_families"": [""Electronic"", ""R&B""], ""primary_style"": ""K-Pop"", ""secondary_styles"": [""Synthpop"", ""Ballad""]}","[{""id"": ""pop"", ""label"": ""Pop"", ""trace_ids"": [""label-01""]}, {""id"": ""electronic"", ""label"": ""Electronic"", ""trace_ids"": [""label-02""]}, {""id"": ""rnb"", ""label"": ""R&B"", ""trace_ids"": [""label-03""]}, {""id"": ""k_pop"", ""label"": ""K-Pop"", ""trace_ids"": [""label-04""]}, {""id"": ""synth_pop"", ""label"": ""Synth-pop"", ""trace_ids"": [""label-05""]}]","[""electronic"", ""pop"", ""rnb_soul""]","[""pop_electronic"", ""synth_pop""]","[""korean_pop_scene""]","{""vocal_role"": ""sung_led"", ""arrangement_focus"": ""lead_vocal"", ""texture_tags"": [""clean"", ""electronic"", ""layered""]}","[{""code"": ""context_separate_from_sonic_style"", ""trace_id"": ""label-04"", ""message"": ""Context only. No sonic neighborhood or broad family follows solely from the scene label.""}, {""code"": ""mapping_review_required"", ""trace_id"": ""label-06"", ""message"": ""No explicit alias. Preserve the label; do not infer a concept.""}]","[{""trace_id"": ""label-01"", ""source_path"": ""primary_family"", ""raw_label"": ""Pop"", ""normalized_lookup"": ""pop"", ""canonical_concept_id"": ""pop"", ""canonical_label"": ""Pop"", ""kind"": ""family"", ""mapping_status"": ""mapped"", ""note"": """", ""review_candidates"": [], ""broad_families"": [""pop""], ""style_neighborhoods"": [], ""scene_contexts"": []}, {""trace_id"": ""label-02"", ""source_path"": ""secondary_families[0]"", ""raw_label"": ""Electronic"", ""normalized_lookup"": ""electronic"", ""canonical_concept_id"": ""electronic"", ""canonical_label"": ""Electronic"", ""kind"": ""family"", ""mapping_status"": ""mapped"", ""note"": """", ""review_candidates"": [], ""broad_families"": [""electronic""], ""style_neighborhoods"": [], ""scene_contexts"": []}, {""trace_id"": ""label-03"", ""source_path"": ""secondary_families[1]"", ""raw_label"": ""R&B"", ""normalized_lookup"": ""r and b"", ""canonical_concept_id"": ""rnb"", ""canonical_label"": ""R&B"", ""kind"": ""family"", ""mapping_status"": ""mapped"", ""note"": ""R&B stays its own canonical concept; the broad family is a joint umbrella, not a synonym for soul."", ""review_candidates"": [], ""broad_families"": [""rnb_soul""], ""style_neighborhoods"": [], ""scene_contexts"": []}, {""trace_id"": ""label-04"", ""source_path"": ""primary_style"", ""raw_label"": ""K-Pop"", ""normalized_lookup"": ""k pop"", ""canonical_concept_id"": ""k_pop"", ""canonical_label"": ""K-Pop"", ""kind"": ""scene_context"", ""mapping_status"": ""mapped"", ""note"": ""Context only. No sonic neighborhood or broad family follows solely from the scene label."", ""review_candidates"": [], ""broad_families"": [], ""style_neighborhoods"": [], ""scene_contexts"": [""korean_pop_scene""]}, {""trace_id"": ""label-05"", ""source_path"": ""secondary_styles[0]"", ""raw_label"": ""Synthpop"", ""normalized_lookup"": ""synthpop"", ""canonical_concept_id"": ""synth_pop"", ""canonical_label"": ""Synth-pop"", ""kind"": ""style"", ""mapping_status"": ""mapped"", ""note"": """", ""review_candidates"": [], ""broad_families"": [""pop"", ""electronic""], ""style_neighborhoods"": [""pop_electronic"", ""synth_pop""], ""scene_contexts"": []}, {""trace_id"": ""label-06"", ""source_path"": ""secondary_styles[1]"", ""raw_label"": ""Ballad"", ""normalized_lookup"": ""ballad"", ""canonical_concept_id"": null, ""canonical_label"": null, ""kind"": ""unrecognized_label"", ""mapping_status"": ""mapping_review_required"", ""note"": ""No explicit alias. Preserve the label; do not infer a concept."", ""review_candidates"": [], ""broad_families"": [], ""style_neighborhoods"": [], ""scene_contexts"": []}]",,False,Inspect the unchanged mapping and original classification separately. No prior answer is inferred.,,,
F042,3INETdToKVgt2vfp1wYBFw,bamsopoong — ILLIT,"{""primary_family"": ""pop"", ""secondary_families"": [""electronic"", ""dance""], ""primary_style"": ""k-pop"", ""secondary_styles"": [""dance-pop"", ""electropop""]}","[{""id"": ""pop"", ""label"": ""Pop"", ""trace_ids"": [""label-01""]}, {""id"": ""electronic"", ""label"": ""Electronic"", ""trace_ids"": [""label-02""]}, {""id"": ""dance_unspecified"", ""label"": ""Dance"", ""trace_ids"": [""label-03""]}, {""id"": ""k_pop"", ""label"": ""K-Pop"", ""trace_ids"": [""label-04""]}, {""id"": ""dance_pop"", ""label"": ""Dance-pop"", ""trace_ids"": [""label-05""]}, {""id"": ""electropop"", ""label"": ""Electropop"", ""trace_ids"": [""label-06""]}]","[""electronic"", ""pop""]","[""dance_pop"", ""pop_electronic""]","[""korean_pop_scene""]","{""vocal_role"": ""sung_led"", ""arrangement_focus"": ""lead_vocal"", ""texture_tags"": [""electronic"", ""layered"", ""clean""]}","[{""code"": ""mapping_review_required"", ""trace_id"": ""label-03"", ""message"": ""Bare dance label does not distinguish function, dance-pop, or electronic dance music.""}, {""code"": ""context_separate_from_sonic_style"", ""trace_id"": ""label-04"", ""message"": ""Context only. No sonic neighborhood or broad family follows solely from the scene label.""}]","[{""trace_id"": ""label-01"", ""source_path"": ""primary_family"", ""raw_label"": ""pop"", ""normalized_lookup"": ""pop"", ""canonical_concept_id"": ""pop"", ""canonical_label"": ""Pop"", ""kind"": ""family"", ""mapping_status"": ""mapped"", ""note"": """", ""review_candidates"": [], ""broad_families"": [""pop""], ""style_neighborhoods"": [], ""scene_contexts"": []}, {""trace_id"": ""label-02"", ""source_path"": ""secondary_families[0]"", ""raw_label"": ""electronic"", ""normalized_lookup"": ""electronic"", ""canonical_concept_id"": ""electronic"", ""canonical_label"": ""Electronic"", ""kind"": ""family"", ""mapping_status"": ""mapped"", ""note"": """", ""review_candidates"": [], ""broad_families"": [""electronic""], ""style_neighborhoods"": [], ""scene_contexts"": []}, {""trace_id"": ""label-03"", ""source_path"": ""secondary_families[1]"", ""raw_label"": ""dance"", ""normalized_lookup"": ""dance"", ""canonical_concept_id"": ""dance_unspecified"", ""canonical_label"": ""Dance"", ""kind"": ""ambiguous_umbrella"", ""mapping_status"": ""mapping_review_required"", ""note"": ""Bare dance label does not distinguish function, dance-pop, or electronic dance music."", ""review_candidates"": [""dance/listening function"", ""dance-pop"", ""electronic dance music""], ""broad_families"": [], ""style_neighborhoods"": [], ""scene_contexts"": []}, {""trace_id"": ""label-04"", ""source_path"": ""primary_style"", ""raw_label"": ""k-pop"", ""normalized_lookup"": ""k pop"", ""canonical_concept_id"": ""k_pop"", ""canonical_label"": ""K-Pop"", ""kind"": ""scene_context"", ""mapping_status"": ""mapped"", ""note"": ""Context only. No sonic neighborhood or broad family follows solely from the scene label."", ""review_candidates"": [], ""broad_families"": [], ""style_neighborhoods"": [], ""scene_contexts"": [""korean_pop_scene""]}, {""trace_id"": ""label-05"", ""source_path"": ""secondary_styles[0]"", ""raw_label"": ""dance-pop"", ""normalized_lookup"": ""dance pop"", ""canonical_concept_id"": ""dance_pop"", ""canonical_label"": ""Dance-pop"", ""kind"": ""style"", ""mapping_status"": ""mapped"", ""note"": ""Electronic-pop neighborhood is a stylistic adjacency, not an instrumentation assertion or automatic electronic family."", ""review_candidates"": [], ""broad_families"": [""pop""], ""style_neighborhoods"": [""pop_electronic"", ""dance_pop""], ""scene_contexts"": []}, {""trace_id"": ""label-06"", ""source_path"": ""secondary_styles[1]"", ""raw_label"": ""electropop"", ""normalized_lookup"": ""electropop"", ""canonical_concept_id"": ""electropop"", ""canonical_label"": ""Electropop"", ""kind"": ""style"", ""mapping_status"": ""mapped"", ""note"": """", ""review_candidates"": [], ""broad_families"": [""pop"", ""electronic""], ""style_neighborhoods"": [""pop_electronic""], ""scene_contexts"": []}]",,False,Inspect the unchanged mapping and original classification separately. No prior answer is inferred.,,,
F043,3JxRNkoNmAcPgnA5HSnKiz,"Make the Move (feat. pH-1) — SOOVI, pH-1","{""primary_family"": ""Pop"", ""secondary_families"": [""R&B"", ""Hip-Hop""], ""primary_style"": ""K-Pop"", ""secondary_styles"": [""Contemporary R&B"", ""Pop Rap""]}","[{""id"": ""pop"", ""label"": ""Pop"", ""trace_ids"": [""label-01""]}, {""id"": ""rnb"", ""label"": ""R&B"", ""trace_ids"": [""label-02""]}, {""id"": ""hip_hop"", ""label"": ""Hip-hop"", ""trace_ids"": [""label-03""]}, {""id"": ""k_pop"", ""label"": ""K-Pop"", ""trace_ids"": [""label-04""]}, {""id"": ""contemporary_rnb"", ""label"": ""Contemporary R&B"", ""trace_ids"": [""label-05""]}, {""id"": ""pop_rap"", ""label"": ""Pop rap"", ""trace_ids"": [""label-06""]}]","[""hip_hop"", ""pop"", ""rnb_soul""]","[""modern_rnb"", ""rap_pop_crossover""]","[""korean_pop_scene""]","{""vocal_role"": ""mixed_rap_and_singing"", ""arrangement_focus"": ""lead_vocal"", ""texture_tags"": [""electronic"", ""clean"", ""layered""]}","[{""code"": ""context_separate_from_sonic_style"", ""trace_id"": ""label-04"", ""message"": ""Context only. No sonic neighborhood or broad family follows solely from the scene label.""}]","[{""trace_id"": ""label-01"", ""source_path"": ""primary_family"", ""raw_label"": ""Pop"", ""normalized_lookup"": ""pop"", ""canonical_concept_id"": ""pop"", ""canonical_label"": ""Pop"", ""kind"": ""family"", ""mapping_status"": ""mapped"", ""note"": """", ""review_candidates"": [], ""broad_families"": [""pop""], ""style_neighborhoods"": [], ""scene_contexts"": []}, {""trace_id"": ""label-02"", ""source_path"": ""secondary_families[0]"", ""raw_label"": ""R&B"", ""normalized_lookup"": ""r and b"", ""canonical_concept_id"": ""rnb"", ""canonical_label"": ""R&B"", ""kind"": ""family"", ""mapping_status"": ""mapped"", ""note"": ""R&B stays its own canonical concept; the broad family is a joint umbrella, not a synonym for soul."", ""review_candidates"": [], ""broad_families"": [""rnb_soul""], ""style_neighborhoods"": [], ""scene_contexts"": []}, {""trace_id"": ""label-03"", ""source_path"": ""secondary_families[1]"", ""raw_label"": ""Hip-Hop"", ""normalized_lookup"": ""hip hop"", ""canonical_concept_id"": ""hip_hop"", ""canonical_label"": ""Hip-hop"", ""kind"": ""family"", ""mapping_status"": ""mapped"", ""note"": """", ""review_candidates"": [], ""broad_families"": [""hip_hop""], ""style_neighborhoods"": [], ""scene_contexts"": []}, {""trace_id"": ""label-04"", ""source_path"": ""primary_style"", ""raw_label"": ""K-Pop"", ""normalized_lookup"": ""k pop"", ""canonical_concept_id"": ""k_pop"", ""canonical_label"": ""K-Pop"", ""kind"": ""scene_context"", ""mapping_status"": ""mapped"", ""note"": ""Context only. No sonic neighborhood or broad family follows solely from the scene label."", ""review_candidates"": [], ""broad_families"": [], ""style_neighborhoods"": [], ""scene_contexts"": [""korean_pop_scene""]}, {""trace_id"": ""label-05"", ""source_path"": ""secondary_styles[0]"", ""raw_label"": ""Contemporary R&B"", ""normalized_lookup"": ""contemporary r and b"", ""canonical_concept_id"": ""contemporary_rnb"", ""canonical_label"": ""Contemporary R&B"", ""kind"": ""style"", ""mapping_status"": ""mapped"", ""note"": """", ""review_candidates"": [], ""broad_families"": [""rnb_soul""], ""style_neighborhoods"": [""modern_rnb""], ""scene_contexts"": []}, {""trace_id"": ""label-06"", ""source_path"": ""secondary_styles[1]"", ""raw_label"": ""Pop Rap"", ""normalized_lookup"": ""pop rap"", ""canonical_concept_id"": ""pop_rap"", ""canonical_label"": ""Pop rap"", ""kind"": ""style"", ""mapping_status"": ""mapped"", ""note"": """", ""review_candidates"": [], ""broad_families"": [""hip_hop"", ""pop""], ""style_neighborhoods"": [""rap_pop_crossover""], ""scene_contexts"": []}]",,False,Inspect the unchanged mapping and original classification separately. No prior answer is inferred.,,,
F044,3X45Wd5yRNoe2twmyc5CvO,"SATELLITE — City Girl, Kelsey Kuan","{""primary_family"": ""Pop"", ""secondary_families"": [""Hip-Hop""], ""primary_style"": ""Contemporary R&B"", ""secondary_styles"": [""Trap Soul"", ""Alt-Pop""]}","[{""id"": ""pop"", ""label"": ""Pop"", ""trace_ids"": [""label-01""]}, {""id"": ""hip_hop"", ""label"": ""Hip-hop"", ""trace_ids"": [""label-02""]}, {""id"": ""contemporary_rnb"", ""label"": ""Contemporary R&B"", ""trace_ids"": [""label-03""]}, {""id"": ""alternative_pop"", ""label"": ""Alternative pop"", ""trace_ids"": [""label-05""]}]","[""hip_hop"", ""pop"", ""rnb_soul""]","[""alternative_pop"", ""modern_rnb""]",[],"{""vocal_role"": ""sung_led"", ""arrangement_focus"": ""lead_vocal"", ""texture_tags"": [""electronic"", ""acoustic"", ""layered""]}","[{""code"": ""mapping_review_required"", ""trace_id"": ""label-04"", ""message"": ""No explicit alias. Preserve the label; do not infer a concept.""}]","[{""trace_id"": ""label-01"", ""source_path"": ""primary_family"", ""raw_label"": ""Pop"", ""normalized_lookup"": ""pop"", ""canonical_concept_id"": ""pop"", ""canonical_label"": ""Pop"", ""kind"": ""family"", ""mapping_status"": ""mapped"", ""note"": """", ""review_candidates"": [], ""broad_families"": [""pop""], ""style_neighborhoods"": [], ""scene_contexts"": []}, {""trace_id"": ""label-02"", ""source_path"": ""secondary_families[0]"", ""raw_label"": ""Hip-Hop"", ""normalized_lookup"": ""hip hop"", ""canonical_concept_id"": ""hip_hop"", ""canonical_label"": ""Hip-hop"", ""kind"": ""family"", ""mapping_status"": ""mapped"", ""note"": """", ""review_candidates"": [], ""broad_families"": [""hip_hop""], ""style_neighborhoods"": [], ""scene_contexts"": []}, {""trace_id"": ""label-03"", ""source_path"": ""primary_style"", ""raw_label"": ""Contemporary R&B"", ""normalized_lookup"": ""contemporary r and b"", ""canonical_concept_id"": ""contemporary_rnb"", ""canonical_label"": ""Contemporary R&B"", ""kind"": ""style"", ""mapping_status"": ""mapped"", ""note"": """", ""review_candidates"": [], ""broad_families"": [""rnb_soul""], ""style_neighborhoods"": [""modern_rnb""], ""scene_contexts"": []}, {""trace_id"": ""label-04"", ""source_path"": ""secondary_styles[0]"", ""raw_label"": ""Trap Soul"", ""normalized_lookup"": ""trap soul"", ""canonical_concept_id"": null, ""canonical_label"": null, ""kind"": ""unrecognized_label"", ""mapping_status"": ""mapping_review_required"", ""note"": ""No explicit alias. Preserve the label; do not infer a concept."", ""review_candidates"": [], ""broad_families"": [], ""style_neighborhoods"": [], ""scene_contexts"": []}, {""trace_id"": ""label-05"", ""source_path"": ""secondary_styles[1]"", ""raw_label"": ""Alt-Pop"", ""normalized_lookup"": ""alt pop"", ""canonical_concept_id"": ""alternative_pop"", ""canonical_label"": ""Alternative pop"", ""kind"": ""style"", ""mapping_status"": ""mapped"", ""note"": """", ""review_candidates"": [], ""broad_families"": [""pop""], ""style_neighborhoods"": [""alternative_pop""], ""scene_contexts"": []}]",,False,Inspect the unchanged mapping and original classification separately. No prior answer is inferred.,,,
F045,3aFh82SrVntBmW9Lx0Gb7W,1-4-3 — Nana Ou-Yang,"{""primary_family"": ""R&B"", ""secondary_families"": [""Pop""], ""primary_style"": ""Contemporary R&B"", ""secondary_styles"": [""Alt-Pop""]}","[{""id"": ""rnb"", ""label"": ""R&B"", ""trace_ids"": [""label-01""]}, {""id"": ""pop"", ""label"": ""Pop"", ""trace_ids"": [""label-02""]}, {""id"": ""contemporary_rnb"", ""label"": ""Contemporary R&B"", ""trace_ids"": [""label-03""]}, {""id"": ""alternative_pop"", ""label"": ""Alternative pop"", ""trace_ids"": [""label-04""]}]","[""pop"", ""rnb_soul""]","[""alternative_pop"", ""modern_rnb""]",[],"{""vocal_role"": ""sung_led"", ""arrangement_focus"": ""lead_vocal"", ""texture_tags"": [""acoustic"", ""electronic"", ""clean""]}",[],"[{""trace_id"": ""label-01"", ""source_path"": ""primary_family"", ""raw_label"": ""R&B"", ""normalized_lookup"": ""r and b"", ""canonical_concept_id"": ""rnb"", ""canonical_label"": ""R&B"", ""kind"": ""family"", ""mapping_status"": ""mapped"", ""note"": ""R&B stays its own canonical concept; the broad family is a joint umbrella, not a synonym for soul."", ""review_candidates"": [], ""broad_families"": [""rnb_soul""], ""style_neighborhoods"": [], ""scene_contexts"": []}, {""trace_id"": ""label-02"", ""source_path"": ""secondary_families[0]"", ""raw_label"": ""Pop"", ""normalized_lookup"": ""pop"", ""canonical_concept_id"": ""pop"", ""canonical_label"": ""Pop"", ""kind"": ""family"", ""mapping_status"": ""mapped"", ""note"": """", ""review_candidates"": [], ""broad_families"": [""pop""], ""style_neighborhoods"": [], ""scene_contexts"": []}, {""trace_id"": ""label-03"", ""source_path"": ""primary_style"", ""raw_label"": ""Contemporary R&B"", ""normalized_lookup"": ""contemporary r and b"", ""canonical_concept_id"": ""contemporary_rnb"", ""canonical_label"": ""Contemporary R&B"", ""kind"": ""style"", ""mapping_status"": ""mapped"", ""note"": """", ""review_candidates"": [], ""broad_families"": [""rnb_soul""], ""style_neighborhoods"": [""modern_rnb""], ""scene_contexts"": []}, {""trace_id"": ""label-04"", ""source_path"": ""secondary_styles[0]"", ""raw_label"": ""Alt-Pop"", ""normalized_lookup"": ""alt pop"", ""canonical_concept_id"": ""alternative_pop"", ""canonical_label"": ""Alternative pop"", ""kind"": ""style"", ""mapping_status"": ""mapped"", ""note"": """", ""review_candidates"": [], ""broad_families"": [""pop""], ""style_neighborhoods"": [""alternative_pop""], ""scene_contexts"": []}]",,False,Inspect the unchanged mapping and original classification separately. No prior answer is inferred.,,,
F046,3azJifCSqg9fRij2yKIbWz,The Color Violet — Tory Lanez,"{""primary_family"": ""Electronic / Dance"", ""secondary_families"": [""Hip Hop / Rap""], ""primary_style"": ""Dance-Pop"", ""secondary_styles"": [""Pop Rap""]}","[{""id"": ""dance_pop"", ""label"": ""Dance-pop"", ""trace_ids"": [""label-03""]}, {""id"": ""pop_rap"", ""label"": ""Pop rap"", ""trace_ids"": [""label-04""]}]","[""hip_hop"", ""pop""]","[""dance_pop"", ""pop_electronic"", ""rap_pop_crossover""]",[],"{""vocal_role"": ""mixed_rap_and_singing"", ""arrangement_focus"": ""lead_vocal"", ""texture_tags"": [""electronic"", ""clean"", ""layered""]}","[{""code"": ""mapping_review_required"", ""trace_id"": ""label-01"", ""message"": ""No explicit alias. Preserve the label; do not infer a concept.""}, {""code"": ""mapping_review_required"", ""trace_id"": ""label-02"", ""message"": ""No explicit alias. Preserve the label; do not infer a concept.""}]","[{""trace_id"": ""label-01"", ""source_path"": ""primary_family"", ""raw_label"": ""Electronic / Dance"", ""normalized_lookup"": ""electronic / dance"", ""canonical_concept_id"": null, ""canonical_label"": null, ""kind"": ""unrecognized_label"", ""mapping_status"": ""mapping_review_required"", ""note"": ""No explicit alias. Preserve the label; do not infer a concept."", ""review_candidates"": [], ""broad_families"": [], ""style_neighborhoods"": [], ""scene_contexts"": []}, {""trace_id"": ""label-02"", ""source_path"": ""secondary_families[0]"", ""raw_label"": ""Hip Hop / Rap"", ""normalized_lookup"": ""hip hop / rap"", ""canonical_concept_id"": null, ""canonical_label"": null, ""kind"": ""unrecognized_label"", ""mapping_status"": ""mapping_review_required"", ""note"": ""No explicit alias. Preserve the label; do not infer a concept."", ""review_candidates"": [], ""broad_families"": [], ""style_neighborhoods"": [], ""scene_contexts"": []}, {""trace_id"": ""label-03"", ""source_path"": ""primary_style"", ""raw_label"": ""Dance-Pop"", ""normalized_lookup"": ""dance pop"", ""canonical_concept_id"": ""dance_pop"", ""canonical_label"": ""Dance-pop"", ""kind"": ""style"", ""mapping_status"": ""mapped"", ""note"": ""Electronic-pop neighborhood is a stylistic adjacency, not an instrumentation assertion or automatic electronic family."", ""review_candidates"": [], ""broad_families"": [""pop""], ""style_neighborhoods"": [""pop_electronic"", ""dance_pop""], ""scene_contexts"": []}, {""trace_id"": ""label-04"", ""source_path"": ""secondary_styles[0]"", ""raw_label"": ""Pop Rap"", ""normalized_lookup"": ""pop rap"", ""canonical_concept_id"": ""pop_rap"", ""canonical_label"": ""Pop rap"", ""kind"": ""style"", ""mapping_status"": ""mapped"", ""note"": """", ""review_candidates"": [], ""broad_families"": [""hip_hop"", ""pop""], ""style_neighborhoods"": [""rap_pop_crossover""], ""scene_contexts"": []}]",,False,Inspect the unchanged mapping and original classification separately. No prior answer is inferred.,,,
F047,3fzeNQfannmBQWGecQZ93s,慢冷 — Ren Ran,"{""primary_family"": ""Pop"", ""secondary_families"": [""Ambient""], ""primary_style"": ""Mandopop"", ""secondary_styles"": [""Piano Pop""]}","[{""id"": ""pop"", ""label"": ""Pop"", ""trace_ids"": [""label-01""]}, {""id"": ""ambient"", ""label"": ""Ambient"", ""trace_ids"": [""label-02""]}]","[""pop""]","[""ambient_related""]",[],"{""vocal_role"": ""sung_led"", ""arrangement_focus"": ""lead_vocal"", ""texture_tags"": [""acoustic"", ""clean"", ""electronic""]}","[{""code"": ""style_concept_in_family_slot"", ""trace_id"": ""label-02"", ""message"": ""Resolve by explicit concept, not by the model field name; original slot retained.""}, {""code"": ""mapping_review_required"", ""trace_id"": ""label-03"", ""message"": ""No explicit alias. Preserve the label; do not infer a concept.""}, {""code"": ""mapping_review_required"", ""trace_id"": ""label-04"", ""message"": ""No explicit alias. Preserve the label; do not infer a concept.""}]","[{""trace_id"": ""label-01"", ""source_path"": ""primary_family"", ""raw_label"": ""Pop"", ""normalized_lookup"": ""pop"", ""canonical_concept_id"": ""pop"", ""canonical_label"": ""Pop"", ""kind"": ""family"", ""mapping_status"": ""mapped"", ""note"": """", ""review_candidates"": [], ""broad_families"": [""pop""], ""style_neighborhoods"": [], ""scene_contexts"": []}, {""trace_id"": ""label-02"", ""source_path"": ""secondary_families[0]"", ""raw_label"": ""Ambient"", ""normalized_lookup"": ""ambient"", ""canonical_concept_id"": ""ambient"", ""canonical_label"": ""Ambient"", ""kind"": ""style_umbrella"", ""mapping_status"": ""mapped"", ""note"": ""Ambient may be electronic or acoustic; no broad family is guessed from this label alone."", ""review_candidates"": [], ""broad_families"": [], ""style_neighborhoods"": [""ambient_related""], ""scene_contexts"": []}, {""trace_id"": ""label-03"", ""source_path"": ""primary_style"", ""raw_label"": ""Mandopop"", ""normalized_lookup"": ""mandopop"", ""canonical_concept_id"": null, ""canonical_label"": null, ""kind"": ""unrecognized_label"", ""mapping_status"": ""mapping_review_required"", ""note"": ""No explicit alias. Preserve the label; do not infer a concept."", ""review_candidates"": [], ""broad_families"": [], ""style_neighborhoods"": [], ""scene_contexts"": []}, {""trace_id"": ""label-04"", ""source_path"": ""secondary_styles[0]"", ""raw_label"": ""Piano Pop"", ""normalized_lookup"": ""piano pop"", ""canonical_concept_id"": null, ""canonical_label"": null, ""kind"": ""unrecognized_label"", ""mapping_status"": ""mapping_review_required"", ""note"": ""No explicit alias. Preserve the label; do not infer a concept."", ""review_candidates"": [], ""broad_families"": [], ""style_neighborhoods"": [], ""scene_contexts"": []}]",,False,Inspect the unchanged mapping and original classification separately. No prior answer is inferred.,,,
F048,3uOeutrLztSX6lU0b0et3B,MOON — i-dle,"{""primary_family"": ""electronic"", ""secondary_families"": [""pop""], ""primary_style"": ""k-pop"", ""secondary_styles"": [""dance-pop"", ""electropop""]}","[{""id"": ""electronic"", ""label"": ""Electronic"", ""trace_ids"": [""label-01""]}, {""id"": ""pop"", ""label"": ""Pop"", ""trace_ids"": [""label-02""]}, {""id"": ""k_pop"", ""label"": ""K-Pop"", ""trace_ids"": [""label-03""]}, {""id"": ""dance_pop"", ""label"": ""Dance-pop"", ""trace_ids"": [""label-04""]}, {""id"": ""electropop"", ""label"": ""Electropop"", ""trace_ids"": [""label-05""]}]","[""electronic"", ""pop""]","[""dance_pop"", ""pop_electronic""]","[""korean_pop_scene""]","{""vocal_role"": ""sung_led"", ""arrangement_focus"": ""lead_vocal"", ""texture_tags"": [""electronic"", ""clean"", ""layered""]}","[{""code"": ""context_separate_from_sonic_style"", ""trace_id"": ""label-03"", ""message"": ""Context only. No sonic neighborhood or broad family follows solely from the scene label.""}]","[{""trace_id"": ""label-01"", ""source_path"": ""primary_family"", ""raw_label"": ""electronic"", ""normalized_lookup"": ""electronic"", ""canonical_concept_id"": ""electronic"", ""canonical_label"": ""Electronic"", ""kind"": ""family"", ""mapping_status"": ""mapped"", ""note"": """", ""review_candidates"": [], ""broad_families"": [""electronic""], ""style_neighborhoods"": [], ""scene_contexts"": []}, {""trace_id"": ""label-02"", ""source_path"": ""secondary_families[0]"", ""raw_label"": ""pop"", ""normalized_lookup"": ""pop"", ""canonical_concept_id"": ""pop"", ""canonical_label"": ""Pop"", ""kind"": ""family"", ""mapping_status"": ""mapped"", ""note"": """", ""review_candidates"": [], ""broad_families"": [""pop""], ""style_neighborhoods"": [], ""scene_contexts"": []}, {""trace_id"": ""label-03"", ""source_path"": ""primary_style"", ""raw_label"": ""k-pop"", ""normalized_lookup"": ""k pop"", ""canonical_concept_id"": ""k_pop"", ""canonical_label"": ""K-Pop"", ""kind"": ""scene_context"", ""mapping_status"": ""mapped"", ""note"": ""Context only. No sonic neighborhood or broad family follows solely from the scene label."", ""review_candidates"": [], ""broad_families"": [], ""style_neighborhoods"": [], ""scene_contexts"": [""korean_pop_scene""]}, {""trace_id"": ""label-04"", ""source_path"": ""secondary_styles[0]"", ""raw_label"": ""dance-pop"", ""normalized_lookup"": ""dance pop"", ""canonical_concept_id"": ""dance_pop"", ""canonical_label"": ""Dance-pop"", ""kind"": ""style"", ""mapping_status"": ""mapped"", ""note"": ""Electronic-pop neighborhood is a stylistic adjacency, not an instrumentation assertion or automatic electronic family."", ""review_candidates"": [], ""broad_families"": [""pop""], ""style_neighborhoods"": [""pop_electronic"", ""dance_pop""], ""scene_contexts"": []}, {""trace_id"": ""label-05"", ""source_path"": ""secondary_styles[1]"", ""raw_label"": ""electropop"", ""normalized_lookup"": ""electropop"", ""canonical_concept_id"": ""electropop"", ""canonical_label"": ""Electropop"", ""kind"": ""style"", ""mapping_status"": ""mapped"", ""note"": """", ""review_candidates"": [], ""broad_families"": [""pop"", ""electronic""], ""style_neighborhoods"": [""pop_electronic""], ""scene_contexts"": []}]",,False,Inspect the unchanged mapping and original classification separately. No prior answer is inferred.,,,
F049,3vC63Nh3rSREo7qDHgnx8I,DANCING ALONE — KiiiKiii,"{""primary_family"": ""Pop"", ""secondary_families"": [""Electronic / Dance""], ""primary_style"": ""K-Pop"", ""secondary_styles"": [""Dance-Pop""]}","[{""id"": ""pop"", ""label"": ""Pop"", ""trace_ids"": [""label-01""]}, {""id"": ""k_pop"", ""label"": ""K-Pop"", ""trace_ids"": [""label-03""]}, {""id"": ""dance_pop"", ""label"": ""Dance-pop"", ""trace_ids"": [""label-04""]}]","[""pop""]","[""dance_pop"", ""pop_electronic""]","[""korean_pop_scene""]","{""vocal_role"": ""sung_led"", ""arrangement_focus"": ""lead_vocal"", ""texture_tags"": [""electronic"", ""clean"", ""layered""]}","[{""code"": ""mapping_review_required"", ""trace_id"": ""label-02"", ""message"": ""No explicit alias. Preserve the label; do not infer a concept.""}, {""code"": ""context_separate_from_sonic_style"", ""trace_id"": ""label-03"", ""message"": ""Context only. No sonic neighborhood or broad family follows solely from the scene label.""}]","[{""trace_id"": ""label-01"", ""source_path"": ""primary_family"", ""raw_label"": ""Pop"", ""normalized_lookup"": ""pop"", ""canonical_concept_id"": ""pop"", ""canonical_label"": ""Pop"", ""kind"": ""family"", ""mapping_status"": ""mapped"", ""note"": """", ""review_candidates"": [], ""broad_families"": [""pop""], ""style_neighborhoods"": [], ""scene_contexts"": []}, {""trace_id"": ""label-02"", ""source_path"": ""secondary_families[0]"", ""raw_label"": ""Electronic / Dance"", ""normalized_lookup"": ""electronic / dance"", ""canonical_concept_id"": null, ""canonical_label"": null, ""kind"": ""unrecognized_label"", ""mapping_status"": ""mapping_review_required"", ""note"": ""No explicit alias. Preserve the label; do not infer a concept."", ""review_candidates"": [], ""broad_families"": [], ""style_neighborhoods"": [], ""scene_contexts"": []}, {""trace_id"": ""label-03"", ""source_path"": ""primary_style"", ""raw_label"": ""K-Pop"", ""normalized_lookup"": ""k pop"", ""canonical_concept_id"": ""k_pop"", ""canonical_label"": ""K-Pop"", ""kind"": ""scene_context"", ""mapping_status"": ""mapped"", ""note"": ""Context only. No sonic neighborhood or broad family follows solely from the scene label."", ""review_candidates"": [], ""broad_families"": [], ""style_neighborhoods"": [], ""scene_contexts"": [""korean_pop_scene""]}, {""trace_id"": ""label-04"", ""source_path"": ""secondary_styles[0]"", ""raw_label"": ""Dance-Pop"", ""normalized_lookup"": ""dance pop"", ""canonical_concept_id"": ""dance_pop"", ""canonical_label"": ""Dance-pop"", ""kind"": ""style"", ""mapping_status"": ""mapped"", ""note"": ""Electronic-pop neighborhood is a stylistic adjacency, not an instrumentation assertion or automatic electronic family."", ""review_candidates"": [], ""broad_families"": [""pop""], ""style_neighborhoods"": [""pop_electronic"", ""dance_pop""], ""scene_contexts"": []}]",,False,Inspect the unchanged mapping and original classification separately. No prior answer is inferred.,,,
F050,40TJl2hLf6Sr7K1a2SkkVA,Tell Me — hyejin,"{""primary_family"": ""R&B/Soul"", ""secondary_families"": [""Pop"", ""Folk/Americana""], ""primary_style"": ""Contemporary R&B"", ""secondary_styles"": [""K-Indie"", ""Acoustic Pop""]}","[{""id"": ""rnb_soul_umbrella"", ""label"": ""R&B and Soul"", ""trace_ids"": [""label-01""]}, {""id"": ""pop"", ""label"": ""Pop"", ""trace_ids"": [""label-02""]}, {""id"": ""contemporary_rnb"", ""label"": ""Contemporary R&B"", ""trace_ids"": [""label-04""]}]","[""pop"", ""rnb_soul""]","[""modern_rnb""]",[],"{""vocal_role"": ""sung_led"", ""arrangement_focus"": ""lead_vocal"", ""texture_tags"": [""acoustic"", ""clean""]}","[{""code"": ""mapping_review_required"", ""trace_id"": ""label-03"", ""message"": ""No explicit alias. Preserve the label; do not infer a concept.""}, {""code"": ""mapping_review_required"", ""trace_id"": ""label-05"", ""message"": ""No explicit alias. Preserve the label; do not infer a concept.""}, {""code"": ""mapping_review_required"", ""trace_id"": ""label-06"", ""message"": ""No explicit alias. Preserve the label; do not infer a concept.""}]","[{""trace_id"": ""label-01"", ""source_path"": ""primary_family"", ""raw_label"": ""R&B/Soul"", ""normalized_lookup"": ""r and b / soul"", ""canonical_concept_id"": ""rnb_soul_umbrella"", ""canonical_label"": ""R&B and Soul"", ""kind"": ""family_umbrella"", ""mapping_status"": ""mapped"", ""note"": ""Combined family label preserved as an umbrella; not split into two independently predicted genres."", ""review_candidates"": [], ""broad_families"": [""rnb_soul""], ""style_neighborhoods"": [], ""scene_contexts"": []}, {""trace_id"": ""label-02"", ""source_path"": ""secondary_families[0]"", ""raw_label"": ""Pop"", ""normalized_lookup"": ""pop"", ""canonical_concept_id"": ""pop"", ""canonical_label"": ""Pop"", ""kind"": ""family"", ""mapping_status"": ""mapped"", ""note"": """", ""review_candidates"": [], ""broad_families"": [""pop""], ""style_neighborhoods"": [], ""scene_contexts"": []}, {""trace_id"": ""label-03"", ""source_path"": ""secondary_families[1]"", ""raw_label"": ""Folk/Americana"", ""normalized_lookup"": ""folk / americana"", ""canonical_concept_id"": null, ""canonical_label"": null, ""kind"": ""unrecognized_label"", ""mapping_status"": ""mapping_review_required"", ""note"": ""No explicit alias. Preserve the label; do not infer a concept."", ""review_candidates"": [], ""broad_families"": [], ""style_neighborhoods"": [], ""scene_contexts"": []}, {""trace_id"": ""label-04"", ""source_path"": ""primary_style"", ""raw_label"": ""Contemporary R&B"", ""normalized_lookup"": ""contemporary r and b"", ""canonical_concept_id"": ""contemporary_rnb"", ""canonical_label"": ""Contemporary R&B"", ""kind"": ""style"", ""mapping_status"": ""mapped"", ""note"": """", ""review_candidates"": [], ""broad_families"": [""rnb_soul""], ""style_neighborhoods"": [""modern_rnb""], ""scene_contexts"": []}, {""trace_id"": ""label-05"", ""source_path"": ""secondary_styles[0]"", ""raw_label"": ""K-Indie"", ""normalized_lookup"": ""k indie"", ""canonical_concept_id"": null, ""canonical_label"": null, ""kind"": ""unrecognized_label"", ""mapping_status"": ""mapping_review_required"", ""note"": ""No explicit alias. Preserve the label; do not infer a concept."", ""review_candidates"": [], ""broad_families"": [], ""style_neighborhoods"": [], ""scene_contexts"": []}, {""trace_id"": ""label-06"", ""source_path"": ""secondary_styles[1]"", ""raw_label"": ""Acoustic Pop"", ""normalized_lookup"": ""acoustic pop"", ""canonical_concept_id"": null, ""canonical_label"": null, ""kind"": ""unrecognized_label"", ""mapping_status"": ""mapping_review_required"", ""note"": ""No explicit alias. Preserve the label; do not infer a concept."", ""review_candidates"": [], ""broad_families"": [], ""style_neighborhoods"": [], ""scene_contexts"": []}]",,False,Inspect the unchanged mapping and original classification separately. No prior answer is inferred.,,,
F051,41zXlQxzTi6cGAjpOXyLYH,idontwannabeyouanymore — Billie Eilish,"{""primary_family"": ""Pop"", ""secondary_families"": [""R&B and Soul""], ""primary_style"": ""Bedroom Pop"", ""secondary_styles"": [""Alt-Pop""]}","[{""id"": ""pop"", ""label"": ""Pop"", ""trace_ids"": [""label-01""]}, {""id"": ""rnb_soul_umbrella"", ""label"": ""R&B and Soul"", ""trace_ids"": [""label-02""]}, {""id"": ""alternative_pop"", ""label"": ""Alternative pop"", ""trace_ids"": [""label-04""]}]","[""pop"", ""rnb_soul""]","[""alternative_pop""]",[],"{""vocal_role"": ""sung_led"", ""arrangement_focus"": ""lead_vocal"", ""texture_tags"": [""clean"", ""acoustic"", ""electronic""]}","[{""code"": ""mapping_review_required"", ""trace_id"": ""label-03"", ""message"": ""No explicit alias. Preserve the label; do not infer a concept.""}]","[{""trace_id"": ""label-01"", ""source_path"": ""primary_family"", ""raw_label"": ""Pop"", ""normalized_lookup"": ""pop"", ""canonical_concept_id"": ""pop"", ""canonical_label"": ""Pop"", ""kind"": ""family"", ""mapping_status"": ""mapped"", ""note"": """", ""review_candidates"": [], ""broad_families"": [""pop""], ""style_neighborhoods"": [], ""scene_contexts"": []}, {""trace_id"": ""label-02"", ""source_path"": ""secondary_families[0]"", ""raw_label"": ""R&B and Soul"", ""normalized_lookup"": ""r and b and soul"", ""canonical_concept_id"": ""rnb_soul_umbrella"", ""canonical_label"": ""R&B and Soul"", ""kind"": ""family_umbrella"", ""mapping_status"": ""mapped"", ""note"": ""Combined family label preserved as an umbrella; not split into two independently predicted genres."", ""review_candidates"": [], ""broad_families"": [""rnb_soul""], ""style_neighborhoods"": [], ""scene_contexts"": []}, {""trace_id"": ""label-03"", ""source_path"": ""primary_style"", ""raw_label"": ""Bedroom Pop"", ""normalized_lookup"": ""bedroom pop"", ""canonical_concept_id"": null, ""canonical_label"": null, ""kind"": ""unrecognized_label"", ""mapping_status"": ""mapping_review_required"", ""note"": ""No explicit alias. Preserve the label; do not infer a concept."", ""review_candidates"": [], ""broad_families"": [], ""style_neighborhoods"": [], ""scene_contexts"": []}, {""trace_id"": ""label-04"", ""source_path"": ""secondary_styles[0]"", ""raw_label"": ""Alt-Pop"", ""normalized_lookup"": ""alt pop"", ""canonical_concept_id"": ""alternative_pop"", ""canonical_label"": ""Alternative pop"", ""kind"": ""style"", ""mapping_status"": ""mapped"", ""note"": """", ""review_candidates"": [], ""broad_families"": [""pop""], ""style_neighborhoods"": [""alternative_pop""], ""scene_contexts"": []}]",,False,Inspect the unchanged mapping and original classification separately. No prior answer is inferred.,,,
F052,49KDK2ccYnOCYPeXfDO3YT,DINOSAUR — AKMU,"{""primary_family"": ""Pop"", ""secondary_families"": [""Electronic""], ""primary_style"": ""K-Pop"", ""secondary_styles"": [""Dance-Pop"", ""Electropop""]}","[{""id"": ""pop"", ""label"": ""Pop"", ""trace_ids"": [""label-01""]}, {""id"": ""electronic"", ""label"": ""Electronic"", ""trace_ids"": [""label-02""]}, {""id"": ""k_pop"", ""label"": ""K-Pop"", ""trace_ids"": [""label-03""]}, {""id"": ""dance_pop"", ""label"": ""Dance-pop"", ""trace_ids"": [""label-04""]}, {""id"": ""electropop"", ""label"": ""Electropop"", ""trace_ids"": [""label-05""]}]","[""electronic"", ""pop""]","[""dance_pop"", ""pop_electronic""]","[""korean_pop_scene""]","{""vocal_role"": ""sung_led"", ""arrangement_focus"": ""lead_vocal"", ""texture_tags"": [""clean"", ""electronic"", ""acoustic""]}","[{""code"": ""context_separate_from_sonic_style"", ""trace_id"": ""label-03"", ""message"": ""Context only. No sonic neighborhood or broad family follows solely from the scene label.""}]","[{""trace_id"": ""label-01"", ""source_path"": ""primary_family"", ""raw_label"": ""Pop"", ""normalized_lookup"": ""pop"", ""canonical_concept_id"": ""pop"", ""canonical_label"": ""Pop"", ""kind"": ""family"", ""mapping_status"": ""mapped"", ""note"": """", ""review_candidates"": [], ""broad_families"": [""pop""], ""style_neighborhoods"": [], ""scene_contexts"": []}, {""trace_id"": ""label-02"", ""source_path"": ""secondary_families[0]"", ""raw_label"": ""Electronic"", ""normalized_lookup"": ""electronic"", ""canonical_concept_id"": ""electronic"", ""canonical_label"": ""Electronic"", ""kind"": ""family"", ""mapping_status"": ""mapped"", ""note"": """", ""review_candidates"": [], ""broad_families"": [""electronic""], ""style_neighborhoods"": [], ""scene_contexts"": []}, {""trace_id"": ""label-03"", ""source_path"": ""primary_style"", ""raw_label"": ""K-Pop"", ""normalized_lookup"": ""k pop"", ""canonical_concept_id"": ""k_pop"", ""canonical_label"": ""K-Pop"", ""kind"": ""scene_context"", ""mapping_status"": ""mapped"", ""note"": ""Context only. No sonic neighborhood or broad family follows solely from the scene label."", ""review_candidates"": [], ""broad_families"": [], ""style_neighborhoods"": [], ""scene_contexts"": [""korean_pop_scene""]}, {""trace_id"": ""label-04"", ""source_path"": ""secondary_styles[0]"", ""raw_label"": ""Dance-Pop"", ""normalized_lookup"": ""dance pop"", ""canonical_concept_id"": ""dance_pop"", ""canonical_label"": ""Dance-pop"", ""kind"": ""style"", ""mapping_status"": ""mapped"", ""note"": ""Electronic-pop neighborhood is a stylistic adjacency, not an instrumentation assertion or automatic electronic family."", ""review_candidates"": [], ""broad_families"": [""pop""], ""style_neighborhoods"": [""pop_electronic"", ""dance_pop""], ""scene_contexts"": []}, {""trace_id"": ""label-05"", ""source_path"": ""secondary_styles[1]"", ""raw_label"": ""Electropop"", ""normalized_lookup"": ""electropop"", ""canonical_concept_id"": ""electropop"", ""canonical_label"": ""Electropop"", ""kind"": ""style"", ""mapping_status"": ""mapped"", ""note"": """", ""review_candidates"": [], ""broad_families"": [""pop"", ""electronic""], ""style_neighborhoods"": [""pop_electronic""], ""scene_contexts"": []}]",,False,Inspect the unchanged mapping and original classification separately. No prior answer is inferred.,,,
F053,49iccsmr8Su1SXXwNfFO70,"Fade (Feat. Rachel Lim) — JIDA, Rachel Lim","{""primary_family"": ""Pop"", ""secondary_families"": [""Electronic"", ""R&B""], ""primary_style"": ""Dream Pop"", ""secondary_styles"": [""Electropop"", ""Contemporary R&B""]}","[{""id"": ""pop"", ""label"": ""Pop"", ""trace_ids"": [""label-01""]}, {""id"": ""electronic"", ""label"": ""Electronic"", ""trace_ids"": [""label-02""]}, {""id"": ""rnb"", ""label"": ""R&B"", ""trace_ids"": [""label-03""]}, {""id"": ""dream_pop"", ""label"": ""Dream pop"", ""trace_ids"": [""label-04""]}, {""id"": ""electropop"", ""label"": ""Electropop"", ""trace_ids"": [""label-05""]}, {""id"": ""contemporary_rnb"", ""label"": ""Contemporary R&B"", ""trace_ids"": [""label-06""]}]","[""electronic"", ""pop"", ""rnb_soul""]","[""atmospheric_pop"", ""indie_pop_related"", ""modern_rnb"", ""pop_electronic""]",[],"{""vocal_role"": ""sung_led"", ""arrangement_focus"": ""lead_vocal"", ""texture_tags"": [""electronic"", ""hazy"", ""layered""]}",[],"[{""trace_id"": ""label-01"", ""source_path"": ""primary_family"", ""raw_label"": ""Pop"", ""normalized_lookup"": ""pop"", ""canonical_concept_id"": ""pop"", ""canonical_label"": ""Pop"", ""kind"": ""family"", ""mapping_status"": ""mapped"", ""note"": """", ""review_candidates"": [], ""broad_families"": [""pop""], ""style_neighborhoods"": [], ""scene_contexts"": []}, {""trace_id"": ""label-02"", ""source_path"": ""secondary_families[0]"", ""raw_label"": ""Electronic"", ""normalized_lookup"": ""electronic"", ""canonical_concept_id"": ""electronic"", ""canonical_label"": ""Electronic"", ""kind"": ""family"", ""mapping_status"": ""mapped"", ""note"": """", ""review_candidates"": [], ""broad_families"": [""electronic""], ""style_neighborhoods"": [], ""scene_contexts"": []}, {""trace_id"": ""label-03"", ""source_path"": ""secondary_families[1]"", ""raw_label"": ""R&B"", ""normalized_lookup"": ""r and b"", ""canonical_concept_id"": ""rnb"", ""canonical_label"": ""R&B"", ""kind"": ""family"", ""mapping_status"": ""mapped"", ""note"": ""R&B stays its own canonical concept; the broad family is a joint umbrella, not a synonym for soul."", ""review_candidates"": [], ""broad_families"": [""rnb_soul""], ""style_neighborhoods"": [], ""scene_contexts"": []}, {""trace_id"": ""label-04"", ""source_path"": ""primary_style"", ""raw_label"": ""Dream Pop"", ""normalized_lookup"": ""dream pop"", ""canonical_concept_id"": ""dream_pop"", ""canonical_label"": ""Dream pop"", ""kind"": ""style"", ""mapping_status"": ""mapped"", ""note"": ""Operational non-exhaustive pop membership. Does not instantiate a rock family or infer guitar instrumentation without further labels."", ""review_candidates"": [], ""broad_families"": [""pop""], ""style_neighborhoods"": [""indie_pop_related"", ""atmospheric_pop""], ""scene_contexts"": []}, {""trace_id"": ""label-05"", ""source_path"": ""secondary_styles[0]"", ""raw_label"": ""Electropop"", ""normalized_lookup"": ""electropop"", ""canonical_concept_id"": ""electropop"", ""canonical_label"": ""Electropop"", ""kind"": ""style"", ""mapping_status"": ""mapped"", ""note"": """", ""review_candidates"": [], ""broad_families"": [""pop"", ""electronic""], ""style_neighborhoods"": [""pop_electronic""], ""scene_contexts"": []}, {""trace_id"": ""label-06"", ""source_path"": ""secondary_styles[1]"", ""raw_label"": ""Contemporary R&B"", ""normalized_lookup"": ""contemporary r and b"", ""canonical_concept_id"": ""contemporary_rnb"", ""canonical_label"": ""Contemporary R&B"", ""kind"": ""style"", ""mapping_status"": ""mapped"", ""note"": """", ""review_candidates"": [], ""broad_families"": [""rnb_soul""], ""style_neighborhoods"": [""modern_rnb""], ""scene_contexts"": []}]",,False,Inspect the unchanged mapping and original classification separately. No prior answer is inferred.,,,
F054,4B8L0sByBRJRUV1Uot2Ebd,for what — potsu,"{""primary_family"": ""Electronic"", ""secondary_families"": [""African Traditional""], ""primary_style"": ""Afro House"", ""secondary_styles"": [""West African Folk Music""]}","[{""id"": ""electronic"", ""label"": ""Electronic"", ""trace_ids"": [""label-01""]}]","[""electronic""]",[],[],"{""vocal_role"": ""sung_led"", ""arrangement_focus"": ""beat_or_instrumental"", ""texture_tags"": [""electronic"", ""acoustic"", ""layered""]}","[{""code"": ""mapping_review_required"", ""trace_id"": ""label-02"", ""message"": ""No explicit alias. Preserve the label; do not infer a concept.""}, {""code"": ""mapping_review_required"", ""trace_id"": ""label-03"", ""message"": ""No explicit alias. Preserve the label; do not infer a concept.""}, {""code"": ""mapping_review_required"", ""trace_id"": ""label-04"", ""message"": ""No explicit alias. Preserve the label; do not infer a concept.""}]","[{""trace_id"": ""label-01"", ""source_path"": ""primary_family"", ""raw_label"": ""Electronic"", ""normalized_lookup"": ""electronic"", ""canonical_concept_id"": ""electronic"", ""canonical_label"": ""Electronic"", ""kind"": ""family"", ""mapping_status"": ""mapped"", ""note"": """", ""review_candidates"": [], ""broad_families"": [""electronic""], ""style_neighborhoods"": [], ""scene_contexts"": []}, {""trace_id"": ""label-02"", ""source_path"": ""secondary_families[0]"", ""raw_label"": ""African Traditional"", ""normalized_lookup"": ""african traditional"", ""canonical_concept_id"": null, ""canonical_label"": null, ""kind"": ""unrecognized_label"", ""mapping_status"": ""mapping_review_required"", ""note"": ""No explicit alias. Preserve the label; do not infer a concept."", ""review_candidates"": [], ""broad_families"": [], ""style_neighborhoods"": [], ""scene_contexts"": []}, {""trace_id"": ""label-03"", ""source_path"": ""primary_style"", ""raw_label"": ""Afro House"", ""normalized_lookup"": ""afro house"", ""canonical_concept_id"": null, ""canonical_label"": null, ""kind"": ""unrecognized_label"", ""mapping_status"": ""mapping_review_required"", ""note"": ""No explicit alias. Preserve the label; do not infer a concept."", ""review_candidates"": [], ""broad_families"": [], ""style_neighborhoods"": [], ""scene_contexts"": []}, {""trace_id"": ""label-04"", ""source_path"": ""secondary_styles[0]"", ""raw_label"": ""West African Folk Music"", ""normalized_lookup"": ""west african folk music"", ""canonical_concept_id"": null, ""canonical_label"": null, ""kind"": ""unrecognized_label"", ""mapping_status"": ""mapping_review_required"", ""note"": ""No explicit alias. Preserve the label; do not infer a concept."", ""review_candidates"": [], ""broad_families"": [], ""style_neighborhoods"": [], ""scene_contexts"": []}]",,False,Inspect the unchanged mapping and original classification separately. No prior answer is inferred.,,,
F055,4LaZ8RpIP6DIgN73bXQVlO,GET IT — keshi,"{""primary_family"": ""Hip Hop"", ""secondary_families"": [""Pop"", ""R&B""], ""primary_style"": ""Trap"", ""secondary_styles"": [""Pop Rap"", ""Melodic Rap""]}","[{""id"": ""hip_hop"", ""label"": ""Hip-hop"", ""trace_ids"": [""label-01""]}, {""id"": ""pop"", ""label"": ""Pop"", ""trace_ids"": [""label-02""]}, {""id"": ""rnb"", ""label"": ""R&B"", ""trace_ids"": [""label-03""]}, {""id"": ""trap"", ""label"": ""Trap"", ""trace_ids"": [""label-04""]}, {""id"": ""pop_rap"", ""label"": ""Pop rap"", ""trace_ids"": [""label-05""]}, {""id"": ""melodic_rap"", ""label"": ""Melodic rap"", ""trace_ids"": [""label-06""]}]","[""hip_hop"", ""pop"", ""rnb_soul""]","[""melodic_rap"", ""rap_pop_crossover"", ""trap_related""]",[],"{""vocal_role"": ""mixed_rap_and_singing"", ""arrangement_focus"": ""balanced"", ""texture_tags"": [""electronic"", ""layered"", ""clean""]}","[{""code"": ""broad_style_subtype_unspecified"", ""trace_id"": ""label-04"", ""message"": ""Subtype unspecified. Do not derive a hip-hop or electronic family from this label alone.""}]","[{""trace_id"": ""label-01"", ""source_path"": ""primary_family"", ""raw_label"": ""Hip Hop"", ""normalized_lookup"": ""hip hop"", ""canonical_concept_id"": ""hip_hop"", ""canonical_label"": ""Hip-hop"", ""kind"": ""family"", ""mapping_status"": ""mapped"", ""note"": """", ""review_candidates"": [], ""broad_families"": [""hip_hop""], ""style_neighborhoods"": [], ""scene_contexts"": []}, {""trace_id"": ""label-02"", ""source_path"": ""secondary_families[0]"", ""raw_label"": ""Pop"", ""normalized_lookup"": ""pop"", ""canonical_concept_id"": ""pop"", ""canonical_label"": ""Pop"", ""kind"": ""family"", ""mapping_status"": ""mapped"", ""note"": """", ""review_candidates"": [], ""broad_families"": [""pop""], ""style_neighborhoods"": [], ""scene_contexts"": []}, {""trace_id"": ""label-03"", ""source_path"": ""secondary_families[1]"", ""raw_label"": ""R&B"", ""normalized_lookup"": ""r and b"", ""canonical_concept_id"": ""rnb"", ""canonical_label"": ""R&B"", ""kind"": ""family"", ""mapping_status"": ""mapped"", ""note"": ""R&B stays its own canonical concept; the broad family is a joint umbrella, not a synonym for soul."", ""review_candidates"": [], ""broad_families"": [""rnb_soul""], ""style_neighborhoods"": [], ""scene_contexts"": []}, {""trace_id"": ""label-04"", ""source_path"": ""primary_style"", ""raw_label"": ""Trap"", ""normalized_lookup"": ""trap"", ""canonical_concept_id"": ""trap"", ""canonical_label"": ""Trap"", ""kind"": ""style_umbrella"", ""mapping_status"": ""mapped"", ""note"": ""Subtype unspecified. Do not derive a hip-hop or electronic family from this label alone."", ""review_candidates"": [], ""broad_families"": [], ""style_neighborhoods"": [""trap_related""], ""scene_contexts"": []}, {""trace_id"": ""label-05"", ""source_path"": ""secondary_styles[0]"", ""raw_label"": ""Pop Rap"", ""normalized_lookup"": ""pop rap"", ""canonical_concept_id"": ""pop_rap"", ""canonical_label"": ""Pop rap"", ""kind"": ""style"", ""mapping_status"": ""mapped"", ""note"": """", ""review_candidates"": [], ""broad_families"": [""hip_hop"", ""pop""], ""style_neighborhoods"": [""rap_pop_crossover""], ""scene_contexts"": []}, {""trace_id"": ""label-06"", ""source_path"": ""secondary_styles[1]"", ""raw_label"": ""Melodic Rap"", ""normalized_lookup"": ""melodic rap"", ""canonical_concept_id"": ""melodic_rap"", ""canonical_label"": ""Melodic rap"", ""kind"": ""style"", ""mapping_status"": ""mapped"", ""note"": """", ""review_candidates"": [], ""broad_families"": [""hip_hop""], ""style_neighborhoods"": [""melodic_rap""], ""scene_contexts"": []}]",,False,Inspect the unchanged mapping and original classification separately. No prior answer is inferred.,,,
F056,4P1L6AniTDJzANaubzWGYs,"I'm Not Enough and I'm Sorry — Teqkoi, Snøw","{""primary_family"": ""Hip Hop"", ""secondary_families"": [""R&B""], ""primary_style"": ""Emo Rap"", ""secondary_styles"": [""Trap""]}","[{""id"": ""hip_hop"", ""label"": ""Hip-hop"", ""trace_ids"": [""label-01""]}, {""id"": ""rnb"", ""label"": ""R&B"", ""trace_ids"": [""label-02""]}, {""id"": ""emo_rap"", ""label"": ""Emo rap"", ""trace_ids"": [""label-03""]}, {""id"": ""trap"", ""label"": ""Trap"", ""trace_ids"": [""label-04""]}]","[""hip_hop"", ""rnb_soul""]","[""emo_rap"", ""trap_related""]",[],"{""vocal_role"": ""mixed_rap_and_singing"", ""arrangement_focus"": ""lead_vocal"", ""texture_tags"": [""electronic"", ""hazy"", ""layered""]}","[{""code"": ""broad_style_subtype_unspecified"", ""trace_id"": ""label-04"", ""message"": ""Subtype unspecified. Do not derive a hip-hop or electronic family from this label alone.""}]","[{""trace_id"": ""label-01"", ""source_path"": ""primary_family"", ""raw_label"": ""Hip Hop"", ""normalized_lookup"": ""hip hop"", ""canonical_concept_id"": ""hip_hop"", ""canonical_label"": ""Hip-hop"", ""kind"": ""family"", ""mapping_status"": ""mapped"", ""note"": """", ""review_candidates"": [], ""broad_families"": [""hip_hop""], ""style_neighborhoods"": [], ""scene_contexts"": []}, {""trace_id"": ""label-02"", ""source_path"": ""secondary_families[0]"", ""raw_label"": ""R&B"", ""normalized_lookup"": ""r and b"", ""canonical_concept_id"": ""rnb"", ""canonical_label"": ""R&B"", ""kind"": ""family"", ""mapping_status"": ""mapped"", ""note"": ""R&B stays its own canonical concept; the broad family is a joint umbrella, not a synonym for soul."", ""review_candidates"": [], ""broad_families"": [""rnb_soul""], ""style_neighborhoods"": [], ""scene_contexts"": []}, {""trace_id"": ""label-03"", ""source_path"": ""primary_style"", ""raw_label"": ""Emo Rap"", ""normalized_lookup"": ""emo rap"", ""canonical_concept_id"": ""emo_rap"", ""canonical_label"": ""Emo rap"", ""kind"": ""style"", ""mapping_status"": ""mapped"", ""note"": """", ""review_candidates"": [], ""broad_families"": [""hip_hop""], ""style_neighborhoods"": [""emo_rap""], ""scene_contexts"": []}, {""trace_id"": ""label-04"", ""source_path"": ""secondary_styles[0]"", ""raw_label"": ""Trap"", ""normalized_lookup"": ""trap"", ""canonical_concept_id"": ""trap"", ""canonical_label"": ""Trap"", ""kind"": ""style_umbrella"", ""mapping_status"": ""mapped"", ""note"": ""Subtype unspecified. Do not derive a hip-hop or electronic family from this label alone."", ""review_candidates"": [], ""broad_families"": [], ""style_neighborhoods"": [""trap_related""], ""scene_contexts"": []}]",,False,Inspect the unchanged mapping and original classification separately. No prior answer is inferred.,,,
F057,4Sk74gcXTe9dnE1HU5Pn1y,The Bottom — Gracie Abrams,"{""primary_family"": ""Pop"", ""secondary_families"": [""Rock""], ""primary_style"": ""Indie Pop"", ""secondary_styles"": [""Alt-Pop""]}","[{""id"": ""pop"", ""label"": ""Pop"", ""trace_ids"": [""label-01""]}, {""id"": ""indie_pop"", ""label"": ""Indie pop"", ""trace_ids"": [""label-03""]}, {""id"": ""alternative_pop"", ""label"": ""Alternative pop"", ""trace_ids"": [""label-04""]}]","[""pop""]","[""alternative_pop"", ""indie_pop_related""]",[],"{""vocal_role"": ""sung_led"", ""arrangement_focus"": ""lead_vocal"", ""texture_tags"": [""clean"", ""layered"", ""acoustic""]}","[{""code"": ""mapping_review_required"", ""trace_id"": ""label-02"", ""message"": ""No explicit alias. Preserve the label; do not infer a concept.""}]","[{""trace_id"": ""label-01"", ""source_path"": ""primary_family"", ""raw_label"": ""Pop"", ""normalized_lookup"": ""pop"", ""canonical_concept_id"": ""pop"", ""canonical_label"": ""Pop"", ""kind"": ""family"", ""mapping_status"": ""mapped"", ""note"": """", ""review_candidates"": [], ""broad_families"": [""pop""], ""style_neighborhoods"": [], ""scene_contexts"": []}, {""trace_id"": ""label-02"", ""source_path"": ""secondary_families[0]"", ""raw_label"": ""Rock"", ""normalized_lookup"": ""rock"", ""canonical_concept_id"": null, ""canonical_label"": null, ""kind"": ""unrecognized_label"", ""mapping_status"": ""mapping_review_required"", ""note"": ""No explicit alias. Preserve the label; do not infer a concept."", ""review_candidates"": [], ""broad_families"": [], ""style_neighborhoods"": [], ""scene_contexts"": []}, {""trace_id"": ""label-03"", ""source_path"": ""primary_style"", ""raw_label"": ""Indie Pop"", ""normalized_lookup"": ""indie pop"", ""canonical_concept_id"": ""indie_pop"", ""canonical_label"": ""Indie pop"", ""kind"": ""style"", ""mapping_status"": ""mapped"", ""note"": ""Musical label, not evidence of an independent record contract; not automatically dreamy or lo-fi."", ""review_candidates"": [], ""broad_families"": [""pop""], ""style_neighborhoods"": [""indie_pop_related""], ""scene_contexts"": []}, {""trace_id"": ""label-04"", ""source_path"": ""secondary_styles[0]"", ""raw_label"": ""Alt-Pop"", ""normalized_lookup"": ""alt pop"", ""canonical_concept_id"": ""alternative_pop"", ""canonical_label"": ""Alternative pop"", ""kind"": ""style"", ""mapping_status"": ""mapped"", ""note"": """", ""review_candidates"": [], ""broad_families"": [""pop""], ""style_neighborhoods"": [""alternative_pop""], ""scene_contexts"": []}]",,False,Inspect the unchanged mapping and original classification separately. No prior answer is inferred.,,,
F058,4gMPlHHAjOQnUrhsuqHivn,To My Youth — BOL4,"{""primary_family"": ""Pop"", ""secondary_families"": [""Folk & Acoustic"", ""R&B""], ""primary_style"": ""K-Pop Ballad"", ""secondary_styles"": [""Piano Ballad"", ""Contemporary R&B""]}","[{""id"": ""pop"", ""label"": ""Pop"", ""trace_ids"": [""label-01""]}, {""id"": ""rnb"", ""label"": ""R&B"", ""trace_ids"": [""label-03""]}, {""id"": ""contemporary_rnb"", ""label"": ""Contemporary R&B"", ""trace_ids"": [""label-06""]}]","[""pop"", ""rnb_soul""]","[""modern_rnb""]",[],"{""vocal_role"": ""sung_led"", ""arrangement_focus"": ""lead_vocal"", ""texture_tags"": [""acoustic"", ""clean"", ""layered""]}","[{""code"": ""mapping_review_required"", ""trace_id"": ""label-02"", ""message"": ""No explicit alias. Preserve the label; do not infer a concept.""}, {""code"": ""mapping_review_required"", ""trace_id"": ""label-04"", ""message"": ""No explicit alias. Preserve the label; do not infer a concept.""}, {""code"": ""mapping_review_required"", ""trace_id"": ""label-05"", ""message"": ""No explicit alias. Preserve the label; do not infer a concept.""}]","[{""trace_id"": ""label-01"", ""source_path"": ""primary_family"", ""raw_label"": ""Pop"", ""normalized_lookup"": ""pop"", ""canonical_concept_id"": ""pop"", ""canonical_label"": ""Pop"", ""kind"": ""family"", ""mapping_status"": ""mapped"", ""note"": """", ""review_candidates"": [], ""broad_families"": [""pop""], ""style_neighborhoods"": [], ""scene_contexts"": []}, {""trace_id"": ""label-02"", ""source_path"": ""secondary_families[0]"", ""raw_label"": ""Folk & Acoustic"", ""normalized_lookup"": ""folk and acoustic"", ""canonical_concept_id"": null, ""canonical_label"": null, ""kind"": ""unrecognized_label"", ""mapping_status"": ""mapping_review_required"", ""note"": ""No explicit alias. Preserve the label; do not infer a concept."", ""review_candidates"": [], ""broad_families"": [], ""style_neighborhoods"": [], ""scene_contexts"": []}, {""trace_id"": ""label-03"", ""source_path"": ""secondary_families[1]"", ""raw_label"": ""R&B"", ""normalized_lookup"": ""r and b"", ""canonical_concept_id"": ""rnb"", ""canonical_label"": ""R&B"", ""kind"": ""family"", ""mapping_status"": ""mapped"", ""note"": ""R&B stays its own canonical concept; the broad family is a joint umbrella, not a synonym for soul."", ""review_candidates"": [], ""broad_families"": [""rnb_soul""], ""style_neighborhoods"": [], ""scene_contexts"": []}, {""trace_id"": ""label-04"", ""source_path"": ""primary_style"", ""raw_label"": ""K-Pop Ballad"", ""normalized_lookup"": ""k pop ballad"", ""canonical_concept_id"": null, ""canonical_label"": null, ""kind"": ""unrecognized_label"", ""mapping_status"": ""mapping_review_required"", ""note"": ""No explicit alias. Preserve the label; do not infer a concept."", ""review_candidates"": [], ""broad_families"": [], ""style_neighborhoods"": [], ""scene_contexts"": []}, {""trace_id"": ""label-05"", ""source_path"": ""secondary_styles[0]"", ""raw_label"": ""Piano Ballad"", ""normalized_lookup"": ""piano ballad"", ""canonical_concept_id"": null, ""canonical_label"": null, ""kind"": ""unrecognized_label"", ""mapping_status"": ""mapping_review_required"", ""note"": ""No explicit alias. Preserve the label; do not infer a concept."", ""review_candidates"": [], ""broad_families"": [], ""style_neighborhoods"": [], ""scene_contexts"": []}, {""trace_id"": ""label-06"", ""source_path"": ""secondary_styles[1]"", ""raw_label"": ""Contemporary R&B"", ""normalized_lookup"": ""contemporary r and b"", ""canonical_concept_id"": ""contemporary_rnb"", ""canonical_label"": ""Contemporary R&B"", ""kind"": ""style"", ""mapping_status"": ""mapped"", ""note"": """", ""review_candidates"": [], ""broad_families"": [""rnb_soul""], ""style_neighborhoods"": [""modern_rnb""], ""scene_contexts"": []}]",,False,Inspect the unchanged mapping and original classification separately. No prior answer is inferred.,,,
F059,4lR8sYGMGZPvthF2yUfo7T,Smart — LE SSERAFIM,"{""primary_family"": ""Pop"", ""secondary_families"": [""Electronic"", ""African Dancehall and Reggae""], ""primary_style"": ""K-Pop"", ""secondary_styles"": [""Afrobeats"", ""Dance-Pop""]}","[{""id"": ""pop"", ""label"": ""Pop"", ""trace_ids"": [""label-01""]}, {""id"": ""electronic"", ""label"": ""Electronic"", ""trace_ids"": [""label-02""]}, {""id"": ""k_pop"", ""label"": ""K-Pop"", ""trace_ids"": [""label-04""]}, {""id"": ""dance_pop"", ""label"": ""Dance-pop"", ""trace_ids"": [""label-06""]}]","[""electronic"", ""pop""]","[""dance_pop"", ""pop_electronic""]","[""korean_pop_scene""]","{""vocal_role"": ""sung_led"", ""arrangement_focus"": ""lead_vocal"", ""texture_tags"": [""electronic"", ""clean"", ""layered""]}","[{""code"": ""mapping_review_required"", ""trace_id"": ""label-03"", ""message"": ""No explicit alias. Preserve the label; do not infer a concept.""}, {""code"": ""context_separate_from_sonic_style"", ""trace_id"": ""label-04"", ""message"": ""Context only. No sonic neighborhood or broad family follows solely from the scene label.""}, {""code"": ""mapping_review_required"", ""trace_id"": ""label-05"", ""message"": ""No explicit alias. Preserve the label; do not infer a concept.""}]","[{""trace_id"": ""label-01"", ""source_path"": ""primary_family"", ""raw_label"": ""Pop"", ""normalized_lookup"": ""pop"", ""canonical_concept_id"": ""pop"", ""canonical_label"": ""Pop"", ""kind"": ""family"", ""mapping_status"": ""mapped"", ""note"": """", ""review_candidates"": [], ""broad_families"": [""pop""], ""style_neighborhoods"": [], ""scene_contexts"": []}, {""trace_id"": ""label-02"", ""source_path"": ""secondary_families[0]"", ""raw_label"": ""Electronic"", ""normalized_lookup"": ""electronic"", ""canonical_concept_id"": ""electronic"", ""canonical_label"": ""Electronic"", ""kind"": ""family"", ""mapping_status"": ""mapped"", ""note"": """", ""review_candidates"": [], ""broad_families"": [""electronic""], ""style_neighborhoods"": [], ""scene_contexts"": []}, {""trace_id"": ""label-03"", ""source_path"": ""secondary_families[1]"", ""raw_label"": ""African Dancehall and Reggae"", ""normalized_lookup"": ""african dancehall and reggae"", ""canonical_concept_id"": null, ""canonical_label"": null, ""kind"": ""unrecognized_label"", ""mapping_status"": ""mapping_review_required"", ""note"": ""No explicit alias. Preserve the label; do not infer a concept."", ""review_candidates"": [], ""broad_families"": [], ""style_neighborhoods"": [], ""scene_contexts"": []}, {""trace_id"": ""label-04"", ""source_path"": ""primary_style"", ""raw_label"": ""K-Pop"", ""normalized_lookup"": ""k pop"", ""canonical_concept_id"": ""k_pop"", ""canonical_label"": ""K-Pop"", ""kind"": ""scene_context"", ""mapping_status"": ""mapped"", ""note"": ""Context only. No sonic neighborhood or broad family follows solely from the scene label."", ""review_candidates"": [], ""broad_families"": [], ""style_neighborhoods"": [], ""scene_contexts"": [""korean_pop_scene""]}, {""trace_id"": ""label-05"", ""source_path"": ""secondary_styles[0]"", ""raw_label"": ""Afrobeats"", ""normalized_lookup"": ""afrobeats"", ""canonical_concept_id"": null, ""canonical_label"": null, ""kind"": ""unrecognized_label"", ""mapping_status"": ""mapping_review_required"", ""note"": ""No explicit alias. Preserve the label; do not infer a concept."", ""review_candidates"": [], ""broad_families"": [], ""style_neighborhoods"": [], ""scene_contexts"": []}, {""trace_id"": ""label-06"", ""source_path"": ""secondary_styles[1]"", ""raw_label"": ""Dance-Pop"", ""normalized_lookup"": ""dance pop"", ""canonical_concept_id"": ""dance_pop"", ""canonical_label"": ""Dance-pop"", ""kind"": ""style"", ""mapping_status"": ""mapped"", ""note"": ""Electronic-pop neighborhood is a stylistic adjacency, not an instrumentation assertion or automatic electronic family."", ""review_candidates"": [], ""broad_families"": [""pop""], ""style_neighborhoods"": [""pop_electronic"", ""dance_pop""], ""scene_contexts"": []}]",,False,Inspect the unchanged mapping and original classification separately. No prior answer is inferred.,,,
F060,4osRLDg7abL4hLdfZ1c39g,"summer — raph, EJEAN","{""primary_family"": ""R&B"", ""secondary_families"": [""Pop""], ""primary_style"": ""Contemporary R&B"", ""secondary_styles"": [""Alt-R&B""]}","[{""id"": ""rnb"", ""label"": ""R&B"", ""trace_ids"": [""label-01""]}, {""id"": ""pop"", ""label"": ""Pop"", ""trace_ids"": [""label-02""]}, {""id"": ""contemporary_rnb"", ""label"": ""Contemporary R&B"", ""trace_ids"": [""label-03""]}, {""id"": ""alternative_rnb"", ""label"": ""Alternative R&B"", ""trace_ids"": [""label-04""]}]","[""pop"", ""rnb_soul""]","[""alternative_rnb"", ""modern_rnb""]",[],"{""vocal_role"": ""sung_led"", ""arrangement_focus"": ""lead_vocal"", ""texture_tags"": [""electronic"", ""clean"", ""layered""]}",[],"[{""trace_id"": ""label-01"", ""source_path"": ""primary_family"", ""raw_label"": ""R&B"", ""normalized_lookup"": ""r and b"", ""canonical_concept_id"": ""rnb"", ""canonical_label"": ""R&B"", ""kind"": ""family"", ""mapping_status"": ""mapped"", ""note"": ""R&B stays its own canonical concept; the broad family is a joint umbrella, not a synonym for soul."", ""review_candidates"": [], ""broad_families"": [""rnb_soul""], ""style_neighborhoods"": [], ""scene_contexts"": []}, {""trace_id"": ""label-02"", ""source_path"": ""secondary_families[0]"", ""raw_label"": ""Pop"", ""normalized_lookup"": ""pop"", ""canonical_concept_id"": ""pop"", ""canonical_label"": ""Pop"", ""kind"": ""family"", ""mapping_status"": ""mapped"", ""note"": """", ""review_candidates"": [], ""broad_families"": [""pop""], ""style_neighborhoods"": [], ""scene_contexts"": []}, {""trace_id"": ""label-03"", ""source_path"": ""primary_style"", ""raw_label"": ""Contemporary R&B"", ""normalized_lookup"": ""contemporary r and b"", ""canonical_concept_id"": ""contemporary_rnb"", ""canonical_label"": ""Contemporary R&B"", ""kind"": ""style"", ""mapping_status"": ""mapped"", ""note"": """", ""review_candidates"": [], ""broad_families"": [""rnb_soul""], ""style_neighborhoods"": [""modern_rnb""], ""scene_contexts"": []}, {""trace_id"": ""label-04"", ""source_path"": ""secondary_styles[0]"", ""raw_label"": ""Alt-R&B"", ""normalized_lookup"": ""alt r and b"", ""canonical_concept_id"": ""alternative_rnb"", ""canonical_label"": ""Alternative R&B"", ""kind"": ""style"", ""mapping_status"": ""mapped"", ""note"": """", ""review_candidates"": [], ""broad_families"": [""rnb_soul""], ""style_neighborhoods"": [""modern_rnb"", ""alternative_rnb""], ""scene_contexts"": []}]",,False,Inspect the unchanged mapping and original classification separately. No prior answer is inferred.,,,
F061,4tqcoej1zPvwePZCzuAjJd,Wet Dreamz — J. Cole,"{""primary_family"": ""Hip Hop"", ""secondary_families"": [""R&B""], ""primary_style"": ""Boom Bap"", ""secondary_styles"": [""Conscious Hip Hop"", ""East Coast Hip Hop""]}","[{""id"": ""hip_hop"", ""label"": ""Hip-hop"", ""trace_ids"": [""label-01""]}, {""id"": ""rnb"", ""label"": ""R&B"", ""trace_ids"": [""label-02""]}, {""id"": ""boom_bap"", ""label"": ""Boom bap"", ""trace_ids"": [""label-03""]}, {""id"": ""conscious_hip_hop"", ""label"": ""Conscious hip-hop"", ""trace_ids"": [""label-04""]}, {""id"": ""east_coast_hip_hop"", ""label"": ""East Coast hip-hop"", ""trace_ids"": [""label-05""]}]","[""hip_hop"", ""rnb_soul""]","[""boom_bap"", ""hip_hop_beat_lineage""]","[""conscious_hip_hop_context"", ""east_coast_hip_hop_scene""]","{""vocal_role"": ""rap_led"", ""arrangement_focus"": ""lead_vocal"", ""texture_tags"": [""sample_based"", ""layered""]}","[{""code"": ""context_separate_from_sonic_style"", ""trace_id"": ""label-04"", ""message"": ""Thematic/context concept only; no boom-bap or other sonic style inferred.""}, {""code"": ""context_separate_from_sonic_style"", ""trace_id"": ""label-05"", ""message"": ""The explicit hip-hop name supports its broad family; geography does not imply boom-bap.""}]","[{""trace_id"": ""label-01"", ""source_path"": ""primary_family"", ""raw_label"": ""Hip Hop"", ""normalized_lookup"": ""hip hop"", ""canonical_concept_id"": ""hip_hop"", ""canonical_label"": ""Hip-hop"", ""kind"": ""family"", ""mapping_status"": ""mapped"", ""note"": """", ""review_candidates"": [], ""broad_families"": [""hip_hop""], ""style_neighborhoods"": [], ""scene_contexts"": []}, {""trace_id"": ""label-02"", ""source_path"": ""secondary_families[0]"", ""raw_label"": ""R&B"", ""normalized_lookup"": ""r and b"", ""canonical_concept_id"": ""rnb"", ""canonical_label"": ""R&B"", ""kind"": ""family"", ""mapping_status"": ""mapped"", ""note"": ""R&B stays its own canonical concept; the broad family is a joint umbrella, not a synonym for soul."", ""review_candidates"": [], ""broad_families"": [""rnb_soul""], ""style_neighborhoods"": [], ""scene_contexts"": []}, {""trace_id"": ""label-03"", ""source_path"": ""primary_style"", ""raw_label"": ""Boom Bap"", ""normalized_lookup"": ""boom bap"", ""canonical_concept_id"": ""boom_bap"", ""canonical_label"": ""Boom bap"", ""kind"": ""style"", ""mapping_status"": ""mapped"", ""note"": """", ""review_candidates"": [], ""broad_families"": [""hip_hop""], ""style_neighborhoods"": [""hip_hop_beat_lineage"", ""boom_bap""], ""scene_contexts"": []}, {""trace_id"": ""label-04"", ""source_path"": ""secondary_styles[0]"", ""raw_label"": ""Conscious Hip Hop"", ""normalized_lookup"": ""conscious hip hop"", ""canonical_concept_id"": ""conscious_hip_hop"", ""canonical_label"": ""Conscious hip-hop"", ""kind"": ""scene_context"", ""mapping_status"": ""mapped"", ""note"": ""Thematic/context concept only; no boom-bap or other sonic style inferred."", ""review_candidates"": [], ""broad_families"": [""hip_hop""], ""style_neighborhoods"": [], ""scene_contexts"": [""conscious_hip_hop_context""]}, {""trace_id"": ""label-05"", ""source_path"": ""secondary_styles[1]"", ""raw_label"": ""East Coast Hip Hop"", ""normalized_lookup"": ""east coast hip hop"", ""canonical_concept_id"": ""east_coast_hip_hop"", ""canonical_label"": ""East Coast hip-hop"", ""kind"": ""scene_context"", ""mapping_status"": ""mapped"", ""note"": ""The explicit hip-hop name supports its broad family; geography does not imply boom-bap."", ""review_candidates"": [], ""broad_families"": [""hip_hop""], ""style_neighborhoods"": [], ""scene_contexts"": [""east_coast_hip_hop_scene""]}]",,False,Inspect the unchanged mapping and original classification separately. No prior answer is inferred.,,,
F062,4yNhVidUIAtKPT72PrZuLP,Not Afraid — INTRN,"{""primary_family"": ""electronic"", ""secondary_families"": [""hip hop"", ""r&b""], ""primary_style"": ""ambient pop"", ""secondary_styles"": [""cloud rap"", ""alternative r&b""]}","[{""id"": ""electronic"", ""label"": ""Electronic"", ""trace_ids"": [""label-01""]}, {""id"": ""hip_hop"", ""label"": ""Hip-hop"", ""trace_ids"": [""label-02""]}, {""id"": ""rnb"", ""label"": ""R&B"", ""trace_ids"": [""label-03""]}, {""id"": ""ambient_pop"", ""label"": ""Ambient pop"", ""trace_ids"": [""label-04""]}, {""id"": ""alternative_rnb"", ""label"": ""Alternative R&B"", ""trace_ids"": [""label-06""]}]","[""electronic"", ""hip_hop"", ""pop"", ""rnb_soul""]","[""alternative_rnb"", ""atmospheric_pop"", ""modern_rnb""]",[],"{""vocal_role"": ""sung_led"", ""arrangement_focus"": ""lead_vocal"", ""texture_tags"": [""hazy"", ""electronic"", ""layered""]}","[{""code"": ""mapping_review_required"", ""trace_id"": ""label-05"", ""message"": ""No explicit alias. Preserve the label; do not infer a concept.""}]","[{""trace_id"": ""label-01"", ""source_path"": ""primary_family"", ""raw_label"": ""electronic"", ""normalized_lookup"": ""electronic"", ""canonical_concept_id"": ""electronic"", ""canonical_label"": ""Electronic"", ""kind"": ""family"", ""mapping_status"": ""mapped"", ""note"": """", ""review_candidates"": [], ""broad_families"": [""electronic""], ""style_neighborhoods"": [], ""scene_contexts"": []}, {""trace_id"": ""label-02"", ""source_path"": ""secondary_families[0]"", ""raw_label"": ""hip hop"", ""normalized_lookup"": ""hip hop"", ""canonical_concept_id"": ""hip_hop"", ""canonical_label"": ""Hip-hop"", ""kind"": ""family"", ""mapping_status"": ""mapped"", ""note"": """", ""review_candidates"": [], ""broad_families"": [""hip_hop""], ""style_neighborhoods"": [], ""scene_contexts"": []}, {""trace_id"": ""label-03"", ""source_path"": ""secondary_families[1]"", ""raw_label"": ""r&b"", ""normalized_lookup"": ""r and b"", ""canonical_concept_id"": ""rnb"", ""canonical_label"": ""R&B"", ""kind"": ""family"", ""mapping_status"": ""mapped"", ""note"": ""R&B stays its own canonical concept; the broad family is a joint umbrella, not a synonym for soul."", ""review_candidates"": [], ""broad_families"": [""rnb_soul""], ""style_neighborhoods"": [], ""scene_contexts"": []}, {""trace_id"": ""label-04"", ""source_path"": ""primary_style"", ""raw_label"": ""ambient pop"", ""normalized_lookup"": ""ambient pop"", ""canonical_concept_id"": ""ambient_pop"", ""canonical_label"": ""Ambient pop"", ""kind"": ""style"", ""mapping_status"": ""mapped"", ""note"": ""Pop with ambient-style associations; no electronic family inferred from the modifier alone."", ""review_candidates"": [], ""broad_families"": [""pop""], ""style_neighborhoods"": [""atmospheric_pop""], ""scene_contexts"": []}, {""trace_id"": ""label-05"", ""source_path"": ""secondary_styles[0]"", ""raw_label"": ""cloud rap"", ""normalized_lookup"": ""cloud rap"", ""canonical_concept_id"": null, ""canonical_label"": null, ""kind"": ""unrecognized_label"", ""mapping_status"": ""mapping_review_required"", ""note"": ""No explicit alias. Preserve the label; do not infer a concept."", ""review_candidates"": [], ""broad_families"": [], ""style_neighborhoods"": [], ""scene_contexts"": []}, {""trace_id"": ""label-06"", ""source_path"": ""secondary_styles[1]"", ""raw_label"": ""alternative r&b"", ""normalized_lookup"": ""alternative r and b"", ""canonical_concept_id"": ""alternative_rnb"", ""canonical_label"": ""Alternative R&B"", ""kind"": ""style"", ""mapping_status"": ""mapped"", ""note"": """", ""review_candidates"": [], ""broad_families"": [""rnb_soul""], ""style_neighborhoods"": [""modern_rnb"", ""alternative_rnb""], ""scene_contexts"": []}]",,False,Inspect the unchanged mapping and original classification separately. No prior answer is inferred.,,,
F063,53eKx8ec2jDjt1m3VBUCEM,Morning Walk — Park Bird,"{""primary_family"": ""Hip Hop"", ""secondary_families"": [""Electronic"", ""Jazz""], ""primary_style"": ""Lo-Fi Hip Hop"", ""secondary_styles"": [""Chillhop"", ""Downtempo""]}","[{""id"": ""hip_hop"", ""label"": ""Hip-hop"", ""trace_ids"": [""label-01""]}, {""id"": ""electronic"", ""label"": ""Electronic"", ""trace_ids"": [""label-02""]}, {""id"": ""lofi_hip_hop"", ""label"": ""Lo-fi hip-hop"", ""trace_ids"": [""label-04""]}, {""id"": ""chillhop"", ""label"": ""Chillhop"", ""trace_ids"": [""label-05""]}, {""id"": ""downtempo"", ""label"": ""Downtempo"", ""trace_ids"": [""label-06""]}]","[""electronic"", ""hip_hop""]","[""downtempo_related"", ""hip_hop_beat_lineage"", ""lofi_chill_beats""]",[],"{""vocal_role"": ""instrumental"", ""arrangement_focus"": ""beat_or_instrumental"", ""texture_tags"": [""clean"", ""electronic"", ""sample_based""]}","[{""code"": ""mapping_review_required"", ""trace_id"": ""label-03"", ""message"": ""No explicit alias. Preserve the label; do not infer a concept.""}]","[{""trace_id"": ""label-01"", ""source_path"": ""primary_family"", ""raw_label"": ""Hip Hop"", ""normalized_lookup"": ""hip hop"", ""canonical_concept_id"": ""hip_hop"", ""canonical_label"": ""Hip-hop"", ""kind"": ""family"", ""mapping_status"": ""mapped"", ""note"": """", ""review_candidates"": [], ""broad_families"": [""hip_hop""], ""style_neighborhoods"": [], ""scene_contexts"": []}, {""trace_id"": ""label-02"", ""source_path"": ""secondary_families[0]"", ""raw_label"": ""Electronic"", ""normalized_lookup"": ""electronic"", ""canonical_concept_id"": ""electronic"", ""canonical_label"": ""Electronic"", ""kind"": ""family"", ""mapping_status"": ""mapped"", ""note"": """", ""review_candidates"": [], ""broad_families"": [""electronic""], ""style_neighborhoods"": [], ""scene_contexts"": []}, {""trace_id"": ""label-03"", ""source_path"": ""secondary_families[1]"", ""raw_label"": ""Jazz"", ""normalized_lookup"": ""jazz"", ""canonical_concept_id"": null, ""canonical_label"": null, ""kind"": ""unrecognized_label"", ""mapping_status"": ""mapping_review_required"", ""note"": ""No explicit alias. Preserve the label; do not infer a concept."", ""review_candidates"": [], ""broad_families"": [], ""style_neighborhoods"": [], ""scene_contexts"": []}, {""trace_id"": ""label-04"", ""source_path"": ""primary_style"", ""raw_label"": ""Lo-Fi Hip Hop"", ""normalized_lookup"": ""lo fi hip hop"", ""canonical_concept_id"": ""lofi_hip_hop"", ""canonical_label"": ""Lo-fi hip-hop"", ""kind"": ""style"", ""mapping_status"": ""mapped"", ""note"": ""Does not assert boom-bap, instrumental-only status, or electronic instrumentation."", ""review_candidates"": [], ""broad_families"": [""hip_hop""], ""style_neighborhoods"": [""hip_hop_beat_lineage"", ""lofi_chill_beats""], ""scene_contexts"": []}, {""trace_id"": ""label-05"", ""source_path"": ""secondary_styles[0]"", ""raw_label"": ""Chillhop"", ""normalized_lookup"": ""chillhop"", ""canonical_concept_id"": ""chillhop"", ""canonical_label"": ""Chillhop"", ""kind"": ""style"", ""mapping_status"": ""mapped"", ""note"": """", ""review_candidates"": [], ""broad_families"": [""hip_hop""], ""style_neighborhoods"": [""hip_hop_beat_lineage"", ""lofi_chill_beats""], ""scene_contexts"": []}, {""trace_id"": ""label-06"", ""source_path"": ""secondary_styles[1]"", ""raw_label"": ""Downtempo"", ""normalized_lookup"": ""downtempo"", ""canonical_concept_id"": ""downtempo"", ""canonical_label"": ""Downtempo"", ""kind"": ""style_umbrella"", ""mapping_status"": ""mapped"", ""note"": ""A style-level umbrella even when Gemini puts it in a family slot; not a BPM measurement."", ""review_candidates"": [], ""broad_families"": [""electronic""], ""style_neighborhoods"": [""downtempo_related""], ""scene_contexts"": []}]",,False,Inspect the unchanged mapping and original classification separately. No prior answer is inferred.,,,
F064,5UUnRflW65AsvluD8d5N2U,Do We Start to Like Each Other ? — Jordy Chandra,"{""primary_family"": ""Hip Hop"", ""secondary_families"": [""Electronic"", ""Pop""], ""primary_style"": ""Lo-Fi Hip Hop"", ""secondary_styles"": [""Chillout"", ""Downtempo""]}","[{""id"": ""hip_hop"", ""label"": ""Hip-hop"", ""trace_ids"": [""label-01""]}, {""id"": ""electronic"", ""label"": ""Electronic"", ""trace_ids"": [""label-02""]}, {""id"": ""pop"", ""label"": ""Pop"", ""trace_ids"": [""label-03""]}, {""id"": ""lofi_hip_hop"", ""label"": ""Lo-fi hip-hop"", ""trace_ids"": [""label-04""]}, {""id"": ""chillout"", ""label"": ""Chillout"", ""trace_ids"": [""label-05""]}, {""id"": ""downtempo"", ""label"": ""Downtempo"", ""trace_ids"": [""label-06""]}]","[""electronic"", ""hip_hop"", ""pop""]","[""downtempo_related"", ""hip_hop_beat_lineage"", ""lofi_chill_beats""]","[""chillout_umbrella""]","{""vocal_role"": ""spoken_only"", ""arrangement_focus"": ""beat_or_instrumental"", ""texture_tags"": [""sample_based"", ""clean"", ""electronic""]}","[{""code"": ""mapping_review_required"", ""trace_id"": ""label-05"", ""message"": ""May denote a listening use or heterogeneous sonic styles. Retain the ambiguous umbrella; do not equate with downtempo or lo-fi.""}, {""code"": ""context_separate_from_sonic_style"", ""trace_id"": ""label-05"", ""message"": ""May denote a listening use or heterogeneous sonic styles. Retain the ambiguous umbrella; do not equate with downtempo or lo-fi.""}]","[{""trace_id"": ""label-01"", ""source_path"": ""primary_family"", ""raw_label"": ""Hip Hop"", ""normalized_lookup"": ""hip hop"", ""canonical_concept_id"": ""hip_hop"", ""canonical_label"": ""Hip-hop"", ""kind"": ""family"", ""mapping_status"": ""mapped"", ""note"": """", ""review_candidates"": [], ""broad_families"": [""hip_hop""], ""style_neighborhoods"": [], ""scene_contexts"": []}, {""trace_id"": ""label-02"", ""source_path"": ""secondary_families[0]"", ""raw_label"": ""Electronic"", ""normalized_lookup"": ""electronic"", ""canonical_concept_id"": ""electronic"", ""canonical_label"": ""Electronic"", ""kind"": ""family"", ""mapping_status"": ""mapped"", ""note"": """", ""review_candidates"": [], ""broad_families"": [""electronic""], ""style_neighborhoods"": [], ""scene_contexts"": []}, {""trace_id"": ""label-03"", ""source_path"": ""secondary_families[1]"", ""raw_label"": ""Pop"", ""normalized_lookup"": ""pop"", ""canonical_concept_id"": ""pop"", ""canonical_label"": ""Pop"", ""kind"": ""family"", ""mapping_status"": ""mapped"", ""note"": """", ""review_candidates"": [], ""broad_families"": [""pop""], ""style_neighborhoods"": [], ""scene_contexts"": []}, {""trace_id"": ""label-04"", ""source_path"": ""primary_style"", ""raw_label"": ""Lo-Fi Hip Hop"", ""normalized_lookup"": ""lo fi hip hop"", ""canonical_concept_id"": ""lofi_hip_hop"", ""canonical_label"": ""Lo-fi hip-hop"", ""kind"": ""style"", ""mapping_status"": ""mapped"", ""note"": ""Does not assert boom-bap, instrumental-only status, or electronic instrumentation."", ""review_candidates"": [], ""broad_families"": [""hip_hop""], ""style_neighborhoods"": [""hip_hop_beat_lineage"", ""lofi_chill_beats""], ""scene_contexts"": []}, {""trace_id"": ""label-05"", ""source_path"": ""secondary_styles[0]"", ""raw_label"": ""Chillout"", ""normalized_lookup"": ""chillout"", ""canonical_concept_id"": ""chillout"", ""canonical_label"": ""Chillout"", ""kind"": ""ambiguous_context_style"", ""mapping_status"": ""mapping_review_required"", ""note"": ""May denote a listening use or heterogeneous sonic styles. Retain the ambiguous umbrella; do not equate with downtempo or lo-fi."", ""review_candidates"": [""listening context"", ""downtempo-oriented style umbrella""], ""broad_families"": [], ""style_neighborhoods"": [], ""scene_contexts"": [""chillout_umbrella""]}, {""trace_id"": ""label-06"", ""source_path"": ""secondary_styles[1]"", ""raw_label"": ""Downtempo"", ""normalized_lookup"": ""downtempo"", ""canonical_concept_id"": ""downtempo"", ""canonical_label"": ""Downtempo"", ""kind"": ""style_umbrella"", ""mapping_status"": ""mapped"", ""note"": ""A style-level umbrella even when Gemini puts it in a family slot; not a BPM measurement."", ""review_candidates"": [], ""broad_families"": [""electronic""], ""style_neighborhoods"": [""downtempo_related""], ""scene_contexts"": []}]",,False,Inspect the unchanged mapping and original classification separately. No prior answer is inferred.,,,
F065,5VGDusp81Ed3T9xACRw5Os,If I Weren't Me — Katherine Li,"{""primary_family"": ""Pop"", ""secondary_families"": [""Electronic""], ""primary_style"": ""Electropop"", ""secondary_styles"": [""Alt-Pop""]}","[{""id"": ""pop"", ""label"": ""Pop"", ""trace_ids"": [""label-01""]}, {""id"": ""electronic"", ""label"": ""Electronic"", ""trace_ids"": [""label-02""]}, {""id"": ""electropop"", ""label"": ""Electropop"", ""trace_ids"": [""label-03""]}, {""id"": ""alternative_pop"", ""label"": ""Alternative pop"", ""trace_ids"": [""label-04""]}]","[""electronic"", ""pop""]","[""alternative_pop"", ""pop_electronic""]",[],"{""vocal_role"": ""sung_led"", ""arrangement_focus"": ""lead_vocal"", ""texture_tags"": [""electronic"", ""clean"", ""layered""]}",[],"[{""trace_id"": ""label-01"", ""source_path"": ""primary_family"", ""raw_label"": ""Pop"", ""normalized_lookup"": ""pop"", ""canonical_concept_id"": ""pop"", ""canonical_label"": ""Pop"", ""kind"": ""family"", ""mapping_status"": ""mapped"", ""note"": """", ""review_candidates"": [], ""broad_families"": [""pop""], ""style_neighborhoods"": [], ""scene_contexts"": []}, {""trace_id"": ""label-02"", ""source_path"": ""secondary_families[0]"", ""raw_label"": ""Electronic"", ""normalized_lookup"": ""electronic"", ""canonical_concept_id"": ""electronic"", ""canonical_label"": ""Electronic"", ""kind"": ""family"", ""mapping_status"": ""mapped"", ""note"": """", ""review_candidates"": [], ""broad_families"": [""electronic""], ""style_neighborhoods"": [], ""scene_contexts"": []}, {""trace_id"": ""label-03"", ""source_path"": ""primary_style"", ""raw_label"": ""Electropop"", ""normalized_lookup"": ""electropop"", ""canonical_concept_id"": ""electropop"", ""canonical_label"": ""Electropop"", ""kind"": ""style"", ""mapping_status"": ""mapped"", ""note"": """", ""review_candidates"": [], ""broad_families"": [""pop"", ""electronic""], ""style_neighborhoods"": [""pop_electronic""], ""scene_contexts"": []}, {""trace_id"": ""label-04"", ""source_path"": ""secondary_styles[0]"", ""raw_label"": ""Alt-Pop"", ""normalized_lookup"": ""alt pop"", ""canonical_concept_id"": ""alternative_pop"", ""canonical_label"": ""Alternative pop"", ""kind"": ""style"", ""mapping_status"": ""mapped"", ""note"": """", ""review_candidates"": [], ""broad_families"": [""pop""], ""style_neighborhoods"": [""alternative_pop""], ""scene_contexts"": []}]",,False,Inspect the unchanged mapping and original classification separately. No prior answer is inferred.,,,
F066,5aawFqyuCB3K2P8KQvhFVs,CLOUT CHASER — Tiffany Day,"{""primary_family"": ""rnb"", ""secondary_families"": [""pop"", ""hip_hop""], ""primary_style"": ""contemporary_rnb"", ""secondary_styles"": [""trap_soul"", ""pop_rnb""]}","[{""id"": ""rnb"", ""label"": ""R&B"", ""trace_ids"": [""label-01""]}, {""id"": ""pop"", ""label"": ""Pop"", ""trace_ids"": [""label-02""]}, {""id"": ""hip_hop"", ""label"": ""Hip-hop"", ""trace_ids"": [""label-03""]}, {""id"": ""contemporary_rnb"", ""label"": ""Contemporary R&B"", ""trace_ids"": [""label-04""]}]","[""hip_hop"", ""pop"", ""rnb_soul""]","[""modern_rnb""]",[],"{""vocal_role"": ""sung_led"", ""arrangement_focus"": ""lead_vocal"", ""texture_tags"": [""electronic"", ""clean"", ""layered""]}","[{""code"": ""mapping_review_required"", ""trace_id"": ""label-05"", ""message"": ""No explicit alias. Preserve the label; do not infer a concept.""}, {""code"": ""mapping_review_required"", ""trace_id"": ""label-06"", ""message"": ""No explicit alias. Preserve the label; do not infer a concept.""}]","[{""trace_id"": ""label-01"", ""source_path"": ""primary_family"", ""raw_label"": ""rnb"", ""normalized_lookup"": ""rnb"", ""canonical_concept_id"": ""rnb"", ""canonical_label"": ""R&B"", ""kind"": ""family"", ""mapping_status"": ""mapped"", ""note"": ""R&B stays its own canonical concept; the broad family is a joint umbrella, not a synonym for soul."", ""review_candidates"": [], ""broad_families"": [""rnb_soul""], ""style_neighborhoods"": [], ""scene_contexts"": []}, {""trace_id"": ""label-02"", ""source_path"": ""secondary_families[0]"", ""raw_label"": ""pop"", ""normalized_lookup"": ""pop"", ""canonical_concept_id"": ""pop"", ""canonical_label"": ""Pop"", ""kind"": ""family"", ""mapping_status"": ""mapped"", ""note"": """", ""review_candidates"": [], ""broad_families"": [""pop""], ""style_neighborhoods"": [], ""scene_contexts"": []}, {""trace_id"": ""label-03"", ""source_path"": ""secondary_families[1]"", ""raw_label"": ""hip_hop"", ""normalized_lookup"": ""hip hop"", ""canonical_concept_id"": ""hip_hop"", ""canonical_label"": ""Hip-hop"", ""kind"": ""family"", ""mapping_status"": ""mapped"", ""note"": """", ""review_candidates"": [], ""broad_families"": [""hip_hop""], ""style_neighborhoods"": [], ""scene_contexts"": []}, {""trace_id"": ""label-04"", ""source_path"": ""primary_style"", ""raw_label"": ""contemporary_rnb"", ""normalized_lookup"": ""contemporary rnb"", ""canonical_concept_id"": ""contemporary_rnb"", ""canonical_label"": ""Contemporary R&B"", ""kind"": ""style"", ""mapping_status"": ""mapped"", ""note"": """", ""review_candidates"": [], ""broad_families"": [""rnb_soul""], ""style_neighborhoods"": [""modern_rnb""], ""scene_contexts"": []}, {""trace_id"": ""label-05"", ""source_path"": ""secondary_styles[0]"", ""raw_label"": ""trap_soul"", ""normalized_lookup"": ""trap soul"", ""canonical_concept_id"": null, ""canonical_label"": null, ""kind"": ""unrecognized_label"", ""mapping_status"": ""mapping_review_required"", ""note"": ""No explicit alias. Preserve the label; do not infer a concept."", ""review_candidates"": [], ""broad_families"": [], ""style_neighborhoods"": [], ""scene_contexts"": []}, {""trace_id"": ""label-06"", ""source_path"": ""secondary_styles[1]"", ""raw_label"": ""pop_rnb"", ""normalized_lookup"": ""pop rnb"", ""canonical_concept_id"": null, ""canonical_label"": null, ""kind"": ""unrecognized_label"", ""mapping_status"": ""mapping_review_required"", ""note"": ""No explicit alias. Preserve the label; do not infer a concept."", ""review_candidates"": [], ""broad_families"": [], ""style_neighborhoods"": [], ""scene_contexts"": []}]",,False,Inspect the unchanged mapping and original classification separately. No prior answer is inferred.,,,
F067,5cgy5vMqVZbd8hYutp2txu,TOUCH — keshi,"{""primary_family"": ""R&B"", ""secondary_families"": [""Electronic"", ""Pop""], ""primary_style"": ""Contemporary R&B"", ""secondary_styles"": [""Alternative R&B"", ""Pop Soul""]}","[{""id"": ""rnb"", ""label"": ""R&B"", ""trace_ids"": [""label-01""]}, {""id"": ""electronic"", ""label"": ""Electronic"", ""trace_ids"": [""label-02""]}, {""id"": ""pop"", ""label"": ""Pop"", ""trace_ids"": [""label-03""]}, {""id"": ""contemporary_rnb"", ""label"": ""Contemporary R&B"", ""trace_ids"": [""label-04""]}, {""id"": ""alternative_rnb"", ""label"": ""Alternative R&B"", ""trace_ids"": [""label-05""]}]","[""electronic"", ""pop"", ""rnb_soul""]","[""alternative_rnb"", ""modern_rnb""]",[],"{""vocal_role"": ""sung_led"", ""arrangement_focus"": ""lead_vocal"", ""texture_tags"": [""electronic"", ""layered"", ""hazy""]}","[{""code"": ""mapping_review_required"", ""trace_id"": ""label-06"", ""message"": ""No explicit alias. Preserve the label; do not infer a concept.""}]","[{""trace_id"": ""label-01"", ""source_path"": ""primary_family"", ""raw_label"": ""R&B"", ""normalized_lookup"": ""r and b"", ""canonical_concept_id"": ""rnb"", ""canonical_label"": ""R&B"", ""kind"": ""family"", ""mapping_status"": ""mapped"", ""note"": ""R&B stays its own canonical concept; the broad family is a joint umbrella, not a synonym for soul."", ""review_candidates"": [], ""broad_families"": [""rnb_soul""], ""style_neighborhoods"": [], ""scene_contexts"": []}, {""trace_id"": ""label-02"", ""source_path"": ""secondary_families[0]"", ""raw_label"": ""Electronic"", ""normalized_lookup"": ""electronic"", ""canonical_concept_id"": ""electronic"", ""canonical_label"": ""Electronic"", ""kind"": ""family"", ""mapping_status"": ""mapped"", ""note"": """", ""review_candidates"": [], ""broad_families"": [""electronic""], ""style_neighborhoods"": [], ""scene_contexts"": []}, {""trace_id"": ""label-03"", ""source_path"": ""secondary_families[1]"", ""raw_label"": ""Pop"", ""normalized_lookup"": ""pop"", ""canonical_concept_id"": ""pop"", ""canonical_label"": ""Pop"", ""kind"": ""family"", ""mapping_status"": ""mapped"", ""note"": """", ""review_candidates"": [], ""broad_families"": [""pop""], ""style_neighborhoods"": [], ""scene_contexts"": []}, {""trace_id"": ""label-04"", ""source_path"": ""primary_style"", ""raw_label"": ""Contemporary R&B"", ""normalized_lookup"": ""contemporary r and b"", ""canonical_concept_id"": ""contemporary_rnb"", ""canonical_label"": ""Contemporary R&B"", ""kind"": ""style"", ""mapping_status"": ""mapped"", ""note"": """", ""review_candidates"": [], ""broad_families"": [""rnb_soul""], ""style_neighborhoods"": [""modern_rnb""], ""scene_contexts"": []}, {""trace_id"": ""label-05"", ""source_path"": ""secondary_styles[0]"", ""raw_label"": ""Alternative R&B"", ""normalized_lookup"": ""alternative r and b"", ""canonical_concept_id"": ""alternative_rnb"", ""canonical_label"": ""Alternative R&B"", ""kind"": ""style"", ""mapping_status"": ""mapped"", ""note"": """", ""review_candidates"": [], ""broad_families"": [""rnb_soul""], ""style_neighborhoods"": [""modern_rnb"", ""alternative_rnb""], ""scene_contexts"": []}, {""trace_id"": ""label-06"", ""source_path"": ""secondary_styles[1]"", ""raw_label"": ""Pop Soul"", ""normalized_lookup"": ""pop soul"", ""canonical_concept_id"": null, ""canonical_label"": null, ""kind"": ""unrecognized_label"", ""mapping_status"": ""mapping_review_required"", ""note"": ""No explicit alias. Preserve the label; do not infer a concept."", ""review_candidates"": [], ""broad_families"": [], ""style_neighborhoods"": [], ""scene_contexts"": []}]",,False,Inspect the unchanged mapping and original classification separately. No prior answer is inferred.,,,
F068,5h6c3ArwadWdEny5yXUPOt,"Fall in love — Han Jihyo, Park Soeun","{""primary_family"": ""Pop"", ""secondary_families"": [""Electronic""], ""primary_style"": ""K-Pop"", ""secondary_styles"": [""Dance-Pop""]}","[{""id"": ""pop"", ""label"": ""Pop"", ""trace_ids"": [""label-01""]}, {""id"": ""electronic"", ""label"": ""Electronic"", ""trace_ids"": [""label-02""]}, {""id"": ""k_pop"", ""label"": ""K-Pop"", ""trace_ids"": [""label-03""]}, {""id"": ""dance_pop"", ""label"": ""Dance-pop"", ""trace_ids"": [""label-04""]}]","[""electronic"", ""pop""]","[""dance_pop"", ""pop_electronic""]","[""korean_pop_scene""]","{""vocal_role"": ""sung_led"", ""arrangement_focus"": ""lead_vocal"", ""texture_tags"": [""electronic"", ""clean"", ""layered""]}","[{""code"": ""context_separate_from_sonic_style"", ""trace_id"": ""label-03"", ""message"": ""Context only. No sonic neighborhood or broad family follows solely from the scene label.""}]","[{""trace_id"": ""label-01"", ""source_path"": ""primary_family"", ""raw_label"": ""Pop"", ""normalized_lookup"": ""pop"", ""canonical_concept_id"": ""pop"", ""canonical_label"": ""Pop"", ""kind"": ""family"", ""mapping_status"": ""mapped"", ""note"": """", ""review_candidates"": [], ""broad_families"": [""pop""], ""style_neighborhoods"": [], ""scene_contexts"": []}, {""trace_id"": ""label-02"", ""source_path"": ""secondary_families[0]"", ""raw_label"": ""Electronic"", ""normalized_lookup"": ""electronic"", ""canonical_concept_id"": ""electronic"", ""canonical_label"": ""Electronic"", ""kind"": ""family"", ""mapping_status"": ""mapped"", ""note"": """", ""review_candidates"": [], ""broad_families"": [""electronic""], ""style_neighborhoods"": [], ""scene_contexts"": []}, {""trace_id"": ""label-03"", ""source_path"": ""primary_style"", ""raw_label"": ""K-Pop"", ""normalized_lookup"": ""k pop"", ""canonical_concept_id"": ""k_pop"", ""canonical_label"": ""K-Pop"", ""kind"": ""scene_context"", ""mapping_status"": ""mapped"", ""note"": ""Context only. No sonic neighborhood or broad family follows solely from the scene label."", ""review_candidates"": [], ""broad_families"": [], ""style_neighborhoods"": [], ""scene_contexts"": [""korean_pop_scene""]}, {""trace_id"": ""label-04"", ""source_path"": ""secondary_styles[0]"", ""raw_label"": ""Dance-Pop"", ""normalized_lookup"": ""dance pop"", ""canonical_concept_id"": ""dance_pop"", ""canonical_label"": ""Dance-pop"", ""kind"": ""style"", ""mapping_status"": ""mapped"", ""note"": ""Electronic-pop neighborhood is a stylistic adjacency, not an instrumentation assertion or automatic electronic family."", ""review_candidates"": [], ""broad_families"": [""pop""], ""style_neighborhoods"": [""pop_electronic"", ""dance_pop""], ""scene_contexts"": []}]",,False,Inspect the unchanged mapping and original classification separately. No prior answer is inferred.,,,
F069,5l45vVLs4JKkhzN0tvkWJv,"Love Always Leaves Me — 오안과 편견, Lee Yerin","{""primary_family"": ""Pop"", ""secondary_families"": [""Classical""], ""primary_style"": ""Korean Ballad"", ""secondary_styles"": [""Piano Ballad""]}","[{""id"": ""pop"", ""label"": ""Pop"", ""trace_ids"": [""label-01""]}]","[""pop""]",[],[],"{""vocal_role"": ""sung_led"", ""arrangement_focus"": ""lead_vocal"", ""texture_tags"": [""acoustic"", ""clean""]}","[{""code"": ""mapping_review_required"", ""trace_id"": ""label-02"", ""message"": ""No explicit alias. Preserve the label; do not infer a concept.""}, {""code"": ""mapping_review_required"", ""trace_id"": ""label-03"", ""message"": ""No explicit alias. Preserve the label; do not infer a concept.""}, {""code"": ""mapping_review_required"", ""trace_id"": ""label-04"", ""message"": ""No explicit alias. Preserve the label; do not infer a concept.""}]","[{""trace_id"": ""label-01"", ""source_path"": ""primary_family"", ""raw_label"": ""Pop"", ""normalized_lookup"": ""pop"", ""canonical_concept_id"": ""pop"", ""canonical_label"": ""Pop"", ""kind"": ""family"", ""mapping_status"": ""mapped"", ""note"": """", ""review_candidates"": [], ""broad_families"": [""pop""], ""style_neighborhoods"": [], ""scene_contexts"": []}, {""trace_id"": ""label-02"", ""source_path"": ""secondary_families[0]"", ""raw_label"": ""Classical"", ""normalized_lookup"": ""classical"", ""canonical_concept_id"": null, ""canonical_label"": null, ""kind"": ""unrecognized_label"", ""mapping_status"": ""mapping_review_required"", ""note"": ""No explicit alias. Preserve the label; do not infer a concept."", ""review_candidates"": [], ""broad_families"": [], ""style_neighborhoods"": [], ""scene_contexts"": []}, {""trace_id"": ""label-03"", ""source_path"": ""primary_style"", ""raw_label"": ""Korean Ballad"", ""normalized_lookup"": ""korean ballad"", ""canonical_concept_id"": null, ""canonical_label"": null, ""kind"": ""unrecognized_label"", ""mapping_status"": ""mapping_review_required"", ""note"": ""No explicit alias. Preserve the label; do not infer a concept."", ""review_candidates"": [], ""broad_families"": [], ""style_neighborhoods"": [], ""scene_contexts"": []}, {""trace_id"": ""label-04"", ""source_path"": ""secondary_styles[0]"", ""raw_label"": ""Piano Ballad"", ""normalized_lookup"": ""piano ballad"", ""canonical_concept_id"": null, ""canonical_label"": null, ""kind"": ""unrecognized_label"", ""mapping_status"": ""mapping_review_required"", ""note"": ""No explicit alias. Preserve the label; do not infer a concept."", ""review_candidates"": [], ""broad_families"": [], ""style_neighborhoods"": [], ""scene_contexts"": []}]",,False,Inspect the unchanged mapping and original classification separately. No prior answer is inferred.,,,
F070,5ngJKkOmjkN460b2ApBnLk,Don't — Colette Lush,"{""primary_family"": ""R&B"", ""secondary_families"": [""Electronic"", ""Pop""], ""primary_style"": ""Contemporary R&B"", ""secondary_styles"": [""Trap"", ""Alternative R&B""]}","[{""id"": ""rnb"", ""label"": ""R&B"", ""trace_ids"": [""label-01""]}, {""id"": ""electronic"", ""label"": ""Electronic"", ""trace_ids"": [""label-02""]}, {""id"": ""pop"", ""label"": ""Pop"", ""trace_ids"": [""label-03""]}, {""id"": ""contemporary_rnb"", ""label"": ""Contemporary R&B"", ""trace_ids"": [""label-04""]}, {""id"": ""trap"", ""label"": ""Trap"", ""trace_ids"": [""label-05""]}, {""id"": ""alternative_rnb"", ""label"": ""Alternative R&B"", ""trace_ids"": [""label-06""]}]","[""electronic"", ""pop"", ""rnb_soul""]","[""alternative_rnb"", ""modern_rnb"", ""trap_related""]",[],"{""vocal_role"": ""sung_led"", ""arrangement_focus"": ""lead_vocal"", ""texture_tags"": [""electronic"", ""clean"", ""layered""]}","[{""code"": ""broad_style_subtype_unspecified"", ""trace_id"": ""label-05"", ""message"": ""Subtype unspecified. Do not derive a hip-hop or electronic family from this label alone.""}]","[{""trace_id"": ""label-01"", ""source_path"": ""primary_family"", ""raw_label"": ""R&B"", ""normalized_lookup"": ""r and b"", ""canonical_concept_id"": ""rnb"", ""canonical_label"": ""R&B"", ""kind"": ""family"", ""mapping_status"": ""mapped"", ""note"": ""R&B stays its own canonical concept; the broad family is a joint umbrella, not a synonym for soul."", ""review_candidates"": [], ""broad_families"": [""rnb_soul""], ""style_neighborhoods"": [], ""scene_contexts"": []}, {""trace_id"": ""label-02"", ""source_path"": ""secondary_families[0]"", ""raw_label"": ""Electronic"", ""normalized_lookup"": ""electronic"", ""canonical_concept_id"": ""electronic"", ""canonical_label"": ""Electronic"", ""kind"": ""family"", ""mapping_status"": ""mapped"", ""note"": """", ""review_candidates"": [], ""broad_families"": [""electronic""], ""style_neighborhoods"": [], ""scene_contexts"": []}, {""trace_id"": ""label-03"", ""source_path"": ""secondary_families[1]"", ""raw_label"": ""Pop"", ""normalized_lookup"": ""pop"", ""canonical_concept_id"": ""pop"", ""canonical_label"": ""Pop"", ""kind"": ""family"", ""mapping_status"": ""mapped"", ""note"": """", ""review_candidates"": [], ""broad_families"": [""pop""], ""style_neighborhoods"": [], ""scene_contexts"": []}, {""trace_id"": ""label-04"", ""source_path"": ""primary_style"", ""raw_label"": ""Contemporary R&B"", ""normalized_lookup"": ""contemporary r and b"", ""canonical_concept_id"": ""contemporary_rnb"", ""canonical_label"": ""Contemporary R&B"", ""kind"": ""style"", ""mapping_status"": ""mapped"", ""note"": """", ""review_candidates"": [], ""broad_families"": [""rnb_soul""], ""style_neighborhoods"": [""modern_rnb""], ""scene_contexts"": []}, {""trace_id"": ""label-05"", ""source_path"": ""secondary_styles[0]"", ""raw_label"": ""Trap"", ""normalized_lookup"": ""trap"", ""canonical_concept_id"": ""trap"", ""canonical_label"": ""Trap"", ""kind"": ""style_umbrella"", ""mapping_status"": ""mapped"", ""note"": ""Subtype unspecified. Do not derive a hip-hop or electronic family from this label alone."", ""review_candidates"": [], ""broad_families"": [], ""style_neighborhoods"": [""trap_related""], ""scene_contexts"": []}, {""trace_id"": ""label-06"", ""source_path"": ""secondary_styles[1]"", ""raw_label"": ""Alternative R&B"", ""normalized_lookup"": ""alternative r and b"", ""canonical_concept_id"": ""alternative_rnb"", ""canonical_label"": ""Alternative R&B"", ""kind"": ""style"", ""mapping_status"": ""mapped"", ""note"": """", ""review_candidates"": [], ""broad_families"": [""rnb_soul""], ""style_neighborhoods"": [""modern_rnb"", ""alternative_rnb""], ""scene_contexts"": []}]",,False,Inspect the unchanged mapping and original classification separately. No prior answer is inferred.,,,
F071,5q3LwAHTqo9d3rET2EA9Nq,"The Weekend — 88rising, BIBI","{""primary_family"": ""Hip Hop"", ""secondary_families"": [""Pop"", ""R&B""], ""primary_style"": ""Trap"", ""secondary_styles"": [""Pop Rap"", ""Contemporary R&B""]}","[{""id"": ""hip_hop"", ""label"": ""Hip-hop"", ""trace_ids"": [""label-01""]}, {""id"": ""pop"", ""label"": ""Pop"", ""trace_ids"": [""label-02""]}, {""id"": ""rnb"", ""label"": ""R&B"", ""trace_ids"": [""label-03""]}, {""id"": ""trap"", ""label"": ""Trap"", ""trace_ids"": [""label-04""]}, {""id"": ""pop_rap"", ""label"": ""Pop rap"", ""trace_ids"": [""label-05""]}, {""id"": ""contemporary_rnb"", ""label"": ""Contemporary R&B"", ""trace_ids"": [""label-06""]}]","[""hip_hop"", ""pop"", ""rnb_soul""]","[""modern_rnb"", ""rap_pop_crossover"", ""trap_related""]",[],"{""vocal_role"": ""mixed_rap_and_singing"", ""arrangement_focus"": ""balanced"", ""texture_tags"": [""electronic"", ""clean"", ""layered""]}","[{""code"": ""broad_style_subtype_unspecified"", ""trace_id"": ""label-04"", ""message"": ""Subtype unspecified. Do not derive a hip-hop or electronic family from this label alone.""}]","[{""trace_id"": ""label-01"", ""source_path"": ""primary_family"", ""raw_label"": ""Hip Hop"", ""normalized_lookup"": ""hip hop"", ""canonical_concept_id"": ""hip_hop"", ""canonical_label"": ""Hip-hop"", ""kind"": ""family"", ""mapping_status"": ""mapped"", ""note"": """", ""review_candidates"": [], ""broad_families"": [""hip_hop""], ""style_neighborhoods"": [], ""scene_contexts"": []}, {""trace_id"": ""label-02"", ""source_path"": ""secondary_families[0]"", ""raw_label"": ""Pop"", ""normalized_lookup"": ""pop"", ""canonical_concept_id"": ""pop"", ""canonical_label"": ""Pop"", ""kind"": ""family"", ""mapping_status"": ""mapped"", ""note"": """", ""review_candidates"": [], ""broad_families"": [""pop""], ""style_neighborhoods"": [], ""scene_contexts"": []}, {""trace_id"": ""label-03"", ""source_path"": ""secondary_families[1]"", ""raw_label"": ""R&B"", ""normalized_lookup"": ""r and b"", ""canonical_concept_id"": ""rnb"", ""canonical_label"": ""R&B"", ""kind"": ""family"", ""mapping_status"": ""mapped"", ""note"": ""R&B stays its own canonical concept; the broad family is a joint umbrella, not a synonym for soul."", ""review_candidates"": [], ""broad_families"": [""rnb_soul""], ""style_neighborhoods"": [], ""scene_contexts"": []}, {""trace_id"": ""label-04"", ""source_path"": ""primary_style"", ""raw_label"": ""Trap"", ""normalized_lookup"": ""trap"", ""canonical_concept_id"": ""trap"", ""canonical_label"": ""Trap"", ""kind"": ""style_umbrella"", ""mapping_status"": ""mapped"", ""note"": ""Subtype unspecified. Do not derive a hip-hop or electronic family from this label alone."", ""review_candidates"": [], ""broad_families"": [], ""style_neighborhoods"": [""trap_related""], ""scene_contexts"": []}, {""trace_id"": ""label-05"", ""source_path"": ""secondary_styles[0]"", ""raw_label"": ""Pop Rap"", ""normalized_lookup"": ""pop rap"", ""canonical_concept_id"": ""pop_rap"", ""canonical_label"": ""Pop rap"", ""kind"": ""style"", ""mapping_status"": ""mapped"", ""note"": """", ""review_candidates"": [], ""broad_families"": [""hip_hop"", ""pop""], ""style_neighborhoods"": [""rap_pop_crossover""], ""scene_contexts"": []}, {""trace_id"": ""label-06"", ""source_path"": ""secondary_styles[1]"", ""raw_label"": ""Contemporary R&B"", ""normalized_lookup"": ""contemporary r and b"", ""canonical_concept_id"": ""contemporary_rnb"", ""canonical_label"": ""Contemporary R&B"", ""kind"": ""style"", ""mapping_status"": ""mapped"", ""note"": """", ""review_candidates"": [], ""broad_families"": [""rnb_soul""], ""style_neighborhoods"": [""modern_rnb""], ""scene_contexts"": []}]",,False,Inspect the unchanged mapping and original classification separately. No prior answer is inferred.,,,
F072,5quFr5s5PXYfUX5jV2EBZ1,"GANADARA (Feat. IU) — Jay Park, IU","{""primary_family"": ""Pop"", ""secondary_families"": [""R&B"", ""Hip-Hop""], ""primary_style"": ""K-Pop"", ""secondary_styles"": [""Contemporary R&B"", ""Pop Rap""]}","[{""id"": ""pop"", ""label"": ""Pop"", ""trace_ids"": [""label-01""]}, {""id"": ""rnb"", ""label"": ""R&B"", ""trace_ids"": [""label-02""]}, {""id"": ""hip_hop"", ""label"": ""Hip-hop"", ""trace_ids"": [""label-03""]}, {""id"": ""k_pop"", ""label"": ""K-Pop"", ""trace_ids"": [""label-04""]}, {""id"": ""contemporary_rnb"", ""label"": ""Contemporary R&B"", ""trace_ids"": [""label-05""]}, {""id"": ""pop_rap"", ""label"": ""Pop rap"", ""trace_ids"": [""label-06""]}]","[""hip_hop"", ""pop"", ""rnb_soul""]","[""modern_rnb"", ""rap_pop_crossover""]","[""korean_pop_scene""]","{""vocal_role"": ""sung_led"", ""arrangement_focus"": ""lead_vocal"", ""texture_tags"": [""clean"", ""electronic"", ""layered""]}","[{""code"": ""context_separate_from_sonic_style"", ""trace_id"": ""label-04"", ""message"": ""Context only. No sonic neighborhood or broad family follows solely from the scene label.""}]","[{""trace_id"": ""label-01"", ""source_path"": ""primary_family"", ""raw_label"": ""Pop"", ""normalized_lookup"": ""pop"", ""canonical_concept_id"": ""pop"", ""canonical_label"": ""Pop"", ""kind"": ""family"", ""mapping_status"": ""mapped"", ""note"": """", ""review_candidates"": [], ""broad_families"": [""pop""], ""style_neighborhoods"": [], ""scene_contexts"": []}, {""trace_id"": ""label-02"", ""source_path"": ""secondary_families[0]"", ""raw_label"": ""R&B"", ""normalized_lookup"": ""r and b"", ""canonical_concept_id"": ""rnb"", ""canonical_label"": ""R&B"", ""kind"": ""family"", ""mapping_status"": ""mapped"", ""note"": ""R&B stays its own canonical concept; the broad family is a joint umbrella, not a synonym for soul."", ""review_candidates"": [], ""broad_families"": [""rnb_soul""], ""style_neighborhoods"": [], ""scene_contexts"": []}, {""trace_id"": ""label-03"", ""source_path"": ""secondary_families[1]"", ""raw_label"": ""Hip-Hop"", ""normalized_lookup"": ""hip hop"", ""canonical_concept_id"": ""hip_hop"", ""canonical_label"": ""Hip-hop"", ""kind"": ""family"", ""mapping_status"": ""mapped"", ""note"": """", ""review_candidates"": [], ""broad_families"": [""hip_hop""], ""style_neighborhoods"": [], ""scene_contexts"": []}, {""trace_id"": ""label-04"", ""source_path"": ""primary_style"", ""raw_label"": ""K-Pop"", ""normalized_lookup"": ""k pop"", ""canonical_concept_id"": ""k_pop"", ""canonical_label"": ""K-Pop"", ""kind"": ""scene_context"", ""mapping_status"": ""mapped"", ""note"": ""Context only. No sonic neighborhood or broad family follows solely from the scene label."", ""review_candidates"": [], ""broad_families"": [], ""style_neighborhoods"": [], ""scene_contexts"": [""korean_pop_scene""]}, {""trace_id"": ""label-05"", ""source_path"": ""secondary_styles[0]"", ""raw_label"": ""Contemporary R&B"", ""normalized_lookup"": ""contemporary r and b"", ""canonical_concept_id"": ""contemporary_rnb"", ""canonical_label"": ""Contemporary R&B"", ""kind"": ""style"", ""mapping_status"": ""mapped"", ""note"": """", ""review_candidates"": [], ""broad_families"": [""rnb_soul""], ""style_neighborhoods"": [""modern_rnb""], ""scene_contexts"": []}, {""trace_id"": ""label-06"", ""source_path"": ""secondary_styles[1]"", ""raw_label"": ""Pop Rap"", ""normalized_lookup"": ""pop rap"", ""canonical_concept_id"": ""pop_rap"", ""canonical_label"": ""Pop rap"", ""kind"": ""style"", ""mapping_status"": ""mapped"", ""note"": """", ""review_candidates"": [], ""broad_families"": [""hip_hop"", ""pop""], ""style_neighborhoods"": [""rap_pop_crossover""], ""scene_contexts"": []}]",,False,Inspect the unchanged mapping and original classification separately. No prior answer is inferred.,,,
F073,5ri8u5RA8e4vGMyMAGXy0p,"Stay With Me — Teqkoi, Mouse","{""primary_family"": ""Hip-Hop"", ""secondary_families"": [""Electronic"", ""R&B""], ""primary_style"": ""Chopped and Screwed"", ""secondary_styles"": [""Cloud Rap"", ""Trap""]}","[{""id"": ""hip_hop"", ""label"": ""Hip-hop"", ""trace_ids"": [""label-01""]}, {""id"": ""electronic"", ""label"": ""Electronic"", ""trace_ids"": [""label-02""]}, {""id"": ""rnb"", ""label"": ""R&B"", ""trace_ids"": [""label-03""]}, {""id"": ""trap"", ""label"": ""Trap"", ""trace_ids"": [""label-06""]}]","[""electronic"", ""hip_hop"", ""rnb_soul""]","[""trap_related""]",[],"{""vocal_role"": ""vocal_samples_only"", ""arrangement_focus"": ""lead_vocal"", ""texture_tags"": [""electronic"", ""hazy"", ""sample_based""]}","[{""code"": ""mapping_review_required"", ""trace_id"": ""label-04"", ""message"": ""No explicit alias. Preserve the label; do not infer a concept.""}, {""code"": ""mapping_review_required"", ""trace_id"": ""label-05"", ""message"": ""No explicit alias. Preserve the label; do not infer a concept.""}, {""code"": ""broad_style_subtype_unspecified"", ""trace_id"": ""label-06"", ""message"": ""Subtype unspecified. Do not derive a hip-hop or electronic family from this label alone.""}]","[{""trace_id"": ""label-01"", ""source_path"": ""primary_family"", ""raw_label"": ""Hip-Hop"", ""normalized_lookup"": ""hip hop"", ""canonical_concept_id"": ""hip_hop"", ""canonical_label"": ""Hip-hop"", ""kind"": ""family"", ""mapping_status"": ""mapped"", ""note"": """", ""review_candidates"": [], ""broad_families"": [""hip_hop""], ""style_neighborhoods"": [], ""scene_contexts"": []}, {""trace_id"": ""label-02"", ""source_path"": ""secondary_families[0]"", ""raw_label"": ""Electronic"", ""normalized_lookup"": ""electronic"", ""canonical_concept_id"": ""electronic"", ""canonical_label"": ""Electronic"", ""kind"": ""family"", ""mapping_status"": ""mapped"", ""note"": """", ""review_candidates"": [], ""broad_families"": [""electronic""], ""style_neighborhoods"": [], ""scene_contexts"": []}, {""trace_id"": ""label-03"", ""source_path"": ""secondary_families[1]"", ""raw_label"": ""R&B"", ""normalized_lookup"": ""r and b"", ""canonical_concept_id"": ""rnb"", ""canonical_label"": ""R&B"", ""kind"": ""family"", ""mapping_status"": ""mapped"", ""note"": ""R&B stays its own canonical concept; the broad family is a joint umbrella, not a synonym for soul."", ""review_candidates"": [], ""broad_families"": [""rnb_soul""], ""style_neighborhoods"": [], ""scene_contexts"": []}, {""trace_id"": ""label-04"", ""source_path"": ""primary_style"", ""raw_label"": ""Chopped and Screwed"", ""normalized_lookup"": ""chopped and screwed"", ""canonical_concept_id"": null, ""canonical_label"": null, ""kind"": ""unrecognized_label"", ""mapping_status"": ""mapping_review_required"", ""note"": ""No explicit alias. Preserve the label; do not infer a concept."", ""review_candidates"": [], ""broad_families"": [], ""style_neighborhoods"": [], ""scene_contexts"": []}, {""trace_id"": ""label-05"", ""source_path"": ""secondary_styles[0]"", ""raw_label"": ""Cloud Rap"", ""normalized_lookup"": ""cloud rap"", ""canonical_concept_id"": null, ""canonical_label"": null, ""kind"": ""unrecognized_label"", ""mapping_status"": ""mapping_review_required"", ""note"": ""No explicit alias. Preserve the label; do not infer a concept."", ""review_candidates"": [], ""broad_families"": [], ""style_neighborhoods"": [], ""scene_contexts"": []}, {""trace_id"": ""label-06"", ""source_path"": ""secondary_styles[1]"", ""raw_label"": ""Trap"", ""normalized_lookup"": ""trap"", ""canonical_concept_id"": ""trap"", ""canonical_label"": ""Trap"", ""kind"": ""style_umbrella"", ""mapping_status"": ""mapped"", ""note"": ""Subtype unspecified. Do not derive a hip-hop or electronic family from this label alone."", ""review_candidates"": [], ""broad_families"": [], ""style_neighborhoods"": [""trap_related""], ""scene_contexts"": []}]",,False,Inspect the unchanged mapping and original classification separately. No prior answer is inferred.,,,
F074,5sEeuhYWHNczuPKek1zJeG,Tea Time — Disvstxr,"{""primary_family"": ""hip_hop"", ""secondary_families"": [""electronic""], ""primary_style"": ""lo_fi_hip_hop"", ""secondary_styles"": [""chillhop"", ""downtempo""]}","[{""id"": ""hip_hop"", ""label"": ""Hip-hop"", ""trace_ids"": [""label-01""]}, {""id"": ""electronic"", ""label"": ""Electronic"", ""trace_ids"": [""label-02""]}, {""id"": ""lofi_hip_hop"", ""label"": ""Lo-fi hip-hop"", ""trace_ids"": [""label-03""]}, {""id"": ""chillhop"", ""label"": ""Chillhop"", ""trace_ids"": [""label-04""]}, {""id"": ""downtempo"", ""label"": ""Downtempo"", ""trace_ids"": [""label-05""]}]","[""electronic"", ""hip_hop""]","[""downtempo_related"", ""hip_hop_beat_lineage"", ""lofi_chill_beats""]",[],"{""vocal_role"": ""vocal_samples_only"", ""arrangement_focus"": ""beat_or_instrumental"", ""texture_tags"": [""sample_based"", ""hazy"", ""clean""]}",[],"[{""trace_id"": ""label-01"", ""source_path"": ""primary_family"", ""raw_label"": ""hip_hop"", ""normalized_lookup"": ""hip hop"", ""canonical_concept_id"": ""hip_hop"", ""canonical_label"": ""Hip-hop"", ""kind"": ""family"", ""mapping_status"": ""mapped"", ""note"": """", ""review_candidates"": [], ""broad_families"": [""hip_hop""], ""style_neighborhoods"": [], ""scene_contexts"": []}, {""trace_id"": ""label-02"", ""source_path"": ""secondary_families[0]"", ""raw_label"": ""electronic"", ""normalized_lookup"": ""electronic"", ""canonical_concept_id"": ""electronic"", ""canonical_label"": ""Electronic"", ""kind"": ""family"", ""mapping_status"": ""mapped"", ""note"": """", ""review_candidates"": [], ""broad_families"": [""electronic""], ""style_neighborhoods"": [], ""scene_contexts"": []}, {""trace_id"": ""label-03"", ""source_path"": ""primary_style"", ""raw_label"": ""lo_fi_hip_hop"", ""normalized_lookup"": ""lo fi hip hop"", ""canonical_concept_id"": ""lofi_hip_hop"", ""canonical_label"": ""Lo-fi hip-hop"", ""kind"": ""style"", ""mapping_status"": ""mapped"", ""note"": ""Does not assert boom-bap, instrumental-only status, or electronic instrumentation."", ""review_candidates"": [], ""broad_families"": [""hip_hop""], ""style_neighborhoods"": [""hip_hop_beat_lineage"", ""lofi_chill_beats""], ""scene_contexts"": []}, {""trace_id"": ""label-04"", ""source_path"": ""secondary_styles[0]"", ""raw_label"": ""chillhop"", ""normalized_lookup"": ""chillhop"", ""canonical_concept_id"": ""chillhop"", ""canonical_label"": ""Chillhop"", ""kind"": ""style"", ""mapping_status"": ""mapped"", ""note"": """", ""review_candidates"": [], ""broad_families"": [""hip_hop""], ""style_neighborhoods"": [""hip_hop_beat_lineage"", ""lofi_chill_beats""], ""scene_contexts"": []}, {""trace_id"": ""label-05"", ""source_path"": ""secondary_styles[1]"", ""raw_label"": ""downtempo"", ""normalized_lookup"": ""downtempo"", ""canonical_concept_id"": ""downtempo"", ""canonical_label"": ""Downtempo"", ""kind"": ""style_umbrella"", ""mapping_status"": ""mapped"", ""note"": ""A style-level umbrella even when Gemini puts it in a family slot; not a BPM measurement."", ""review_candidates"": [], ""broad_families"": [""electronic""], ""style_neighborhoods"": [""downtempo_related""], ""scene_contexts"": []}]",,False,Inspect the unchanged mapping and original classification separately. No prior answer is inferred.,,,
F075,5zfpJXfqGGh94YcStRlI2s,Look At Me Now — Yayyoung,"{""primary_family"": ""Pop"", ""secondary_families"": [""Folk"", ""R&B""], ""primary_style"": ""Acoustic Pop"", ""secondary_styles"": [""Contemporary Folk"", ""Contemporary R&B""]}","[{""id"": ""pop"", ""label"": ""Pop"", ""trace_ids"": [""label-01""]}, {""id"": ""rnb"", ""label"": ""R&B"", ""trace_ids"": [""label-03""]}, {""id"": ""contemporary_rnb"", ""label"": ""Contemporary R&B"", ""trace_ids"": [""label-06""]}]","[""pop"", ""rnb_soul""]","[""modern_rnb""]",[],"{""vocal_role"": ""sung_led"", ""arrangement_focus"": ""lead_vocal"", ""texture_tags"": [""acoustic"", ""clean""]}","[{""code"": ""mapping_review_required"", ""trace_id"": ""label-02"", ""message"": ""No explicit alias. Preserve the label; do not infer a concept.""}, {""code"": ""mapping_review_required"", ""trace_id"": ""label-04"", ""message"": ""No explicit alias. Preserve the label; do not infer a concept.""}, {""code"": ""mapping_review_required"", ""trace_id"": ""label-05"", ""message"": ""No explicit alias. Preserve the label; do not infer a concept.""}]","[{""trace_id"": ""label-01"", ""source_path"": ""primary_family"", ""raw_label"": ""Pop"", ""normalized_lookup"": ""pop"", ""canonical_concept_id"": ""pop"", ""canonical_label"": ""Pop"", ""kind"": ""family"", ""mapping_status"": ""mapped"", ""note"": """", ""review_candidates"": [], ""broad_families"": [""pop""], ""style_neighborhoods"": [], ""scene_contexts"": []}, {""trace_id"": ""label-02"", ""source_path"": ""secondary_families[0]"", ""raw_label"": ""Folk"", ""normalized_lookup"": ""folk"", ""canonical_concept_id"": null, ""canonical_label"": null, ""kind"": ""unrecognized_label"", ""mapping_status"": ""mapping_review_required"", ""note"": ""No explicit alias. Preserve the label; do not infer a concept."", ""review_candidates"": [], ""broad_families"": [], ""style_neighborhoods"": [], ""scene_contexts"": []}, {""trace_id"": ""label-03"", ""source_path"": ""secondary_families[1]"", ""raw_label"": ""R&B"", ""normalized_lookup"": ""r and b"", ""canonical_concept_id"": ""rnb"", ""canonical_label"": ""R&B"", ""kind"": ""family"", ""mapping_status"": ""mapped"", ""note"": ""R&B stays its own canonical concept; the broad family is a joint umbrella, not a synonym for soul."", ""review_candidates"": [], ""broad_families"": [""rnb_soul""], ""style_neighborhoods"": [], ""scene_contexts"": []}, {""trace_id"": ""label-04"", ""source_path"": ""primary_style"", ""raw_label"": ""Acoustic Pop"", ""normalized_lookup"": ""acoustic pop"", ""canonical_concept_id"": null, ""canonical_label"": null, ""kind"": ""unrecognized_label"", ""mapping_status"": ""mapping_review_required"", ""note"": ""No explicit alias. Preserve the label; do not infer a concept."", ""review_candidates"": [], ""broad_families"": [], ""style_neighborhoods"": [], ""scene_contexts"": []}, {""trace_id"": ""label-05"", ""source_path"": ""secondary_styles[0]"", ""raw_label"": ""Contemporary Folk"", ""normalized_lookup"": ""contemporary folk"", ""canonical_concept_id"": null, ""canonical_label"": null, ""kind"": ""unrecognized_label"", ""mapping_status"": ""mapping_review_required"", ""note"": ""No explicit alias. Preserve the label; do not infer a concept."", ""review_candidates"": [], ""broad_families"": [], ""style_neighborhoods"": [], ""scene_contexts"": []}, {""trace_id"": ""label-06"", ""source_path"": ""secondary_styles[1]"", ""raw_label"": ""Contemporary R&B"", ""normalized_lookup"": ""contemporary r and b"", ""canonical_concept_id"": ""contemporary_rnb"", ""canonical_label"": ""Contemporary R&B"", ""kind"": ""style"", ""mapping_status"": ""mapped"", ""note"": """", ""review_candidates"": [], ""broad_families"": [""rnb_soul""], ""style_neighborhoods"": [""modern_rnb""], ""scene_contexts"": []}]",,False,Inspect the unchanged mapping and original classification separately. No prior answer is inferred.,,,
F076,65FftemJ1DbbZ45DUfHJXE,OMG — NewJeans,"{""primary_family"": ""Pop"", ""secondary_families"": [""R&B and Soul"", ""Dance""], ""primary_style"": ""K-Pop"", ""secondary_styles"": [""Contemporary R&B"", ""Synth-Pop""]}","[{""id"": ""pop"", ""label"": ""Pop"", ""trace_ids"": [""label-01""]}, {""id"": ""rnb_soul_umbrella"", ""label"": ""R&B and Soul"", ""trace_ids"": [""label-02""]}, {""id"": ""dance_unspecified"", ""label"": ""Dance"", ""trace_ids"": [""label-03""]}, {""id"": ""k_pop"", ""label"": ""K-Pop"", ""trace_ids"": [""label-04""]}, {""id"": ""contemporary_rnb"", ""label"": ""Contemporary R&B"", ""trace_ids"": [""label-05""]}, {""id"": ""synth_pop"", ""label"": ""Synth-pop"", ""trace_ids"": [""label-06""]}]","[""electronic"", ""pop"", ""rnb_soul""]","[""modern_rnb"", ""pop_electronic"", ""synth_pop""]","[""korean_pop_scene""]","{""vocal_role"": ""mixed_rap_and_singing"", ""arrangement_focus"": ""lead_vocal"", ""texture_tags"": [""electronic"", ""clean"", ""layered""]}","[{""code"": ""mapping_review_required"", ""trace_id"": ""label-03"", ""message"": ""Bare dance label does not distinguish function, dance-pop, or electronic dance music.""}, {""code"": ""context_separate_from_sonic_style"", ""trace_id"": ""label-04"", ""message"": ""Context only. No sonic neighborhood or broad family follows solely from the scene label.""}]","[{""trace_id"": ""label-01"", ""source_path"": ""primary_family"", ""raw_label"": ""Pop"", ""normalized_lookup"": ""pop"", ""canonical_concept_id"": ""pop"", ""canonical_label"": ""Pop"", ""kind"": ""family"", ""mapping_status"": ""mapped"", ""note"": """", ""review_candidates"": [], ""broad_families"": [""pop""], ""style_neighborhoods"": [], ""scene_contexts"": []}, {""trace_id"": ""label-02"", ""source_path"": ""secondary_families[0]"", ""raw_label"": ""R&B and Soul"", ""normalized_lookup"": ""r and b and soul"", ""canonical_concept_id"": ""rnb_soul_umbrella"", ""canonical_label"": ""R&B and Soul"", ""kind"": ""family_umbrella"", ""mapping_status"": ""mapped"", ""note"": ""Combined family label preserved as an umbrella; not split into two independently predicted genres."", ""review_candidates"": [], ""broad_families"": [""rnb_soul""], ""style_neighborhoods"": [], ""scene_contexts"": []}, {""trace_id"": ""label-03"", ""source_path"": ""secondary_families[1]"", ""raw_label"": ""Dance"", ""normalized_lookup"": ""dance"", ""canonical_concept_id"": ""dance_unspecified"", ""canonical_label"": ""Dance"", ""kind"": ""ambiguous_umbrella"", ""mapping_status"": ""mapping_review_required"", ""note"": ""Bare dance label does not distinguish function, dance-pop, or electronic dance music."", ""review_candidates"": [""dance/listening function"", ""dance-pop"", ""electronic dance music""], ""broad_families"": [], ""style_neighborhoods"": [], ""scene_contexts"": []}, {""trace_id"": ""label-04"", ""source_path"": ""primary_style"", ""raw_label"": ""K-Pop"", ""normalized_lookup"": ""k pop"", ""canonical_concept_id"": ""k_pop"", ""canonical_label"": ""K-Pop"", ""kind"": ""scene_context"", ""mapping_status"": ""mapped"", ""note"": ""Context only. No sonic neighborhood or broad family follows solely from the scene label."", ""review_candidates"": [], ""broad_families"": [], ""style_neighborhoods"": [], ""scene_contexts"": [""korean_pop_scene""]}, {""trace_id"": ""label-05"", ""source_path"": ""secondary_styles[0]"", ""raw_label"": ""Contemporary R&B"", ""normalized_lookup"": ""contemporary r and b"", ""canonical_concept_id"": ""contemporary_rnb"", ""canonical_label"": ""Contemporary R&B"", ""kind"": ""style"", ""mapping_status"": ""mapped"", ""note"": """", ""review_candidates"": [], ""broad_families"": [""rnb_soul""], ""style_neighborhoods"": [""modern_rnb""], ""scene_contexts"": []}, {""trace_id"": ""label-06"", ""source_path"": ""secondary_styles[1]"", ""raw_label"": ""Synth-Pop"", ""normalized_lookup"": ""synth pop"", ""canonical_concept_id"": ""synth_pop"", ""canonical_label"": ""Synth-pop"", ""kind"": ""style"", ""mapping_status"": ""mapped"", ""note"": """", ""review_candidates"": [], ""broad_families"": [""pop"", ""electronic""], ""style_neighborhoods"": [""pop_electronic"", ""synth_pop""], ""scene_contexts"": []}]",,False,Inspect the unchanged mapping and original classification separately. No prior answer is inferred.,,,
F077,6B9HXnRzmokTTxZNdV5T48,"me2urs2ours — Yayyoung, Sojou Kim","{""primary_family"": ""R&B and Soul"", ""secondary_families"": [""Pop"", ""Hip-Hop""], ""primary_style"": ""Contemporary R&B"", ""secondary_styles"": [""Alternative R&B"", ""Trap Soul""]}","[{""id"": ""rnb_soul_umbrella"", ""label"": ""R&B and Soul"", ""trace_ids"": [""label-01""]}, {""id"": ""pop"", ""label"": ""Pop"", ""trace_ids"": [""label-02""]}, {""id"": ""hip_hop"", ""label"": ""Hip-hop"", ""trace_ids"": [""label-03""]}, {""id"": ""contemporary_rnb"", ""label"": ""Contemporary R&B"", ""trace_ids"": [""label-04""]}, {""id"": ""alternative_rnb"", ""label"": ""Alternative R&B"", ""trace_ids"": [""label-05""]}]","[""hip_hop"", ""pop"", ""rnb_soul""]","[""alternative_rnb"", ""modern_rnb""]",[],"{""vocal_role"": ""sung_led"", ""arrangement_focus"": ""lead_vocal"", ""texture_tags"": [""electronic"", ""layered"", ""clean""]}","[{""code"": ""mapping_review_required"", ""trace_id"": ""label-06"", ""message"": ""No explicit alias. Preserve the label; do not infer a concept.""}]","[{""trace_id"": ""label-01"", ""source_path"": ""primary_family"", ""raw_label"": ""R&B and Soul"", ""normalized_lookup"": ""r and b and soul"", ""canonical_concept_id"": ""rnb_soul_umbrella"", ""canonical_label"": ""R&B and Soul"", ""kind"": ""family_umbrella"", ""mapping_status"": ""mapped"", ""note"": ""Combined family label preserved as an umbrella; not split into two independently predicted genres."", ""review_candidates"": [], ""broad_families"": [""rnb_soul""], ""style_neighborhoods"": [], ""scene_contexts"": []}, {""trace_id"": ""label-02"", ""source_path"": ""secondary_families[0]"", ""raw_label"": ""Pop"", ""normalized_lookup"": ""pop"", ""canonical_concept_id"": ""pop"", ""canonical_label"": ""Pop"", ""kind"": ""family"", ""mapping_status"": ""mapped"", ""note"": """", ""review_candidates"": [], ""broad_families"": [""pop""], ""style_neighborhoods"": [], ""scene_contexts"": []}, {""trace_id"": ""label-03"", ""source_path"": ""secondary_families[1]"", ""raw_label"": ""Hip-Hop"", ""normalized_lookup"": ""hip hop"", ""canonical_concept_id"": ""hip_hop"", ""canonical_label"": ""Hip-hop"", ""kind"": ""family"", ""mapping_status"": ""mapped"", ""note"": """", ""review_candidates"": [], ""broad_families"": [""hip_hop""], ""style_neighborhoods"": [], ""scene_contexts"": []}, {""trace_id"": ""label-04"", ""source_path"": ""primary_style"", ""raw_label"": ""Contemporary R&B"", ""normalized_lookup"": ""contemporary r and b"", ""canonical_concept_id"": ""contemporary_rnb"", ""canonical_label"": ""Contemporary R&B"", ""kind"": ""style"", ""mapping_status"": ""mapped"", ""note"": """", ""review_candidates"": [], ""broad_families"": [""rnb_soul""], ""style_neighborhoods"": [""modern_rnb""], ""scene_contexts"": []}, {""trace_id"": ""label-05"", ""source_path"": ""secondary_styles[0]"", ""raw_label"": ""Alternative R&B"", ""normalized_lookup"": ""alternative r and b"", ""canonical_concept_id"": ""alternative_rnb"", ""canonical_label"": ""Alternative R&B"", ""kind"": ""style"", ""mapping_status"": ""mapped"", ""note"": """", ""review_candidates"": [], ""broad_families"": [""rnb_soul""], ""style_neighborhoods"": [""modern_rnb"", ""alternative_rnb""], ""scene_contexts"": []}, {""trace_id"": ""label-06"", ""source_path"": ""secondary_styles[1]"", ""raw_label"": ""Trap Soul"", ""normalized_lookup"": ""trap soul"", ""canonical_concept_id"": null, ""canonical_label"": null, ""kind"": ""unrecognized_label"", ""mapping_status"": ""mapping_review_required"", ""note"": ""No explicit alias. Preserve the label; do not infer a concept."", ""review_candidates"": [], ""broad_families"": [], ""style_neighborhoods"": [], ""scene_contexts"": []}]",,False,Inspect the unchanged mapping and original classification separately. No prior answer is inferred.,,,
F078,6HIngEWX8ycnLjuUfSZyah,"blue (with MINNIE) — yung kai, MINNIE","{""primary_family"": ""folk"", ""secondary_families"": [""pop""], ""primary_style"": ""indie folk"", ""secondary_styles"": [""indie pop""]}","[{""id"": ""pop"", ""label"": ""Pop"", ""trace_ids"": [""label-02""]}, {""id"": ""indie_pop"", ""label"": ""Indie pop"", ""trace_ids"": [""label-04""]}]","[""pop""]","[""indie_pop_related""]",[],"{""vocal_role"": ""sung_led"", ""arrangement_focus"": ""lead_vocal"", ""texture_tags"": [""acoustic"", ""clean""]}","[{""code"": ""mapping_review_required"", ""trace_id"": ""label-01"", ""message"": ""No explicit alias. Preserve the label; do not infer a concept.""}, {""code"": ""mapping_review_required"", ""trace_id"": ""label-03"", ""message"": ""No explicit alias. Preserve the label; do not infer a concept.""}]","[{""trace_id"": ""label-01"", ""source_path"": ""primary_family"", ""raw_label"": ""folk"", ""normalized_lookup"": ""folk"", ""canonical_concept_id"": null, ""canonical_label"": null, ""kind"": ""unrecognized_label"", ""mapping_status"": ""mapping_review_required"", ""note"": ""No explicit alias. Preserve the label; do not infer a concept."", ""review_candidates"": [], ""broad_families"": [], ""style_neighborhoods"": [], ""scene_contexts"": []}, {""trace_id"": ""label-02"", ""source_path"": ""secondary_families[0]"", ""raw_label"": ""pop"", ""normalized_lookup"": ""pop"", ""canonical_concept_id"": ""pop"", ""canonical_label"": ""Pop"", ""kind"": ""family"", ""mapping_status"": ""mapped"", ""note"": """", ""review_candidates"": [], ""broad_families"": [""pop""], ""style_neighborhoods"": [], ""scene_contexts"": []}, {""trace_id"": ""label-03"", ""source_path"": ""primary_style"", ""raw_label"": ""indie folk"", ""normalized_lookup"": ""indie folk"", ""canonical_concept_id"": null, ""canonical_label"": null, ""kind"": ""unrecognized_label"", ""mapping_status"": ""mapping_review_required"", ""note"": ""No explicit alias. Preserve the label; do not infer a concept."", ""review_candidates"": [], ""broad_families"": [], ""style_neighborhoods"": [], ""scene_contexts"": []}, {""trace_id"": ""label-04"", ""source_path"": ""secondary_styles[0]"", ""raw_label"": ""indie pop"", ""normalized_lookup"": ""indie pop"", ""canonical_concept_id"": ""indie_pop"", ""canonical_label"": ""Indie pop"", ""kind"": ""style"", ""mapping_status"": ""mapped"", ""note"": ""Musical label, not evidence of an independent record contract; not automatically dreamy or lo-fi."", ""review_candidates"": [], ""broad_families"": [""pop""], ""style_neighborhoods"": [""indie_pop_related""], ""scene_contexts"": []}]",,False,Inspect the unchanged mapping and original classification separately. No prior answer is inferred.,,,
F079,6JjD8b5nYnwJ3zxYZ16rKg,"Bullet Train Fantasy — Ibrahim, Luvbird","{""primary_family"": ""Hip-Hop"", ""secondary_families"": [""Electronic""], ""primary_style"": ""Lo-Fi Hip-Hop"", ""secondary_styles"": [""Chillout"", ""Downtempo""]}","[{""id"": ""hip_hop"", ""label"": ""Hip-hop"", ""trace_ids"": [""label-01""]}, {""id"": ""electronic"", ""label"": ""Electronic"", ""trace_ids"": [""label-02""]}, {""id"": ""lofi_hip_hop"", ""label"": ""Lo-fi hip-hop"", ""trace_ids"": [""label-03""]}, {""id"": ""chillout"", ""label"": ""Chillout"", ""trace_ids"": [""label-04""]}, {""id"": ""downtempo"", ""label"": ""Downtempo"", ""trace_ids"": [""label-05""]}]","[""electronic"", ""hip_hop""]","[""downtempo_related"", ""hip_hop_beat_lineage"", ""lofi_chill_beats""]","[""chillout_umbrella""]","{""vocal_role"": ""instrumental"", ""arrangement_focus"": ""beat_or_instrumental"", ""texture_tags"": [""clean"", ""acoustic"", ""sample_based""]}","[{""code"": ""mapping_review_required"", ""trace_id"": ""label-04"", ""message"": ""May denote a listening use or heterogeneous sonic styles. Retain the ambiguous umbrella; do not equate with downtempo or lo-fi.""}, {""code"": ""context_separate_from_sonic_style"", ""trace_id"": ""label-04"", ""message"": ""May denote a listening use or heterogeneous sonic styles. Retain the ambiguous umbrella; do not equate with downtempo or lo-fi.""}]","[{""trace_id"": ""label-01"", ""source_path"": ""primary_family"", ""raw_label"": ""Hip-Hop"", ""normalized_lookup"": ""hip hop"", ""canonical_concept_id"": ""hip_hop"", ""canonical_label"": ""Hip-hop"", ""kind"": ""family"", ""mapping_status"": ""mapped"", ""note"": """", ""review_candidates"": [], ""broad_families"": [""hip_hop""], ""style_neighborhoods"": [], ""scene_contexts"": []}, {""trace_id"": ""label-02"", ""source_path"": ""secondary_families[0]"", ""raw_label"": ""Electronic"", ""normalized_lookup"": ""electronic"", ""canonical_concept_id"": ""electronic"", ""canonical_label"": ""Electronic"", ""kind"": ""family"", ""mapping_status"": ""mapped"", ""note"": """", ""review_candidates"": [], ""broad_families"": [""electronic""], ""style_neighborhoods"": [], ""scene_contexts"": []}, {""trace_id"": ""label-03"", ""source_path"": ""primary_style"", ""raw_label"": ""Lo-Fi Hip-Hop"", ""normalized_lookup"": ""lo fi hip hop"", ""canonical_concept_id"": ""lofi_hip_hop"", ""canonical_label"": ""Lo-fi hip-hop"", ""kind"": ""style"", ""mapping_status"": ""mapped"", ""note"": ""Does not assert boom-bap, instrumental-only status, or electronic instrumentation."", ""review_candidates"": [], ""broad_families"": [""hip_hop""], ""style_neighborhoods"": [""hip_hop_beat_lineage"", ""lofi_chill_beats""], ""scene_contexts"": []}, {""trace_id"": ""label-04"", ""source_path"": ""secondary_styles[0]"", ""raw_label"": ""Chillout"", ""normalized_lookup"": ""chillout"", ""canonical_concept_id"": ""chillout"", ""canonical_label"": ""Chillout"", ""kind"": ""ambiguous_context_style"", ""mapping_status"": ""mapping_review_required"", ""note"": ""May denote a listening use or heterogeneous sonic styles. Retain the ambiguous umbrella; do not equate with downtempo or lo-fi."", ""review_candidates"": [""listening context"", ""downtempo-oriented style umbrella""], ""broad_families"": [], ""style_neighborhoods"": [], ""scene_contexts"": [""chillout_umbrella""]}, {""trace_id"": ""label-05"", ""source_path"": ""secondary_styles[1]"", ""raw_label"": ""Downtempo"", ""normalized_lookup"": ""downtempo"", ""canonical_concept_id"": ""downtempo"", ""canonical_label"": ""Downtempo"", ""kind"": ""style_umbrella"", ""mapping_status"": ""mapped"", ""note"": ""A style-level umbrella even when Gemini puts it in a family slot; not a BPM measurement."", ""review_candidates"": [], ""broad_families"": [""electronic""], ""style_neighborhoods"": [""downtempo_related""], ""scene_contexts"": []}]",,False,Inspect the unchanged mapping and original classification separately. No prior answer is inferred.,,,
F080,6Kkt27YmFyIFrcX3QXFi2o,Liability — Lorde,"{""primary_family"": ""Pop"", ""secondary_families"": [""Singer-Songwriter""], ""primary_style"": ""Piano Pop"", ""secondary_styles"": [""Indie Pop""]}","[{""id"": ""pop"", ""label"": ""Pop"", ""trace_ids"": [""label-01""]}, {""id"": ""indie_pop"", ""label"": ""Indie pop"", ""trace_ids"": [""label-04""]}]","[""pop""]","[""indie_pop_related""]",[],"{""vocal_role"": ""sung_led"", ""arrangement_focus"": ""lead_vocal"", ""texture_tags"": [""acoustic"", ""clean""]}","[{""code"": ""mapping_review_required"", ""trace_id"": ""label-02"", ""message"": ""No explicit alias. Preserve the label; do not infer a concept.""}, {""code"": ""mapping_review_required"", ""trace_id"": ""label-03"", ""message"": ""No explicit alias. Preserve the label; do not infer a concept.""}]","[{""trace_id"": ""label-01"", ""source_path"": ""primary_family"", ""raw_label"": ""Pop"", ""normalized_lookup"": ""pop"", ""canonical_concept_id"": ""pop"", ""canonical_label"": ""Pop"", ""kind"": ""family"", ""mapping_status"": ""mapped"", ""note"": """", ""review_candidates"": [], ""broad_families"": [""pop""], ""style_neighborhoods"": [], ""scene_contexts"": []}, {""trace_id"": ""label-02"", ""source_path"": ""secondary_families[0]"", ""raw_label"": ""Singer-Songwriter"", ""normalized_lookup"": ""singer songwriter"", ""canonical_concept_id"": null, ""canonical_label"": null, ""kind"": ""unrecognized_label"", ""mapping_status"": ""mapping_review_required"", ""note"": ""No explicit alias. Preserve the label; do not infer a concept."", ""review_candidates"": [], ""broad_families"": [], ""style_neighborhoods"": [], ""scene_contexts"": []}, {""trace_id"": ""label-03"", ""source_path"": ""primary_style"", ""raw_label"": ""Piano Pop"", ""normalized_lookup"": ""piano pop"", ""canonical_concept_id"": null, ""canonical_label"": null, ""kind"": ""unrecognized_label"", ""mapping_status"": ""mapping_review_required"", ""note"": ""No explicit alias. Preserve the label; do not infer a concept."", ""review_candidates"": [], ""broad_families"": [], ""style_neighborhoods"": [], ""scene_contexts"": []}, {""trace_id"": ""label-04"", ""source_path"": ""secondary_styles[0]"", ""raw_label"": ""Indie Pop"", ""normalized_lookup"": ""indie pop"", ""canonical_concept_id"": ""indie_pop"", ""canonical_label"": ""Indie pop"", ""kind"": ""style"", ""mapping_status"": ""mapped"", ""note"": ""Musical label, not evidence of an independent record contract; not automatically dreamy or lo-fi."", ""review_candidates"": [], ""broad_families"": [""pop""], ""style_neighborhoods"": [""indie_pop_related""], ""scene_contexts"": []}]",,False,Inspect the unchanged mapping and original classification separately. No prior answer is inferred.,,,
F081,6ZGqVXaJmhbYAK2DF8mWRR,I'm Drunk And Confused — sagun,"{""primary_family"": ""hip-hop"", ""secondary_families"": [""electronic"", ""r&b""], ""primary_style"": ""lo-fi hip-hop"", ""secondary_styles"": [""chillwave"", ""downtempo""]}","[{""id"": ""hip_hop"", ""label"": ""Hip-hop"", ""trace_ids"": [""label-01""]}, {""id"": ""electronic"", ""label"": ""Electronic"", ""trace_ids"": [""label-02""]}, {""id"": ""rnb"", ""label"": ""R&B"", ""trace_ids"": [""label-03""]}, {""id"": ""lofi_hip_hop"", ""label"": ""Lo-fi hip-hop"", ""trace_ids"": [""label-04""]}, {""id"": ""downtempo"", ""label"": ""Downtempo"", ""trace_ids"": [""label-06""]}]","[""electronic"", ""hip_hop"", ""rnb_soul""]","[""downtempo_related"", ""hip_hop_beat_lineage"", ""lofi_chill_beats""]",[],"{""vocal_role"": ""vocal_samples_only"", ""arrangement_focus"": ""beat_or_instrumental"", ""texture_tags"": [""sample_based"", ""hazy"", ""electronic""]}","[{""code"": ""mapping_review_required"", ""trace_id"": ""label-05"", ""message"": ""No explicit alias. Preserve the label; do not infer a concept.""}]","[{""trace_id"": ""label-01"", ""source_path"": ""primary_family"", ""raw_label"": ""hip-hop"", ""normalized_lookup"": ""hip hop"", ""canonical_concept_id"": ""hip_hop"", ""canonical_label"": ""Hip-hop"", ""kind"": ""family"", ""mapping_status"": ""mapped"", ""note"": """", ""review_candidates"": [], ""broad_families"": [""hip_hop""], ""style_neighborhoods"": [], ""scene_contexts"": []}, {""trace_id"": ""label-02"", ""source_path"": ""secondary_families[0]"", ""raw_label"": ""electronic"", ""normalized_lookup"": ""electronic"", ""canonical_concept_id"": ""electronic"", ""canonical_label"": ""Electronic"", ""kind"": ""family"", ""mapping_status"": ""mapped"", ""note"": """", ""review_candidates"": [], ""broad_families"": [""electronic""], ""style_neighborhoods"": [], ""scene_contexts"": []}, {""trace_id"": ""label-03"", ""source_path"": ""secondary_families[1]"", ""raw_label"": ""r&b"", ""normalized_lookup"": ""r and b"", ""canonical_concept_id"": ""rnb"", ""canonical_label"": ""R&B"", ""kind"": ""family"", ""mapping_status"": ""mapped"", ""note"": ""R&B stays its own canonical concept; the broad family is a joint umbrella, not a synonym for soul."", ""review_candidates"": [], ""broad_families"": [""rnb_soul""], ""style_neighborhoods"": [], ""scene_contexts"": []}, {""trace_id"": ""label-04"", ""source_path"": ""primary_style"", ""raw_label"": ""lo-fi hip-hop"", ""normalized_lookup"": ""lo fi hip hop"", ""canonical_concept_id"": ""lofi_hip_hop"", ""canonical_label"": ""Lo-fi hip-hop"", ""kind"": ""style"", ""mapping_status"": ""mapped"", ""note"": ""Does not assert boom-bap, instrumental-only status, or electronic instrumentation."", ""review_candidates"": [], ""broad_families"": [""hip_hop""], ""style_neighborhoods"": [""hip_hop_beat_lineage"", ""lofi_chill_beats""], ""scene_contexts"": []}, {""trace_id"": ""label-05"", ""source_path"": ""secondary_styles[0]"", ""raw_label"": ""chillwave"", ""normalized_lookup"": ""chillwave"", ""canonical_concept_id"": null, ""canonical_label"": null, ""kind"": ""unrecognized_label"", ""mapping_status"": ""mapping_review_required"", ""note"": ""No explicit alias. Preserve the label; do not infer a concept."", ""review_candidates"": [], ""broad_families"": [], ""style_neighborhoods"": [], ""scene_contexts"": []}, {""trace_id"": ""label-06"", ""source_path"": ""secondary_styles[1]"", ""raw_label"": ""downtempo"", ""normalized_lookup"": ""downtempo"", ""canonical_concept_id"": ""downtempo"", ""canonical_label"": ""Downtempo"", ""kind"": ""style_umbrella"", ""mapping_status"": ""mapped"", ""note"": ""A style-level umbrella even when Gemini puts it in a family slot; not a BPM measurement."", ""review_candidates"": [], ""broad_families"": [""electronic""], ""style_neighborhoods"": [""downtempo_related""], ""scene_contexts"": []}]",,False,Inspect the unchanged mapping and original classification separately. No prior answer is inferred.,,,
F082,6kAMaQt8UveeTctekIpUjF,we used to talk every night — Elijah Who,"{""primary_family"": ""Hip Hop"", ""secondary_families"": [""Electronic""], ""primary_style"": ""Lo-Fi Beats"", ""secondary_styles"": [""Instrumental Hip Hop"", ""Downtempo""]}","[{""id"": ""hip_hop"", ""label"": ""Hip-hop"", ""trace_ids"": [""label-01""]}, {""id"": ""electronic"", ""label"": ""Electronic"", ""trace_ids"": [""label-02""]}, {""id"": ""instrumental_hip_hop"", ""label"": ""Instrumental hip-hop"", ""trace_ids"": [""label-04""]}, {""id"": ""downtempo"", ""label"": ""Downtempo"", ""trace_ids"": [""label-05""]}]","[""electronic"", ""hip_hop""]","[""downtempo_related"", ""hip_hop_beat_lineage"", ""instrumental_hip_hop""]",[],"{""vocal_role"": ""vocal_samples_only"", ""arrangement_focus"": ""beat_or_instrumental"", ""texture_tags"": [""sample_based"", ""hazy""]}","[{""code"": ""mapping_review_required"", ""trace_id"": ""label-03"", ""message"": ""No explicit alias. Preserve the label; do not infer a concept.""}]","[{""trace_id"": ""label-01"", ""source_path"": ""primary_family"", ""raw_label"": ""Hip Hop"", ""normalized_lookup"": ""hip hop"", ""canonical_concept_id"": ""hip_hop"", ""canonical_label"": ""Hip-hop"", ""kind"": ""family"", ""mapping_status"": ""mapped"", ""note"": """", ""review_candidates"": [], ""broad_families"": [""hip_hop""], ""style_neighborhoods"": [], ""scene_contexts"": []}, {""trace_id"": ""label-02"", ""source_path"": ""secondary_families[0]"", ""raw_label"": ""Electronic"", ""normalized_lookup"": ""electronic"", ""canonical_concept_id"": ""electronic"", ""canonical_label"": ""Electronic"", ""kind"": ""family"", ""mapping_status"": ""mapped"", ""note"": """", ""review_candidates"": [], ""broad_families"": [""electronic""], ""style_neighborhoods"": [], ""scene_contexts"": []}, {""trace_id"": ""label-03"", ""source_path"": ""primary_style"", ""raw_label"": ""Lo-Fi Beats"", ""normalized_lookup"": ""lo fi beats"", ""canonical_concept_id"": null, ""canonical_label"": null, ""kind"": ""unrecognized_label"", ""mapping_status"": ""mapping_review_required"", ""note"": ""No explicit alias. Preserve the label; do not infer a concept."", ""review_candidates"": [], ""broad_families"": [], ""style_neighborhoods"": [], ""scene_contexts"": []}, {""trace_id"": ""label-04"", ""source_path"": ""secondary_styles[0]"", ""raw_label"": ""Instrumental Hip Hop"", ""normalized_lookup"": ""instrumental hip hop"", ""canonical_concept_id"": ""instrumental_hip_hop"", ""canonical_label"": ""Instrumental hip-hop"", ""kind"": ""style"", ""mapping_status"": ""mapped"", ""note"": """", ""review_candidates"": [], ""broad_families"": [""hip_hop""], ""style_neighborhoods"": [""hip_hop_beat_lineage"", ""instrumental_hip_hop""], ""scene_contexts"": []}, {""trace_id"": ""label-05"", ""source_path"": ""secondary_styles[1]"", ""raw_label"": ""Downtempo"", ""normalized_lookup"": ""downtempo"", ""canonical_concept_id"": ""downtempo"", ""canonical_label"": ""Downtempo"", ""kind"": ""style_umbrella"", ""mapping_status"": ""mapped"", ""note"": ""A style-level umbrella even when Gemini puts it in a family slot; not a BPM measurement."", ""review_candidates"": [], ""broad_families"": [""electronic""], ""style_neighborhoods"": [""downtempo_related""], ""scene_contexts"": []}]",,False,Inspect the unchanged mapping and original classification separately. No prior answer is inferred.,,,
F083,6nICBdDevG4NZysIqDFPEa,Thirsty — aespa,"{""primary_family"": ""Pop"", ""secondary_families"": [""R&B"", ""Hip Hop""], ""primary_style"": ""K-Pop"", ""secondary_styles"": [""Contemporary R&B"", ""Trap""]}","[{""id"": ""pop"", ""label"": ""Pop"", ""trace_ids"": [""label-01""]}, {""id"": ""rnb"", ""label"": ""R&B"", ""trace_ids"": [""label-02""]}, {""id"": ""hip_hop"", ""label"": ""Hip-hop"", ""trace_ids"": [""label-03""]}, {""id"": ""k_pop"", ""label"": ""K-Pop"", ""trace_ids"": [""label-04""]}, {""id"": ""contemporary_rnb"", ""label"": ""Contemporary R&B"", ""trace_ids"": [""label-05""]}, {""id"": ""trap"", ""label"": ""Trap"", ""trace_ids"": [""label-06""]}]","[""hip_hop"", ""pop"", ""rnb_soul""]","[""modern_rnb"", ""trap_related""]","[""korean_pop_scene""]","{""vocal_role"": ""sung_led"", ""arrangement_focus"": ""lead_vocal"", ""texture_tags"": [""electronic"", ""clean"", ""layered""]}","[{""code"": ""context_separate_from_sonic_style"", ""trace_id"": ""label-04"", ""message"": ""Context only. No sonic neighborhood or broad family follows solely from the scene label.""}, {""code"": ""broad_style_subtype_unspecified"", ""trace_id"": ""label-06"", ""message"": ""Subtype unspecified. Do not derive a hip-hop or electronic family from this label alone.""}]","[{""trace_id"": ""label-01"", ""source_path"": ""primary_family"", ""raw_label"": ""Pop"", ""normalized_lookup"": ""pop"", ""canonical_concept_id"": ""pop"", ""canonical_label"": ""Pop"", ""kind"": ""family"", ""mapping_status"": ""mapped"", ""note"": """", ""review_candidates"": [], ""broad_families"": [""pop""], ""style_neighborhoods"": [], ""scene_contexts"": []}, {""trace_id"": ""label-02"", ""source_path"": ""secondary_families[0]"", ""raw_label"": ""R&B"", ""normalized_lookup"": ""r and b"", ""canonical_concept_id"": ""rnb"", ""canonical_label"": ""R&B"", ""kind"": ""family"", ""mapping_status"": ""mapped"", ""note"": ""R&B stays its own canonical concept; the broad family is a joint umbrella, not a synonym for soul."", ""review_candidates"": [], ""broad_families"": [""rnb_soul""], ""style_neighborhoods"": [], ""scene_contexts"": []}, {""trace_id"": ""label-03"", ""source_path"": ""secondary_families[1]"", ""raw_label"": ""Hip Hop"", ""normalized_lookup"": ""hip hop"", ""canonical_concept_id"": ""hip_hop"", ""canonical_label"": ""Hip-hop"", ""kind"": ""family"", ""mapping_status"": ""mapped"", ""note"": """", ""review_candidates"": [], ""broad_families"": [""hip_hop""], ""style_neighborhoods"": [], ""scene_contexts"": []}, {""trace_id"": ""label-04"", ""source_path"": ""primary_style"", ""raw_label"": ""K-Pop"", ""normalized_lookup"": ""k pop"", ""canonical_concept_id"": ""k_pop"", ""canonical_label"": ""K-Pop"", ""kind"": ""scene_context"", ""mapping_status"": ""mapped"", ""note"": ""Context only. No sonic neighborhood or broad family follows solely from the scene label."", ""review_candidates"": [], ""broad_families"": [], ""style_neighborhoods"": [], ""scene_contexts"": [""korean_pop_scene""]}, {""trace_id"": ""label-05"", ""source_path"": ""secondary_styles[0]"", ""raw_label"": ""Contemporary R&B"", ""normalized_lookup"": ""contemporary r and b"", ""canonical_concept_id"": ""contemporary_rnb"", ""canonical_label"": ""Contemporary R&B"", ""kind"": ""style"", ""mapping_status"": ""mapped"", ""note"": """", ""review_candidates"": [], ""broad_families"": [""rnb_soul""], ""style_neighborhoods"": [""modern_rnb""], ""scene_contexts"": []}, {""trace_id"": ""label-06"", ""source_path"": ""secondary_styles[1]"", ""raw_label"": ""Trap"", ""normalized_lookup"": ""trap"", ""canonical_concept_id"": ""trap"", ""canonical_label"": ""Trap"", ""kind"": ""style_umbrella"", ""mapping_status"": ""mapped"", ""note"": ""Subtype unspecified. Do not derive a hip-hop or electronic family from this label alone."", ""review_candidates"": [], ""broad_families"": [], ""style_neighborhoods"": [""trap_related""], ""scene_contexts"": []}]",,False,Inspect the unchanged mapping and original classification separately. No prior answer is inferred.,,,
F084,6nef0wHkelfKqNVHAtzJbR,Stoked — Weston Estate,"{""primary_family"": ""Hip Hop"", ""secondary_families"": [""R&B""], ""primary_style"": ""Trap"", ""secondary_styles"": [""Melodic Rap""]}","[{""id"": ""hip_hop"", ""label"": ""Hip-hop"", ""trace_ids"": [""label-01""]}, {""id"": ""rnb"", ""label"": ""R&B"", ""trace_ids"": [""label-02""]}, {""id"": ""trap"", ""label"": ""Trap"", ""trace_ids"": [""label-03""]}, {""id"": ""melodic_rap"", ""label"": ""Melodic rap"", ""trace_ids"": [""label-04""]}]","[""hip_hop"", ""rnb_soul""]","[""melodic_rap"", ""trap_related""]",[],"{""vocal_role"": ""mixed_rap_and_singing"", ""arrangement_focus"": ""lead_vocal"", ""texture_tags"": [""electronic"", ""clean""]}","[{""code"": ""broad_style_subtype_unspecified"", ""trace_id"": ""label-03"", ""message"": ""Subtype unspecified. Do not derive a hip-hop or electronic family from this label alone.""}]","[{""trace_id"": ""label-01"", ""source_path"": ""primary_family"", ""raw_label"": ""Hip Hop"", ""normalized_lookup"": ""hip hop"", ""canonical_concept_id"": ""hip_hop"", ""canonical_label"": ""Hip-hop"", ""kind"": ""family"", ""mapping_status"": ""mapped"", ""note"": """", ""review_candidates"": [], ""broad_families"": [""hip_hop""], ""style_neighborhoods"": [], ""scene_contexts"": []}, {""trace_id"": ""label-02"", ""source_path"": ""secondary_families[0]"", ""raw_label"": ""R&B"", ""normalized_lookup"": ""r and b"", ""canonical_concept_id"": ""rnb"", ""canonical_label"": ""R&B"", ""kind"": ""family"", ""mapping_status"": ""mapped"", ""note"": ""R&B stays its own canonical concept; the broad family is a joint umbrella, not a synonym for soul."", ""review_candidates"": [], ""broad_families"": [""rnb_soul""], ""style_neighborhoods"": [], ""scene_contexts"": []}, {""trace_id"": ""label-03"", ""source_path"": ""primary_style"", ""raw_label"": ""Trap"", ""normalized_lookup"": ""trap"", ""canonical_concept_id"": ""trap"", ""canonical_label"": ""Trap"", ""kind"": ""style_umbrella"", ""mapping_status"": ""mapped"", ""note"": ""Subtype unspecified. Do not derive a hip-hop or electronic family from this label alone."", ""review_candidates"": [], ""broad_families"": [], ""style_neighborhoods"": [""trap_related""], ""scene_contexts"": []}, {""trace_id"": ""label-04"", ""source_path"": ""secondary_styles[0]"", ""raw_label"": ""Melodic Rap"", ""normalized_lookup"": ""melodic rap"", ""canonical_concept_id"": ""melodic_rap"", ""canonical_label"": ""Melodic rap"", ""kind"": ""style"", ""mapping_status"": ""mapped"", ""note"": """", ""review_candidates"": [], ""broad_families"": [""hip_hop""], ""style_neighborhoods"": [""melodic_rap""], ""scene_contexts"": []}]",,False,Inspect the unchanged mapping and original classification separately. No prior answer is inferred.,,,
F085,6nzCvAtyADh0wwZEVMoujK,By My Side — JUNNY,"{""primary_family"": ""R&B"", ""secondary_families"": [""Pop""], ""primary_style"": ""Contemporary R&B"", ""secondary_styles"": [""K-R&B""]}","[{""id"": ""rnb"", ""label"": ""R&B"", ""trace_ids"": [""label-01""]}, {""id"": ""pop"", ""label"": ""Pop"", ""trace_ids"": [""label-02""]}, {""id"": ""contemporary_rnb"", ""label"": ""Contemporary R&B"", ""trace_ids"": [""label-03""]}]","[""pop"", ""rnb_soul""]","[""modern_rnb""]",[],"{""vocal_role"": ""sung_led"", ""arrangement_focus"": ""lead_vocal"", ""texture_tags"": [""clean"", ""electronic""]}","[{""code"": ""mapping_review_required"", ""trace_id"": ""label-04"", ""message"": ""No explicit alias. Preserve the label; do not infer a concept.""}]","[{""trace_id"": ""label-01"", ""source_path"": ""primary_family"", ""raw_label"": ""R&B"", ""normalized_lookup"": ""r and b"", ""canonical_concept_id"": ""rnb"", ""canonical_label"": ""R&B"", ""kind"": ""family"", ""mapping_status"": ""mapped"", ""note"": ""R&B stays its own canonical concept; the broad family is a joint umbrella, not a synonym for soul."", ""review_candidates"": [], ""broad_families"": [""rnb_soul""], ""style_neighborhoods"": [], ""scene_contexts"": []}, {""trace_id"": ""label-02"", ""source_path"": ""secondary_families[0]"", ""raw_label"": ""Pop"", ""normalized_lookup"": ""pop"", ""canonical_concept_id"": ""pop"", ""canonical_label"": ""Pop"", ""kind"": ""family"", ""mapping_status"": ""mapped"", ""note"": """", ""review_candidates"": [], ""broad_families"": [""pop""], ""style_neighborhoods"": [], ""scene_contexts"": []}, {""trace_id"": ""label-03"", ""source_path"": ""primary_style"", ""raw_label"": ""Contemporary R&B"", ""normalized_lookup"": ""contemporary r and b"", ""canonical_concept_id"": ""contemporary_rnb"", ""canonical_label"": ""Contemporary R&B"", ""kind"": ""style"", ""mapping_status"": ""mapped"", ""note"": """", ""review_candidates"": [], ""broad_families"": [""rnb_soul""], ""style_neighborhoods"": [""modern_rnb""], ""scene_contexts"": []}, {""trace_id"": ""label-04"", ""source_path"": ""secondary_styles[0]"", ""raw_label"": ""K-R&B"", ""normalized_lookup"": ""k r and b"", ""canonical_concept_id"": null, ""canonical_label"": null, ""kind"": ""unrecognized_label"", ""mapping_status"": ""mapping_review_required"", ""note"": ""No explicit alias. Preserve the label; do not infer a concept."", ""review_candidates"": [], ""broad_families"": [], ""style_neighborhoods"": [], ""scene_contexts"": []}]",,False,Inspect the unchanged mapping and original classification separately. No prior answer is inferred.,,,
F086,6pWqlKm9ugucgKNldCLigX,"Sit Around — City Girl, tiffi","{""primary_family"": ""Pop"", ""secondary_families"": [""Electronic"", ""R&B""], ""primary_style"": ""Indie Pop"", ""secondary_styles"": [""Electropop"", ""Alternative R&B""]}","[{""id"": ""pop"", ""label"": ""Pop"", ""trace_ids"": [""label-01""]}, {""id"": ""electronic"", ""label"": ""Electronic"", ""trace_ids"": [""label-02""]}, {""id"": ""rnb"", ""label"": ""R&B"", ""trace_ids"": [""label-03""]}, {""id"": ""indie_pop"", ""label"": ""Indie pop"", ""trace_ids"": [""label-04""]}, {""id"": ""electropop"", ""label"": ""Electropop"", ""trace_ids"": [""label-05""]}, {""id"": ""alternative_rnb"", ""label"": ""Alternative R&B"", ""trace_ids"": [""label-06""]}]","[""electronic"", ""pop"", ""rnb_soul""]","[""alternative_rnb"", ""indie_pop_related"", ""modern_rnb"", ""pop_electronic""]",[],"{""vocal_role"": ""sung_led"", ""arrangement_focus"": ""lead_vocal"", ""texture_tags"": [""electronic"", ""clean"", ""layered""]}",[],"[{""trace_id"": ""label-01"", ""source_path"": ""primary_family"", ""raw_label"": ""Pop"", ""normalized_lookup"": ""pop"", ""canonical_concept_id"": ""pop"", ""canonical_label"": ""Pop"", ""kind"": ""family"", ""mapping_status"": ""mapped"", ""note"": """", ""review_candidates"": [], ""broad_families"": [""pop""], ""style_neighborhoods"": [], ""scene_contexts"": []}, {""trace_id"": ""label-02"", ""source_path"": ""secondary_families[0]"", ""raw_label"": ""Electronic"", ""normalized_lookup"": ""electronic"", ""canonical_concept_id"": ""electronic"", ""canonical_label"": ""Electronic"", ""kind"": ""family"", ""mapping_status"": ""mapped"", ""note"": """", ""review_candidates"": [], ""broad_families"": [""electronic""], ""style_neighborhoods"": [], ""scene_contexts"": []}, {""trace_id"": ""label-03"", ""source_path"": ""secondary_families[1]"", ""raw_label"": ""R&B"", ""normalized_lookup"": ""r and b"", ""canonical_concept_id"": ""rnb"", ""canonical_label"": ""R&B"", ""kind"": ""family"", ""mapping_status"": ""mapped"", ""note"": ""R&B stays its own canonical concept; the broad family is a joint umbrella, not a synonym for soul."", ""review_candidates"": [], ""broad_families"": [""rnb_soul""], ""style_neighborhoods"": [], ""scene_contexts"": []}, {""trace_id"": ""label-04"", ""source_path"": ""primary_style"", ""raw_label"": ""Indie Pop"", ""normalized_lookup"": ""indie pop"", ""canonical_concept_id"": ""indie_pop"", ""canonical_label"": ""Indie pop"", ""kind"": ""style"", ""mapping_status"": ""mapped"", ""note"": ""Musical label, not evidence of an independent record contract; not automatically dreamy or lo-fi."", ""review_candidates"": [], ""broad_families"": [""pop""], ""style_neighborhoods"": [""indie_pop_related""], ""scene_contexts"": []}, {""trace_id"": ""label-05"", ""source_path"": ""secondary_styles[0]"", ""raw_label"": ""Electropop"", ""normalized_lookup"": ""electropop"", ""canonical_concept_id"": ""electropop"", ""canonical_label"": ""Electropop"", ""kind"": ""style"", ""mapping_status"": ""mapped"", ""note"": """", ""review_candidates"": [], ""broad_families"": [""pop"", ""electronic""], ""style_neighborhoods"": [""pop_electronic""], ""scene_contexts"": []}, {""trace_id"": ""label-06"", ""source_path"": ""secondary_styles[1]"", ""raw_label"": ""Alternative R&B"", ""normalized_lookup"": ""alternative r and b"", ""canonical_concept_id"": ""alternative_rnb"", ""canonical_label"": ""Alternative R&B"", ""kind"": ""style"", ""mapping_status"": ""mapped"", ""note"": """", ""review_candidates"": [], ""broad_families"": [""rnb_soul""], ""style_neighborhoods"": [""modern_rnb"", ""alternative_rnb""], ""scene_contexts"": []}]",,False,Inspect the unchanged mapping and original classification separately. No prior answer is inferred.,,,
F087,6rj9qDXWANe0U69asDzxMp,Phantom Embrace — City Girl,"{""primary_family"": ""electronic"", ""secondary_families"": [""dance_electronic""], ""primary_style"": ""ambient"", ""secondary_styles"": [""downtempo"", ""chillout""]}","[{""id"": ""electronic"", ""label"": ""Electronic"", ""trace_ids"": [""label-01""]}, {""id"": ""ambient"", ""label"": ""Ambient"", ""trace_ids"": [""label-03""]}, {""id"": ""downtempo"", ""label"": ""Downtempo"", ""trace_ids"": [""label-04""]}, {""id"": ""chillout"", ""label"": ""Chillout"", ""trace_ids"": [""label-05""]}]","[""electronic""]","[""ambient_related"", ""downtempo_related""]","[""chillout_umbrella""]","{""vocal_role"": ""vocal_samples_only"", ""arrangement_focus"": ""beat_or_instrumental"", ""texture_tags"": [""electronic"", ""hazy"", ""layered""]}","[{""code"": ""mapping_review_required"", ""trace_id"": ""label-02"", ""message"": ""No explicit alias. Preserve the label; do not infer a concept.""}, {""code"": ""mapping_review_required"", ""trace_id"": ""label-05"", ""message"": ""May denote a listening use or heterogeneous sonic styles. Retain the ambiguous umbrella; do not equate with downtempo or lo-fi.""}, {""code"": ""context_separate_from_sonic_style"", ""trace_id"": ""label-05"", ""message"": ""May denote a listening use or heterogeneous sonic styles. Retain the ambiguous umbrella; do not equate with downtempo or lo-fi.""}]","[{""trace_id"": ""label-01"", ""source_path"": ""primary_family"", ""raw_label"": ""electronic"", ""normalized_lookup"": ""electronic"", ""canonical_concept_id"": ""electronic"", ""canonical_label"": ""Electronic"", ""kind"": ""family"", ""mapping_status"": ""mapped"", ""note"": """", ""review_candidates"": [], ""broad_families"": [""electronic""], ""style_neighborhoods"": [], ""scene_contexts"": []}, {""trace_id"": ""label-02"", ""source_path"": ""secondary_families[0]"", ""raw_label"": ""dance_electronic"", ""normalized_lookup"": ""dance electronic"", ""canonical_concept_id"": null, ""canonical_label"": null, ""kind"": ""unrecognized_label"", ""mapping_status"": ""mapping_review_required"", ""note"": ""No explicit alias. Preserve the label; do not infer a concept."", ""review_candidates"": [], ""broad_families"": [], ""style_neighborhoods"": [], ""scene_contexts"": []}, {""trace_id"": ""label-03"", ""source_path"": ""primary_style"", ""raw_label"": ""ambient"", ""normalized_lookup"": ""ambient"", ""canonical_concept_id"": ""ambient"", ""canonical_label"": ""Ambient"", ""kind"": ""style_umbrella"", ""mapping_status"": ""mapped"", ""note"": ""Ambient may be electronic or acoustic; no broad family is guessed from this label alone."", ""review_candidates"": [], ""broad_families"": [], ""style_neighborhoods"": [""ambient_related""], ""scene_contexts"": []}, {""trace_id"": ""label-04"", ""source_path"": ""secondary_styles[0]"", ""raw_label"": ""downtempo"", ""normalized_lookup"": ""downtempo"", ""canonical_concept_id"": ""downtempo"", ""canonical_label"": ""Downtempo"", ""kind"": ""style_umbrella"", ""mapping_status"": ""mapped"", ""note"": ""A style-level umbrella even when Gemini puts it in a family slot; not a BPM measurement."", ""review_candidates"": [], ""broad_families"": [""electronic""], ""style_neighborhoods"": [""downtempo_related""], ""scene_contexts"": []}, {""trace_id"": ""label-05"", ""source_path"": ""secondary_styles[1]"", ""raw_label"": ""chillout"", ""normalized_lookup"": ""chillout"", ""canonical_concept_id"": ""chillout"", ""canonical_label"": ""Chillout"", ""kind"": ""ambiguous_context_style"", ""mapping_status"": ""mapping_review_required"", ""note"": ""May denote a listening use or heterogeneous sonic styles. Retain the ambiguous umbrella; do not equate with downtempo or lo-fi."", ""review_candidates"": [""listening context"", ""downtempo-oriented style umbrella""], ""broad_families"": [], ""style_neighborhoods"": [], ""scene_contexts"": [""chillout_umbrella""]}]",,False,Inspect the unchanged mapping and original classification separately. No prior answer is inferred.,,,
F088,6wm3t4VpTxSFfOUgTMlHZM,The Peace — underscores,"{""primary_family"": ""R&B and Soul"", ""secondary_families"": [""Hip-Hop"", ""Pop""], ""primary_style"": ""Contemporary R&B"", ""secondary_styles"": [""Trap"", ""Alternative R&B""]}","[{""id"": ""rnb_soul_umbrella"", ""label"": ""R&B and Soul"", ""trace_ids"": [""label-01""]}, {""id"": ""hip_hop"", ""label"": ""Hip-hop"", ""trace_ids"": [""label-02""]}, {""id"": ""pop"", ""label"": ""Pop"", ""trace_ids"": [""label-03""]}, {""id"": ""contemporary_rnb"", ""label"": ""Contemporary R&B"", ""trace_ids"": [""label-04""]}, {""id"": ""trap"", ""label"": ""Trap"", ""trace_ids"": [""label-05""]}, {""id"": ""alternative_rnb"", ""label"": ""Alternative R&B"", ""trace_ids"": [""label-06""]}]","[""hip_hop"", ""pop"", ""rnb_soul""]","[""alternative_rnb"", ""modern_rnb"", ""trap_related""]",[],"{""vocal_role"": ""sung_led"", ""arrangement_focus"": ""lead_vocal"", ""texture_tags"": [""sample_based"", ""electronic"", ""layered""]}","[{""code"": ""broad_style_subtype_unspecified"", ""trace_id"": ""label-05"", ""message"": ""Subtype unspecified. Do not derive a hip-hop or electronic family from this label alone.""}]","[{""trace_id"": ""label-01"", ""source_path"": ""primary_family"", ""raw_label"": ""R&B and Soul"", ""normalized_lookup"": ""r and b and soul"", ""canonical_concept_id"": ""rnb_soul_umbrella"", ""canonical_label"": ""R&B and Soul"", ""kind"": ""family_umbrella"", ""mapping_status"": ""mapped"", ""note"": ""Combined family label preserved as an umbrella; not split into two independently predicted genres."", ""review_candidates"": [], ""broad_families"": [""rnb_soul""], ""style_neighborhoods"": [], ""scene_contexts"": []}, {""trace_id"": ""label-02"", ""source_path"": ""secondary_families[0]"", ""raw_label"": ""Hip-Hop"", ""normalized_lookup"": ""hip hop"", ""canonical_concept_id"": ""hip_hop"", ""canonical_label"": ""Hip-hop"", ""kind"": ""family"", ""mapping_status"": ""mapped"", ""note"": """", ""review_candidates"": [], ""broad_families"": [""hip_hop""], ""style_neighborhoods"": [], ""scene_contexts"": []}, {""trace_id"": ""label-03"", ""source_path"": ""secondary_families[1]"", ""raw_label"": ""Pop"", ""normalized_lookup"": ""pop"", ""canonical_concept_id"": ""pop"", ""canonical_label"": ""Pop"", ""kind"": ""family"", ""mapping_status"": ""mapped"", ""note"": """", ""review_candidates"": [], ""broad_families"": [""pop""], ""style_neighborhoods"": [], ""scene_contexts"": []}, {""trace_id"": ""label-04"", ""source_path"": ""primary_style"", ""raw_label"": ""Contemporary R&B"", ""normalized_lookup"": ""contemporary r and b"", ""canonical_concept_id"": ""contemporary_rnb"", ""canonical_label"": ""Contemporary R&B"", ""kind"": ""style"", ""mapping_status"": ""mapped"", ""note"": """", ""review_candidates"": [], ""broad_families"": [""rnb_soul""], ""style_neighborhoods"": [""modern_rnb""], ""scene_contexts"": []}, {""trace_id"": ""label-05"", ""source_path"": ""secondary_styles[0]"", ""raw_label"": ""Trap"", ""normalized_lookup"": ""trap"", ""canonical_concept_id"": ""trap"", ""canonical_label"": ""Trap"", ""kind"": ""style_umbrella"", ""mapping_status"": ""mapped"", ""note"": ""Subtype unspecified. Do not derive a hip-hop or electronic family from this label alone."", ""review_candidates"": [], ""broad_families"": [], ""style_neighborhoods"": [""trap_related""], ""scene_contexts"": []}, {""trace_id"": ""label-06"", ""source_path"": ""secondary_styles[1]"", ""raw_label"": ""Alternative R&B"", ""normalized_lookup"": ""alternative r and b"", ""canonical_concept_id"": ""alternative_rnb"", ""canonical_label"": ""Alternative R&B"", ""kind"": ""style"", ""mapping_status"": ""mapped"", ""note"": """", ""review_candidates"": [], ""broad_families"": [""rnb_soul""], ""style_neighborhoods"": [""modern_rnb"", ""alternative_rnb""], ""scene_contexts"": []}]",,False,Inspect the unchanged mapping and original classification separately. No prior answer is inferred.,,,
F089,6zKX91EvxRHr42ZiZ5C9kN,Favorite Part — JO YURI,"{""primary_family"": ""Pop"", ""secondary_families"": [""R&B"", ""Hip Hop""], ""primary_style"": ""K-Pop"", ""secondary_styles"": [""Contemporary R&B"", ""Trap""]}","[{""id"": ""pop"", ""label"": ""Pop"", ""trace_ids"": [""label-01""]}, {""id"": ""rnb"", ""label"": ""R&B"", ""trace_ids"": [""label-02""]}, {""id"": ""hip_hop"", ""label"": ""Hip-hop"", ""trace_ids"": [""label-03""]}, {""id"": ""k_pop"", ""label"": ""K-Pop"", ""trace_ids"": [""label-04""]}, {""id"": ""contemporary_rnb"", ""label"": ""Contemporary R&B"", ""trace_ids"": [""label-05""]}, {""id"": ""trap"", ""label"": ""Trap"", ""trace_ids"": [""label-06""]}]","[""hip_hop"", ""pop"", ""rnb_soul""]","[""modern_rnb"", ""trap_related""]","[""korean_pop_scene""]","{""vocal_role"": ""sung_led"", ""arrangement_focus"": ""lead_vocal"", ""texture_tags"": [""electronic"", ""clean"", ""layered""]}","[{""code"": ""context_separate_from_sonic_style"", ""trace_id"": ""label-04"", ""message"": ""Context only. No sonic neighborhood or broad family follows solely from the scene label.""}, {""code"": ""broad_style_subtype_unspecified"", ""trace_id"": ""label-06"", ""message"": ""Subtype unspecified. Do not derive a hip-hop or electronic family from this label alone.""}]","[{""trace_id"": ""label-01"", ""source_path"": ""primary_family"", ""raw_label"": ""Pop"", ""normalized_lookup"": ""pop"", ""canonical_concept_id"": ""pop"", ""canonical_label"": ""Pop"", ""kind"": ""family"", ""mapping_status"": ""mapped"", ""note"": """", ""review_candidates"": [], ""broad_families"": [""pop""], ""style_neighborhoods"": [], ""scene_contexts"": []}, {""trace_id"": ""label-02"", ""source_path"": ""secondary_families[0]"", ""raw_label"": ""R&B"", ""normalized_lookup"": ""r and b"", ""canonical_concept_id"": ""rnb"", ""canonical_label"": ""R&B"", ""kind"": ""family"", ""mapping_status"": ""mapped"", ""note"": ""R&B stays its own canonical concept; the broad family is a joint umbrella, not a synonym for soul."", ""review_candidates"": [], ""broad_families"": [""rnb_soul""], ""style_neighborhoods"": [], ""scene_contexts"": []}, {""trace_id"": ""label-03"", ""source_path"": ""secondary_families[1]"", ""raw_label"": ""Hip Hop"", ""normalized_lookup"": ""hip hop"", ""canonical_concept_id"": ""hip_hop"", ""canonical_label"": ""Hip-hop"", ""kind"": ""family"", ""mapping_status"": ""mapped"", ""note"": """", ""review_candidates"": [], ""broad_families"": [""hip_hop""], ""style_neighborhoods"": [], ""scene_contexts"": []}, {""trace_id"": ""label-04"", ""source_path"": ""primary_style"", ""raw_label"": ""K-Pop"", ""normalized_lookup"": ""k pop"", ""canonical_concept_id"": ""k_pop"", ""canonical_label"": ""K-Pop"", ""kind"": ""scene_context"", ""mapping_status"": ""mapped"", ""note"": ""Context only. No sonic neighborhood or broad family follows solely from the scene label."", ""review_candidates"": [], ""broad_families"": [], ""style_neighborhoods"": [], ""scene_contexts"": [""korean_pop_scene""]}, {""trace_id"": ""label-05"", ""source_path"": ""secondary_styles[0]"", ""raw_label"": ""Contemporary R&B"", ""normalized_lookup"": ""contemporary r and b"", ""canonical_concept_id"": ""contemporary_rnb"", ""canonical_label"": ""Contemporary R&B"", ""kind"": ""style"", ""mapping_status"": ""mapped"", ""note"": """", ""review_candidates"": [], ""broad_families"": [""rnb_soul""], ""style_neighborhoods"": [""modern_rnb""], ""scene_contexts"": []}, {""trace_id"": ""label-06"", ""source_path"": ""secondary_styles[1]"", ""raw_label"": ""Trap"", ""normalized_lookup"": ""trap"", ""canonical_concept_id"": ""trap"", ""canonical_label"": ""Trap"", ""kind"": ""style_umbrella"", ""mapping_status"": ""mapped"", ""note"": ""Subtype unspecified. Do not derive a hip-hop or electronic family from this label alone."", ""review_candidates"": [], ""broad_families"": [], ""style_neighborhoods"": [""trap_related""], ""scene_contexts"": []}]",,False,Inspect the unchanged mapping and original classification separately. No prior answer is inferred.,,,
F090,70YbAV2UKPee15B00RbPcT,Cloudy Thoughts — HYEJIN,"{""primary_family"": ""Pop"", ""secondary_families"": [""R&B"", ""Electronic""], ""primary_style"": ""K-Pop"", ""secondary_styles"": [""Contemporary R&B"", ""Trap""]}","[{""id"": ""pop"", ""label"": ""Pop"", ""trace_ids"": [""label-01""]}, {""id"": ""rnb"", ""label"": ""R&B"", ""trace_ids"": [""label-02""]}, {""id"": ""electronic"", ""label"": ""Electronic"", ""trace_ids"": [""label-03""]}, {""id"": ""k_pop"", ""label"": ""K-Pop"", ""trace_ids"": [""label-04""]}, {""id"": ""contemporary_rnb"", ""label"": ""Contemporary R&B"", ""trace_ids"": [""label-05""]}, {""id"": ""trap"", ""label"": ""Trap"", ""trace_ids"": [""label-06""]}]","[""electronic"", ""pop"", ""rnb_soul""]","[""modern_rnb"", ""trap_related""]","[""korean_pop_scene""]","{""vocal_role"": ""sung_led"", ""arrangement_focus"": ""lead_vocal"", ""texture_tags"": [""electronic"", ""layered"", ""clean""]}","[{""code"": ""context_separate_from_sonic_style"", ""trace_id"": ""label-04"", ""message"": ""Context only. No sonic neighborhood or broad family follows solely from the scene label.""}, {""code"": ""broad_style_subtype_unspecified"", ""trace_id"": ""label-06"", ""message"": ""Subtype unspecified. Do not derive a hip-hop or electronic family from this label alone.""}]","[{""trace_id"": ""label-01"", ""source_path"": ""primary_family"", ""raw_label"": ""Pop"", ""normalized_lookup"": ""pop"", ""canonical_concept_id"": ""pop"", ""canonical_label"": ""Pop"", ""kind"": ""family"", ""mapping_status"": ""mapped"", ""note"": """", ""review_candidates"": [], ""broad_families"": [""pop""], ""style_neighborhoods"": [], ""scene_contexts"": []}, {""trace_id"": ""label-02"", ""source_path"": ""secondary_families[0]"", ""raw_label"": ""R&B"", ""normalized_lookup"": ""r and b"", ""canonical_concept_id"": ""rnb"", ""canonical_label"": ""R&B"", ""kind"": ""family"", ""mapping_status"": ""mapped"", ""note"": ""R&B stays its own canonical concept; the broad family is a joint umbrella, not a synonym for soul."", ""review_candidates"": [], ""broad_families"": [""rnb_soul""], ""style_neighborhoods"": [], ""scene_contexts"": []}, {""trace_id"": ""label-03"", ""source_path"": ""secondary_families[1]"", ""raw_label"": ""Electronic"", ""normalized_lookup"": ""electronic"", ""canonical_concept_id"": ""electronic"", ""canonical_label"": ""Electronic"", ""kind"": ""family"", ""mapping_status"": ""mapped"", ""note"": """", ""review_candidates"": [], ""broad_families"": [""electronic""], ""style_neighborhoods"": [], ""scene_contexts"": []}, {""trace_id"": ""label-04"", ""source_path"": ""primary_style"", ""raw_label"": ""K-Pop"", ""normalized_lookup"": ""k pop"", ""canonical_concept_id"": ""k_pop"", ""canonical_label"": ""K-Pop"", ""kind"": ""scene_context"", ""mapping_status"": ""mapped"", ""note"": ""Context only. No sonic neighborhood or broad family follows solely from the scene label."", ""review_candidates"": [], ""broad_families"": [], ""style_neighborhoods"": [], ""scene_contexts"": [""korean_pop_scene""]}, {""trace_id"": ""label-05"", ""source_path"": ""secondary_styles[0]"", ""raw_label"": ""Contemporary R&B"", ""normalized_lookup"": ""contemporary r and b"", ""canonical_concept_id"": ""contemporary_rnb"", ""canonical_label"": ""Contemporary R&B"", ""kind"": ""style"", ""mapping_status"": ""mapped"", ""note"": """", ""review_candidates"": [], ""broad_families"": [""rnb_soul""], ""style_neighborhoods"": [""modern_rnb""], ""scene_contexts"": []}, {""trace_id"": ""label-06"", ""source_path"": ""secondary_styles[1]"", ""raw_label"": ""Trap"", ""normalized_lookup"": ""trap"", ""canonical_concept_id"": ""trap"", ""canonical_label"": ""Trap"", ""kind"": ""style_umbrella"", ""mapping_status"": ""mapped"", ""note"": ""Subtype unspecified. Do not derive a hip-hop or electronic family from this label alone."", ""review_candidates"": [], ""broad_families"": [], ""style_neighborhoods"": [""trap_related""], ""scene_contexts"": []}]",,False,Inspect the unchanged mapping and original classification separately. No prior answer is inferred.,,,
F091,74X2u8JMVooG2QbjRxXwR8,Perfect Night — LE SSERAFIM,"{""primary_family"": ""Pop"", ""secondary_families"": [""R&B"", ""Electronic""], ""primary_style"": ""Dance-Pop"", ""secondary_styles"": [""Contemporary R&B"", ""Nu-Disco""]}","[{""id"": ""pop"", ""label"": ""Pop"", ""trace_ids"": [""label-01""]}, {""id"": ""rnb"", ""label"": ""R&B"", ""trace_ids"": [""label-02""]}, {""id"": ""electronic"", ""label"": ""Electronic"", ""trace_ids"": [""label-03""]}, {""id"": ""dance_pop"", ""label"": ""Dance-pop"", ""trace_ids"": [""label-04""]}, {""id"": ""contemporary_rnb"", ""label"": ""Contemporary R&B"", ""trace_ids"": [""label-05""]}, {""id"": ""nu_disco"", ""label"": ""Nu-disco"", ""trace_ids"": [""label-06""]}]","[""electronic"", ""pop"", ""rnb_soul""]","[""dance_pop"", ""disco_related"", ""modern_rnb"", ""pop_electronic""]",[],"{""vocal_role"": ""sung_led"", ""arrangement_focus"": ""lead_vocal"", ""texture_tags"": [""electronic"", ""clean"", ""layered""]}",[],"[{""trace_id"": ""label-01"", ""source_path"": ""primary_family"", ""raw_label"": ""Pop"", ""normalized_lookup"": ""pop"", ""canonical_concept_id"": ""pop"", ""canonical_label"": ""Pop"", ""kind"": ""family"", ""mapping_status"": ""mapped"", ""note"": """", ""review_candidates"": [], ""broad_families"": [""pop""], ""style_neighborhoods"": [], ""scene_contexts"": []}, {""trace_id"": ""label-02"", ""source_path"": ""secondary_families[0]"", ""raw_label"": ""R&B"", ""normalized_lookup"": ""r and b"", ""canonical_concept_id"": ""rnb"", ""canonical_label"": ""R&B"", ""kind"": ""family"", ""mapping_status"": ""mapped"", ""note"": ""R&B stays its own canonical concept; the broad family is a joint umbrella, not a synonym for soul."", ""review_candidates"": [], ""broad_families"": [""rnb_soul""], ""style_neighborhoods"": [], ""scene_contexts"": []}, {""trace_id"": ""label-03"", ""source_path"": ""secondary_families[1]"", ""raw_label"": ""Electronic"", ""normalized_lookup"": ""electronic"", ""canonical_concept_id"": ""electronic"", ""canonical_label"": ""Electronic"", ""kind"": ""family"", ""mapping_status"": ""mapped"", ""note"": """", ""review_candidates"": [], ""broad_families"": [""electronic""], ""style_neighborhoods"": [], ""scene_contexts"": []}, {""trace_id"": ""label-04"", ""source_path"": ""primary_style"", ""raw_label"": ""Dance-Pop"", ""normalized_lookup"": ""dance pop"", ""canonical_concept_id"": ""dance_pop"", ""canonical_label"": ""Dance-pop"", ""kind"": ""style"", ""mapping_status"": ""mapped"", ""note"": ""Electronic-pop neighborhood is a stylistic adjacency, not an instrumentation assertion or automatic electronic family."", ""review_candidates"": [], ""broad_families"": [""pop""], ""style_neighborhoods"": [""pop_electronic"", ""dance_pop""], ""scene_contexts"": []}, {""trace_id"": ""label-05"", ""source_path"": ""secondary_styles[0]"", ""raw_label"": ""Contemporary R&B"", ""normalized_lookup"": ""contemporary r and b"", ""canonical_concept_id"": ""contemporary_rnb"", ""canonical_label"": ""Contemporary R&B"", ""kind"": ""style"", ""mapping_status"": ""mapped"", ""note"": """", ""review_candidates"": [], ""broad_families"": [""rnb_soul""], ""style_neighborhoods"": [""modern_rnb""], ""scene_contexts"": []}, {""trace_id"": ""label-06"", ""source_path"": ""secondary_styles[1]"", ""raw_label"": ""Nu-Disco"", ""normalized_lookup"": ""nu disco"", ""canonical_concept_id"": ""nu_disco"", ""canonical_label"": ""Nu-disco"", ""kind"": ""style"", ""mapping_status"": ""mapped"", ""note"": """", ""review_candidates"": [], ""broad_families"": [""electronic""], ""style_neighborhoods"": [""disco_related""], ""scene_contexts"": []}]",,False,Inspect the unchanged mapping and original classification separately. No prior answer is inferred.,,,
F092,74cpuIw43kA8xPgbQEPdss,Flash Forward — LE SSERAFIM,"{""primary_family"": ""Pop"", ""secondary_families"": [""Electronic""], ""primary_style"": ""K-Pop"", ""secondary_styles"": [""Dance-Pop"", ""Electropop""]}","[{""id"": ""pop"", ""label"": ""Pop"", ""trace_ids"": [""label-01""]}, {""id"": ""electronic"", ""label"": ""Electronic"", ""trace_ids"": [""label-02""]}, {""id"": ""k_pop"", ""label"": ""K-Pop"", ""trace_ids"": [""label-03""]}, {""id"": ""dance_pop"", ""label"": ""Dance-pop"", ""trace_ids"": [""label-04""]}, {""id"": ""electropop"", ""label"": ""Electropop"", ""trace_ids"": [""label-05""]}]","[""electronic"", ""pop""]","[""dance_pop"", ""pop_electronic""]","[""korean_pop_scene""]","{""vocal_role"": ""sung_led"", ""arrangement_focus"": ""lead_vocal"", ""texture_tags"": [""electronic"", ""layered"", ""clean""]}","[{""code"": ""context_separate_from_sonic_style"", ""trace_id"": ""label-03"", ""message"": ""Context only. No sonic neighborhood or broad family follows solely from the scene label.""}]","[{""trace_id"": ""label-01"", ""source_path"": ""primary_family"", ""raw_label"": ""Pop"", ""normalized_lookup"": ""pop"", ""canonical_concept_id"": ""pop"", ""canonical_label"": ""Pop"", ""kind"": ""family"", ""mapping_status"": ""mapped"", ""note"": """", ""review_candidates"": [], ""broad_families"": [""pop""], ""style_neighborhoods"": [], ""scene_contexts"": []}, {""trace_id"": ""label-02"", ""source_path"": ""secondary_families[0]"", ""raw_label"": ""Electronic"", ""normalized_lookup"": ""electronic"", ""canonical_concept_id"": ""electronic"", ""canonical_label"": ""Electronic"", ""kind"": ""family"", ""mapping_status"": ""mapped"", ""note"": """", ""review_candidates"": [], ""broad_families"": [""electronic""], ""style_neighborhoods"": [], ""scene_contexts"": []}, {""trace_id"": ""label-03"", ""source_path"": ""primary_style"", ""raw_label"": ""K-Pop"", ""normalized_lookup"": ""k pop"", ""canonical_concept_id"": ""k_pop"", ""canonical_label"": ""K-Pop"", ""kind"": ""scene_context"", ""mapping_status"": ""mapped"", ""note"": ""Context only. No sonic neighborhood or broad family follows solely from the scene label."", ""review_candidates"": [], ""broad_families"": [], ""style_neighborhoods"": [], ""scene_contexts"": [""korean_pop_scene""]}, {""trace_id"": ""label-04"", ""source_path"": ""secondary_styles[0]"", ""raw_label"": ""Dance-Pop"", ""normalized_lookup"": ""dance pop"", ""canonical_concept_id"": ""dance_pop"", ""canonical_label"": ""Dance-pop"", ""kind"": ""style"", ""mapping_status"": ""mapped"", ""note"": ""Electronic-pop neighborhood is a stylistic adjacency, not an instrumentation assertion or automatic electronic family."", ""review_candidates"": [], ""broad_families"": [""pop""], ""style_neighborhoods"": [""pop_electronic"", ""dance_pop""], ""scene_contexts"": []}, {""trace_id"": ""label-05"", ""source_path"": ""secondary_styles[1]"", ""raw_label"": ""Electropop"", ""normalized_lookup"": ""electropop"", ""canonical_concept_id"": ""electropop"", ""canonical_label"": ""Electropop"", ""kind"": ""style"", ""mapping_status"": ""mapped"", ""note"": """", ""review_candidates"": [], ""broad_families"": [""pop"", ""electronic""], ""style_neighborhoods"": [""pop_electronic""], ""scene_contexts"": []}]",,False,Inspect the unchanged mapping and original classification separately. No prior answer is inferred.,,,
F093,7F6PtLP6fJPVtA1FWVkl8K,Shouldn't Be — Luke Chiang,"{""primary_family"": ""R&B"", ""secondary_families"": [""Pop"", ""Electronic""], ""primary_style"": ""Contemporary R&B"", ""secondary_styles"": [""Alt-Pop"", ""Ambient Pop""]}","[{""id"": ""rnb"", ""label"": ""R&B"", ""trace_ids"": [""label-01""]}, {""id"": ""pop"", ""label"": ""Pop"", ""trace_ids"": [""label-02""]}, {""id"": ""electronic"", ""label"": ""Electronic"", ""trace_ids"": [""label-03""]}, {""id"": ""contemporary_rnb"", ""label"": ""Contemporary R&B"", ""trace_ids"": [""label-04""]}, {""id"": ""alternative_pop"", ""label"": ""Alternative pop"", ""trace_ids"": [""label-05""]}, {""id"": ""ambient_pop"", ""label"": ""Ambient pop"", ""trace_ids"": [""label-06""]}]","[""electronic"", ""pop"", ""rnb_soul""]","[""alternative_pop"", ""atmospheric_pop"", ""modern_rnb""]",[],"{""vocal_role"": ""sung_led"", ""arrangement_focus"": ""lead_vocal"", ""texture_tags"": [""electronic"", ""clean"", ""layered""]}",[],"[{""trace_id"": ""label-01"", ""source_path"": ""primary_family"", ""raw_label"": ""R&B"", ""normalized_lookup"": ""r and b"", ""canonical_concept_id"": ""rnb"", ""canonical_label"": ""R&B"", ""kind"": ""family"", ""mapping_status"": ""mapped"", ""note"": ""R&B stays its own canonical concept; the broad family is a joint umbrella, not a synonym for soul."", ""review_candidates"": [], ""broad_families"": [""rnb_soul""], ""style_neighborhoods"": [], ""scene_contexts"": []}, {""trace_id"": ""label-02"", ""source_path"": ""secondary_families[0]"", ""raw_label"": ""Pop"", ""normalized_lookup"": ""pop"", ""canonical_concept_id"": ""pop"", ""canonical_label"": ""Pop"", ""kind"": ""family"", ""mapping_status"": ""mapped"", ""note"": """", ""review_candidates"": [], ""broad_families"": [""pop""], ""style_neighborhoods"": [], ""scene_contexts"": []}, {""trace_id"": ""label-03"", ""source_path"": ""secondary_families[1]"", ""raw_label"": ""Electronic"", ""normalized_lookup"": ""electronic"", ""canonical_concept_id"": ""electronic"", ""canonical_label"": ""Electronic"", ""kind"": ""family"", ""mapping_status"": ""mapped"", ""note"": """", ""review_candidates"": [], ""broad_families"": [""electronic""], ""style_neighborhoods"": [], ""scene_contexts"": []}, {""trace_id"": ""label-04"", ""source_path"": ""primary_style"", ""raw_label"": ""Contemporary R&B"", ""normalized_lookup"": ""contemporary r and b"", ""canonical_concept_id"": ""contemporary_rnb"", ""canonical_label"": ""Contemporary R&B"", ""kind"": ""style"", ""mapping_status"": ""mapped"", ""note"": """", ""review_candidates"": [], ""broad_families"": [""rnb_soul""], ""style_neighborhoods"": [""modern_rnb""], ""scene_contexts"": []}, {""trace_id"": ""label-05"", ""source_path"": ""secondary_styles[0]"", ""raw_label"": ""Alt-Pop"", ""normalized_lookup"": ""alt pop"", ""canonical_concept_id"": ""alternative_pop"", ""canonical_label"": ""Alternative pop"", ""kind"": ""style"", ""mapping_status"": ""mapped"", ""note"": """", ""review_candidates"": [], ""broad_families"": [""pop""], ""style_neighborhoods"": [""alternative_pop""], ""scene_contexts"": []}, {""trace_id"": ""label-06"", ""source_path"": ""secondary_styles[1]"", ""raw_label"": ""Ambient Pop"", ""normalized_lookup"": ""ambient pop"", ""canonical_concept_id"": ""ambient_pop"", ""canonical_label"": ""Ambient pop"", ""kind"": ""style"", ""mapping_status"": ""mapped"", ""note"": ""Pop with ambient-style associations; no electronic family inferred from the modifier alone."", ""review_candidates"": [], ""broad_families"": [""pop""], ""style_neighborhoods"": [""atmospheric_pop""], ""scene_contexts"": []}]",,False,Inspect the unchanged mapping and original classification separately. No prior answer is inferred.,,,
F094,7LFwi4RolcCPnVEXXXVfQP,Season of Memories — GFRIEND,"{""primary_family"": ""Pop"", ""secondary_families"": [""Electronic / Dance""], ""primary_style"": ""K-Pop"", ""secondary_styles"": [""Dance-Pop""]}","[{""id"": ""pop"", ""label"": ""Pop"", ""trace_ids"": [""label-01""]}, {""id"": ""k_pop"", ""label"": ""K-Pop"", ""trace_ids"": [""label-03""]}, {""id"": ""dance_pop"", ""label"": ""Dance-pop"", ""trace_ids"": [""label-04""]}]","[""pop""]","[""dance_pop"", ""pop_electronic""]","[""korean_pop_scene""]","{""vocal_role"": ""sung_led"", ""arrangement_focus"": ""lead_vocal"", ""texture_tags"": [""electronic"", ""layered"", ""clean""]}","[{""code"": ""mapping_review_required"", ""trace_id"": ""label-02"", ""message"": ""No explicit alias. Preserve the label; do not infer a concept.""}, {""code"": ""context_separate_from_sonic_style"", ""trace_id"": ""label-03"", ""message"": ""Context only. No sonic neighborhood or broad family follows solely from the scene label.""}]","[{""trace_id"": ""label-01"", ""source_path"": ""primary_family"", ""raw_label"": ""Pop"", ""normalized_lookup"": ""pop"", ""canonical_concept_id"": ""pop"", ""canonical_label"": ""Pop"", ""kind"": ""family"", ""mapping_status"": ""mapped"", ""note"": """", ""review_candidates"": [], ""broad_families"": [""pop""], ""style_neighborhoods"": [], ""scene_contexts"": []}, {""trace_id"": ""label-02"", ""source_path"": ""secondary_families[0]"", ""raw_label"": ""Electronic / Dance"", ""normalized_lookup"": ""electronic / dance"", ""canonical_concept_id"": null, ""canonical_label"": null, ""kind"": ""unrecognized_label"", ""mapping_status"": ""mapping_review_required"", ""note"": ""No explicit alias. Preserve the label; do not infer a concept."", ""review_candidates"": [], ""broad_families"": [], ""style_neighborhoods"": [], ""scene_contexts"": []}, {""trace_id"": ""label-03"", ""source_path"": ""primary_style"", ""raw_label"": ""K-Pop"", ""normalized_lookup"": ""k pop"", ""canonical_concept_id"": ""k_pop"", ""canonical_label"": ""K-Pop"", ""kind"": ""scene_context"", ""mapping_status"": ""mapped"", ""note"": ""Context only. No sonic neighborhood or broad family follows solely from the scene label."", ""review_candidates"": [], ""broad_families"": [], ""style_neighborhoods"": [], ""scene_contexts"": [""korean_pop_scene""]}, {""trace_id"": ""label-04"", ""source_path"": ""secondary_styles[0]"", ""raw_label"": ""Dance-Pop"", ""normalized_lookup"": ""dance pop"", ""canonical_concept_id"": ""dance_pop"", ""canonical_label"": ""Dance-pop"", ""kind"": ""style"", ""mapping_status"": ""mapped"", ""note"": ""Electronic-pop neighborhood is a stylistic adjacency, not an instrumentation assertion or automatic electronic family."", ""review_candidates"": [], ""broad_families"": [""pop""], ""style_neighborhoods"": [""pop_electronic"", ""dance_pop""], ""scene_contexts"": []}]",,False,Inspect the unchanged mapping and original classification separately. No prior answer is inferred.,,,
F095,7fBv7CLKzipRk6EC6TWHOB,The Hills — The Weeknd,"{""primary_family"": ""R&B"", ""secondary_families"": [""Hip-Hop"", ""Pop""], ""primary_style"": ""Contemporary R&B"", ""secondary_styles"": [""Trap"", ""Alternative R&B""]}","[{""id"": ""rnb"", ""label"": ""R&B"", ""trace_ids"": [""label-01""]}, {""id"": ""hip_hop"", ""label"": ""Hip-hop"", ""trace_ids"": [""label-02""]}, {""id"": ""pop"", ""label"": ""Pop"", ""trace_ids"": [""label-03""]}, {""id"": ""contemporary_rnb"", ""label"": ""Contemporary R&B"", ""trace_ids"": [""label-04""]}, {""id"": ""trap"", ""label"": ""Trap"", ""trace_ids"": [""label-05""]}, {""id"": ""alternative_rnb"", ""label"": ""Alternative R&B"", ""trace_ids"": [""label-06""]}]","[""hip_hop"", ""pop"", ""rnb_soul""]","[""alternative_rnb"", ""modern_rnb"", ""trap_related""]",[],"{""vocal_role"": ""sung_led"", ""arrangement_focus"": ""lead_vocal"", ""texture_tags"": [""electronic"", ""layered""]}","[{""code"": ""broad_style_subtype_unspecified"", ""trace_id"": ""label-05"", ""message"": ""Subtype unspecified. Do not derive a hip-hop or electronic family from this label alone.""}]","[{""trace_id"": ""label-01"", ""source_path"": ""primary_family"", ""raw_label"": ""R&B"", ""normalized_lookup"": ""r and b"", ""canonical_concept_id"": ""rnb"", ""canonical_label"": ""R&B"", ""kind"": ""family"", ""mapping_status"": ""mapped"", ""note"": ""R&B stays its own canonical concept; the broad family is a joint umbrella, not a synonym for soul."", ""review_candidates"": [], ""broad_families"": [""rnb_soul""], ""style_neighborhoods"": [], ""scene_contexts"": []}, {""trace_id"": ""label-02"", ""source_path"": ""secondary_families[0]"", ""raw_label"": ""Hip-Hop"", ""normalized_lookup"": ""hip hop"", ""canonical_concept_id"": ""hip_hop"", ""canonical_label"": ""Hip-hop"", ""kind"": ""family"", ""mapping_status"": ""mapped"", ""note"": """", ""review_candidates"": [], ""broad_families"": [""hip_hop""], ""style_neighborhoods"": [], ""scene_contexts"": []}, {""trace_id"": ""label-03"", ""source_path"": ""secondary_families[1]"", ""raw_label"": ""Pop"", ""normalized_lookup"": ""pop"", ""canonical_concept_id"": ""pop"", ""canonical_label"": ""Pop"", ""kind"": ""family"", ""mapping_status"": ""mapped"", ""note"": """", ""review_candidates"": [], ""broad_families"": [""pop""], ""style_neighborhoods"": [], ""scene_contexts"": []}, {""trace_id"": ""label-04"", ""source_path"": ""primary_style"", ""raw_label"": ""Contemporary R&B"", ""normalized_lookup"": ""contemporary r and b"", ""canonical_concept_id"": ""contemporary_rnb"", ""canonical_label"": ""Contemporary R&B"", ""kind"": ""style"", ""mapping_status"": ""mapped"", ""note"": """", ""review_candidates"": [], ""broad_families"": [""rnb_soul""], ""style_neighborhoods"": [""modern_rnb""], ""scene_contexts"": []}, {""trace_id"": ""label-05"", ""source_path"": ""secondary_styles[0]"", ""raw_label"": ""Trap"", ""normalized_lookup"": ""trap"", ""canonical_concept_id"": ""trap"", ""canonical_label"": ""Trap"", ""kind"": ""style_umbrella"", ""mapping_status"": ""mapped"", ""note"": ""Subtype unspecified. Do not derive a hip-hop or electronic family from this label alone."", ""review_candidates"": [], ""broad_families"": [], ""style_neighborhoods"": [""trap_related""], ""scene_contexts"": []}, {""trace_id"": ""label-06"", ""source_path"": ""secondary_styles[1]"", ""raw_label"": ""Alternative R&B"", ""normalized_lookup"": ""alternative r and b"", ""canonical_concept_id"": ""alternative_rnb"", ""canonical_label"": ""Alternative R&B"", ""kind"": ""style"", ""mapping_status"": ""mapped"", ""note"": """", ""review_candidates"": [], ""broad_families"": [""rnb_soul""], ""style_neighborhoods"": [""modern_rnb"", ""alternative_rnb""], ""scene_contexts"": []}]",,False,Inspect the unchanged mapping and original classification separately. No prior answer is inferred.,,,
F096,7fXYFuCTmNrYRGwEUUf5iz,Die Right Here — david hugo,"{""primary_family"": ""Pop"", ""secondary_families"": [""R&B"", ""Electronic""], ""primary_style"": ""Dance-Pop"", ""secondary_styles"": [""Nu-Disco"", ""Synth-Pop""]}","[{""id"": ""pop"", ""label"": ""Pop"", ""trace_ids"": [""label-01""]}, {""id"": ""rnb"", ""label"": ""R&B"", ""trace_ids"": [""label-02""]}, {""id"": ""electronic"", ""label"": ""Electronic"", ""trace_ids"": [""label-03""]}, {""id"": ""dance_pop"", ""label"": ""Dance-pop"", ""trace_ids"": [""label-04""]}, {""id"": ""nu_disco"", ""label"": ""Nu-disco"", ""trace_ids"": [""label-05""]}, {""id"": ""synth_pop"", ""label"": ""Synth-pop"", ""trace_ids"": [""label-06""]}]","[""electronic"", ""pop"", ""rnb_soul""]","[""dance_pop"", ""disco_related"", ""pop_electronic"", ""synth_pop""]",[],"{""vocal_role"": ""sung_led"", ""arrangement_focus"": ""lead_vocal"", ""texture_tags"": [""electronic"", ""clean"", ""layered""]}",[],"[{""trace_id"": ""label-01"", ""source_path"": ""primary_family"", ""raw_label"": ""Pop"", ""normalized_lookup"": ""pop"", ""canonical_concept_id"": ""pop"", ""canonical_label"": ""Pop"", ""kind"": ""family"", ""mapping_status"": ""mapped"", ""note"": """", ""review_candidates"": [], ""broad_families"": [""pop""], ""style_neighborhoods"": [], ""scene_contexts"": []}, {""trace_id"": ""label-02"", ""source_path"": ""secondary_families[0]"", ""raw_label"": ""R&B"", ""normalized_lookup"": ""r and b"", ""canonical_concept_id"": ""rnb"", ""canonical_label"": ""R&B"", ""kind"": ""family"", ""mapping_status"": ""mapped"", ""note"": ""R&B stays its own canonical concept; the broad family is a joint umbrella, not a synonym for soul."", ""review_candidates"": [], ""broad_families"": [""rnb_soul""], ""style_neighborhoods"": [], ""scene_contexts"": []}, {""trace_id"": ""label-03"", ""source_path"": ""secondary_families[1]"", ""raw_label"": ""Electronic"", ""normalized_lookup"": ""electronic"", ""canonical_concept_id"": ""electronic"", ""canonical_label"": ""Electronic"", ""kind"": ""family"", ""mapping_status"": ""mapped"", ""note"": """", ""review_candidates"": [], ""broad_families"": [""electronic""], ""style_neighborhoods"": [], ""scene_contexts"": []}, {""trace_id"": ""label-04"", ""source_path"": ""primary_style"", ""raw_label"": ""Dance-Pop"", ""normalized_lookup"": ""dance pop"", ""canonical_concept_id"": ""dance_pop"", ""canonical_label"": ""Dance-pop"", ""kind"": ""style"", ""mapping_status"": ""mapped"", ""note"": ""Electronic-pop neighborhood is a stylistic adjacency, not an instrumentation assertion or automatic electronic family."", ""review_candidates"": [], ""broad_families"": [""pop""], ""style_neighborhoods"": [""pop_electronic"", ""dance_pop""], ""scene_contexts"": []}, {""trace_id"": ""label-05"", ""source_path"": ""secondary_styles[0]"", ""raw_label"": ""Nu-Disco"", ""normalized_lookup"": ""nu disco"", ""canonical_concept_id"": ""nu_disco"", ""canonical_label"": ""Nu-disco"", ""kind"": ""style"", ""mapping_status"": ""mapped"", ""note"": """", ""review_candidates"": [], ""broad_families"": [""electronic""], ""style_neighborhoods"": [""disco_related""], ""scene_contexts"": []}, {""trace_id"": ""label-06"", ""source_path"": ""secondary_styles[1]"", ""raw_label"": ""Synth-Pop"", ""normalized_lookup"": ""synth pop"", ""canonical_concept_id"": ""synth_pop"", ""canonical_label"": ""Synth-pop"", ""kind"": ""style"", ""mapping_status"": ""mapped"", ""note"": """", ""review_candidates"": [], ""broad_families"": [""pop"", ""electronic""], ""style_neighborhoods"": [""pop_electronic"", ""synth_pop""], ""scene_contexts"": []}]",,False,Inspect the unchanged mapping and original classification separately. No prior answer is inferred.,,,
F097,7hFW5IN7mQ99PuO86r38Sf,She loves the color green and I love her — City Girl,"{""primary_family"": ""Hip Hop"", ""secondary_families"": [""Electronic""], ""primary_style"": ""Lo-Fi Hip Hop"", ""secondary_styles"": [""Downtempo"", ""Chillout""]}","[{""id"": ""hip_hop"", ""label"": ""Hip-hop"", ""trace_ids"": [""label-01""]}, {""id"": ""electronic"", ""label"": ""Electronic"", ""trace_ids"": [""label-02""]}, {""id"": ""lofi_hip_hop"", ""label"": ""Lo-fi hip-hop"", ""trace_ids"": [""label-03""]}, {""id"": ""downtempo"", ""label"": ""Downtempo"", ""trace_ids"": [""label-04""]}, {""id"": ""chillout"", ""label"": ""Chillout"", ""trace_ids"": [""label-05""]}]","[""electronic"", ""hip_hop""]","[""downtempo_related"", ""hip_hop_beat_lineage"", ""lofi_chill_beats""]","[""chillout_umbrella""]","{""vocal_role"": ""vocal_samples_only"", ""arrangement_focus"": ""beat_or_instrumental"", ""texture_tags"": [""sample_based"", ""electronic"", ""hazy""]}","[{""code"": ""mapping_review_required"", ""trace_id"": ""label-05"", ""message"": ""May denote a listening use or heterogeneous sonic styles. Retain the ambiguous umbrella; do not equate with downtempo or lo-fi.""}, {""code"": ""context_separate_from_sonic_style"", ""trace_id"": ""label-05"", ""message"": ""May denote a listening use or heterogeneous sonic styles. Retain the ambiguous umbrella; do not equate with downtempo or lo-fi.""}]","[{""trace_id"": ""label-01"", ""source_path"": ""primary_family"", ""raw_label"": ""Hip Hop"", ""normalized_lookup"": ""hip hop"", ""canonical_concept_id"": ""hip_hop"", ""canonical_label"": ""Hip-hop"", ""kind"": ""family"", ""mapping_status"": ""mapped"", ""note"": """", ""review_candidates"": [], ""broad_families"": [""hip_hop""], ""style_neighborhoods"": [], ""scene_contexts"": []}, {""trace_id"": ""label-02"", ""source_path"": ""secondary_families[0]"", ""raw_label"": ""Electronic"", ""normalized_lookup"": ""electronic"", ""canonical_concept_id"": ""electronic"", ""canonical_label"": ""Electronic"", ""kind"": ""family"", ""mapping_status"": ""mapped"", ""note"": """", ""review_candidates"": [], ""broad_families"": [""electronic""], ""style_neighborhoods"": [], ""scene_contexts"": []}, {""trace_id"": ""label-03"", ""source_path"": ""primary_style"", ""raw_label"": ""Lo-Fi Hip Hop"", ""normalized_lookup"": ""lo fi hip hop"", ""canonical_concept_id"": ""lofi_hip_hop"", ""canonical_label"": ""Lo-fi hip-hop"", ""kind"": ""style"", ""mapping_status"": ""mapped"", ""note"": ""Does not assert boom-bap, instrumental-only status, or electronic instrumentation."", ""review_candidates"": [], ""broad_families"": [""hip_hop""], ""style_neighborhoods"": [""hip_hop_beat_lineage"", ""lofi_chill_beats""], ""scene_contexts"": []}, {""trace_id"": ""label-04"", ""source_path"": ""secondary_styles[0]"", ""raw_label"": ""Downtempo"", ""normalized_lookup"": ""downtempo"", ""canonical_concept_id"": ""downtempo"", ""canonical_label"": ""Downtempo"", ""kind"": ""style_umbrella"", ""mapping_status"": ""mapped"", ""note"": ""A style-level umbrella even when Gemini puts it in a family slot; not a BPM measurement."", ""review_candidates"": [], ""broad_families"": [""electronic""], ""style_neighborhoods"": [""downtempo_related""], ""scene_contexts"": []}, {""trace_id"": ""label-05"", ""source_path"": ""secondary_styles[1]"", ""raw_label"": ""Chillout"", ""normalized_lookup"": ""chillout"", ""canonical_concept_id"": ""chillout"", ""canonical_label"": ""Chillout"", ""kind"": ""ambiguous_context_style"", ""mapping_status"": ""mapping_review_required"", ""note"": ""May denote a listening use or heterogeneous sonic styles. Retain the ambiguous umbrella; do not equate with downtempo or lo-fi."", ""review_candidates"": [""listening context"", ""downtempo-oriented style umbrella""], ""broad_families"": [], ""style_neighborhoods"": [], ""scene_contexts"": [""chillout_umbrella""]}]",,False,Inspect the unchanged mapping and original classification separately. No prior answer is inferred.,,,
F098,7iov2YtUJgLmHXwpYXLcoo,"Lucid (feat. LILAC) — JIDA, Kate Kim","{""primary_family"": ""Electronic"", ""secondary_families"": [""Pop""], ""primary_style"": ""Synth-pop"", ""secondary_styles"": [""Dream Pop""]}","[{""id"": ""electronic"", ""label"": ""Electronic"", ""trace_ids"": [""label-01""]}, {""id"": ""pop"", ""label"": ""Pop"", ""trace_ids"": [""label-02""]}, {""id"": ""synth_pop"", ""label"": ""Synth-pop"", ""trace_ids"": [""label-03""]}, {""id"": ""dream_pop"", ""label"": ""Dream pop"", ""trace_ids"": [""label-04""]}]","[""electronic"", ""pop""]","[""atmospheric_pop"", ""indie_pop_related"", ""pop_electronic"", ""synth_pop""]",[],"{""vocal_role"": ""sung_led"", ""arrangement_focus"": ""lead_vocal"", ""texture_tags"": [""electronic"", ""layered"", ""hazy""]}",[],"[{""trace_id"": ""label-01"", ""source_path"": ""primary_family"", ""raw_label"": ""Electronic"", ""normalized_lookup"": ""electronic"", ""canonical_concept_id"": ""electronic"", ""canonical_label"": ""Electronic"", ""kind"": ""family"", ""mapping_status"": ""mapped"", ""note"": """", ""review_candidates"": [], ""broad_families"": [""electronic""], ""style_neighborhoods"": [], ""scene_contexts"": []}, {""trace_id"": ""label-02"", ""source_path"": ""secondary_families[0]"", ""raw_label"": ""Pop"", ""normalized_lookup"": ""pop"", ""canonical_concept_id"": ""pop"", ""canonical_label"": ""Pop"", ""kind"": ""family"", ""mapping_status"": ""mapped"", ""note"": """", ""review_candidates"": [], ""broad_families"": [""pop""], ""style_neighborhoods"": [], ""scene_contexts"": []}, {""trace_id"": ""label-03"", ""source_path"": ""primary_style"", ""raw_label"": ""Synth-pop"", ""normalized_lookup"": ""synth pop"", ""canonical_concept_id"": ""synth_pop"", ""canonical_label"": ""Synth-pop"", ""kind"": ""style"", ""mapping_status"": ""mapped"", ""note"": """", ""review_candidates"": [], ""broad_families"": [""pop"", ""electronic""], ""style_neighborhoods"": [""pop_electronic"", ""synth_pop""], ""scene_contexts"": []}, {""trace_id"": ""label-04"", ""source_path"": ""secondary_styles[0]"", ""raw_label"": ""Dream Pop"", ""normalized_lookup"": ""dream pop"", ""canonical_concept_id"": ""dream_pop"", ""canonical_label"": ""Dream pop"", ""kind"": ""style"", ""mapping_status"": ""mapped"", ""note"": ""Operational non-exhaustive pop membership. Does not instantiate a rock family or infer guitar instrumentation without further labels."", ""review_candidates"": [], ""broad_families"": [""pop""], ""style_neighborhoods"": [""indie_pop_related"", ""atmospheric_pop""], ""scene_contexts"": []}]",,False,Inspect the unchanged mapping and original classification separately. No prior answer is inferred.,,,
F099,7nD9LjsenfCRv4uxy93xhZ,"m o v i e (Feat. Jade) — Stupinuts, Jade","{""primary_family"": ""Electronic"", ""secondary_families"": [""R&B / Soul"", ""Pop""], ""primary_style"": ""Trip-Hop"", ""secondary_styles"": [""Downtempo"", ""Chillout""]}","[{""id"": ""electronic"", ""label"": ""Electronic"", ""trace_ids"": [""label-01""]}, {""id"": ""rnb_soul_umbrella"", ""label"": ""R&B and Soul"", ""trace_ids"": [""label-02""]}, {""id"": ""pop"", ""label"": ""Pop"", ""trace_ids"": [""label-03""]}, {""id"": ""trip_hop"", ""label"": ""Trip-hop"", ""trace_ids"": [""label-04""]}, {""id"": ""downtempo"", ""label"": ""Downtempo"", ""trace_ids"": [""label-05""]}, {""id"": ""chillout"", ""label"": ""Chillout"", ""trace_ids"": [""label-06""]}]","[""electronic"", ""hip_hop"", ""pop"", ""rnb_soul""]","[""downtempo_related"", ""hip_hop_beat_lineage""]","[""chillout_umbrella""]","{""vocal_role"": ""sung_led"", ""arrangement_focus"": ""lead_vocal"", ""texture_tags"": [""electronic"", ""clean"", ""hazy""]}","[{""code"": ""mapping_review_required"", ""trace_id"": ""label-06"", ""message"": ""May denote a listening use or heterogeneous sonic styles. Retain the ambiguous umbrella; do not equate with downtempo or lo-fi.""}, {""code"": ""context_separate_from_sonic_style"", ""trace_id"": ""label-06"", ""message"": ""May denote a listening use or heterogeneous sonic styles. Retain the ambiguous umbrella; do not equate with downtempo or lo-fi.""}]","[{""trace_id"": ""label-01"", ""source_path"": ""primary_family"", ""raw_label"": ""Electronic"", ""normalized_lookup"": ""electronic"", ""canonical_concept_id"": ""electronic"", ""canonical_label"": ""Electronic"", ""kind"": ""family"", ""mapping_status"": ""mapped"", ""note"": """", ""review_candidates"": [], ""broad_families"": [""electronic""], ""style_neighborhoods"": [], ""scene_contexts"": []}, {""trace_id"": ""label-02"", ""source_path"": ""secondary_families[0]"", ""raw_label"": ""R&B / Soul"", ""normalized_lookup"": ""r and b / soul"", ""canonical_concept_id"": ""rnb_soul_umbrella"", ""canonical_label"": ""R&B and Soul"", ""kind"": ""family_umbrella"", ""mapping_status"": ""mapped"", ""note"": ""Combined family label preserved as an umbrella; not split into two independently predicted genres."", ""review_candidates"": [], ""broad_families"": [""rnb_soul""], ""style_neighborhoods"": [], ""scene_contexts"": []}, {""trace_id"": ""label-03"", ""source_path"": ""secondary_families[1]"", ""raw_label"": ""Pop"", ""normalized_lookup"": ""pop"", ""canonical_concept_id"": ""pop"", ""canonical_label"": ""Pop"", ""kind"": ""family"", ""mapping_status"": ""mapped"", ""note"": """", ""review_candidates"": [], ""broad_families"": [""pop""], ""style_neighborhoods"": [], ""scene_contexts"": []}, {""trace_id"": ""label-04"", ""source_path"": ""primary_style"", ""raw_label"": ""Trip-Hop"", ""normalized_lookup"": ""trip hop"", ""canonical_concept_id"": ""trip_hop"", ""canonical_label"": ""Trip-hop"", ""kind"": ""style"", ""mapping_status"": ""mapped"", ""note"": ""Hip-hop membership denotes lineage, not rap-led vocals or automatic compatibility with rap."", ""review_candidates"": [], ""broad_families"": [""electronic"", ""hip_hop""], ""style_neighborhoods"": [""hip_hop_beat_lineage"", ""downtempo_related""], ""scene_contexts"": []}, {""trace_id"": ""label-05"", ""source_path"": ""secondary_styles[0]"", ""raw_label"": ""Downtempo"", ""normalized_lookup"": ""downtempo"", ""canonical_concept_id"": ""downtempo"", ""canonical_label"": ""Downtempo"", ""kind"": ""style_umbrella"", ""mapping_status"": ""mapped"", ""note"": ""A style-level umbrella even when Gemini puts it in a family slot; not a BPM measurement."", ""review_candidates"": [], ""broad_families"": [""electronic""], ""style_neighborhoods"": [""downtempo_related""], ""scene_contexts"": []}, {""trace_id"": ""label-06"", ""source_path"": ""secondary_styles[1]"", ""raw_label"": ""Chillout"", ""normalized_lookup"": ""chillout"", ""canonical_concept_id"": ""chillout"", ""canonical_label"": ""Chillout"", ""kind"": ""ambiguous_context_style"", ""mapping_status"": ""mapping_review_required"", ""note"": ""May denote a listening use or heterogeneous sonic styles. Retain the ambiguous umbrella; do not equate with downtempo or lo-fi."", ""review_candidates"": [""listening context"", ""downtempo-oriented style umbrella""], ""broad_families"": [], ""style_neighborhoods"": [], ""scene_contexts"": [""chillout_umbrella""]}]",,False,Inspect the unchanged mapping and original classification separately. No prior answer is inferred.,,,
F100,7rAOIiVhiD3vklTrCUpfYo,Celestial Angel — City Girl,"{""primary_family"": ""Electronic"", ""secondary_families"": [""Easy Listening""], ""primary_style"": ""Ambient"", ""secondary_styles"": [""Chillout""]}","[{""id"": ""electronic"", ""label"": ""Electronic"", ""trace_ids"": [""label-01""]}, {""id"": ""ambient"", ""label"": ""Ambient"", ""trace_ids"": [""label-03""]}, {""id"": ""chillout"", ""label"": ""Chillout"", ""trace_ids"": [""label-04""]}]","[""electronic""]","[""ambient_related""]","[""chillout_umbrella""]","{""vocal_role"": ""vocal_samples_only"", ""arrangement_focus"": ""beat_or_instrumental"", ""texture_tags"": [""electronic"", ""hazy"", ""clean""]}","[{""code"": ""mapping_review_required"", ""trace_id"": ""label-02"", ""message"": ""No explicit alias. Preserve the label; do not infer a concept.""}, {""code"": ""mapping_review_required"", ""trace_id"": ""label-04"", ""message"": ""May denote a listening use or heterogeneous sonic styles. Retain the ambiguous umbrella; do not equate with downtempo or lo-fi.""}, {""code"": ""context_separate_from_sonic_style"", ""trace_id"": ""label-04"", ""message"": ""May denote a listening use or heterogeneous sonic styles. Retain the ambiguous umbrella; do not equate with downtempo or lo-fi.""}]","[{""trace_id"": ""label-01"", ""source_path"": ""primary_family"", ""raw_label"": ""Electronic"", ""normalized_lookup"": ""electronic"", ""canonical_concept_id"": ""electronic"", ""canonical_label"": ""Electronic"", ""kind"": ""family"", ""mapping_status"": ""mapped"", ""note"": """", ""review_candidates"": [], ""broad_families"": [""electronic""], ""style_neighborhoods"": [], ""scene_contexts"": []}, {""trace_id"": ""label-02"", ""source_path"": ""secondary_families[0]"", ""raw_label"": ""Easy Listening"", ""normalized_lookup"": ""easy listening"", ""canonical_concept_id"": null, ""canonical_label"": null, ""kind"": ""unrecognized_label"", ""mapping_status"": ""mapping_review_required"", ""note"": ""No explicit alias. Preserve the label; do not infer a concept."", ""review_candidates"": [], ""broad_families"": [], ""style_neighborhoods"": [], ""scene_contexts"": []}, {""trace_id"": ""label-03"", ""source_path"": ""primary_style"", ""raw_label"": ""Ambient"", ""normalized_lookup"": ""ambient"", ""canonical_concept_id"": ""ambient"", ""canonical_label"": ""Ambient"", ""kind"": ""style_umbrella"", ""mapping_status"": ""mapped"", ""note"": ""Ambient may be electronic or acoustic; no broad family is guessed from this label alone."", ""review_candidates"": [], ""broad_families"": [], ""style_neighborhoods"": [""ambient_related""], ""scene_contexts"": []}, {""trace_id"": ""label-04"", ""source_path"": ""secondary_styles[0]"", ""raw_label"": ""Chillout"", ""normalized_lookup"": ""chillout"", ""canonical_concept_id"": ""chillout"", ""canonical_label"": ""Chillout"", ""kind"": ""ambiguous_context_style"", ""mapping_status"": ""mapping_review_required"", ""note"": ""May denote a listening use or heterogeneous sonic styles. Retain the ambiguous umbrella; do not equate with downtempo or lo-fi."", ""review_candidates"": [""listening context"", ""downtempo-oriented style umbrella""], ""broad_families"": [], ""style_neighborhoods"": [], ""scene_contexts"": [""chillout_umbrella""]}]",,False,Inspect the unchanged mapping and original classification separately. No prior answer is inferred.,,,
